Geography,Age,Risk_group,Population,Coverage,Scenario,Week_Ending_Sat
Alabama,18-49 years,Overall,1983487.0,0.0,Scenarios B & D,2025-08-03
Alabama,18-49 years,Overall,1983487.0,0.0,Scenarios B & D,2025-08-10
Alabama,18-49 years,Overall,1983487.0,0.2,Scenarios B & D,2025-08-17
Alabama,18-49 years,Overall,1983487.0,0.5,Scenarios B & D,2025-08-24
Alabama,18-49 years,Overall,1983487.0,0.8,Scenarios B & D,2025-08-31
Alabama,18-49 years,Overall,1983487.0,1.2,Scenarios B & D,2025-09-07
Alabama,18-49 years,Overall,1983487.0,1.5,Scenarios B & D,2025-09-14
Alabama,18-49 years,Overall,1983487.0,1.8,Scenarios B & D,2025-09-21
Alabama,18-49 years,Overall,1983487.0,2.2,Scenarios B & D,2025-09-28
Alabama,18-49 years,Overall,1983487.0,2.5,Scenarios B & D,2025-10-05
Alabama,18-49 years,Overall,1983487.0,2.8,Scenarios B & D,2025-10-12
Alabama,18-49 years,Overall,1983487.0,3.1,Scenarios B & D,2025-10-19
Alabama,18-49 years,Overall,1983487.0,3.4,Scenarios B & D,2025-10-26
Alabama,18-49 years,Overall,1983487.0,3.7,Scenarios B & D,2025-11-02
Alabama,18-49 years,Overall,1983487.0,3.9,Scenarios B & D,2025-11-09
Alabama,18-49 years,Overall,1983487.0,4.1,Scenarios B & D,2025-11-16
Alabama,18-49 years,Overall,1983487.0,4.4,Scenarios B & D,2025-11-23
Alabama,18-49 years,Overall,1983487.0,4.6,Scenarios B & D,2025-11-30
Alabama,18-49 years,Overall,1983487.0,4.7,Scenarios B & D,2025-12-07
Alabama,18-49 years,Overall,1983487.0,4.9,Scenarios B & D,2025-12-14
Alabama,18-49 years,Overall,1983487.0,5.0,Scenarios B & D,2025-12-21
Alabama,18-49 years,Overall,1983487.0,5.1,Scenarios B & D,2025-12-28
Alabama,18-49 years,Overall,1983487.0,5.2,Scenarios B & D,2026-01-04
Alabama,18-49 years,Overall,1983487.0,5.3,Scenarios B & D,2026-01-11
Alabama,18-49 years,Overall,1983487.0,5.4,Scenarios B & D,2026-01-18
Alabama,18-49 years,Overall,1983487.0,5.4,Scenarios B & D,2026-01-25
Alabama,18-49 years,Overall,1983487.0,5.5,Scenarios B & D,2026-02-01
Alabama,18-49 years,Overall,1983487.0,5.5,Scenarios B & D,2026-02-08
Alabama,18-49 years,Overall,1983487.0,5.6,Scenarios B & D,2026-02-15
Alabama,18-49 years,Overall,1983487.0,5.7,Scenarios B & D,2026-02-22
Alabama,18-49 years,Overall,1983487.0,5.7,Scenarios B & D,2026-03-01
Alabama,18-49 years,Overall,1983487.0,5.8,Scenarios B & D,2026-03-08
Alabama,18-49 years,Overall,1983487.0,5.9,Scenarios B & D,2026-03-15
Alabama,18-49 years,Overall,1983487.0,5.9,Scenarios B & D,2026-03-22
Alabama,18-49 years,Overall,1983487.0,6.0,Scenarios B & D,2026-03-29
Alabama,18-49 years,Overall,1983487.0,6.0,Scenarios B & D,2026-04-05
Alabama,18-49 years,Overall,1983487.0,6.1,Scenarios B & D,2026-04-12
Alabama,18-49 years,Overall,1983487.0,6.2,Scenarios B & D,2026-04-19
Alabama,18-49 years,Overall,1983487.0,6.2,Scenarios B & D,2026-04-26
Alabama,50-64 years,Overall,962447.0,0.0,Scenarios B & D,2025-08-03
Alabama,50-64 years,Overall,962447.0,0.0,Scenarios B & D,2025-08-10
Alabama,50-64 years,Overall,962447.0,0.7,Scenarios B & D,2025-08-17
Alabama,50-64 years,Overall,962447.0,1.4,Scenarios B & D,2025-08-24
Alabama,50-64 years,Overall,962447.0,2.2,Scenarios B & D,2025-08-31
Alabama,50-64 years,Overall,962447.0,3.0,Scenarios B & D,2025-09-07
Alabama,50-64 years,Overall,962447.0,3.9,Scenarios B & D,2025-09-14
Alabama,50-64 years,Overall,962447.0,4.7,Scenarios B & D,2025-09-21
Alabama,50-64 years,Overall,962447.0,5.5,Scenarios B & D,2025-09-28
Alabama,50-64 years,Overall,962447.0,6.3,Scenarios B & D,2025-10-05
Alabama,50-64 years,Overall,962447.0,7.1,Scenarios B & D,2025-10-12
Alabama,50-64 years,Overall,962447.0,7.9,Scenarios B & D,2025-10-19
Alabama,50-64 years,Overall,962447.0,8.6,Scenarios B & D,2025-10-26
Alabama,50-64 years,Overall,962447.0,9.3,Scenarios B & D,2025-11-02
Alabama,50-64 years,Overall,962447.0,10.0,Scenarios B & D,2025-11-09
Alabama,50-64 years,Overall,962447.0,10.6,Scenarios B & D,2025-11-16
Alabama,50-64 years,Overall,962447.0,11.1,Scenarios B & D,2025-11-23
Alabama,50-64 years,Overall,962447.0,11.6,Scenarios B & D,2025-11-30
Alabama,50-64 years,Overall,962447.0,12.0,Scenarios B & D,2025-12-07
Alabama,50-64 years,Overall,962447.0,12.3,Scenarios B & D,2025-12-14
Alabama,50-64 years,Overall,962447.0,12.6,Scenarios B & D,2025-12-21
Alabama,50-64 years,Overall,962447.0,12.8,Scenarios B & D,2025-12-28
Alabama,50-64 years,Overall,962447.0,13.0,Scenarios B & D,2026-01-04
Alabama,50-64 years,Overall,962447.0,13.2,Scenarios B & D,2026-01-11
Alabama,50-64 years,Overall,962447.0,13.4,Scenarios B & D,2026-01-18
Alabama,50-64 years,Overall,962447.0,13.5,Scenarios B & D,2026-01-25
Alabama,50-64 years,Overall,962447.0,13.6,Scenarios B & D,2026-02-01
Alabama,50-64 years,Overall,962447.0,13.8,Scenarios B & D,2026-02-08
Alabama,50-64 years,Overall,962447.0,13.9,Scenarios B & D,2026-02-15
Alabama,50-64 years,Overall,962447.0,14.0,Scenarios B & D,2026-02-22
Alabama,50-64 years,Overall,962447.0,14.1,Scenarios B & D,2026-03-01
Alabama,50-64 years,Overall,962447.0,14.3,Scenarios B & D,2026-03-08
Alabama,50-64 years,Overall,962447.0,14.4,Scenarios B & D,2026-03-15
Alabama,50-64 years,Overall,962447.0,14.5,Scenarios B & D,2026-03-22
Alabama,50-64 years,Overall,962447.0,14.7,Scenarios B & D,2026-03-29
Alabama,50-64 years,Overall,962447.0,14.8,Scenarios B & D,2026-04-05
Alabama,50-64 years,Overall,962447.0,14.9,Scenarios B & D,2026-04-12
Alabama,50-64 years,Overall,962447.0,15.0,Scenarios B & D,2026-04-19
Alabama,50-64 years,Overall,962447.0,15.2,Scenarios B & D,2026-04-26
Alabama,6 months-17 years,Overall,1059138.0,0.0,Scenarios B & D,2025-08-03
Alabama,6 months-17 years,Overall,1059138.0,0.0,Scenarios B & D,2025-08-10
Alabama,6 months-17 years,Overall,1059138.0,0.0,Scenarios B & D,2025-08-17
Alabama,6 months-17 years,Overall,1059138.0,0.4,Scenarios B & D,2025-08-24
Alabama,6 months-17 years,Overall,1059138.0,0.8,Scenarios B & D,2025-08-31
Alabama,6 months-17 years,Overall,1059138.0,1.2,Scenarios B & D,2025-09-07
Alabama,6 months-17 years,Overall,1059138.0,1.5,Scenarios B & D,2025-09-14
Alabama,6 months-17 years,Overall,1059138.0,1.9,Scenarios B & D,2025-09-21
Alabama,6 months-17 years,Overall,1059138.0,2.3,Scenarios B & D,2025-09-28
Alabama,6 months-17 years,Overall,1059138.0,2.7,Scenarios B & D,2025-10-05
Alabama,6 months-17 years,Overall,1059138.0,3.1,Scenarios B & D,2025-10-12
Alabama,6 months-17 years,Overall,1059138.0,3.4,Scenarios B & D,2025-10-19
Alabama,6 months-17 years,Overall,1059138.0,3.8,Scenarios B & D,2025-10-26
Alabama,6 months-17 years,Overall,1059138.0,4.1,Scenarios B & D,2025-11-02
Alabama,6 months-17 years,Overall,1059138.0,4.4,Scenarios B & D,2025-11-09
Alabama,6 months-17 years,Overall,1059138.0,4.7,Scenarios B & D,2025-11-16
Alabama,6 months-17 years,Overall,1059138.0,4.9,Scenarios B & D,2025-11-23
Alabama,6 months-17 years,Overall,1059138.0,5.2,Scenarios B & D,2025-11-30
Alabama,6 months-17 years,Overall,1059138.0,5.4,Scenarios B & D,2025-12-07
Alabama,6 months-17 years,Overall,1059138.0,5.6,Scenarios B & D,2025-12-14
Alabama,6 months-17 years,Overall,1059138.0,5.7,Scenarios B & D,2025-12-21
Alabama,6 months-17 years,Overall,1059138.0,5.9,Scenarios B & D,2025-12-28
Alabama,6 months-17 years,Overall,1059138.0,6.0,Scenarios B & D,2026-01-04
Alabama,6 months-17 years,Overall,1059138.0,6.2,Scenarios B & D,2026-01-11
Alabama,6 months-17 years,Overall,1059138.0,6.3,Scenarios B & D,2026-01-18
Alabama,6 months-17 years,Overall,1059138.0,6.4,Scenarios B & D,2026-01-25
Alabama,6 months-17 years,Overall,1059138.0,6.5,Scenarios B & D,2026-02-01
Alabama,6 months-17 years,Overall,1059138.0,6.5,Scenarios B & D,2026-02-08
Alabama,6 months-17 years,Overall,1059138.0,6.6,Scenarios B & D,2026-02-15
Alabama,6 months-17 years,Overall,1059138.0,6.7,Scenarios B & D,2026-02-22
Alabama,6 months-17 years,Overall,1059138.0,6.8,Scenarios B & D,2026-03-01
Alabama,6 months-17 years,Overall,1059138.0,6.8,Scenarios B & D,2026-03-08
Alabama,6 months-17 years,Overall,1059138.0,6.9,Scenarios B & D,2026-03-15
Alabama,6 months-17 years,Overall,1059138.0,7.0,Scenarios B & D,2026-03-22
Alabama,6 months-17 years,Overall,1059138.0,7.0,Scenarios B & D,2026-03-29
Alabama,6 months-17 years,Overall,1059138.0,7.1,Scenarios B & D,2026-04-05
Alabama,6 months-17 years,Overall,1059138.0,7.2,Scenarios B & D,2026-04-12
Alabama,6 months-17 years,Overall,1059138.0,7.2,Scenarios B & D,2026-04-19
Alabama,6 months-17 years,Overall,1059138.0,7.3,Scenarios B & D,2026-04-26
Alabama,65+ years,Overall,874244.0,0.0,Scenarios B & D,2025-08-03
Alabama,65+ years,Overall,874244.0,0.2,Scenarios B & D,2025-08-10
Alabama,65+ years,Overall,874244.0,1.8,Scenarios B & D,2025-08-17
Alabama,65+ years,Overall,874244.0,3.4,Scenarios B & D,2025-08-24
Alabama,65+ years,Overall,874244.0,5.1,Scenarios B & D,2025-08-31
Alabama,65+ years,Overall,874244.0,6.8,Scenarios B & D,2025-09-07
Alabama,65+ years,Overall,874244.0,8.5,Scenarios B & D,2025-09-14
Alabama,65+ years,Overall,874244.0,10.2,Scenarios B & D,2025-09-21
Alabama,65+ years,Overall,874244.0,11.8,Scenarios B & D,2025-09-28
Alabama,65+ years,Overall,874244.0,13.4,Scenarios B & D,2025-10-05
Alabama,65+ years,Overall,874244.0,14.9,Scenarios B & D,2025-10-12
Alabama,65+ years,Overall,874244.0,16.4,Scenarios B & D,2025-10-19
Alabama,65+ years,Overall,874244.0,17.7,Scenarios B & D,2025-10-26
Alabama,65+ years,Overall,874244.0,18.9,Scenarios B & D,2025-11-02
Alabama,65+ years,Overall,874244.0,20.0,Scenarios B & D,2025-11-09
Alabama,65+ years,Overall,874244.0,21.0,Scenarios B & D,2025-11-16
Alabama,65+ years,Overall,874244.0,21.9,Scenarios B & D,2025-11-23
Alabama,65+ years,Overall,874244.0,22.6,Scenarios B & D,2025-11-30
Alabama,65+ years,Overall,874244.0,23.3,Scenarios B & D,2025-12-07
Alabama,65+ years,Overall,874244.0,23.8,Scenarios B & D,2025-12-14
Alabama,65+ years,Overall,874244.0,24.3,Scenarios B & D,2025-12-21
Alabama,65+ years,Overall,874244.0,24.8,Scenarios B & D,2025-12-28
Alabama,65+ years,Overall,874244.0,25.1,Scenarios B & D,2026-01-04
Alabama,65+ years,Overall,874244.0,25.5,Scenarios B & D,2026-01-11
Alabama,65+ years,Overall,874244.0,25.8,Scenarios B & D,2026-01-18
Alabama,65+ years,Overall,874244.0,26.1,Scenarios B & D,2026-01-25
Alabama,65+ years,Overall,874244.0,26.4,Scenarios B & D,2026-02-01
Alabama,65+ years,Overall,874244.0,26.6,Scenarios B & D,2026-02-08
Alabama,65+ years,Overall,874244.0,26.9,Scenarios B & D,2026-02-15
Alabama,65+ years,Overall,874244.0,27.2,Scenarios B & D,2026-02-22
Alabama,65+ years,Overall,874244.0,27.5,Scenarios B & D,2026-03-01
Alabama,65+ years,Overall,874244.0,27.7,Scenarios B & D,2026-03-08
Alabama,65+ years,Overall,874244.0,28.0,Scenarios B & D,2026-03-15
Alabama,65+ years,Overall,874244.0,28.3,Scenarios B & D,2026-03-22
Alabama,65+ years,Overall,874244.0,28.5,Scenarios B & D,2026-03-29
Alabama,65+ years,Overall,874244.0,28.8,Scenarios B & D,2026-04-05
Alabama,65+ years,Overall,874244.0,29.1,Scenarios B & D,2026-04-12
Alabama,65+ years,Overall,874244.0,29.4,Scenarios B & D,2026-04-19
Alabama,65+ years,Overall,874244.0,29.6,Scenarios B & D,2026-04-26
Alaska,18-49 years,Overall,303483.0,0.0,Scenarios B & D,2025-08-03
Alaska,18-49 years,Overall,303483.0,0.0,Scenarios B & D,2025-08-10
Alaska,18-49 years,Overall,303483.0,0.3,Scenarios B & D,2025-08-17
Alaska,18-49 years,Overall,303483.0,0.9,Scenarios B & D,2025-08-24
Alaska,18-49 years,Overall,303483.0,1.6,Scenarios B & D,2025-08-31
Alaska,18-49 years,Overall,303483.0,2.3,Scenarios B & D,2025-09-07
Alaska,18-49 years,Overall,303483.0,3.0,Scenarios B & D,2025-09-14
Alaska,18-49 years,Overall,303483.0,3.7,Scenarios B & D,2025-09-21
Alaska,18-49 years,Overall,303483.0,4.5,Scenarios B & D,2025-09-28
Alaska,18-49 years,Overall,303483.0,5.2,Scenarios B & D,2025-10-05
Alaska,18-49 years,Overall,303483.0,6.0,Scenarios B & D,2025-10-12
Alaska,18-49 years,Overall,303483.0,6.7,Scenarios B & D,2025-10-19
Alaska,18-49 years,Overall,303483.0,7.3,Scenarios B & D,2025-10-26
Alaska,18-49 years,Overall,303483.0,8.0,Scenarios B & D,2025-11-02
Alaska,18-49 years,Overall,303483.0,8.6,Scenarios B & D,2025-11-09
Alaska,18-49 years,Overall,303483.0,9.1,Scenarios B & D,2025-11-16
Alaska,18-49 years,Overall,303483.0,9.6,Scenarios B & D,2025-11-23
Alaska,18-49 years,Overall,303483.0,10.0,Scenarios B & D,2025-11-30
Alaska,18-49 years,Overall,303483.0,10.4,Scenarios B & D,2025-12-07
Alaska,18-49 years,Overall,303483.0,10.7,Scenarios B & D,2025-12-14
Alaska,18-49 years,Overall,303483.0,10.9,Scenarios B & D,2025-12-21
Alaska,18-49 years,Overall,303483.0,11.1,Scenarios B & D,2025-12-28
Alaska,18-49 years,Overall,303483.0,11.3,Scenarios B & D,2026-01-04
Alaska,18-49 years,Overall,303483.0,11.4,Scenarios B & D,2026-01-11
Alaska,18-49 years,Overall,303483.0,11.6,Scenarios B & D,2026-01-18
Alaska,18-49 years,Overall,303483.0,11.7,Scenarios B & D,2026-01-25
Alaska,18-49 years,Overall,303483.0,11.8,Scenarios B & D,2026-02-01
Alaska,18-49 years,Overall,303483.0,11.8,Scenarios B & D,2026-02-08
Alaska,18-49 years,Overall,303483.0,11.9,Scenarios B & D,2026-02-15
Alaska,18-49 years,Overall,303483.0,12.0,Scenarios B & D,2026-02-22
Alaska,18-49 years,Overall,303483.0,12.1,Scenarios B & D,2026-03-01
Alaska,18-49 years,Overall,303483.0,12.2,Scenarios B & D,2026-03-08
Alaska,18-49 years,Overall,303483.0,12.3,Scenarios B & D,2026-03-15
Alaska,18-49 years,Overall,303483.0,12.4,Scenarios B & D,2026-03-22
Alaska,18-49 years,Overall,303483.0,12.5,Scenarios B & D,2026-03-29
Alaska,18-49 years,Overall,303483.0,12.5,Scenarios B & D,2026-04-05
Alaska,18-49 years,Overall,303483.0,12.6,Scenarios B & D,2026-04-12
Alaska,18-49 years,Overall,303483.0,12.7,Scenarios B & D,2026-04-19
Alaska,18-49 years,Overall,303483.0,12.8,Scenarios B & D,2026-04-26
Alaska,50-64 years,Overall,133634.0,0.0,Scenarios B & D,2025-08-03
Alaska,50-64 years,Overall,133634.0,0.0,Scenarios B & D,2025-08-10
Alaska,50-64 years,Overall,133634.0,1.3,Scenarios B & D,2025-08-17
Alaska,50-64 years,Overall,133634.0,2.7,Scenarios B & D,2025-08-24
Alaska,50-64 years,Overall,133634.0,4.1,Scenarios B & D,2025-08-31
Alaska,50-64 years,Overall,133634.0,5.5,Scenarios B & D,2025-09-07
Alaska,50-64 years,Overall,133634.0,7.0,Scenarios B & D,2025-09-14
Alaska,50-64 years,Overall,133634.0,8.4,Scenarios B & D,2025-09-21
Alaska,50-64 years,Overall,133634.0,9.9,Scenarios B & D,2025-09-28
Alaska,50-64 years,Overall,133634.0,11.4,Scenarios B & D,2025-10-05
Alaska,50-64 years,Overall,133634.0,12.8,Scenarios B & D,2025-10-12
Alaska,50-64 years,Overall,133634.0,14.1,Scenarios B & D,2025-10-19
Alaska,50-64 years,Overall,133634.0,15.4,Scenarios B & D,2025-10-26
Alaska,50-64 years,Overall,133634.0,16.7,Scenarios B & D,2025-11-02
Alaska,50-64 years,Overall,133634.0,17.9,Scenarios B & D,2025-11-09
Alaska,50-64 years,Overall,133634.0,19.1,Scenarios B & D,2025-11-16
Alaska,50-64 years,Overall,133634.0,20.2,Scenarios B & D,2025-11-23
Alaska,50-64 years,Overall,133634.0,21.2,Scenarios B & D,2025-11-30
Alaska,50-64 years,Overall,133634.0,22.1,Scenarios B & D,2025-12-07
Alaska,50-64 years,Overall,133634.0,22.9,Scenarios B & D,2025-12-14
Alaska,50-64 years,Overall,133634.0,23.5,Scenarios B & D,2025-12-21
Alaska,50-64 years,Overall,133634.0,23.9,Scenarios B & D,2025-12-28
Alaska,50-64 years,Overall,133634.0,24.2,Scenarios B & D,2026-01-04
Alaska,50-64 years,Overall,133634.0,24.4,Scenarios B & D,2026-01-11
Alaska,50-64 years,Overall,133634.0,24.6,Scenarios B & D,2026-01-18
Alaska,50-64 years,Overall,133634.0,24.7,Scenarios B & D,2026-01-25
Alaska,50-64 years,Overall,133634.0,24.7,Scenarios B & D,2026-02-01
Alaska,50-64 years,Overall,133634.0,24.8,Scenarios B & D,2026-02-08
Alaska,50-64 years,Overall,133634.0,24.8,Scenarios B & D,2026-02-15
Alaska,50-64 years,Overall,133634.0,24.9,Scenarios B & D,2026-02-22
Alaska,50-64 years,Overall,133634.0,24.9,Scenarios B & D,2026-03-01
Alaska,50-64 years,Overall,133634.0,25.0,Scenarios B & D,2026-03-08
Alaska,50-64 years,Overall,133634.0,25.0,Scenarios B & D,2026-03-15
Alaska,50-64 years,Overall,133634.0,25.1,Scenarios B & D,2026-03-22
Alaska,50-64 years,Overall,133634.0,25.1,Scenarios B & D,2026-03-29
Alaska,50-64 years,Overall,133634.0,25.2,Scenarios B & D,2026-04-05
Alaska,50-64 years,Overall,133634.0,25.2,Scenarios B & D,2026-04-12
Alaska,50-64 years,Overall,133634.0,25.3,Scenarios B & D,2026-04-19
Alaska,50-64 years,Overall,133634.0,25.3,Scenarios B & D,2026-04-26
Alaska,6 months-17 years,Overall,173878.0,0.0,Scenarios B & D,2025-08-03
Alaska,6 months-17 years,Overall,173878.0,0.0,Scenarios B & D,2025-08-10
Alaska,6 months-17 years,Overall,173878.0,0.2,Scenarios B & D,2025-08-17
Alaska,6 months-17 years,Overall,173878.0,0.8,Scenarios B & D,2025-08-24
Alaska,6 months-17 years,Overall,173878.0,1.3,Scenarios B & D,2025-08-31
Alaska,6 months-17 years,Overall,173878.0,1.9,Scenarios B & D,2025-09-07
Alaska,6 months-17 years,Overall,173878.0,2.5,Scenarios B & D,2025-09-14
Alaska,6 months-17 years,Overall,173878.0,3.0,Scenarios B & D,2025-09-21
Alaska,6 months-17 years,Overall,173878.0,3.5,Scenarios B & D,2025-09-28
Alaska,6 months-17 years,Overall,173878.0,4.1,Scenarios B & D,2025-10-05
Alaska,6 months-17 years,Overall,173878.0,4.6,Scenarios B & D,2025-10-12
Alaska,6 months-17 years,Overall,173878.0,5.1,Scenarios B & D,2025-10-19
Alaska,6 months-17 years,Overall,173878.0,5.6,Scenarios B & D,2025-10-26
Alaska,6 months-17 years,Overall,173878.0,6.0,Scenarios B & D,2025-11-02
Alaska,6 months-17 years,Overall,173878.0,6.4,Scenarios B & D,2025-11-09
Alaska,6 months-17 years,Overall,173878.0,6.8,Scenarios B & D,2025-11-16
Alaska,6 months-17 years,Overall,173878.0,7.2,Scenarios B & D,2025-11-23
Alaska,6 months-17 years,Overall,173878.0,7.5,Scenarios B & D,2025-11-30
Alaska,6 months-17 years,Overall,173878.0,7.9,Scenarios B & D,2025-12-07
Alaska,6 months-17 years,Overall,173878.0,8.2,Scenarios B & D,2025-12-14
Alaska,6 months-17 years,Overall,173878.0,8.4,Scenarios B & D,2025-12-21
Alaska,6 months-17 years,Overall,173878.0,8.7,Scenarios B & D,2025-12-28
Alaska,6 months-17 years,Overall,173878.0,8.9,Scenarios B & D,2026-01-04
Alaska,6 months-17 years,Overall,173878.0,9.1,Scenarios B & D,2026-01-11
Alaska,6 months-17 years,Overall,173878.0,9.3,Scenarios B & D,2026-01-18
Alaska,6 months-17 years,Overall,173878.0,9.4,Scenarios B & D,2026-01-25
Alaska,6 months-17 years,Overall,173878.0,9.6,Scenarios B & D,2026-02-01
Alaska,6 months-17 years,Overall,173878.0,9.7,Scenarios B & D,2026-02-08
Alaska,6 months-17 years,Overall,173878.0,9.8,Scenarios B & D,2026-02-15
Alaska,6 months-17 years,Overall,173878.0,9.9,Scenarios B & D,2026-02-22
Alaska,6 months-17 years,Overall,173878.0,10.1,Scenarios B & D,2026-03-01
Alaska,6 months-17 years,Overall,173878.0,10.2,Scenarios B & D,2026-03-08
Alaska,6 months-17 years,Overall,173878.0,10.3,Scenarios B & D,2026-03-15
Alaska,6 months-17 years,Overall,173878.0,10.4,Scenarios B & D,2026-03-22
Alaska,6 months-17 years,Overall,173878.0,10.5,Scenarios B & D,2026-03-29
Alaska,6 months-17 years,Overall,173878.0,10.6,Scenarios B & D,2026-04-05
Alaska,6 months-17 years,Overall,173878.0,10.7,Scenarios B & D,2026-04-12
Alaska,6 months-17 years,Overall,173878.0,10.9,Scenarios B & D,2026-04-19
Alaska,6 months-17 years,Overall,173878.0,11.0,Scenarios B & D,2026-04-26
Alaska,65+ years,Overall,95876.0,0.0,Scenarios B & D,2025-08-03
Alaska,65+ years,Overall,95876.0,0.6,Scenarios B & D,2025-08-10
Alaska,65+ years,Overall,95876.0,2.8,Scenarios B & D,2025-08-17
Alaska,65+ years,Overall,95876.0,5.0,Scenarios B & D,2025-08-24
Alaska,65+ years,Overall,95876.0,7.3,Scenarios B & D,2025-08-31
Alaska,65+ years,Overall,95876.0,9.6,Scenarios B & D,2025-09-07
Alaska,65+ years,Overall,95876.0,11.8,Scenarios B & D,2025-09-14
Alaska,65+ years,Overall,95876.0,14.1,Scenarios B & D,2025-09-21
Alaska,65+ years,Overall,95876.0,16.3,Scenarios B & D,2025-09-28
Alaska,65+ years,Overall,95876.0,18.5,Scenarios B & D,2025-10-05
Alaska,65+ years,Overall,95876.0,20.6,Scenarios B & D,2025-10-12
Alaska,65+ years,Overall,95876.0,22.7,Scenarios B & D,2025-10-19
Alaska,65+ years,Overall,95876.0,24.6,Scenarios B & D,2025-10-26
Alaska,65+ years,Overall,95876.0,26.5,Scenarios B & D,2025-11-02
Alaska,65+ years,Overall,95876.0,28.1,Scenarios B & D,2025-11-09
Alaska,65+ years,Overall,95876.0,29.7,Scenarios B & D,2025-11-16
Alaska,65+ years,Overall,95876.0,31.0,Scenarios B & D,2025-11-23
Alaska,65+ years,Overall,95876.0,32.2,Scenarios B & D,2025-11-30
Alaska,65+ years,Overall,95876.0,33.2,Scenarios B & D,2025-12-07
Alaska,65+ years,Overall,95876.0,34.0,Scenarios B & D,2025-12-14
Alaska,65+ years,Overall,95876.0,34.7,Scenarios B & D,2025-12-21
Alaska,65+ years,Overall,95876.0,35.2,Scenarios B & D,2025-12-28
Alaska,65+ years,Overall,95876.0,35.7,Scenarios B & D,2026-01-04
Alaska,65+ years,Overall,95876.0,36.1,Scenarios B & D,2026-01-11
Alaska,65+ years,Overall,95876.0,36.5,Scenarios B & D,2026-01-18
Alaska,65+ years,Overall,95876.0,36.8,Scenarios B & D,2026-01-25
Alaska,65+ years,Overall,95876.0,37.2,Scenarios B & D,2026-02-01
Alaska,65+ years,Overall,95876.0,37.5,Scenarios B & D,2026-02-08
Alaska,65+ years,Overall,95876.0,37.9,Scenarios B & D,2026-02-15
Alaska,65+ years,Overall,95876.0,38.2,Scenarios B & D,2026-02-22
Alaska,65+ years,Overall,95876.0,38.5,Scenarios B & D,2026-03-01
Alaska,65+ years,Overall,95876.0,38.9,Scenarios B & D,2026-03-08
Alaska,65+ years,Overall,95876.0,39.2,Scenarios B & D,2026-03-15
Alaska,65+ years,Overall,95876.0,39.5,Scenarios B & D,2026-03-22
Alaska,65+ years,Overall,95876.0,39.9,Scenarios B & D,2026-03-29
Alaska,65+ years,Overall,95876.0,40.2,Scenarios B & D,2026-04-05
Alaska,65+ years,Overall,95876.0,40.5,Scenarios B & D,2026-04-12
Alaska,65+ years,Overall,95876.0,40.9,Scenarios B & D,2026-04-19
Alaska,65+ years,Overall,95876.0,41.2,Scenarios B & D,2026-04-26
Arizona,18-49 years,Overall,3060138.0,0.0,Scenarios B & D,2025-08-03
Arizona,18-49 years,Overall,3060138.0,0.0,Scenarios B & D,2025-08-10
Arizona,18-49 years,Overall,3060138.0,0.5,Scenarios B & D,2025-08-17
Arizona,18-49 years,Overall,3060138.0,1.1,Scenarios B & D,2025-08-24
Arizona,18-49 years,Overall,3060138.0,1.6,Scenarios B & D,2025-08-31
Arizona,18-49 years,Overall,3060138.0,2.2,Scenarios B & D,2025-09-07
Arizona,18-49 years,Overall,3060138.0,2.7,Scenarios B & D,2025-09-14
Arizona,18-49 years,Overall,3060138.0,3.3,Scenarios B & D,2025-09-21
Arizona,18-49 years,Overall,3060138.0,3.9,Scenarios B & D,2025-09-28
Arizona,18-49 years,Overall,3060138.0,4.4,Scenarios B & D,2025-10-05
Arizona,18-49 years,Overall,3060138.0,5.0,Scenarios B & D,2025-10-12
Arizona,18-49 years,Overall,3060138.0,5.6,Scenarios B & D,2025-10-19
Arizona,18-49 years,Overall,3060138.0,6.1,Scenarios B & D,2025-10-26
Arizona,18-49 years,Overall,3060138.0,6.7,Scenarios B & D,2025-11-02
Arizona,18-49 years,Overall,3060138.0,7.2,Scenarios B & D,2025-11-09
Arizona,18-49 years,Overall,3060138.0,7.7,Scenarios B & D,2025-11-16
Arizona,18-49 years,Overall,3060138.0,8.2,Scenarios B & D,2025-11-23
Arizona,18-49 years,Overall,3060138.0,8.6,Scenarios B & D,2025-11-30
Arizona,18-49 years,Overall,3060138.0,9.0,Scenarios B & D,2025-12-07
Arizona,18-49 years,Overall,3060138.0,9.3,Scenarios B & D,2025-12-14
Arizona,18-49 years,Overall,3060138.0,9.6,Scenarios B & D,2025-12-21
Arizona,18-49 years,Overall,3060138.0,9.8,Scenarios B & D,2025-12-28
Arizona,18-49 years,Overall,3060138.0,10.0,Scenarios B & D,2026-01-04
Arizona,18-49 years,Overall,3060138.0,10.2,Scenarios B & D,2026-01-11
Arizona,18-49 years,Overall,3060138.0,10.3,Scenarios B & D,2026-01-18
Arizona,18-49 years,Overall,3060138.0,10.5,Scenarios B & D,2026-01-25
Arizona,18-49 years,Overall,3060138.0,10.6,Scenarios B & D,2026-02-01
Arizona,18-49 years,Overall,3060138.0,10.8,Scenarios B & D,2026-02-08
Arizona,18-49 years,Overall,3060138.0,10.9,Scenarios B & D,2026-02-15
Arizona,18-49 years,Overall,3060138.0,11.1,Scenarios B & D,2026-02-22
Arizona,18-49 years,Overall,3060138.0,11.2,Scenarios B & D,2026-03-01
Arizona,18-49 years,Overall,3060138.0,11.4,Scenarios B & D,2026-03-08
Arizona,18-49 years,Overall,3060138.0,11.5,Scenarios B & D,2026-03-15
Arizona,18-49 years,Overall,3060138.0,11.7,Scenarios B & D,2026-03-22
Arizona,18-49 years,Overall,3060138.0,11.8,Scenarios B & D,2026-03-29
Arizona,18-49 years,Overall,3060138.0,12.0,Scenarios B & D,2026-04-05
Arizona,18-49 years,Overall,3060138.0,12.1,Scenarios B & D,2026-04-12
Arizona,18-49 years,Overall,3060138.0,12.3,Scenarios B & D,2026-04-19
Arizona,18-49 years,Overall,3060138.0,12.4,Scenarios B & D,2026-04-26
Arizona,50-64 years,Overall,1321248.0,0.0,Scenarios B & D,2025-08-03
Arizona,50-64 years,Overall,1321248.0,0.0,Scenarios B & D,2025-08-10
Arizona,50-64 years,Overall,1321248.0,0.9,Scenarios B & D,2025-08-17
Arizona,50-64 years,Overall,1321248.0,2.1,Scenarios B & D,2025-08-24
Arizona,50-64 years,Overall,1321248.0,3.5,Scenarios B & D,2025-08-31
Arizona,50-64 years,Overall,1321248.0,4.8,Scenarios B & D,2025-09-07
Arizona,50-64 years,Overall,1321248.0,6.2,Scenarios B & D,2025-09-14
Arizona,50-64 years,Overall,1321248.0,7.6,Scenarios B & D,2025-09-21
Arizona,50-64 years,Overall,1321248.0,9.0,Scenarios B & D,2025-09-28
Arizona,50-64 years,Overall,1321248.0,10.4,Scenarios B & D,2025-10-05
Arizona,50-64 years,Overall,1321248.0,11.8,Scenarios B & D,2025-10-12
Arizona,50-64 years,Overall,1321248.0,13.0,Scenarios B & D,2025-10-19
Arizona,50-64 years,Overall,1321248.0,14.2,Scenarios B & D,2025-10-26
Arizona,50-64 years,Overall,1321248.0,15.2,Scenarios B & D,2025-11-02
Arizona,50-64 years,Overall,1321248.0,16.1,Scenarios B & D,2025-11-09
Arizona,50-64 years,Overall,1321248.0,16.9,Scenarios B & D,2025-11-16
Arizona,50-64 years,Overall,1321248.0,17.5,Scenarios B & D,2025-11-23
Arizona,50-64 years,Overall,1321248.0,18.0,Scenarios B & D,2025-11-30
Arizona,50-64 years,Overall,1321248.0,18.4,Scenarios B & D,2025-12-07
Arizona,50-64 years,Overall,1321248.0,18.8,Scenarios B & D,2025-12-14
Arizona,50-64 years,Overall,1321248.0,19.2,Scenarios B & D,2025-12-21
Arizona,50-64 years,Overall,1321248.0,19.6,Scenarios B & D,2025-12-28
Arizona,50-64 years,Overall,1321248.0,20.0,Scenarios B & D,2026-01-04
Arizona,50-64 years,Overall,1321248.0,20.3,Scenarios B & D,2026-01-11
Arizona,50-64 years,Overall,1321248.0,20.7,Scenarios B & D,2026-01-18
Arizona,50-64 years,Overall,1321248.0,21.0,Scenarios B & D,2026-01-25
Arizona,50-64 years,Overall,1321248.0,21.3,Scenarios B & D,2026-02-01
Arizona,50-64 years,Overall,1321248.0,21.6,Scenarios B & D,2026-02-08
Arizona,50-64 years,Overall,1321248.0,21.9,Scenarios B & D,2026-02-15
Arizona,50-64 years,Overall,1321248.0,22.2,Scenarios B & D,2026-02-22
Arizona,50-64 years,Overall,1321248.0,22.5,Scenarios B & D,2026-03-01
Arizona,50-64 years,Overall,1321248.0,22.9,Scenarios B & D,2026-03-08
Arizona,50-64 years,Overall,1321248.0,23.2,Scenarios B & D,2026-03-15
Arizona,50-64 years,Overall,1321248.0,23.5,Scenarios B & D,2026-03-22
Arizona,50-64 years,Overall,1321248.0,23.8,Scenarios B & D,2026-03-29
Arizona,50-64 years,Overall,1321248.0,24.1,Scenarios B & D,2026-04-05
Arizona,50-64 years,Overall,1321248.0,24.4,Scenarios B & D,2026-04-12
Arizona,50-64 years,Overall,1321248.0,24.7,Scenarios B & D,2026-04-19
Arizona,50-64 years,Overall,1321248.0,25.0,Scenarios B & D,2026-04-26
Arizona,6 months-17 years,Overall,1605708.0,0.0,Scenarios B & D,2025-08-03
Arizona,6 months-17 years,Overall,1605708.0,0.0,Scenarios B & D,2025-08-10
Arizona,6 months-17 years,Overall,1605708.0,0.0,Scenarios B & D,2025-08-17
Arizona,6 months-17 years,Overall,1605708.0,0.3,Scenarios B & D,2025-08-24
Arizona,6 months-17 years,Overall,1605708.0,0.7,Scenarios B & D,2025-08-31
Arizona,6 months-17 years,Overall,1605708.0,1.1,Scenarios B & D,2025-09-07
Arizona,6 months-17 years,Overall,1605708.0,1.4,Scenarios B & D,2025-09-14
Arizona,6 months-17 years,Overall,1605708.0,1.8,Scenarios B & D,2025-09-21
Arizona,6 months-17 years,Overall,1605708.0,2.2,Scenarios B & D,2025-09-28
Arizona,6 months-17 years,Overall,1605708.0,2.5,Scenarios B & D,2025-10-05
Arizona,6 months-17 years,Overall,1605708.0,2.9,Scenarios B & D,2025-10-12
Arizona,6 months-17 years,Overall,1605708.0,3.2,Scenarios B & D,2025-10-19
Arizona,6 months-17 years,Overall,1605708.0,3.6,Scenarios B & D,2025-10-26
Arizona,6 months-17 years,Overall,1605708.0,3.9,Scenarios B & D,2025-11-02
Arizona,6 months-17 years,Overall,1605708.0,4.2,Scenarios B & D,2025-11-09
Arizona,6 months-17 years,Overall,1605708.0,4.5,Scenarios B & D,2025-11-16
Arizona,6 months-17 years,Overall,1605708.0,4.8,Scenarios B & D,2025-11-23
Arizona,6 months-17 years,Overall,1605708.0,5.0,Scenarios B & D,2025-11-30
Arizona,6 months-17 years,Overall,1605708.0,5.3,Scenarios B & D,2025-12-07
Arizona,6 months-17 years,Overall,1605708.0,5.5,Scenarios B & D,2025-12-14
Arizona,6 months-17 years,Overall,1605708.0,5.7,Scenarios B & D,2025-12-21
Arizona,6 months-17 years,Overall,1605708.0,5.9,Scenarios B & D,2025-12-28
Arizona,6 months-17 years,Overall,1605708.0,6.1,Scenarios B & D,2026-01-04
Arizona,6 months-17 years,Overall,1605708.0,6.3,Scenarios B & D,2026-01-11
Arizona,6 months-17 years,Overall,1605708.0,6.5,Scenarios B & D,2026-01-18
Arizona,6 months-17 years,Overall,1605708.0,6.7,Scenarios B & D,2026-01-25
Arizona,6 months-17 years,Overall,1605708.0,6.8,Scenarios B & D,2026-02-01
Arizona,6 months-17 years,Overall,1605708.0,7.0,Scenarios B & D,2026-02-08
Arizona,6 months-17 years,Overall,1605708.0,7.2,Scenarios B & D,2026-02-15
Arizona,6 months-17 years,Overall,1605708.0,7.3,Scenarios B & D,2026-02-22
Arizona,6 months-17 years,Overall,1605708.0,7.5,Scenarios B & D,2026-03-01
Arizona,6 months-17 years,Overall,1605708.0,7.7,Scenarios B & D,2026-03-08
Arizona,6 months-17 years,Overall,1605708.0,7.8,Scenarios B & D,2026-03-15
Arizona,6 months-17 years,Overall,1605708.0,8.0,Scenarios B & D,2026-03-22
Arizona,6 months-17 years,Overall,1605708.0,8.2,Scenarios B & D,2026-03-29
Arizona,6 months-17 years,Overall,1605708.0,8.4,Scenarios B & D,2026-04-05
Arizona,6 months-17 years,Overall,1605708.0,8.5,Scenarios B & D,2026-04-12
Arizona,6 months-17 years,Overall,1605708.0,8.7,Scenarios B & D,2026-04-19
Arizona,6 months-17 years,Overall,1605708.0,8.9,Scenarios B & D,2026-04-26
Arizona,65+ years,Overall,1373975.0,0.0,Scenarios B & D,2025-08-03
Arizona,65+ years,Overall,1373975.0,0.0,Scenarios B & D,2025-08-10
Arizona,65+ years,Overall,1373975.0,1.7,Scenarios B & D,2025-08-17
Arizona,65+ years,Overall,1373975.0,4.0,Scenarios B & D,2025-08-24
Arizona,65+ years,Overall,1373975.0,6.4,Scenarios B & D,2025-08-31
Arizona,65+ years,Overall,1373975.0,8.8,Scenarios B & D,2025-09-07
Arizona,65+ years,Overall,1373975.0,11.2,Scenarios B & D,2025-09-14
Arizona,65+ years,Overall,1373975.0,13.7,Scenarios B & D,2025-09-21
Arizona,65+ years,Overall,1373975.0,16.2,Scenarios B & D,2025-09-28
Arizona,65+ years,Overall,1373975.0,18.7,Scenarios B & D,2025-10-05
Arizona,65+ years,Overall,1373975.0,21.1,Scenarios B & D,2025-10-12
Arizona,65+ years,Overall,1373975.0,23.4,Scenarios B & D,2025-10-19
Arizona,65+ years,Overall,1373975.0,25.5,Scenarios B & D,2025-10-26
Arizona,65+ years,Overall,1373975.0,27.5,Scenarios B & D,2025-11-02
Arizona,65+ years,Overall,1373975.0,29.3,Scenarios B & D,2025-11-09
Arizona,65+ years,Overall,1373975.0,30.8,Scenarios B & D,2025-11-16
Arizona,65+ years,Overall,1373975.0,32.1,Scenarios B & D,2025-11-23
Arizona,65+ years,Overall,1373975.0,33.2,Scenarios B & D,2025-11-30
Arizona,65+ years,Overall,1373975.0,34.1,Scenarios B & D,2025-12-07
Arizona,65+ years,Overall,1373975.0,34.9,Scenarios B & D,2025-12-14
Arizona,65+ years,Overall,1373975.0,35.6,Scenarios B & D,2025-12-21
Arizona,65+ years,Overall,1373975.0,36.3,Scenarios B & D,2025-12-28
Arizona,65+ years,Overall,1373975.0,36.9,Scenarios B & D,2026-01-04
Arizona,65+ years,Overall,1373975.0,37.4,Scenarios B & D,2026-01-11
Arizona,65+ years,Overall,1373975.0,38.0,Scenarios B & D,2026-01-18
Arizona,65+ years,Overall,1373975.0,38.5,Scenarios B & D,2026-01-25
Arizona,65+ years,Overall,1373975.0,39.0,Scenarios B & D,2026-02-01
Arizona,65+ years,Overall,1373975.0,39.4,Scenarios B & D,2026-02-08
Arizona,65+ years,Overall,1373975.0,39.9,Scenarios B & D,2026-02-15
Arizona,65+ years,Overall,1373975.0,40.4,Scenarios B & D,2026-02-22
Arizona,65+ years,Overall,1373975.0,40.9,Scenarios B & D,2026-03-01
Arizona,65+ years,Overall,1373975.0,41.4,Scenarios B & D,2026-03-08
Arizona,65+ years,Overall,1373975.0,41.9,Scenarios B & D,2026-03-15
Arizona,65+ years,Overall,1373975.0,42.4,Scenarios B & D,2026-03-22
Arizona,65+ years,Overall,1373975.0,42.9,Scenarios B & D,2026-03-29
Arizona,65+ years,Overall,1373975.0,43.3,Scenarios B & D,2026-04-05
Arizona,65+ years,Overall,1373975.0,43.8,Scenarios B & D,2026-04-12
Arizona,65+ years,Overall,1373975.0,44.3,Scenarios B & D,2026-04-19
Arizona,65+ years,Overall,1373975.0,44.8,Scenarios B & D,2026-04-26
Arkansas,18-49 years,Overall,1224830.0,0.0,Scenarios B & D,2025-08-03
Arkansas,18-49 years,Overall,1224830.0,0.0,Scenarios B & D,2025-08-10
Arkansas,18-49 years,Overall,1224830.0,0.3,Scenarios B & D,2025-08-17
Arkansas,18-49 years,Overall,1224830.0,0.6,Scenarios B & D,2025-08-24
Arkansas,18-49 years,Overall,1224830.0,0.9,Scenarios B & D,2025-08-31
Arkansas,18-49 years,Overall,1224830.0,1.2,Scenarios B & D,2025-09-07
Arkansas,18-49 years,Overall,1224830.0,1.5,Scenarios B & D,2025-09-14
Arkansas,18-49 years,Overall,1224830.0,1.8,Scenarios B & D,2025-09-21
Arkansas,18-49 years,Overall,1224830.0,2.1,Scenarios B & D,2025-09-28
Arkansas,18-49 years,Overall,1224830.0,2.3,Scenarios B & D,2025-10-05
Arkansas,18-49 years,Overall,1224830.0,2.6,Scenarios B & D,2025-10-12
Arkansas,18-49 years,Overall,1224830.0,2.9,Scenarios B & D,2025-10-19
Arkansas,18-49 years,Overall,1224830.0,3.2,Scenarios B & D,2025-10-26
Arkansas,18-49 years,Overall,1224830.0,3.4,Scenarios B & D,2025-11-02
Arkansas,18-49 years,Overall,1224830.0,3.7,Scenarios B & D,2025-11-09
Arkansas,18-49 years,Overall,1224830.0,3.9,Scenarios B & D,2025-11-16
Arkansas,18-49 years,Overall,1224830.0,4.1,Scenarios B & D,2025-11-23
Arkansas,18-49 years,Overall,1224830.0,4.3,Scenarios B & D,2025-11-30
Arkansas,18-49 years,Overall,1224830.0,4.4,Scenarios B & D,2025-12-07
Arkansas,18-49 years,Overall,1224830.0,4.6,Scenarios B & D,2025-12-14
Arkansas,18-49 years,Overall,1224830.0,4.7,Scenarios B & D,2025-12-21
Arkansas,18-49 years,Overall,1224830.0,4.9,Scenarios B & D,2025-12-28
Arkansas,18-49 years,Overall,1224830.0,5.0,Scenarios B & D,2026-01-04
Arkansas,18-49 years,Overall,1224830.0,5.1,Scenarios B & D,2026-01-11
Arkansas,18-49 years,Overall,1224830.0,5.2,Scenarios B & D,2026-01-18
Arkansas,18-49 years,Overall,1224830.0,5.3,Scenarios B & D,2026-01-25
Arkansas,18-49 years,Overall,1224830.0,5.5,Scenarios B & D,2026-02-01
Arkansas,18-49 years,Overall,1224830.0,5.6,Scenarios B & D,2026-02-08
Arkansas,18-49 years,Overall,1224830.0,5.7,Scenarios B & D,2026-02-15
Arkansas,18-49 years,Overall,1224830.0,5.8,Scenarios B & D,2026-02-22
Arkansas,18-49 years,Overall,1224830.0,5.9,Scenarios B & D,2026-03-01
Arkansas,18-49 years,Overall,1224830.0,6.1,Scenarios B & D,2026-03-08
Arkansas,18-49 years,Overall,1224830.0,6.2,Scenarios B & D,2026-03-15
Arkansas,18-49 years,Overall,1224830.0,6.3,Scenarios B & D,2026-03-22
Arkansas,18-49 years,Overall,1224830.0,6.4,Scenarios B & D,2026-03-29
Arkansas,18-49 years,Overall,1224830.0,6.5,Scenarios B & D,2026-04-05
Arkansas,18-49 years,Overall,1224830.0,6.7,Scenarios B & D,2026-04-12
Arkansas,18-49 years,Overall,1224830.0,6.8,Scenarios B & D,2026-04-19
Arkansas,18-49 years,Overall,1224830.0,6.9,Scenarios B & D,2026-04-26
Arkansas,50-64 years,Overall,564414.0,0.0,Scenarios B & D,2025-08-03
Arkansas,50-64 years,Overall,564414.0,0.0,Scenarios B & D,2025-08-10
Arkansas,50-64 years,Overall,564414.0,0.6,Scenarios B & D,2025-08-17
Arkansas,50-64 years,Overall,564414.0,1.7,Scenarios B & D,2025-08-24
Arkansas,50-64 years,Overall,564414.0,2.7,Scenarios B & D,2025-08-31
Arkansas,50-64 years,Overall,564414.0,3.8,Scenarios B & D,2025-09-07
Arkansas,50-64 years,Overall,564414.0,4.9,Scenarios B & D,2025-09-14
Arkansas,50-64 years,Overall,564414.0,6.1,Scenarios B & D,2025-09-21
Arkansas,50-64 years,Overall,564414.0,7.2,Scenarios B & D,2025-09-28
Arkansas,50-64 years,Overall,564414.0,8.3,Scenarios B & D,2025-10-05
Arkansas,50-64 years,Overall,564414.0,9.4,Scenarios B & D,2025-10-12
Arkansas,50-64 years,Overall,564414.0,10.3,Scenarios B & D,2025-10-19
Arkansas,50-64 years,Overall,564414.0,11.2,Scenarios B & D,2025-10-26
Arkansas,50-64 years,Overall,564414.0,12.1,Scenarios B & D,2025-11-02
Arkansas,50-64 years,Overall,564414.0,12.8,Scenarios B & D,2025-11-09
Arkansas,50-64 years,Overall,564414.0,13.5,Scenarios B & D,2025-11-16
Arkansas,50-64 years,Overall,564414.0,14.1,Scenarios B & D,2025-11-23
Arkansas,50-64 years,Overall,564414.0,14.6,Scenarios B & D,2025-11-30
Arkansas,50-64 years,Overall,564414.0,15.1,Scenarios B & D,2025-12-07
Arkansas,50-64 years,Overall,564414.0,15.5,Scenarios B & D,2025-12-14
Arkansas,50-64 years,Overall,564414.0,15.8,Scenarios B & D,2025-12-21
Arkansas,50-64 years,Overall,564414.0,16.0,Scenarios B & D,2025-12-28
Arkansas,50-64 years,Overall,564414.0,16.2,Scenarios B & D,2026-01-04
Arkansas,50-64 years,Overall,564414.0,16.3,Scenarios B & D,2026-01-11
Arkansas,50-64 years,Overall,564414.0,16.4,Scenarios B & D,2026-01-18
Arkansas,50-64 years,Overall,564414.0,16.4,Scenarios B & D,2026-01-25
Arkansas,50-64 years,Overall,564414.0,16.5,Scenarios B & D,2026-02-01
Arkansas,50-64 years,Overall,564414.0,16.5,Scenarios B & D,2026-02-08
Arkansas,50-64 years,Overall,564414.0,16.5,Scenarios B & D,2026-02-15
Arkansas,50-64 years,Overall,564414.0,16.6,Scenarios B & D,2026-02-22
Arkansas,50-64 years,Overall,564414.0,16.6,Scenarios B & D,2026-03-01
Arkansas,50-64 years,Overall,564414.0,16.6,Scenarios B & D,2026-03-08
Arkansas,50-64 years,Overall,564414.0,16.7,Scenarios B & D,2026-03-15
Arkansas,50-64 years,Overall,564414.0,16.7,Scenarios B & D,2026-03-22
Arkansas,50-64 years,Overall,564414.0,16.8,Scenarios B & D,2026-03-29
Arkansas,50-64 years,Overall,564414.0,16.8,Scenarios B & D,2026-04-05
Arkansas,50-64 years,Overall,564414.0,16.8,Scenarios B & D,2026-04-12
Arkansas,50-64 years,Overall,564414.0,16.9,Scenarios B & D,2026-04-19
Arkansas,50-64 years,Overall,564414.0,16.9,Scenarios B & D,2026-04-26
Arkansas,6 months-17 years,Overall,681696.0,0.0,Scenarios B & D,2025-08-03
Arkansas,6 months-17 years,Overall,681696.0,0.0,Scenarios B & D,2025-08-10
Arkansas,6 months-17 years,Overall,681696.0,0.0,Scenarios B & D,2025-08-17
Arkansas,6 months-17 years,Overall,681696.0,0.3,Scenarios B & D,2025-08-24
Arkansas,6 months-17 years,Overall,681696.0,0.6,Scenarios B & D,2025-08-31
Arkansas,6 months-17 years,Overall,681696.0,0.9,Scenarios B & D,2025-09-07
Arkansas,6 months-17 years,Overall,681696.0,1.2,Scenarios B & D,2025-09-14
Arkansas,6 months-17 years,Overall,681696.0,1.6,Scenarios B & D,2025-09-21
Arkansas,6 months-17 years,Overall,681696.0,1.9,Scenarios B & D,2025-09-28
Arkansas,6 months-17 years,Overall,681696.0,2.2,Scenarios B & D,2025-10-05
Arkansas,6 months-17 years,Overall,681696.0,2.6,Scenarios B & D,2025-10-12
Arkansas,6 months-17 years,Overall,681696.0,2.9,Scenarios B & D,2025-10-19
Arkansas,6 months-17 years,Overall,681696.0,3.2,Scenarios B & D,2025-10-26
Arkansas,6 months-17 years,Overall,681696.0,3.5,Scenarios B & D,2025-11-02
Arkansas,6 months-17 years,Overall,681696.0,3.8,Scenarios B & D,2025-11-09
Arkansas,6 months-17 years,Overall,681696.0,4.0,Scenarios B & D,2025-11-16
Arkansas,6 months-17 years,Overall,681696.0,4.3,Scenarios B & D,2025-11-23
Arkansas,6 months-17 years,Overall,681696.0,4.5,Scenarios B & D,2025-11-30
Arkansas,6 months-17 years,Overall,681696.0,4.7,Scenarios B & D,2025-12-07
Arkansas,6 months-17 years,Overall,681696.0,4.9,Scenarios B & D,2025-12-14
Arkansas,6 months-17 years,Overall,681696.0,5.0,Scenarios B & D,2025-12-21
Arkansas,6 months-17 years,Overall,681696.0,5.1,Scenarios B & D,2025-12-28
Arkansas,6 months-17 years,Overall,681696.0,5.3,Scenarios B & D,2026-01-04
Arkansas,6 months-17 years,Overall,681696.0,5.4,Scenarios B & D,2026-01-11
Arkansas,6 months-17 years,Overall,681696.0,5.5,Scenarios B & D,2026-01-18
Arkansas,6 months-17 years,Overall,681696.0,5.6,Scenarios B & D,2026-01-25
Arkansas,6 months-17 years,Overall,681696.0,5.6,Scenarios B & D,2026-02-01
Arkansas,6 months-17 years,Overall,681696.0,5.7,Scenarios B & D,2026-02-08
Arkansas,6 months-17 years,Overall,681696.0,5.8,Scenarios B & D,2026-02-15
Arkansas,6 months-17 years,Overall,681696.0,5.8,Scenarios B & D,2026-02-22
Arkansas,6 months-17 years,Overall,681696.0,5.9,Scenarios B & D,2026-03-01
Arkansas,6 months-17 years,Overall,681696.0,5.9,Scenarios B & D,2026-03-08
Arkansas,6 months-17 years,Overall,681696.0,6.0,Scenarios B & D,2026-03-15
Arkansas,6 months-17 years,Overall,681696.0,6.0,Scenarios B & D,2026-03-22
Arkansas,6 months-17 years,Overall,681696.0,6.1,Scenarios B & D,2026-03-29
Arkansas,6 months-17 years,Overall,681696.0,6.1,Scenarios B & D,2026-04-05
Arkansas,6 months-17 years,Overall,681696.0,6.2,Scenarios B & D,2026-04-12
Arkansas,6 months-17 years,Overall,681696.0,6.2,Scenarios B & D,2026-04-19
Arkansas,6 months-17 years,Overall,681696.0,6.3,Scenarios B & D,2026-04-26
Arkansas,65+ years,Overall,536306.0,0.0,Scenarios B & D,2025-08-03
Arkansas,65+ years,Overall,536306.0,0.0,Scenarios B & D,2025-08-10
Arkansas,65+ years,Overall,536306.0,1.4,Scenarios B & D,2025-08-17
Arkansas,65+ years,Overall,536306.0,3.4,Scenarios B & D,2025-08-24
Arkansas,65+ years,Overall,536306.0,5.5,Scenarios B & D,2025-08-31
Arkansas,65+ years,Overall,536306.0,7.6,Scenarios B & D,2025-09-07
Arkansas,65+ years,Overall,536306.0,9.7,Scenarios B & D,2025-09-14
Arkansas,65+ years,Overall,536306.0,11.9,Scenarios B & D,2025-09-21
Arkansas,65+ years,Overall,536306.0,14.1,Scenarios B & D,2025-09-28
Arkansas,65+ years,Overall,536306.0,16.3,Scenarios B & D,2025-10-05
Arkansas,65+ years,Overall,536306.0,18.5,Scenarios B & D,2025-10-12
Arkansas,65+ years,Overall,536306.0,20.6,Scenarios B & D,2025-10-19
Arkansas,65+ years,Overall,536306.0,22.6,Scenarios B & D,2025-10-26
Arkansas,65+ years,Overall,536306.0,24.6,Scenarios B & D,2025-11-02
Arkansas,65+ years,Overall,536306.0,26.4,Scenarios B & D,2025-11-09
Arkansas,65+ years,Overall,536306.0,28.2,Scenarios B & D,2025-11-16
Arkansas,65+ years,Overall,536306.0,29.8,Scenarios B & D,2025-11-23
Arkansas,65+ years,Overall,536306.0,31.3,Scenarios B & D,2025-11-30
Arkansas,65+ years,Overall,536306.0,32.7,Scenarios B & D,2025-12-07
Arkansas,65+ years,Overall,536306.0,33.8,Scenarios B & D,2025-12-14
Arkansas,65+ years,Overall,536306.0,34.8,Scenarios B & D,2025-12-21
Arkansas,65+ years,Overall,536306.0,35.6,Scenarios B & D,2025-12-28
Arkansas,65+ years,Overall,536306.0,36.3,Scenarios B & D,2026-01-04
Arkansas,65+ years,Overall,536306.0,36.9,Scenarios B & D,2026-01-11
Arkansas,65+ years,Overall,536306.0,37.4,Scenarios B & D,2026-01-18
Arkansas,65+ years,Overall,536306.0,37.9,Scenarios B & D,2026-01-25
Arkansas,65+ years,Overall,536306.0,38.3,Scenarios B & D,2026-02-01
Arkansas,65+ years,Overall,536306.0,38.7,Scenarios B & D,2026-02-08
Arkansas,65+ years,Overall,536306.0,39.1,Scenarios B & D,2026-02-15
Arkansas,65+ years,Overall,536306.0,39.5,Scenarios B & D,2026-02-22
Arkansas,65+ years,Overall,536306.0,40.0,Scenarios B & D,2026-03-01
Arkansas,65+ years,Overall,536306.0,40.4,Scenarios B & D,2026-03-08
Arkansas,65+ years,Overall,536306.0,40.8,Scenarios B & D,2026-03-15
Arkansas,65+ years,Overall,536306.0,41.2,Scenarios B & D,2026-03-22
Arkansas,65+ years,Overall,536306.0,41.6,Scenarios B & D,2026-03-29
Arkansas,65+ years,Overall,536306.0,42.0,Scenarios B & D,2026-04-05
Arkansas,65+ years,Overall,536306.0,42.4,Scenarios B & D,2026-04-12
Arkansas,65+ years,Overall,536306.0,42.9,Scenarios B & D,2026-04-19
Arkansas,65+ years,Overall,536306.0,43.3,Scenarios B & D,2026-04-26
California,18-49 years,Overall,17225750.0,0.0,Scenarios B & D,2025-08-03
California,18-49 years,Overall,17225750.0,0.0,Scenarios B & D,2025-08-10
California,18-49 years,Overall,17225750.0,0.5,Scenarios B & D,2025-08-17
California,18-49 years,Overall,17225750.0,1.4,Scenarios B & D,2025-08-24
California,18-49 years,Overall,17225750.0,2.2,Scenarios B & D,2025-08-31
California,18-49 years,Overall,17225750.0,3.1,Scenarios B & D,2025-09-07
California,18-49 years,Overall,17225750.0,4.1,Scenarios B & D,2025-09-14
California,18-49 years,Overall,17225750.0,5.0,Scenarios B & D,2025-09-21
California,18-49 years,Overall,17225750.0,5.9,Scenarios B & D,2025-09-28
California,18-49 years,Overall,17225750.0,6.9,Scenarios B & D,2025-10-05
California,18-49 years,Overall,17225750.0,7.8,Scenarios B & D,2025-10-12
California,18-49 years,Overall,17225750.0,8.7,Scenarios B & D,2025-10-19
California,18-49 years,Overall,17225750.0,9.5,Scenarios B & D,2025-10-26
California,18-49 years,Overall,17225750.0,10.4,Scenarios B & D,2025-11-02
California,18-49 years,Overall,17225750.0,11.1,Scenarios B & D,2025-11-09
California,18-49 years,Overall,17225750.0,11.8,Scenarios B & D,2025-11-16
California,18-49 years,Overall,17225750.0,12.5,Scenarios B & D,2025-11-23
California,18-49 years,Overall,17225750.0,13.1,Scenarios B & D,2025-11-30
California,18-49 years,Overall,17225750.0,13.6,Scenarios B & D,2025-12-07
California,18-49 years,Overall,17225750.0,14.1,Scenarios B & D,2025-12-14
California,18-49 years,Overall,17225750.0,14.5,Scenarios B & D,2025-12-21
California,18-49 years,Overall,17225750.0,14.8,Scenarios B & D,2025-12-28
California,18-49 years,Overall,17225750.0,15.1,Scenarios B & D,2026-01-04
California,18-49 years,Overall,17225750.0,15.4,Scenarios B & D,2026-01-11
California,18-49 years,Overall,17225750.0,15.6,Scenarios B & D,2026-01-18
California,18-49 years,Overall,17225750.0,15.8,Scenarios B & D,2026-01-25
California,18-49 years,Overall,17225750.0,16.1,Scenarios B & D,2026-02-01
California,18-49 years,Overall,17225750.0,16.3,Scenarios B & D,2026-02-08
California,18-49 years,Overall,17225750.0,16.5,Scenarios B & D,2026-02-15
California,18-49 years,Overall,17225750.0,16.7,Scenarios B & D,2026-02-22
California,18-49 years,Overall,17225750.0,17.0,Scenarios B & D,2026-03-01
California,18-49 years,Overall,17225750.0,17.2,Scenarios B & D,2026-03-08
California,18-49 years,Overall,17225750.0,17.4,Scenarios B & D,2026-03-15
California,18-49 years,Overall,17225750.0,17.6,Scenarios B & D,2026-03-22
California,18-49 years,Overall,17225750.0,17.8,Scenarios B & D,2026-03-29
California,18-49 years,Overall,17225750.0,18.1,Scenarios B & D,2026-04-05
California,18-49 years,Overall,17225750.0,18.3,Scenarios B & D,2026-04-12
California,18-49 years,Overall,17225750.0,18.5,Scenarios B & D,2026-04-19
California,18-49 years,Overall,17225750.0,18.7,Scenarios B & D,2026-04-26
California,50-64 years,Overall,7219051.0,0.0,Scenarios B & D,2025-08-03
California,50-64 years,Overall,7219051.0,0.1,Scenarios B & D,2025-08-10
California,50-64 years,Overall,7219051.0,1.7,Scenarios B & D,2025-08-17
California,50-64 years,Overall,7219051.0,3.4,Scenarios B & D,2025-08-24
California,50-64 years,Overall,7219051.0,5.1,Scenarios B & D,2025-08-31
California,50-64 years,Overall,7219051.0,6.8,Scenarios B & D,2025-09-07
California,50-64 years,Overall,7219051.0,8.5,Scenarios B & D,2025-09-14
California,50-64 years,Overall,7219051.0,10.3,Scenarios B & D,2025-09-21
California,50-64 years,Overall,7219051.0,12.0,Scenarios B & D,2025-09-28
California,50-64 years,Overall,7219051.0,13.6,Scenarios B & D,2025-10-05
California,50-64 years,Overall,7219051.0,15.3,Scenarios B & D,2025-10-12
California,50-64 years,Overall,7219051.0,16.8,Scenarios B & D,2025-10-19
California,50-64 years,Overall,7219051.0,18.3,Scenarios B & D,2025-10-26
California,50-64 years,Overall,7219051.0,19.6,Scenarios B & D,2025-11-02
California,50-64 years,Overall,7219051.0,20.9,Scenarios B & D,2025-11-09
California,50-64 years,Overall,7219051.0,22.0,Scenarios B & D,2025-11-16
California,50-64 years,Overall,7219051.0,23.0,Scenarios B & D,2025-11-23
California,50-64 years,Overall,7219051.0,23.9,Scenarios B & D,2025-11-30
California,50-64 years,Overall,7219051.0,24.7,Scenarios B & D,2025-12-07
California,50-64 years,Overall,7219051.0,25.4,Scenarios B & D,2025-12-14
California,50-64 years,Overall,7219051.0,26.0,Scenarios B & D,2025-12-21
California,50-64 years,Overall,7219051.0,26.5,Scenarios B & D,2025-12-28
California,50-64 years,Overall,7219051.0,26.9,Scenarios B & D,2026-01-04
California,50-64 years,Overall,7219051.0,27.3,Scenarios B & D,2026-01-11
California,50-64 years,Overall,7219051.0,27.7,Scenarios B & D,2026-01-18
California,50-64 years,Overall,7219051.0,28.1,Scenarios B & D,2026-01-25
California,50-64 years,Overall,7219051.0,28.4,Scenarios B & D,2026-02-01
California,50-64 years,Overall,7219051.0,28.7,Scenarios B & D,2026-02-08
California,50-64 years,Overall,7219051.0,29.1,Scenarios B & D,2026-02-15
California,50-64 years,Overall,7219051.0,29.4,Scenarios B & D,2026-02-22
California,50-64 years,Overall,7219051.0,29.7,Scenarios B & D,2026-03-01
California,50-64 years,Overall,7219051.0,30.1,Scenarios B & D,2026-03-08
California,50-64 years,Overall,7219051.0,30.4,Scenarios B & D,2026-03-15
California,50-64 years,Overall,7219051.0,30.7,Scenarios B & D,2026-03-22
California,50-64 years,Overall,7219051.0,31.1,Scenarios B & D,2026-03-29
California,50-64 years,Overall,7219051.0,31.4,Scenarios B & D,2026-04-05
California,50-64 years,Overall,7219051.0,31.7,Scenarios B & D,2026-04-12
California,50-64 years,Overall,7219051.0,32.1,Scenarios B & D,2026-04-19
California,50-64 years,Overall,7219051.0,32.4,Scenarios B & D,2026-04-26
California,6 months-17 years,Overall,8567610.0,0.0,Scenarios B & D,2025-08-03
California,6 months-17 years,Overall,8567610.0,0.0,Scenarios B & D,2025-08-10
California,6 months-17 years,Overall,8567610.0,0.0,Scenarios B & D,2025-08-17
California,6 months-17 years,Overall,8567610.0,0.5,Scenarios B & D,2025-08-24
California,6 months-17 years,Overall,8567610.0,1.3,Scenarios B & D,2025-08-31
California,6 months-17 years,Overall,8567610.0,2.1,Scenarios B & D,2025-09-07
California,6 months-17 years,Overall,8567610.0,2.9,Scenarios B & D,2025-09-14
California,6 months-17 years,Overall,8567610.0,3.7,Scenarios B & D,2025-09-21
California,6 months-17 years,Overall,8567610.0,4.6,Scenarios B & D,2025-09-28
California,6 months-17 years,Overall,8567610.0,5.4,Scenarios B & D,2025-10-05
California,6 months-17 years,Overall,8567610.0,6.2,Scenarios B & D,2025-10-12
California,6 months-17 years,Overall,8567610.0,7.0,Scenarios B & D,2025-10-19
California,6 months-17 years,Overall,8567610.0,7.8,Scenarios B & D,2025-10-26
California,6 months-17 years,Overall,8567610.0,8.6,Scenarios B & D,2025-11-02
California,6 months-17 years,Overall,8567610.0,9.3,Scenarios B & D,2025-11-09
California,6 months-17 years,Overall,8567610.0,10.0,Scenarios B & D,2025-11-16
California,6 months-17 years,Overall,8567610.0,10.6,Scenarios B & D,2025-11-23
California,6 months-17 years,Overall,8567610.0,11.3,Scenarios B & D,2025-11-30
California,6 months-17 years,Overall,8567610.0,11.8,Scenarios B & D,2025-12-07
California,6 months-17 years,Overall,8567610.0,12.4,Scenarios B & D,2025-12-14
California,6 months-17 years,Overall,8567610.0,12.9,Scenarios B & D,2025-12-21
California,6 months-17 years,Overall,8567610.0,13.4,Scenarios B & D,2025-12-28
California,6 months-17 years,Overall,8567610.0,13.8,Scenarios B & D,2026-01-04
California,6 months-17 years,Overall,8567610.0,14.3,Scenarios B & D,2026-01-11
California,6 months-17 years,Overall,8567610.0,14.7,Scenarios B & D,2026-01-18
California,6 months-17 years,Overall,8567610.0,15.1,Scenarios B & D,2026-01-25
California,6 months-17 years,Overall,8567610.0,15.5,Scenarios B & D,2026-02-01
California,6 months-17 years,Overall,8567610.0,15.9,Scenarios B & D,2026-02-08
California,6 months-17 years,Overall,8567610.0,16.3,Scenarios B & D,2026-02-15
California,6 months-17 years,Overall,8567610.0,16.7,Scenarios B & D,2026-02-22
California,6 months-17 years,Overall,8567610.0,17.1,Scenarios B & D,2026-03-01
California,6 months-17 years,Overall,8567610.0,17.5,Scenarios B & D,2026-03-08
California,6 months-17 years,Overall,8567610.0,17.9,Scenarios B & D,2026-03-15
California,6 months-17 years,Overall,8567610.0,18.3,Scenarios B & D,2026-03-22
California,6 months-17 years,Overall,8567610.0,18.7,Scenarios B & D,2026-03-29
California,6 months-17 years,Overall,8567610.0,19.1,Scenarios B & D,2026-04-05
California,6 months-17 years,Overall,8567610.0,19.5,Scenarios B & D,2026-04-12
California,6 months-17 years,Overall,8567610.0,19.9,Scenarios B & D,2026-04-19
California,6 months-17 years,Overall,8567610.0,20.3,Scenarios B & D,2026-04-26
California,65+ years,Overall,5976166.0,0.0,Scenarios B & D,2025-08-03
California,65+ years,Overall,5976166.0,1.1,Scenarios B & D,2025-08-10
California,65+ years,Overall,5976166.0,4.2,Scenarios B & D,2025-08-17
California,65+ years,Overall,5976166.0,7.3,Scenarios B & D,2025-08-24
California,65+ years,Overall,5976166.0,10.5,Scenarios B & D,2025-08-31
California,65+ years,Overall,5976166.0,13.7,Scenarios B & D,2025-09-07
California,65+ years,Overall,5976166.0,16.9,Scenarios B & D,2025-09-14
California,65+ years,Overall,5976166.0,20.0,Scenarios B & D,2025-09-21
California,65+ years,Overall,5976166.0,23.0,Scenarios B & D,2025-09-28
California,65+ years,Overall,5976166.0,26.0,Scenarios B & D,2025-10-05
California,65+ years,Overall,5976166.0,28.7,Scenarios B & D,2025-10-12
California,65+ years,Overall,5976166.0,31.3,Scenarios B & D,2025-10-19
California,65+ years,Overall,5976166.0,33.7,Scenarios B & D,2025-10-26
California,65+ years,Overall,5976166.0,35.8,Scenarios B & D,2025-11-02
California,65+ years,Overall,5976166.0,37.8,Scenarios B & D,2025-11-09
California,65+ years,Overall,5976166.0,39.6,Scenarios B & D,2025-11-16
California,65+ years,Overall,5976166.0,41.2,Scenarios B & D,2025-11-23
California,65+ years,Overall,5976166.0,42.7,Scenarios B & D,2025-11-30
California,65+ years,Overall,5976166.0,44.0,Scenarios B & D,2025-12-07
California,65+ years,Overall,5976166.0,45.1,Scenarios B & D,2025-12-14
California,65+ years,Overall,5976166.0,46.2,Scenarios B & D,2025-12-21
California,65+ years,Overall,5976166.0,47.0,Scenarios B & D,2025-12-28
California,65+ years,Overall,5976166.0,47.8,Scenarios B & D,2026-01-04
California,65+ years,Overall,5976166.0,48.6,Scenarios B & D,2026-01-11
California,65+ years,Overall,5976166.0,49.3,Scenarios B & D,2026-01-18
California,65+ years,Overall,5976166.0,49.9,Scenarios B & D,2026-01-25
California,65+ years,Overall,5976166.0,50.5,Scenarios B & D,2026-02-01
California,65+ years,Overall,5976166.0,51.1,Scenarios B & D,2026-02-08
California,65+ years,Overall,5976166.0,51.7,Scenarios B & D,2026-02-15
California,65+ years,Overall,5976166.0,52.3,Scenarios B & D,2026-02-22
California,65+ years,Overall,5976166.0,52.9,Scenarios B & D,2026-03-01
California,65+ years,Overall,5976166.0,53.5,Scenarios B & D,2026-03-08
California,65+ years,Overall,5976166.0,54.1,Scenarios B & D,2026-03-15
California,65+ years,Overall,5976166.0,54.7,Scenarios B & D,2026-03-22
California,65+ years,Overall,5976166.0,55.4,Scenarios B & D,2026-03-29
California,65+ years,Overall,5976166.0,56.0,Scenarios B & D,2026-04-05
California,65+ years,Overall,5976166.0,56.6,Scenarios B & D,2026-04-12
California,65+ years,Overall,5976166.0,57.2,Scenarios B & D,2026-04-19
California,65+ years,Overall,5976166.0,57.8,Scenarios B & D,2026-04-26
Colorado,18-49 years,Overall,2592373.0,0.0,Scenarios B & D,2025-08-03
Colorado,18-49 years,Overall,2592373.0,0.0,Scenarios B & D,2025-08-10
Colorado,18-49 years,Overall,2592373.0,0.8,Scenarios B & D,2025-08-17
Colorado,18-49 years,Overall,2592373.0,1.8,Scenarios B & D,2025-08-24
Colorado,18-49 years,Overall,2592373.0,2.8,Scenarios B & D,2025-08-31
Colorado,18-49 years,Overall,2592373.0,3.7,Scenarios B & D,2025-09-07
Colorado,18-49 years,Overall,2592373.0,4.7,Scenarios B & D,2025-09-14
Colorado,18-49 years,Overall,2592373.0,5.7,Scenarios B & D,2025-09-21
Colorado,18-49 years,Overall,2592373.0,6.7,Scenarios B & D,2025-09-28
Colorado,18-49 years,Overall,2592373.0,7.7,Scenarios B & D,2025-10-05
Colorado,18-49 years,Overall,2592373.0,8.7,Scenarios B & D,2025-10-12
Colorado,18-49 years,Overall,2592373.0,9.5,Scenarios B & D,2025-10-19
Colorado,18-49 years,Overall,2592373.0,10.4,Scenarios B & D,2025-10-26
Colorado,18-49 years,Overall,2592373.0,11.1,Scenarios B & D,2025-11-02
Colorado,18-49 years,Overall,2592373.0,11.8,Scenarios B & D,2025-11-09
Colorado,18-49 years,Overall,2592373.0,12.4,Scenarios B & D,2025-11-16
Colorado,18-49 years,Overall,2592373.0,13.0,Scenarios B & D,2025-11-23
Colorado,18-49 years,Overall,2592373.0,13.5,Scenarios B & D,2025-11-30
Colorado,18-49 years,Overall,2592373.0,13.9,Scenarios B & D,2025-12-07
Colorado,18-49 years,Overall,2592373.0,14.3,Scenarios B & D,2025-12-14
Colorado,18-49 years,Overall,2592373.0,14.6,Scenarios B & D,2025-12-21
Colorado,18-49 years,Overall,2592373.0,14.9,Scenarios B & D,2025-12-28
Colorado,18-49 years,Overall,2592373.0,15.2,Scenarios B & D,2026-01-04
Colorado,18-49 years,Overall,2592373.0,15.4,Scenarios B & D,2026-01-11
Colorado,18-49 years,Overall,2592373.0,15.7,Scenarios B & D,2026-01-18
Colorado,18-49 years,Overall,2592373.0,15.9,Scenarios B & D,2026-01-25
Colorado,18-49 years,Overall,2592373.0,16.1,Scenarios B & D,2026-02-01
Colorado,18-49 years,Overall,2592373.0,16.4,Scenarios B & D,2026-02-08
Colorado,18-49 years,Overall,2592373.0,16.6,Scenarios B & D,2026-02-15
Colorado,18-49 years,Overall,2592373.0,16.8,Scenarios B & D,2026-02-22
Colorado,18-49 years,Overall,2592373.0,17.0,Scenarios B & D,2026-03-01
Colorado,18-49 years,Overall,2592373.0,17.3,Scenarios B & D,2026-03-08
Colorado,18-49 years,Overall,2592373.0,17.5,Scenarios B & D,2026-03-15
Colorado,18-49 years,Overall,2592373.0,17.7,Scenarios B & D,2026-03-22
Colorado,18-49 years,Overall,2592373.0,17.9,Scenarios B & D,2026-03-29
Colorado,18-49 years,Overall,2592373.0,18.2,Scenarios B & D,2026-04-05
Colorado,18-49 years,Overall,2592373.0,18.4,Scenarios B & D,2026-04-12
Colorado,18-49 years,Overall,2592373.0,18.6,Scenarios B & D,2026-04-19
Colorado,18-49 years,Overall,2592373.0,18.8,Scenarios B & D,2026-04-26
Colorado,50-64 years,Overall,1052994.0,0.0,Scenarios B & D,2025-08-03
Colorado,50-64 years,Overall,1052994.0,0.0,Scenarios B & D,2025-08-10
Colorado,50-64 years,Overall,1052994.0,1.1,Scenarios B & D,2025-08-17
Colorado,50-64 years,Overall,1052994.0,3.0,Scenarios B & D,2025-08-24
Colorado,50-64 years,Overall,1052994.0,5.0,Scenarios B & D,2025-08-31
Colorado,50-64 years,Overall,1052994.0,7.0,Scenarios B & D,2025-09-07
Colorado,50-64 years,Overall,1052994.0,9.1,Scenarios B & D,2025-09-14
Colorado,50-64 years,Overall,1052994.0,11.2,Scenarios B & D,2025-09-21
Colorado,50-64 years,Overall,1052994.0,13.3,Scenarios B & D,2025-09-28
Colorado,50-64 years,Overall,1052994.0,15.4,Scenarios B & D,2025-10-05
Colorado,50-64 years,Overall,1052994.0,17.5,Scenarios B & D,2025-10-12
Colorado,50-64 years,Overall,1052994.0,19.5,Scenarios B & D,2025-10-19
Colorado,50-64 years,Overall,1052994.0,21.5,Scenarios B & D,2025-10-26
Colorado,50-64 years,Overall,1052994.0,23.3,Scenarios B & D,2025-11-02
Colorado,50-64 years,Overall,1052994.0,24.9,Scenarios B & D,2025-11-09
Colorado,50-64 years,Overall,1052994.0,26.4,Scenarios B & D,2025-11-16
Colorado,50-64 years,Overall,1052994.0,27.7,Scenarios B & D,2025-11-23
Colorado,50-64 years,Overall,1052994.0,28.9,Scenarios B & D,2025-11-30
Colorado,50-64 years,Overall,1052994.0,29.9,Scenarios B & D,2025-12-07
Colorado,50-64 years,Overall,1052994.0,30.7,Scenarios B & D,2025-12-14
Colorado,50-64 years,Overall,1052994.0,31.4,Scenarios B & D,2025-12-21
Colorado,50-64 years,Overall,1052994.0,32.1,Scenarios B & D,2025-12-28
Colorado,50-64 years,Overall,1052994.0,32.6,Scenarios B & D,2026-01-04
Colorado,50-64 years,Overall,1052994.0,33.1,Scenarios B & D,2026-01-11
Colorado,50-64 years,Overall,1052994.0,33.6,Scenarios B & D,2026-01-18
Colorado,50-64 years,Overall,1052994.0,34.0,Scenarios B & D,2026-01-25
Colorado,50-64 years,Overall,1052994.0,34.4,Scenarios B & D,2026-02-01
Colorado,50-64 years,Overall,1052994.0,34.8,Scenarios B & D,2026-02-08
Colorado,50-64 years,Overall,1052994.0,35.2,Scenarios B & D,2026-02-15
Colorado,50-64 years,Overall,1052994.0,35.6,Scenarios B & D,2026-02-22
Colorado,50-64 years,Overall,1052994.0,36.0,Scenarios B & D,2026-03-01
Colorado,50-64 years,Overall,1052994.0,36.4,Scenarios B & D,2026-03-08
Colorado,50-64 years,Overall,1052994.0,36.8,Scenarios B & D,2026-03-15
Colorado,50-64 years,Overall,1052994.0,37.3,Scenarios B & D,2026-03-22
Colorado,50-64 years,Overall,1052994.0,37.7,Scenarios B & D,2026-03-29
Colorado,50-64 years,Overall,1052994.0,38.1,Scenarios B & D,2026-04-05
Colorado,50-64 years,Overall,1052994.0,38.5,Scenarios B & D,2026-04-12
Colorado,50-64 years,Overall,1052994.0,38.9,Scenarios B & D,2026-04-19
Colorado,50-64 years,Overall,1052994.0,39.3,Scenarios B & D,2026-04-26
Colorado,6 months-17 years,Overall,1218494.0,0.0,Scenarios B & D,2025-08-03
Colorado,6 months-17 years,Overall,1218494.0,0.0,Scenarios B & D,2025-08-10
Colorado,6 months-17 years,Overall,1218494.0,0.0,Scenarios B & D,2025-08-17
Colorado,6 months-17 years,Overall,1218494.0,0.6,Scenarios B & D,2025-08-24
Colorado,6 months-17 years,Overall,1218494.0,1.6,Scenarios B & D,2025-08-31
Colorado,6 months-17 years,Overall,1218494.0,2.6,Scenarios B & D,2025-09-07
Colorado,6 months-17 years,Overall,1218494.0,3.6,Scenarios B & D,2025-09-14
Colorado,6 months-17 years,Overall,1218494.0,4.6,Scenarios B & D,2025-09-21
Colorado,6 months-17 years,Overall,1218494.0,5.6,Scenarios B & D,2025-09-28
Colorado,6 months-17 years,Overall,1218494.0,6.6,Scenarios B & D,2025-10-05
Colorado,6 months-17 years,Overall,1218494.0,7.7,Scenarios B & D,2025-10-12
Colorado,6 months-17 years,Overall,1218494.0,8.6,Scenarios B & D,2025-10-19
Colorado,6 months-17 years,Overall,1218494.0,9.6,Scenarios B & D,2025-10-26
Colorado,6 months-17 years,Overall,1218494.0,10.5,Scenarios B & D,2025-11-02
Colorado,6 months-17 years,Overall,1218494.0,11.4,Scenarios B & D,2025-11-09
Colorado,6 months-17 years,Overall,1218494.0,12.2,Scenarios B & D,2025-11-16
Colorado,6 months-17 years,Overall,1218494.0,13.0,Scenarios B & D,2025-11-23
Colorado,6 months-17 years,Overall,1218494.0,13.6,Scenarios B & D,2025-11-30
Colorado,6 months-17 years,Overall,1218494.0,14.3,Scenarios B & D,2025-12-07
Colorado,6 months-17 years,Overall,1218494.0,14.9,Scenarios B & D,2025-12-14
Colorado,6 months-17 years,Overall,1218494.0,15.4,Scenarios B & D,2025-12-21
Colorado,6 months-17 years,Overall,1218494.0,15.8,Scenarios B & D,2025-12-28
Colorado,6 months-17 years,Overall,1218494.0,16.3,Scenarios B & D,2026-01-04
Colorado,6 months-17 years,Overall,1218494.0,16.7,Scenarios B & D,2026-01-11
Colorado,6 months-17 years,Overall,1218494.0,17.0,Scenarios B & D,2026-01-18
Colorado,6 months-17 years,Overall,1218494.0,17.4,Scenarios B & D,2026-01-25
Colorado,6 months-17 years,Overall,1218494.0,17.7,Scenarios B & D,2026-02-01
Colorado,6 months-17 years,Overall,1218494.0,18.0,Scenarios B & D,2026-02-08
Colorado,6 months-17 years,Overall,1218494.0,18.3,Scenarios B & D,2026-02-15
Colorado,6 months-17 years,Overall,1218494.0,18.6,Scenarios B & D,2026-02-22
Colorado,6 months-17 years,Overall,1218494.0,18.9,Scenarios B & D,2026-03-01
Colorado,6 months-17 years,Overall,1218494.0,19.2,Scenarios B & D,2026-03-08
Colorado,6 months-17 years,Overall,1218494.0,19.4,Scenarios B & D,2026-03-15
Colorado,6 months-17 years,Overall,1218494.0,19.7,Scenarios B & D,2026-03-22
Colorado,6 months-17 years,Overall,1218494.0,20.0,Scenarios B & D,2026-03-29
Colorado,6 months-17 years,Overall,1218494.0,20.3,Scenarios B & D,2026-04-05
Colorado,6 months-17 years,Overall,1218494.0,20.6,Scenarios B & D,2026-04-12
Colorado,6 months-17 years,Overall,1218494.0,20.9,Scenarios B & D,2026-04-19
Colorado,6 months-17 years,Overall,1218494.0,21.2,Scenarios B & D,2026-04-26
Colorado,65+ years,Overall,876387.0,0.0,Scenarios B & D,2025-08-03
Colorado,65+ years,Overall,876387.0,0.0,Scenarios B & D,2025-08-10
Colorado,65+ years,Overall,876387.0,3.3,Scenarios B & D,2025-08-17
Colorado,65+ years,Overall,876387.0,6.8,Scenarios B & D,2025-08-24
Colorado,65+ years,Overall,876387.0,10.4,Scenarios B & D,2025-08-31
Colorado,65+ years,Overall,876387.0,14.0,Scenarios B & D,2025-09-07
Colorado,65+ years,Overall,876387.0,17.7,Scenarios B & D,2025-09-14
Colorado,65+ years,Overall,876387.0,21.4,Scenarios B & D,2025-09-21
Colorado,65+ years,Overall,876387.0,25.0,Scenarios B & D,2025-09-28
Colorado,65+ years,Overall,876387.0,28.6,Scenarios B & D,2025-10-05
Colorado,65+ years,Overall,876387.0,32.0,Scenarios B & D,2025-10-12
Colorado,65+ years,Overall,876387.0,35.2,Scenarios B & D,2025-10-19
Colorado,65+ years,Overall,876387.0,38.2,Scenarios B & D,2025-10-26
Colorado,65+ years,Overall,876387.0,40.9,Scenarios B & D,2025-11-02
Colorado,65+ years,Overall,876387.0,43.4,Scenarios B & D,2025-11-09
Colorado,65+ years,Overall,876387.0,45.7,Scenarios B & D,2025-11-16
Colorado,65+ years,Overall,876387.0,47.6,Scenarios B & D,2025-11-23
Colorado,65+ years,Overall,876387.0,49.3,Scenarios B & D,2025-11-30
Colorado,65+ years,Overall,876387.0,50.8,Scenarios B & D,2025-12-07
Colorado,65+ years,Overall,876387.0,52.2,Scenarios B & D,2025-12-14
Colorado,65+ years,Overall,876387.0,53.3,Scenarios B & D,2025-12-21
Colorado,65+ years,Overall,876387.0,54.3,Scenarios B & D,2025-12-28
Colorado,65+ years,Overall,876387.0,55.2,Scenarios B & D,2026-01-04
Colorado,65+ years,Overall,876387.0,56.0,Scenarios B & D,2026-01-11
Colorado,65+ years,Overall,876387.0,56.8,Scenarios B & D,2026-01-18
Colorado,65+ years,Overall,876387.0,57.5,Scenarios B & D,2026-01-25
Colorado,65+ years,Overall,876387.0,58.2,Scenarios B & D,2026-02-01
Colorado,65+ years,Overall,876387.0,58.9,Scenarios B & D,2026-02-08
Colorado,65+ years,Overall,876387.0,59.5,Scenarios B & D,2026-02-15
Colorado,65+ years,Overall,876387.0,60.2,Scenarios B & D,2026-02-22
Colorado,65+ years,Overall,876387.0,60.9,Scenarios B & D,2026-03-01
Colorado,65+ years,Overall,876387.0,61.6,Scenarios B & D,2026-03-08
Colorado,65+ years,Overall,876387.0,62.2,Scenarios B & D,2026-03-15
Colorado,65+ years,Overall,876387.0,62.9,Scenarios B & D,2026-03-22
Colorado,65+ years,Overall,876387.0,63.6,Scenarios B & D,2026-03-29
Colorado,65+ years,Overall,876387.0,64.3,Scenarios B & D,2026-04-05
Colorado,65+ years,Overall,876387.0,64.9,Scenarios B & D,2026-04-12
Colorado,65+ years,Overall,876387.0,65.6,Scenarios B & D,2026-04-19
Colorado,65+ years,Overall,876387.0,66.3,Scenarios B & D,2026-04-26
Connecticut,18-49 years,Overall,1427008.0,0.0,Scenarios B & D,2025-08-03
Connecticut,18-49 years,Overall,1427008.0,0.0,Scenarios B & D,2025-08-10
Connecticut,18-49 years,Overall,1427008.0,0.6,Scenarios B & D,2025-08-17
Connecticut,18-49 years,Overall,1427008.0,1.4,Scenarios B & D,2025-08-24
Connecticut,18-49 years,Overall,1427008.0,2.1,Scenarios B & D,2025-08-31
Connecticut,18-49 years,Overall,1427008.0,2.9,Scenarios B & D,2025-09-07
Connecticut,18-49 years,Overall,1427008.0,3.7,Scenarios B & D,2025-09-14
Connecticut,18-49 years,Overall,1427008.0,4.5,Scenarios B & D,2025-09-21
Connecticut,18-49 years,Overall,1427008.0,5.3,Scenarios B & D,2025-09-28
Connecticut,18-49 years,Overall,1427008.0,6.0,Scenarios B & D,2025-10-05
Connecticut,18-49 years,Overall,1427008.0,6.8,Scenarios B & D,2025-10-12
Connecticut,18-49 years,Overall,1427008.0,7.6,Scenarios B & D,2025-10-19
Connecticut,18-49 years,Overall,1427008.0,8.3,Scenarios B & D,2025-10-26
Connecticut,18-49 years,Overall,1427008.0,9.0,Scenarios B & D,2025-11-02
Connecticut,18-49 years,Overall,1427008.0,9.7,Scenarios B & D,2025-11-09
Connecticut,18-49 years,Overall,1427008.0,10.3,Scenarios B & D,2025-11-16
Connecticut,18-49 years,Overall,1427008.0,10.9,Scenarios B & D,2025-11-23
Connecticut,18-49 years,Overall,1427008.0,11.5,Scenarios B & D,2025-11-30
Connecticut,18-49 years,Overall,1427008.0,12.0,Scenarios B & D,2025-12-07
Connecticut,18-49 years,Overall,1427008.0,12.4,Scenarios B & D,2025-12-14
Connecticut,18-49 years,Overall,1427008.0,12.7,Scenarios B & D,2025-12-21
Connecticut,18-49 years,Overall,1427008.0,13.0,Scenarios B & D,2025-12-28
Connecticut,18-49 years,Overall,1427008.0,13.3,Scenarios B & D,2026-01-04
Connecticut,18-49 years,Overall,1427008.0,13.5,Scenarios B & D,2026-01-11
Connecticut,18-49 years,Overall,1427008.0,13.7,Scenarios B & D,2026-01-18
Connecticut,18-49 years,Overall,1427008.0,13.9,Scenarios B & D,2026-01-25
Connecticut,18-49 years,Overall,1427008.0,14.0,Scenarios B & D,2026-02-01
Connecticut,18-49 years,Overall,1427008.0,14.2,Scenarios B & D,2026-02-08
Connecticut,18-49 years,Overall,1427008.0,14.4,Scenarios B & D,2026-02-15
Connecticut,18-49 years,Overall,1427008.0,14.5,Scenarios B & D,2026-02-22
Connecticut,18-49 years,Overall,1427008.0,14.7,Scenarios B & D,2026-03-01
Connecticut,18-49 years,Overall,1427008.0,14.9,Scenarios B & D,2026-03-08
Connecticut,18-49 years,Overall,1427008.0,15.0,Scenarios B & D,2026-03-15
Connecticut,18-49 years,Overall,1427008.0,15.2,Scenarios B & D,2026-03-22
Connecticut,18-49 years,Overall,1427008.0,15.4,Scenarios B & D,2026-03-29
Connecticut,18-49 years,Overall,1427008.0,15.5,Scenarios B & D,2026-04-05
Connecticut,18-49 years,Overall,1427008.0,15.7,Scenarios B & D,2026-04-12
Connecticut,18-49 years,Overall,1427008.0,15.9,Scenarios B & D,2026-04-19
Connecticut,18-49 years,Overall,1427008.0,16.0,Scenarios B & D,2026-04-26
Connecticut,50-64 years,Overall,758140.0,0.0,Scenarios B & D,2025-08-03
Connecticut,50-64 years,Overall,758140.0,0.0,Scenarios B & D,2025-08-10
Connecticut,50-64 years,Overall,758140.0,1.3,Scenarios B & D,2025-08-17
Connecticut,50-64 years,Overall,758140.0,2.7,Scenarios B & D,2025-08-24
Connecticut,50-64 years,Overall,758140.0,4.1,Scenarios B & D,2025-08-31
Connecticut,50-64 years,Overall,758140.0,5.6,Scenarios B & D,2025-09-07
Connecticut,50-64 years,Overall,758140.0,7.0,Scenarios B & D,2025-09-14
Connecticut,50-64 years,Overall,758140.0,8.5,Scenarios B & D,2025-09-21
Connecticut,50-64 years,Overall,758140.0,9.9,Scenarios B & D,2025-09-28
Connecticut,50-64 years,Overall,758140.0,11.3,Scenarios B & D,2025-10-05
Connecticut,50-64 years,Overall,758140.0,12.7,Scenarios B & D,2025-10-12
Connecticut,50-64 years,Overall,758140.0,14.0,Scenarios B & D,2025-10-19
Connecticut,50-64 years,Overall,758140.0,15.3,Scenarios B & D,2025-10-26
Connecticut,50-64 years,Overall,758140.0,16.5,Scenarios B & D,2025-11-02
Connecticut,50-64 years,Overall,758140.0,17.6,Scenarios B & D,2025-11-09
Connecticut,50-64 years,Overall,758140.0,18.6,Scenarios B & D,2025-11-16
Connecticut,50-64 years,Overall,758140.0,19.6,Scenarios B & D,2025-11-23
Connecticut,50-64 years,Overall,758140.0,20.5,Scenarios B & D,2025-11-30
Connecticut,50-64 years,Overall,758140.0,21.3,Scenarios B & D,2025-12-07
Connecticut,50-64 years,Overall,758140.0,22.0,Scenarios B & D,2025-12-14
Connecticut,50-64 years,Overall,758140.0,22.7,Scenarios B & D,2025-12-21
Connecticut,50-64 years,Overall,758140.0,23.4,Scenarios B & D,2025-12-28
Connecticut,50-64 years,Overall,758140.0,24.0,Scenarios B & D,2026-01-04
Connecticut,50-64 years,Overall,758140.0,24.6,Scenarios B & D,2026-01-11
Connecticut,50-64 years,Overall,758140.0,25.2,Scenarios B & D,2026-01-18
Connecticut,50-64 years,Overall,758140.0,25.9,Scenarios B & D,2026-01-25
Connecticut,50-64 years,Overall,758140.0,26.5,Scenarios B & D,2026-02-01
Connecticut,50-64 years,Overall,758140.0,27.1,Scenarios B & D,2026-02-08
Connecticut,50-64 years,Overall,758140.0,27.8,Scenarios B & D,2026-02-15
Connecticut,50-64 years,Overall,758140.0,28.4,Scenarios B & D,2026-02-22
Connecticut,50-64 years,Overall,758140.0,29.0,Scenarios B & D,2026-03-01
Connecticut,50-64 years,Overall,758140.0,29.6,Scenarios B & D,2026-03-08
Connecticut,50-64 years,Overall,758140.0,30.3,Scenarios B & D,2026-03-15
Connecticut,50-64 years,Overall,758140.0,30.9,Scenarios B & D,2026-03-22
Connecticut,50-64 years,Overall,758140.0,31.5,Scenarios B & D,2026-03-29
Connecticut,50-64 years,Overall,758140.0,32.2,Scenarios B & D,2026-04-05
Connecticut,50-64 years,Overall,758140.0,32.8,Scenarios B & D,2026-04-12
Connecticut,50-64 years,Overall,758140.0,33.4,Scenarios B & D,2026-04-19
Connecticut,50-64 years,Overall,758140.0,34.0,Scenarios B & D,2026-04-26
Connecticut,6 months-17 years,Overall,701836.0,0.0,Scenarios B & D,2025-08-03
Connecticut,6 months-17 years,Overall,701836.0,0.0,Scenarios B & D,2025-08-10
Connecticut,6 months-17 years,Overall,701836.0,0.0,Scenarios B & D,2025-08-17
Connecticut,6 months-17 years,Overall,701836.0,0.5,Scenarios B & D,2025-08-24
Connecticut,6 months-17 years,Overall,701836.0,1.3,Scenarios B & D,2025-08-31
Connecticut,6 months-17 years,Overall,701836.0,2.2,Scenarios B & D,2025-09-07
Connecticut,6 months-17 years,Overall,701836.0,3.1,Scenarios B & D,2025-09-14
Connecticut,6 months-17 years,Overall,701836.0,4.0,Scenarios B & D,2025-09-21
Connecticut,6 months-17 years,Overall,701836.0,4.9,Scenarios B & D,2025-09-28
Connecticut,6 months-17 years,Overall,701836.0,5.8,Scenarios B & D,2025-10-05
Connecticut,6 months-17 years,Overall,701836.0,6.7,Scenarios B & D,2025-10-12
Connecticut,6 months-17 years,Overall,701836.0,7.6,Scenarios B & D,2025-10-19
Connecticut,6 months-17 years,Overall,701836.0,8.4,Scenarios B & D,2025-10-26
Connecticut,6 months-17 years,Overall,701836.0,9.3,Scenarios B & D,2025-11-02
Connecticut,6 months-17 years,Overall,701836.0,10.0,Scenarios B & D,2025-11-09
Connecticut,6 months-17 years,Overall,701836.0,10.8,Scenarios B & D,2025-11-16
Connecticut,6 months-17 years,Overall,701836.0,11.5,Scenarios B & D,2025-11-23
Connecticut,6 months-17 years,Overall,701836.0,12.1,Scenarios B & D,2025-11-30
Connecticut,6 months-17 years,Overall,701836.0,12.7,Scenarios B & D,2025-12-07
Connecticut,6 months-17 years,Overall,701836.0,13.2,Scenarios B & D,2025-12-14
Connecticut,6 months-17 years,Overall,701836.0,13.7,Scenarios B & D,2025-12-21
Connecticut,6 months-17 years,Overall,701836.0,14.1,Scenarios B & D,2025-12-28
Connecticut,6 months-17 years,Overall,701836.0,14.5,Scenarios B & D,2026-01-04
Connecticut,6 months-17 years,Overall,701836.0,14.9,Scenarios B & D,2026-01-11
Connecticut,6 months-17 years,Overall,701836.0,15.2,Scenarios B & D,2026-01-18
Connecticut,6 months-17 years,Overall,701836.0,15.4,Scenarios B & D,2026-01-25
Connecticut,6 months-17 years,Overall,701836.0,15.7,Scenarios B & D,2026-02-01
Connecticut,6 months-17 years,Overall,701836.0,15.9,Scenarios B & D,2026-02-08
Connecticut,6 months-17 years,Overall,701836.0,16.1,Scenarios B & D,2026-02-15
Connecticut,6 months-17 years,Overall,701836.0,16.3,Scenarios B & D,2026-02-22
Connecticut,6 months-17 years,Overall,701836.0,16.5,Scenarios B & D,2026-03-01
Connecticut,6 months-17 years,Overall,701836.0,16.7,Scenarios B & D,2026-03-08
Connecticut,6 months-17 years,Overall,701836.0,16.9,Scenarios B & D,2026-03-15
Connecticut,6 months-17 years,Overall,701836.0,17.1,Scenarios B & D,2026-03-22
Connecticut,6 months-17 years,Overall,701836.0,17.3,Scenarios B & D,2026-03-29
Connecticut,6 months-17 years,Overall,701836.0,17.4,Scenarios B & D,2026-04-05
Connecticut,6 months-17 years,Overall,701836.0,17.6,Scenarios B & D,2026-04-12
Connecticut,6 months-17 years,Overall,701836.0,17.8,Scenarios B & D,2026-04-19
Connecticut,6 months-17 years,Overall,701836.0,18.0,Scenarios B & D,2026-04-26
Connecticut,65+ years,Overall,645996.0,0.0,Scenarios B & D,2025-08-03
Connecticut,65+ years,Overall,645996.0,0.0,Scenarios B & D,2025-08-10
Connecticut,65+ years,Overall,645996.0,2.0,Scenarios B & D,2025-08-17
Connecticut,65+ years,Overall,645996.0,4.5,Scenarios B & D,2025-08-24
Connecticut,65+ years,Overall,645996.0,7.0,Scenarios B & D,2025-08-31
Connecticut,65+ years,Overall,645996.0,9.6,Scenarios B & D,2025-09-07
Connecticut,65+ years,Overall,645996.0,12.3,Scenarios B & D,2025-09-14
Connecticut,65+ years,Overall,645996.0,14.9,Scenarios B & D,2025-09-21
Connecticut,65+ years,Overall,645996.0,17.6,Scenarios B & D,2025-09-28
Connecticut,65+ years,Overall,645996.0,20.3,Scenarios B & D,2025-10-05
Connecticut,65+ years,Overall,645996.0,22.9,Scenarios B & D,2025-10-12
Connecticut,65+ years,Overall,645996.0,25.4,Scenarios B & D,2025-10-19
Connecticut,65+ years,Overall,645996.0,27.9,Scenarios B & D,2025-10-26
Connecticut,65+ years,Overall,645996.0,30.2,Scenarios B & D,2025-11-02
Connecticut,65+ years,Overall,645996.0,32.4,Scenarios B & D,2025-11-09
Connecticut,65+ years,Overall,645996.0,34.3,Scenarios B & D,2025-11-16
Connecticut,65+ years,Overall,645996.0,36.0,Scenarios B & D,2025-11-23
Connecticut,65+ years,Overall,645996.0,37.6,Scenarios B & D,2025-11-30
Connecticut,65+ years,Overall,645996.0,38.9,Scenarios B & D,2025-12-07
Connecticut,65+ years,Overall,645996.0,40.0,Scenarios B & D,2025-12-14
Connecticut,65+ years,Overall,645996.0,41.0,Scenarios B & D,2025-12-21
Connecticut,65+ years,Overall,645996.0,41.8,Scenarios B & D,2025-12-28
Connecticut,65+ years,Overall,645996.0,42.5,Scenarios B & D,2026-01-04
Connecticut,65+ years,Overall,645996.0,43.2,Scenarios B & D,2026-01-11
Connecticut,65+ years,Overall,645996.0,43.7,Scenarios B & D,2026-01-18
Connecticut,65+ years,Overall,645996.0,44.2,Scenarios B & D,2026-01-25
Connecticut,65+ years,Overall,645996.0,44.7,Scenarios B & D,2026-02-01
Connecticut,65+ years,Overall,645996.0,45.2,Scenarios B & D,2026-02-08
Connecticut,65+ years,Overall,645996.0,45.7,Scenarios B & D,2026-02-15
Connecticut,65+ years,Overall,645996.0,46.2,Scenarios B & D,2026-02-22
Connecticut,65+ years,Overall,645996.0,46.6,Scenarios B & D,2026-03-01
Connecticut,65+ years,Overall,645996.0,47.1,Scenarios B & D,2026-03-08
Connecticut,65+ years,Overall,645996.0,47.6,Scenarios B & D,2026-03-15
Connecticut,65+ years,Overall,645996.0,48.1,Scenarios B & D,2026-03-22
Connecticut,65+ years,Overall,645996.0,48.5,Scenarios B & D,2026-03-29
Connecticut,65+ years,Overall,645996.0,49.0,Scenarios B & D,2026-04-05
Connecticut,65+ years,Overall,645996.0,49.5,Scenarios B & D,2026-04-12
Connecticut,65+ years,Overall,645996.0,50.0,Scenarios B & D,2026-04-19
Connecticut,65+ years,Overall,645996.0,50.4,Scenarios B & D,2026-04-26
Delaware,18-49 years,Overall,379890.0,0.0,Scenarios B & D,2025-08-03
Delaware,18-49 years,Overall,379890.0,0.0,Scenarios B & D,2025-08-10
Delaware,18-49 years,Overall,379890.0,0.2,Scenarios B & D,2025-08-17
Delaware,18-49 years,Overall,379890.0,0.9,Scenarios B & D,2025-08-24
Delaware,18-49 years,Overall,379890.0,1.7,Scenarios B & D,2025-08-31
Delaware,18-49 years,Overall,379890.0,2.5,Scenarios B & D,2025-09-07
Delaware,18-49 years,Overall,379890.0,3.4,Scenarios B & D,2025-09-14
Delaware,18-49 years,Overall,379890.0,4.2,Scenarios B & D,2025-09-21
Delaware,18-49 years,Overall,379890.0,5.1,Scenarios B & D,2025-09-28
Delaware,18-49 years,Overall,379890.0,6.1,Scenarios B & D,2025-10-05
Delaware,18-49 years,Overall,379890.0,7.0,Scenarios B & D,2025-10-12
Delaware,18-49 years,Overall,379890.0,7.9,Scenarios B & D,2025-10-19
Delaware,18-49 years,Overall,379890.0,8.8,Scenarios B & D,2025-10-26
Delaware,18-49 years,Overall,379890.0,9.7,Scenarios B & D,2025-11-02
Delaware,18-49 years,Overall,379890.0,10.5,Scenarios B & D,2025-11-09
Delaware,18-49 years,Overall,379890.0,11.3,Scenarios B & D,2025-11-16
Delaware,18-49 years,Overall,379890.0,12.0,Scenarios B & D,2025-11-23
Delaware,18-49 years,Overall,379890.0,12.7,Scenarios B & D,2025-11-30
Delaware,18-49 years,Overall,379890.0,13.3,Scenarios B & D,2025-12-07
Delaware,18-49 years,Overall,379890.0,13.8,Scenarios B & D,2025-12-14
Delaware,18-49 years,Overall,379890.0,14.3,Scenarios B & D,2025-12-21
Delaware,18-49 years,Overall,379890.0,14.7,Scenarios B & D,2025-12-28
Delaware,18-49 years,Overall,379890.0,15.1,Scenarios B & D,2026-01-04
Delaware,18-49 years,Overall,379890.0,15.4,Scenarios B & D,2026-01-11
Delaware,18-49 years,Overall,379890.0,15.7,Scenarios B & D,2026-01-18
Delaware,18-49 years,Overall,379890.0,16.0,Scenarios B & D,2026-01-25
Delaware,18-49 years,Overall,379890.0,16.3,Scenarios B & D,2026-02-01
Delaware,18-49 years,Overall,379890.0,16.5,Scenarios B & D,2026-02-08
Delaware,18-49 years,Overall,379890.0,16.8,Scenarios B & D,2026-02-15
Delaware,18-49 years,Overall,379890.0,17.1,Scenarios B & D,2026-02-22
Delaware,18-49 years,Overall,379890.0,17.4,Scenarios B & D,2026-03-01
Delaware,18-49 years,Overall,379890.0,17.7,Scenarios B & D,2026-03-08
Delaware,18-49 years,Overall,379890.0,17.9,Scenarios B & D,2026-03-15
Delaware,18-49 years,Overall,379890.0,18.2,Scenarios B & D,2026-03-22
Delaware,18-49 years,Overall,379890.0,18.5,Scenarios B & D,2026-03-29
Delaware,18-49 years,Overall,379890.0,18.8,Scenarios B & D,2026-04-05
Delaware,18-49 years,Overall,379890.0,19.0,Scenarios B & D,2026-04-12
Delaware,18-49 years,Overall,379890.0,19.3,Scenarios B & D,2026-04-19
Delaware,18-49 years,Overall,379890.0,19.6,Scenarios B & D,2026-04-26
Delaware,50-64 years,Overall,201249.0,0.0,Scenarios B & D,2025-08-03
Delaware,50-64 years,Overall,201249.0,0.0,Scenarios B & D,2025-08-10
Delaware,50-64 years,Overall,201249.0,1.4,Scenarios B & D,2025-08-17
Delaware,50-64 years,Overall,201249.0,2.9,Scenarios B & D,2025-08-24
Delaware,50-64 years,Overall,201249.0,4.4,Scenarios B & D,2025-08-31
Delaware,50-64 years,Overall,201249.0,6.0,Scenarios B & D,2025-09-07
Delaware,50-64 years,Overall,201249.0,7.6,Scenarios B & D,2025-09-14
Delaware,50-64 years,Overall,201249.0,9.1,Scenarios B & D,2025-09-21
Delaware,50-64 years,Overall,201249.0,10.7,Scenarios B & D,2025-09-28
Delaware,50-64 years,Overall,201249.0,12.2,Scenarios B & D,2025-10-05
Delaware,50-64 years,Overall,201249.0,13.7,Scenarios B & D,2025-10-12
Delaware,50-64 years,Overall,201249.0,15.1,Scenarios B & D,2025-10-19
Delaware,50-64 years,Overall,201249.0,16.3,Scenarios B & D,2025-10-26
Delaware,50-64 years,Overall,201249.0,17.5,Scenarios B & D,2025-11-02
Delaware,50-64 years,Overall,201249.0,18.7,Scenarios B & D,2025-11-09
Delaware,50-64 years,Overall,201249.0,19.7,Scenarios B & D,2025-11-16
Delaware,50-64 years,Overall,201249.0,20.6,Scenarios B & D,2025-11-23
Delaware,50-64 years,Overall,201249.0,21.5,Scenarios B & D,2025-11-30
Delaware,50-64 years,Overall,201249.0,22.3,Scenarios B & D,2025-12-07
Delaware,50-64 years,Overall,201249.0,23.1,Scenarios B & D,2025-12-14
Delaware,50-64 years,Overall,201249.0,23.8,Scenarios B & D,2025-12-21
Delaware,50-64 years,Overall,201249.0,24.5,Scenarios B & D,2025-12-28
Delaware,50-64 years,Overall,201249.0,25.1,Scenarios B & D,2026-01-04
Delaware,50-64 years,Overall,201249.0,25.7,Scenarios B & D,2026-01-11
Delaware,50-64 years,Overall,201249.0,26.3,Scenarios B & D,2026-01-18
Delaware,50-64 years,Overall,201249.0,26.9,Scenarios B & D,2026-01-25
Delaware,50-64 years,Overall,201249.0,27.5,Scenarios B & D,2026-02-01
Delaware,50-64 years,Overall,201249.0,28.1,Scenarios B & D,2026-02-08
Delaware,50-64 years,Overall,201249.0,28.6,Scenarios B & D,2026-02-15
Delaware,50-64 years,Overall,201249.0,29.2,Scenarios B & D,2026-02-22
Delaware,50-64 years,Overall,201249.0,29.8,Scenarios B & D,2026-03-01
Delaware,50-64 years,Overall,201249.0,30.4,Scenarios B & D,2026-03-08
Delaware,50-64 years,Overall,201249.0,30.9,Scenarios B & D,2026-03-15
Delaware,50-64 years,Overall,201249.0,31.5,Scenarios B & D,2026-03-22
Delaware,50-64 years,Overall,201249.0,32.1,Scenarios B & D,2026-03-29
Delaware,50-64 years,Overall,201249.0,32.7,Scenarios B & D,2026-04-05
Delaware,50-64 years,Overall,201249.0,33.3,Scenarios B & D,2026-04-12
Delaware,50-64 years,Overall,201249.0,33.8,Scenarios B & D,2026-04-19
Delaware,50-64 years,Overall,201249.0,34.4,Scenarios B & D,2026-04-26
Delaware,6 months-17 years,Overall,199408.0,0.0,Scenarios B & D,2025-08-03
Delaware,6 months-17 years,Overall,199408.0,0.0,Scenarios B & D,2025-08-10
Delaware,6 months-17 years,Overall,199408.0,0.0,Scenarios B & D,2025-08-17
Delaware,6 months-17 years,Overall,199408.0,0.4,Scenarios B & D,2025-08-24
Delaware,6 months-17 years,Overall,199408.0,0.9,Scenarios B & D,2025-08-31
Delaware,6 months-17 years,Overall,199408.0,1.4,Scenarios B & D,2025-09-07
Delaware,6 months-17 years,Overall,199408.0,1.9,Scenarios B & D,2025-09-14
Delaware,6 months-17 years,Overall,199408.0,2.5,Scenarios B & D,2025-09-21
Delaware,6 months-17 years,Overall,199408.0,3.0,Scenarios B & D,2025-09-28
Delaware,6 months-17 years,Overall,199408.0,3.5,Scenarios B & D,2025-10-05
Delaware,6 months-17 years,Overall,199408.0,4.0,Scenarios B & D,2025-10-12
Delaware,6 months-17 years,Overall,199408.0,4.5,Scenarios B & D,2025-10-19
Delaware,6 months-17 years,Overall,199408.0,5.0,Scenarios B & D,2025-10-26
Delaware,6 months-17 years,Overall,199408.0,5.5,Scenarios B & D,2025-11-02
Delaware,6 months-17 years,Overall,199408.0,6.0,Scenarios B & D,2025-11-09
Delaware,6 months-17 years,Overall,199408.0,6.4,Scenarios B & D,2025-11-16
Delaware,6 months-17 years,Overall,199408.0,6.8,Scenarios B & D,2025-11-23
Delaware,6 months-17 years,Overall,199408.0,7.2,Scenarios B & D,2025-11-30
Delaware,6 months-17 years,Overall,199408.0,7.5,Scenarios B & D,2025-12-07
Delaware,6 months-17 years,Overall,199408.0,7.8,Scenarios B & D,2025-12-14
Delaware,6 months-17 years,Overall,199408.0,8.1,Scenarios B & D,2025-12-21
Delaware,6 months-17 years,Overall,199408.0,8.4,Scenarios B & D,2025-12-28
Delaware,6 months-17 years,Overall,199408.0,8.6,Scenarios B & D,2026-01-04
Delaware,6 months-17 years,Overall,199408.0,8.8,Scenarios B & D,2026-01-11
Delaware,6 months-17 years,Overall,199408.0,9.0,Scenarios B & D,2026-01-18
Delaware,6 months-17 years,Overall,199408.0,9.2,Scenarios B & D,2026-01-25
Delaware,6 months-17 years,Overall,199408.0,9.3,Scenarios B & D,2026-02-01
Delaware,6 months-17 years,Overall,199408.0,9.5,Scenarios B & D,2026-02-08
Delaware,6 months-17 years,Overall,199408.0,9.6,Scenarios B & D,2026-02-15
Delaware,6 months-17 years,Overall,199408.0,9.8,Scenarios B & D,2026-02-22
Delaware,6 months-17 years,Overall,199408.0,9.9,Scenarios B & D,2026-03-01
Delaware,6 months-17 years,Overall,199408.0,10.1,Scenarios B & D,2026-03-08
Delaware,6 months-17 years,Overall,199408.0,10.2,Scenarios B & D,2026-03-15
Delaware,6 months-17 years,Overall,199408.0,10.3,Scenarios B & D,2026-03-22
Delaware,6 months-17 years,Overall,199408.0,10.5,Scenarios B & D,2026-03-29
Delaware,6 months-17 years,Overall,199408.0,10.6,Scenarios B & D,2026-04-05
Delaware,6 months-17 years,Overall,199408.0,10.7,Scenarios B & D,2026-04-12
Delaware,6 months-17 years,Overall,199408.0,10.9,Scenarios B & D,2026-04-19
Delaware,6 months-17 years,Overall,199408.0,11.0,Scenarios B & D,2026-04-26
Delaware,65+ years,Overall,197594.0,0.0,Scenarios B & D,2025-08-03
Delaware,65+ years,Overall,197594.0,0.0,Scenarios B & D,2025-08-10
Delaware,65+ years,Overall,197594.0,2.3,Scenarios B & D,2025-08-17
Delaware,65+ years,Overall,197594.0,5.2,Scenarios B & D,2025-08-24
Delaware,65+ years,Overall,197594.0,8.1,Scenarios B & D,2025-08-31
Delaware,65+ years,Overall,197594.0,11.1,Scenarios B & D,2025-09-07
Delaware,65+ years,Overall,197594.0,14.2,Scenarios B & D,2025-09-14
Delaware,65+ years,Overall,197594.0,17.2,Scenarios B & D,2025-09-21
Delaware,65+ years,Overall,197594.0,20.3,Scenarios B & D,2025-09-28
Delaware,65+ years,Overall,197594.0,23.4,Scenarios B & D,2025-10-05
Delaware,65+ years,Overall,197594.0,26.3,Scenarios B & D,2025-10-12
Delaware,65+ years,Overall,197594.0,29.2,Scenarios B & D,2025-10-19
Delaware,65+ years,Overall,197594.0,31.8,Scenarios B & D,2025-10-26
Delaware,65+ years,Overall,197594.0,34.4,Scenarios B & D,2025-11-02
Delaware,65+ years,Overall,197594.0,36.7,Scenarios B & D,2025-11-09
Delaware,65+ years,Overall,197594.0,38.8,Scenarios B & D,2025-11-16
Delaware,65+ years,Overall,197594.0,40.6,Scenarios B & D,2025-11-23
Delaware,65+ years,Overall,197594.0,42.3,Scenarios B & D,2025-11-30
Delaware,65+ years,Overall,197594.0,43.7,Scenarios B & D,2025-12-07
Delaware,65+ years,Overall,197594.0,45.0,Scenarios B & D,2025-12-14
Delaware,65+ years,Overall,197594.0,46.1,Scenarios B & D,2025-12-21
Delaware,65+ years,Overall,197594.0,47.1,Scenarios B & D,2025-12-28
Delaware,65+ years,Overall,197594.0,48.1,Scenarios B & D,2026-01-04
Delaware,65+ years,Overall,197594.0,48.9,Scenarios B & D,2026-01-11
Delaware,65+ years,Overall,197594.0,49.7,Scenarios B & D,2026-01-18
Delaware,65+ years,Overall,197594.0,50.5,Scenarios B & D,2026-01-25
Delaware,65+ years,Overall,197594.0,51.3,Scenarios B & D,2026-02-01
Delaware,65+ years,Overall,197594.0,52.0,Scenarios B & D,2026-02-08
Delaware,65+ years,Overall,197594.0,52.8,Scenarios B & D,2026-02-15
Delaware,65+ years,Overall,197594.0,53.5,Scenarios B & D,2026-02-22
Delaware,65+ years,Overall,197594.0,54.3,Scenarios B & D,2026-03-01
Delaware,65+ years,Overall,197594.0,55.0,Scenarios B & D,2026-03-08
Delaware,65+ years,Overall,197594.0,55.8,Scenarios B & D,2026-03-15
Delaware,65+ years,Overall,197594.0,56.5,Scenarios B & D,2026-03-22
Delaware,65+ years,Overall,197594.0,57.3,Scenarios B & D,2026-03-29
Delaware,65+ years,Overall,197594.0,58.0,Scenarios B & D,2026-04-05
Delaware,65+ years,Overall,197594.0,58.8,Scenarios B & D,2026-04-12
Delaware,65+ years,Overall,197594.0,59.5,Scenarios B & D,2026-04-19
Delaware,65+ years,Overall,197594.0,60.3,Scenarios B & D,2026-04-26
District of Columbia,18-49 years,Overall,384439.0,0.0,Scenarios B & D,2025-08-03
District of Columbia,18-49 years,Overall,384439.0,0.0,Scenarios B & D,2025-08-10
District of Columbia,18-49 years,Overall,384439.0,1.7,Scenarios B & D,2025-08-17
District of Columbia,18-49 years,Overall,384439.0,3.5,Scenarios B & D,2025-08-24
District of Columbia,18-49 years,Overall,384439.0,5.4,Scenarios B & D,2025-08-31
District of Columbia,18-49 years,Overall,384439.0,7.3,Scenarios B & D,2025-09-07
District of Columbia,18-49 years,Overall,384439.0,9.2,Scenarios B & D,2025-09-14
District of Columbia,18-49 years,Overall,384439.0,11.1,Scenarios B & D,2025-09-21
District of Columbia,18-49 years,Overall,384439.0,13.1,Scenarios B & D,2025-09-28
District of Columbia,18-49 years,Overall,384439.0,14.9,Scenarios B & D,2025-10-05
District of Columbia,18-49 years,Overall,384439.0,16.8,Scenarios B & D,2025-10-12
District of Columbia,18-49 years,Overall,384439.0,18.6,Scenarios B & D,2025-10-19
District of Columbia,18-49 years,Overall,384439.0,20.2,Scenarios B & D,2025-10-26
District of Columbia,18-49 years,Overall,384439.0,21.8,Scenarios B & D,2025-11-02
District of Columbia,18-49 years,Overall,384439.0,23.3,Scenarios B & D,2025-11-09
District of Columbia,18-49 years,Overall,384439.0,24.6,Scenarios B & D,2025-11-16
District of Columbia,18-49 years,Overall,384439.0,25.9,Scenarios B & D,2025-11-23
District of Columbia,18-49 years,Overall,384439.0,27.0,Scenarios B & D,2025-11-30
District of Columbia,18-49 years,Overall,384439.0,27.9,Scenarios B & D,2025-12-07
District of Columbia,18-49 years,Overall,384439.0,28.8,Scenarios B & D,2025-12-14
District of Columbia,18-49 years,Overall,384439.0,29.6,Scenarios B & D,2025-12-21
District of Columbia,18-49 years,Overall,384439.0,30.2,Scenarios B & D,2025-12-28
District of Columbia,18-49 years,Overall,384439.0,30.8,Scenarios B & D,2026-01-04
District of Columbia,18-49 years,Overall,384439.0,31.3,Scenarios B & D,2026-01-11
District of Columbia,18-49 years,Overall,384439.0,31.8,Scenarios B & D,2026-01-18
District of Columbia,18-49 years,Overall,384439.0,32.3,Scenarios B & D,2026-01-25
District of Columbia,18-49 years,Overall,384439.0,32.8,Scenarios B & D,2026-02-01
District of Columbia,18-49 years,Overall,384439.0,33.3,Scenarios B & D,2026-02-08
District of Columbia,18-49 years,Overall,384439.0,33.7,Scenarios B & D,2026-02-15
District of Columbia,18-49 years,Overall,384439.0,34.2,Scenarios B & D,2026-02-22
District of Columbia,18-49 years,Overall,384439.0,34.6,Scenarios B & D,2026-03-01
District of Columbia,18-49 years,Overall,384439.0,35.1,Scenarios B & D,2026-03-08
District of Columbia,18-49 years,Overall,384439.0,35.5,Scenarios B & D,2026-03-15
District of Columbia,18-49 years,Overall,384439.0,36.0,Scenarios B & D,2026-03-22
District of Columbia,18-49 years,Overall,384439.0,36.5,Scenarios B & D,2026-03-29
District of Columbia,18-49 years,Overall,384439.0,36.9,Scenarios B & D,2026-04-05
District of Columbia,18-49 years,Overall,384439.0,37.4,Scenarios B & D,2026-04-12
District of Columbia,18-49 years,Overall,384439.0,37.8,Scenarios B & D,2026-04-19
District of Columbia,18-49 years,Overall,384439.0,38.3,Scenarios B & D,2026-04-26
District of Columbia,50-64 years,Overall,105251.0,0.0,Scenarios B & D,2025-08-03
District of Columbia,50-64 years,Overall,105251.0,0.0,Scenarios B & D,2025-08-10
District of Columbia,50-64 years,Overall,105251.0,1.5,Scenarios B & D,2025-08-17
District of Columbia,50-64 years,Overall,105251.0,3.8,Scenarios B & D,2025-08-24
District of Columbia,50-64 years,Overall,105251.0,6.2,Scenarios B & D,2025-08-31
District of Columbia,50-64 years,Overall,105251.0,8.6,Scenarios B & D,2025-09-07
District of Columbia,50-64 years,Overall,105251.0,11.1,Scenarios B & D,2025-09-14
District of Columbia,50-64 years,Overall,105251.0,13.7,Scenarios B & D,2025-09-21
District of Columbia,50-64 years,Overall,105251.0,16.2,Scenarios B & D,2025-09-28
District of Columbia,50-64 years,Overall,105251.0,18.8,Scenarios B & D,2025-10-05
District of Columbia,50-64 years,Overall,105251.0,21.3,Scenarios B & D,2025-10-12
District of Columbia,50-64 years,Overall,105251.0,23.7,Scenarios B & D,2025-10-19
District of Columbia,50-64 years,Overall,105251.0,26.0,Scenarios B & D,2025-10-26
District of Columbia,50-64 years,Overall,105251.0,28.2,Scenarios B & D,2025-11-02
District of Columbia,50-64 years,Overall,105251.0,30.2,Scenarios B & D,2025-11-09
District of Columbia,50-64 years,Overall,105251.0,32.1,Scenarios B & D,2025-11-16
District of Columbia,50-64 years,Overall,105251.0,33.9,Scenarios B & D,2025-11-23
District of Columbia,50-64 years,Overall,105251.0,35.5,Scenarios B & D,2025-11-30
District of Columbia,50-64 years,Overall,105251.0,36.9,Scenarios B & D,2025-12-07
District of Columbia,50-64 years,Overall,105251.0,38.2,Scenarios B & D,2025-12-14
District of Columbia,50-64 years,Overall,105251.0,39.5,Scenarios B & D,2025-12-21
District of Columbia,50-64 years,Overall,105251.0,40.6,Scenarios B & D,2025-12-28
District of Columbia,50-64 years,Overall,105251.0,41.6,Scenarios B & D,2026-01-04
District of Columbia,50-64 years,Overall,105251.0,42.6,Scenarios B & D,2026-01-11
District of Columbia,50-64 years,Overall,105251.0,43.6,Scenarios B & D,2026-01-18
District of Columbia,50-64 years,Overall,105251.0,44.5,Scenarios B & D,2026-01-25
District of Columbia,50-64 years,Overall,105251.0,45.5,Scenarios B & D,2026-02-01
District of Columbia,50-64 years,Overall,105251.0,46.4,Scenarios B & D,2026-02-08
District of Columbia,50-64 years,Overall,105251.0,47.3,Scenarios B & D,2026-02-15
District of Columbia,50-64 years,Overall,105251.0,48.3,Scenarios B & D,2026-02-22
District of Columbia,50-64 years,Overall,105251.0,49.2,Scenarios B & D,2026-03-01
District of Columbia,50-64 years,Overall,105251.0,50.1,Scenarios B & D,2026-03-08
District of Columbia,50-64 years,Overall,105251.0,51.1,Scenarios B & D,2026-03-15
District of Columbia,50-64 years,Overall,105251.0,52.0,Scenarios B & D,2026-03-22
District of Columbia,50-64 years,Overall,105251.0,52.9,Scenarios B & D,2026-03-29
District of Columbia,50-64 years,Overall,105251.0,53.9,Scenarios B & D,2026-04-05
District of Columbia,50-64 years,Overall,105251.0,54.8,Scenarios B & D,2026-04-12
District of Columbia,50-64 years,Overall,105251.0,55.7,Scenarios B & D,2026-04-19
District of Columbia,50-64 years,Overall,105251.0,56.7,Scenarios B & D,2026-04-26
District of Columbia,6 months-17 years,Overall,124976.0,0.0,Scenarios B & D,2025-08-03
District of Columbia,6 months-17 years,Overall,124976.0,0.0,Scenarios B & D,2025-08-10
District of Columbia,6 months-17 years,Overall,124976.0,0.0,Scenarios B & D,2025-08-17
District of Columbia,6 months-17 years,Overall,124976.0,0.8,Scenarios B & D,2025-08-24
District of Columbia,6 months-17 years,Overall,124976.0,2.7,Scenarios B & D,2025-08-31
District of Columbia,6 months-17 years,Overall,124976.0,4.5,Scenarios B & D,2025-09-07
District of Columbia,6 months-17 years,Overall,124976.0,6.4,Scenarios B & D,2025-09-14
District of Columbia,6 months-17 years,Overall,124976.0,8.3,Scenarios B & D,2025-09-21
District of Columbia,6 months-17 years,Overall,124976.0,10.3,Scenarios B & D,2025-09-28
District of Columbia,6 months-17 years,Overall,124976.0,12.2,Scenarios B & D,2025-10-05
District of Columbia,6 months-17 years,Overall,124976.0,14.2,Scenarios B & D,2025-10-12
District of Columbia,6 months-17 years,Overall,124976.0,16.1,Scenarios B & D,2025-10-19
District of Columbia,6 months-17 years,Overall,124976.0,18.0,Scenarios B & D,2025-10-26
District of Columbia,6 months-17 years,Overall,124976.0,19.8,Scenarios B & D,2025-11-02
District of Columbia,6 months-17 years,Overall,124976.0,21.6,Scenarios B & D,2025-11-09
District of Columbia,6 months-17 years,Overall,124976.0,23.3,Scenarios B & D,2025-11-16
District of Columbia,6 months-17 years,Overall,124976.0,24.8,Scenarios B & D,2025-11-23
District of Columbia,6 months-17 years,Overall,124976.0,26.3,Scenarios B & D,2025-11-30
District of Columbia,6 months-17 years,Overall,124976.0,27.7,Scenarios B & D,2025-12-07
District of Columbia,6 months-17 years,Overall,124976.0,29.0,Scenarios B & D,2025-12-14
District of Columbia,6 months-17 years,Overall,124976.0,30.2,Scenarios B & D,2025-12-21
District of Columbia,6 months-17 years,Overall,124976.0,31.2,Scenarios B & D,2025-12-28
District of Columbia,6 months-17 years,Overall,124976.0,32.2,Scenarios B & D,2026-01-04
District of Columbia,6 months-17 years,Overall,124976.0,33.1,Scenarios B & D,2026-01-11
District of Columbia,6 months-17 years,Overall,124976.0,33.9,Scenarios B & D,2026-01-18
District of Columbia,6 months-17 years,Overall,124976.0,34.6,Scenarios B & D,2026-01-25
District of Columbia,6 months-17 years,Overall,124976.0,35.4,Scenarios B & D,2026-02-01
District of Columbia,6 months-17 years,Overall,124976.0,36.0,Scenarios B & D,2026-02-08
District of Columbia,6 months-17 years,Overall,124976.0,36.6,Scenarios B & D,2026-02-15
District of Columbia,6 months-17 years,Overall,124976.0,37.3,Scenarios B & D,2026-02-22
District of Columbia,6 months-17 years,Overall,124976.0,37.8,Scenarios B & D,2026-03-01
District of Columbia,6 months-17 years,Overall,124976.0,38.4,Scenarios B & D,2026-03-08
District of Columbia,6 months-17 years,Overall,124976.0,39.0,Scenarios B & D,2026-03-15
District of Columbia,6 months-17 years,Overall,124976.0,39.6,Scenarios B & D,2026-03-22
District of Columbia,6 months-17 years,Overall,124976.0,40.2,Scenarios B & D,2026-03-29
District of Columbia,6 months-17 years,Overall,124976.0,40.8,Scenarios B & D,2026-04-05
District of Columbia,6 months-17 years,Overall,124976.0,41.4,Scenarios B & D,2026-04-12
District of Columbia,6 months-17 years,Overall,124976.0,41.9,Scenarios B & D,2026-04-19
District of Columbia,6 months-17 years,Overall,124976.0,42.5,Scenarios B & D,2026-04-26
District of Columbia,65+ years,Overall,89833.0,0.0,Scenarios B & D,2025-08-03
District of Columbia,65+ years,Overall,89833.0,0.1,Scenarios B & D,2025-08-10
District of Columbia,65+ years,Overall,89833.0,3.9,Scenarios B & D,2025-08-17
District of Columbia,65+ years,Overall,89833.0,7.7,Scenarios B & D,2025-08-24
District of Columbia,65+ years,Overall,89833.0,11.5,Scenarios B & D,2025-08-31
District of Columbia,65+ years,Overall,89833.0,15.4,Scenarios B & D,2025-09-07
District of Columbia,65+ years,Overall,89833.0,19.4,Scenarios B & D,2025-09-14
District of Columbia,65+ years,Overall,89833.0,23.3,Scenarios B & D,2025-09-21
District of Columbia,65+ years,Overall,89833.0,27.3,Scenarios B & D,2025-09-28
District of Columbia,65+ years,Overall,89833.0,31.1,Scenarios B & D,2025-10-05
District of Columbia,65+ years,Overall,89833.0,34.7,Scenarios B & D,2025-10-12
District of Columbia,65+ years,Overall,89833.0,38.1,Scenarios B & D,2025-10-19
District of Columbia,65+ years,Overall,89833.0,41.4,Scenarios B & D,2025-10-26
District of Columbia,65+ years,Overall,89833.0,44.3,Scenarios B & D,2025-11-02
District of Columbia,65+ years,Overall,89833.0,47.0,Scenarios B & D,2025-11-09
District of Columbia,65+ years,Overall,89833.0,49.4,Scenarios B & D,2025-11-16
District of Columbia,65+ years,Overall,89833.0,51.6,Scenarios B & D,2025-11-23
District of Columbia,65+ years,Overall,89833.0,53.5,Scenarios B & D,2025-11-30
District of Columbia,65+ years,Overall,89833.0,55.1,Scenarios B & D,2025-12-07
District of Columbia,65+ years,Overall,89833.0,56.5,Scenarios B & D,2025-12-14
District of Columbia,65+ years,Overall,89833.0,57.6,Scenarios B & D,2025-12-21
District of Columbia,65+ years,Overall,89833.0,58.6,Scenarios B & D,2025-12-28
District of Columbia,65+ years,Overall,89833.0,59.5,Scenarios B & D,2026-01-04
District of Columbia,65+ years,Overall,89833.0,60.3,Scenarios B & D,2026-01-11
District of Columbia,65+ years,Overall,89833.0,61.0,Scenarios B & D,2026-01-18
District of Columbia,65+ years,Overall,89833.0,61.6,Scenarios B & D,2026-01-25
District of Columbia,65+ years,Overall,89833.0,62.2,Scenarios B & D,2026-02-01
District of Columbia,65+ years,Overall,89833.0,62.8,Scenarios B & D,2026-02-08
District of Columbia,65+ years,Overall,89833.0,63.4,Scenarios B & D,2026-02-15
District of Columbia,65+ years,Overall,89833.0,64.0,Scenarios B & D,2026-02-22
District of Columbia,65+ years,Overall,89833.0,64.6,Scenarios B & D,2026-03-01
District of Columbia,65+ years,Overall,89833.0,65.2,Scenarios B & D,2026-03-08
District of Columbia,65+ years,Overall,89833.0,65.8,Scenarios B & D,2026-03-15
District of Columbia,65+ years,Overall,89833.0,66.4,Scenarios B & D,2026-03-22
District of Columbia,65+ years,Overall,89833.0,67.0,Scenarios B & D,2026-03-29
District of Columbia,65+ years,Overall,89833.0,67.6,Scenarios B & D,2026-04-05
District of Columbia,65+ years,Overall,89833.0,68.2,Scenarios B & D,2026-04-12
District of Columbia,65+ years,Overall,89833.0,68.8,Scenarios B & D,2026-04-19
District of Columbia,65+ years,Overall,89833.0,69.4,Scenarios B & D,2026-04-26
Florida,18-49 years,Overall,8466960.0,0.0,Scenarios B & D,2025-08-03
Florida,18-49 years,Overall,8466960.0,0.1,Scenarios B & D,2025-08-10
Florida,18-49 years,Overall,8466960.0,0.4,Scenarios B & D,2025-08-17
Florida,18-49 years,Overall,8466960.0,0.8,Scenarios B & D,2025-08-24
Florida,18-49 years,Overall,8466960.0,1.1,Scenarios B & D,2025-08-31
Florida,18-49 years,Overall,8466960.0,1.5,Scenarios B & D,2025-09-07
Florida,18-49 years,Overall,8466960.0,1.8,Scenarios B & D,2025-09-14
Florida,18-49 years,Overall,8466960.0,2.2,Scenarios B & D,2025-09-21
Florida,18-49 years,Overall,8466960.0,2.5,Scenarios B & D,2025-09-28
Florida,18-49 years,Overall,8466960.0,2.8,Scenarios B & D,2025-10-05
Florida,18-49 years,Overall,8466960.0,3.1,Scenarios B & D,2025-10-12
Florida,18-49 years,Overall,8466960.0,3.4,Scenarios B & D,2025-10-19
Florida,18-49 years,Overall,8466960.0,3.7,Scenarios B & D,2025-10-26
Florida,18-49 years,Overall,8466960.0,4.0,Scenarios B & D,2025-11-02
Florida,18-49 years,Overall,8466960.0,4.2,Scenarios B & D,2025-11-09
Florida,18-49 years,Overall,8466960.0,4.4,Scenarios B & D,2025-11-16
Florida,18-49 years,Overall,8466960.0,4.7,Scenarios B & D,2025-11-23
Florida,18-49 years,Overall,8466960.0,4.8,Scenarios B & D,2025-11-30
Florida,18-49 years,Overall,8466960.0,5.0,Scenarios B & D,2025-12-07
Florida,18-49 years,Overall,8466960.0,5.1,Scenarios B & D,2025-12-14
Florida,18-49 years,Overall,8466960.0,5.3,Scenarios B & D,2025-12-21
Florida,18-49 years,Overall,8466960.0,5.4,Scenarios B & D,2025-12-28
Florida,18-49 years,Overall,8466960.0,5.5,Scenarios B & D,2026-01-04
Florida,18-49 years,Overall,8466960.0,5.6,Scenarios B & D,2026-01-11
Florida,18-49 years,Overall,8466960.0,5.6,Scenarios B & D,2026-01-18
Florida,18-49 years,Overall,8466960.0,5.7,Scenarios B & D,2026-01-25
Florida,18-49 years,Overall,8466960.0,5.8,Scenarios B & D,2026-02-01
Florida,18-49 years,Overall,8466960.0,5.9,Scenarios B & D,2026-02-08
Florida,18-49 years,Overall,8466960.0,6.0,Scenarios B & D,2026-02-15
Florida,18-49 years,Overall,8466960.0,6.0,Scenarios B & D,2026-02-22
Florida,18-49 years,Overall,8466960.0,6.1,Scenarios B & D,2026-03-01
Florida,18-49 years,Overall,8466960.0,6.2,Scenarios B & D,2026-03-08
Florida,18-49 years,Overall,8466960.0,6.3,Scenarios B & D,2026-03-15
Florida,18-49 years,Overall,8466960.0,6.3,Scenarios B & D,2026-03-22
Florida,18-49 years,Overall,8466960.0,6.4,Scenarios B & D,2026-03-29
Florida,18-49 years,Overall,8466960.0,6.5,Scenarios B & D,2026-04-05
Florida,18-49 years,Overall,8466960.0,6.6,Scenarios B & D,2026-04-12
Florida,18-49 years,Overall,8466960.0,6.7,Scenarios B & D,2026-04-19
Florida,18-49 years,Overall,8466960.0,6.7,Scenarios B & D,2026-04-26
Florida,50-64 years,Overall,4310612.0,0.0,Scenarios B & D,2025-08-03
Florida,50-64 years,Overall,4310612.0,0.5,Scenarios B & D,2025-08-10
Florida,50-64 years,Overall,4310612.0,1.3,Scenarios B & D,2025-08-17
Florida,50-64 years,Overall,4310612.0,2.0,Scenarios B & D,2025-08-24
Florida,50-64 years,Overall,4310612.0,2.8,Scenarios B & D,2025-08-31
Florida,50-64 years,Overall,4310612.0,3.5,Scenarios B & D,2025-09-07
Florida,50-64 years,Overall,4310612.0,4.2,Scenarios B & D,2025-09-14
Florida,50-64 years,Overall,4310612.0,4.9,Scenarios B & D,2025-09-21
Florida,50-64 years,Overall,4310612.0,5.6,Scenarios B & D,2025-09-28
Florida,50-64 years,Overall,4310612.0,6.3,Scenarios B & D,2025-10-05
Florida,50-64 years,Overall,4310612.0,6.9,Scenarios B & D,2025-10-12
Florida,50-64 years,Overall,4310612.0,7.4,Scenarios B & D,2025-10-19
Florida,50-64 years,Overall,4310612.0,7.9,Scenarios B & D,2025-10-26
Florida,50-64 years,Overall,4310612.0,8.4,Scenarios B & D,2025-11-02
Florida,50-64 years,Overall,4310612.0,8.8,Scenarios B & D,2025-11-09
Florida,50-64 years,Overall,4310612.0,9.2,Scenarios B & D,2025-11-16
Florida,50-64 years,Overall,4310612.0,9.6,Scenarios B & D,2025-11-23
Florida,50-64 years,Overall,4310612.0,10.0,Scenarios B & D,2025-11-30
Florida,50-64 years,Overall,4310612.0,10.3,Scenarios B & D,2025-12-07
Florida,50-64 years,Overall,4310612.0,10.7,Scenarios B & D,2025-12-14
Florida,50-64 years,Overall,4310612.0,11.0,Scenarios B & D,2025-12-21
Florida,50-64 years,Overall,4310612.0,11.4,Scenarios B & D,2025-12-28
Florida,50-64 years,Overall,4310612.0,11.8,Scenarios B & D,2026-01-04
Florida,50-64 years,Overall,4310612.0,12.1,Scenarios B & D,2026-01-11
Florida,50-64 years,Overall,4310612.0,12.5,Scenarios B & D,2026-01-18
Florida,50-64 years,Overall,4310612.0,12.9,Scenarios B & D,2026-01-25
Florida,50-64 years,Overall,4310612.0,13.2,Scenarios B & D,2026-02-01
Florida,50-64 years,Overall,4310612.0,13.6,Scenarios B & D,2026-02-08
Florida,50-64 years,Overall,4310612.0,14.0,Scenarios B & D,2026-02-15
Florida,50-64 years,Overall,4310612.0,14.3,Scenarios B & D,2026-02-22
Florida,50-64 years,Overall,4310612.0,14.7,Scenarios B & D,2026-03-01
Florida,50-64 years,Overall,4310612.0,15.1,Scenarios B & D,2026-03-08
Florida,50-64 years,Overall,4310612.0,15.4,Scenarios B & D,2026-03-15
Florida,50-64 years,Overall,4310612.0,15.8,Scenarios B & D,2026-03-22
Florida,50-64 years,Overall,4310612.0,16.2,Scenarios B & D,2026-03-29
Florida,50-64 years,Overall,4310612.0,16.5,Scenarios B & D,2026-04-05
Florida,50-64 years,Overall,4310612.0,16.9,Scenarios B & D,2026-04-12
Florida,50-64 years,Overall,4310612.0,17.3,Scenarios B & D,2026-04-19
Florida,50-64 years,Overall,4310612.0,17.6,Scenarios B & D,2026-04-26
Florida,6 months-17 years,Overall,4140943.0,0.0,Scenarios B & D,2025-08-03
Florida,6 months-17 years,Overall,4140943.0,0.0,Scenarios B & D,2025-08-10
Florida,6 months-17 years,Overall,4140943.0,0.1,Scenarios B & D,2025-08-17
Florida,6 months-17 years,Overall,4140943.0,0.4,Scenarios B & D,2025-08-24
Florida,6 months-17 years,Overall,4140943.0,0.7,Scenarios B & D,2025-08-31
Florida,6 months-17 years,Overall,4140943.0,0.9,Scenarios B & D,2025-09-07
Florida,6 months-17 years,Overall,4140943.0,1.2,Scenarios B & D,2025-09-14
Florida,6 months-17 years,Overall,4140943.0,1.5,Scenarios B & D,2025-09-21
Florida,6 months-17 years,Overall,4140943.0,1.7,Scenarios B & D,2025-09-28
Florida,6 months-17 years,Overall,4140943.0,2.0,Scenarios B & D,2025-10-05
Florida,6 months-17 years,Overall,4140943.0,2.2,Scenarios B & D,2025-10-12
Florida,6 months-17 years,Overall,4140943.0,2.5,Scenarios B & D,2025-10-19
Florida,6 months-17 years,Overall,4140943.0,2.7,Scenarios B & D,2025-10-26
Florida,6 months-17 years,Overall,4140943.0,2.9,Scenarios B & D,2025-11-02
Florida,6 months-17 years,Overall,4140943.0,3.0,Scenarios B & D,2025-11-09
Florida,6 months-17 years,Overall,4140943.0,3.2,Scenarios B & D,2025-11-16
Florida,6 months-17 years,Overall,4140943.0,3.4,Scenarios B & D,2025-11-23
Florida,6 months-17 years,Overall,4140943.0,3.5,Scenarios B & D,2025-11-30
Florida,6 months-17 years,Overall,4140943.0,3.6,Scenarios B & D,2025-12-07
Florida,6 months-17 years,Overall,4140943.0,3.7,Scenarios B & D,2025-12-14
Florida,6 months-17 years,Overall,4140943.0,3.8,Scenarios B & D,2025-12-21
Florida,6 months-17 years,Overall,4140943.0,3.9,Scenarios B & D,2025-12-28
Florida,6 months-17 years,Overall,4140943.0,4.0,Scenarios B & D,2026-01-04
Florida,6 months-17 years,Overall,4140943.0,4.0,Scenarios B & D,2026-01-11
Florida,6 months-17 years,Overall,4140943.0,4.1,Scenarios B & D,2026-01-18
Florida,6 months-17 years,Overall,4140943.0,4.2,Scenarios B & D,2026-01-25
Florida,6 months-17 years,Overall,4140943.0,4.2,Scenarios B & D,2026-02-01
Florida,6 months-17 years,Overall,4140943.0,4.3,Scenarios B & D,2026-02-08
Florida,6 months-17 years,Overall,4140943.0,4.3,Scenarios B & D,2026-02-15
Florida,6 months-17 years,Overall,4140943.0,4.4,Scenarios B & D,2026-02-22
Florida,6 months-17 years,Overall,4140943.0,4.4,Scenarios B & D,2026-03-01
Florida,6 months-17 years,Overall,4140943.0,4.5,Scenarios B & D,2026-03-08
Florida,6 months-17 years,Overall,4140943.0,4.5,Scenarios B & D,2026-03-15
Florida,6 months-17 years,Overall,4140943.0,4.5,Scenarios B & D,2026-03-22
Florida,6 months-17 years,Overall,4140943.0,4.6,Scenarios B & D,2026-03-29
Florida,6 months-17 years,Overall,4140943.0,4.6,Scenarios B & D,2026-04-05
Florida,6 months-17 years,Overall,4140943.0,4.7,Scenarios B & D,2026-04-12
Florida,6 months-17 years,Overall,4140943.0,4.7,Scenarios B & D,2026-04-19
Florida,6 months-17 years,Overall,4140943.0,4.8,Scenarios B & D,2026-04-26
Florida,65+ years,Overall,4638094.0,0.0,Scenarios B & D,2025-08-03
Florida,65+ years,Overall,4638094.0,0.8,Scenarios B & D,2025-08-10
Florida,65+ years,Overall,4638094.0,3.2,Scenarios B & D,2025-08-17
Florida,65+ years,Overall,4638094.0,5.6,Scenarios B & D,2025-08-24
Florida,65+ years,Overall,4638094.0,8.1,Scenarios B & D,2025-08-31
Florida,65+ years,Overall,4638094.0,10.5,Scenarios B & D,2025-09-07
Florida,65+ years,Overall,4638094.0,13.0,Scenarios B & D,2025-09-14
Florida,65+ years,Overall,4638094.0,15.4,Scenarios B & D,2025-09-21
Florida,65+ years,Overall,4638094.0,17.8,Scenarios B & D,2025-09-28
Florida,65+ years,Overall,4638094.0,20.0,Scenarios B & D,2025-10-05
Florida,65+ years,Overall,4638094.0,22.1,Scenarios B & D,2025-10-12
Florida,65+ years,Overall,4638094.0,24.1,Scenarios B & D,2025-10-19
Florida,65+ years,Overall,4638094.0,25.9,Scenarios B & D,2025-10-26
Florida,65+ years,Overall,4638094.0,27.6,Scenarios B & D,2025-11-02
Florida,65+ years,Overall,4638094.0,29.1,Scenarios B & D,2025-11-09
Florida,65+ years,Overall,4638094.0,30.4,Scenarios B & D,2025-11-16
Florida,65+ years,Overall,4638094.0,31.5,Scenarios B & D,2025-11-23
Florida,65+ years,Overall,4638094.0,32.5,Scenarios B & D,2025-11-30
Florida,65+ years,Overall,4638094.0,33.3,Scenarios B & D,2025-12-07
Florida,65+ years,Overall,4638094.0,34.0,Scenarios B & D,2025-12-14
Florida,65+ years,Overall,4638094.0,34.5,Scenarios B & D,2025-12-21
Florida,65+ years,Overall,4638094.0,34.9,Scenarios B & D,2025-12-28
Florida,65+ years,Overall,4638094.0,35.2,Scenarios B & D,2026-01-04
Florida,65+ years,Overall,4638094.0,35.4,Scenarios B & D,2026-01-11
Florida,65+ years,Overall,4638094.0,35.6,Scenarios B & D,2026-01-18
Florida,65+ years,Overall,4638094.0,35.7,Scenarios B & D,2026-01-25
Florida,65+ years,Overall,4638094.0,35.9,Scenarios B & D,2026-02-01
Florida,65+ years,Overall,4638094.0,36.0,Scenarios B & D,2026-02-08
Florida,65+ years,Overall,4638094.0,36.1,Scenarios B & D,2026-02-15
Florida,65+ years,Overall,4638094.0,36.2,Scenarios B & D,2026-02-22
Florida,65+ years,Overall,4638094.0,36.4,Scenarios B & D,2026-03-01
Florida,65+ years,Overall,4638094.0,36.5,Scenarios B & D,2026-03-08
Florida,65+ years,Overall,4638094.0,36.6,Scenarios B & D,2026-03-15
Florida,65+ years,Overall,4638094.0,36.7,Scenarios B & D,2026-03-22
Florida,65+ years,Overall,4638094.0,36.9,Scenarios B & D,2026-03-29
Florida,65+ years,Overall,4638094.0,37.0,Scenarios B & D,2026-04-05
Florida,65+ years,Overall,4638094.0,37.1,Scenarios B & D,2026-04-12
Florida,65+ years,Overall,4638094.0,37.2,Scenarios B & D,2026-04-19
Florida,65+ years,Overall,4638094.0,37.3,Scenarios B & D,2026-04-26
Georgia,18-49 years,Overall,4558135.0,0.0,Scenarios B & D,2025-08-03
Georgia,18-49 years,Overall,4558135.0,0.0,Scenarios B & D,2025-08-10
Georgia,18-49 years,Overall,4558135.0,0.5,Scenarios B & D,2025-08-17
Georgia,18-49 years,Overall,4558135.0,1.0,Scenarios B & D,2025-08-24
Georgia,18-49 years,Overall,4558135.0,1.6,Scenarios B & D,2025-08-31
Georgia,18-49 years,Overall,4558135.0,2.1,Scenarios B & D,2025-09-07
Georgia,18-49 years,Overall,4558135.0,2.7,Scenarios B & D,2025-09-14
Georgia,18-49 years,Overall,4558135.0,3.3,Scenarios B & D,2025-09-21
Georgia,18-49 years,Overall,4558135.0,3.9,Scenarios B & D,2025-09-28
Georgia,18-49 years,Overall,4558135.0,4.5,Scenarios B & D,2025-10-05
Georgia,18-49 years,Overall,4558135.0,5.0,Scenarios B & D,2025-10-12
Georgia,18-49 years,Overall,4558135.0,5.5,Scenarios B & D,2025-10-19
Georgia,18-49 years,Overall,4558135.0,6.0,Scenarios B & D,2025-10-26
Georgia,18-49 years,Overall,4558135.0,6.4,Scenarios B & D,2025-11-02
Georgia,18-49 years,Overall,4558135.0,6.8,Scenarios B & D,2025-11-09
Georgia,18-49 years,Overall,4558135.0,7.2,Scenarios B & D,2025-11-16
Georgia,18-49 years,Overall,4558135.0,7.5,Scenarios B & D,2025-11-23
Georgia,18-49 years,Overall,4558135.0,7.7,Scenarios B & D,2025-11-30
Georgia,18-49 years,Overall,4558135.0,8.0,Scenarios B & D,2025-12-07
Georgia,18-49 years,Overall,4558135.0,8.1,Scenarios B & D,2025-12-14
Georgia,18-49 years,Overall,4558135.0,8.2,Scenarios B & D,2025-12-21
Georgia,18-49 years,Overall,4558135.0,8.3,Scenarios B & D,2025-12-28
Georgia,18-49 years,Overall,4558135.0,8.4,Scenarios B & D,2026-01-04
Georgia,18-49 years,Overall,4558135.0,8.5,Scenarios B & D,2026-01-11
Georgia,18-49 years,Overall,4558135.0,8.5,Scenarios B & D,2026-01-18
Georgia,18-49 years,Overall,4558135.0,8.6,Scenarios B & D,2026-01-25
Georgia,18-49 years,Overall,4558135.0,8.6,Scenarios B & D,2026-02-01
Georgia,18-49 years,Overall,4558135.0,8.6,Scenarios B & D,2026-02-08
Georgia,18-49 years,Overall,4558135.0,8.6,Scenarios B & D,2026-02-15
Georgia,18-49 years,Overall,4558135.0,8.7,Scenarios B & D,2026-02-22
Georgia,18-49 years,Overall,4558135.0,8.7,Scenarios B & D,2026-03-01
Georgia,18-49 years,Overall,4558135.0,8.7,Scenarios B & D,2026-03-08
Georgia,18-49 years,Overall,4558135.0,8.7,Scenarios B & D,2026-03-15
Georgia,18-49 years,Overall,4558135.0,8.7,Scenarios B & D,2026-03-22
Georgia,18-49 years,Overall,4558135.0,8.8,Scenarios B & D,2026-03-29
Georgia,18-49 years,Overall,4558135.0,8.8,Scenarios B & D,2026-04-05
Georgia,18-49 years,Overall,4558135.0,8.8,Scenarios B & D,2026-04-12
Georgia,18-49 years,Overall,4558135.0,8.8,Scenarios B & D,2026-04-19
Georgia,18-49 years,Overall,4558135.0,8.9,Scenarios B & D,2026-04-26
Georgia,50-64 years,Overall,2014625.0,0.0,Scenarios B & D,2025-08-03
Georgia,50-64 years,Overall,2014625.0,0.2,Scenarios B & D,2025-08-10
Georgia,50-64 years,Overall,2014625.0,1.1,Scenarios B & D,2025-08-17
Georgia,50-64 years,Overall,2014625.0,1.9,Scenarios B & D,2025-08-24
Georgia,50-64 years,Overall,2014625.0,2.8,Scenarios B & D,2025-08-31
Georgia,50-64 years,Overall,2014625.0,3.7,Scenarios B & D,2025-09-07
Georgia,50-64 years,Overall,2014625.0,4.6,Scenarios B & D,2025-09-14
Georgia,50-64 years,Overall,2014625.0,5.5,Scenarios B & D,2025-09-21
Georgia,50-64 years,Overall,2014625.0,6.3,Scenarios B & D,2025-09-28
Georgia,50-64 years,Overall,2014625.0,7.2,Scenarios B & D,2025-10-05
Georgia,50-64 years,Overall,2014625.0,7.9,Scenarios B & D,2025-10-12
Georgia,50-64 years,Overall,2014625.0,8.6,Scenarios B & D,2025-10-19
Georgia,50-64 years,Overall,2014625.0,9.1,Scenarios B & D,2025-10-26
Georgia,50-64 years,Overall,2014625.0,9.6,Scenarios B & D,2025-11-02
Georgia,50-64 years,Overall,2014625.0,10.1,Scenarios B & D,2025-11-09
Georgia,50-64 years,Overall,2014625.0,10.4,Scenarios B & D,2025-11-16
Georgia,50-64 years,Overall,2014625.0,10.7,Scenarios B & D,2025-11-23
Georgia,50-64 years,Overall,2014625.0,11.0,Scenarios B & D,2025-11-30
Georgia,50-64 years,Overall,2014625.0,11.2,Scenarios B & D,2025-12-07
Georgia,50-64 years,Overall,2014625.0,11.4,Scenarios B & D,2025-12-14
Georgia,50-64 years,Overall,2014625.0,11.5,Scenarios B & D,2025-12-21
Georgia,50-64 years,Overall,2014625.0,11.7,Scenarios B & D,2025-12-28
Georgia,50-64 years,Overall,2014625.0,11.9,Scenarios B & D,2026-01-04
Georgia,50-64 years,Overall,2014625.0,12.0,Scenarios B & D,2026-01-11
Georgia,50-64 years,Overall,2014625.0,12.2,Scenarios B & D,2026-01-18
Georgia,50-64 years,Overall,2014625.0,12.3,Scenarios B & D,2026-01-25
Georgia,50-64 years,Overall,2014625.0,12.4,Scenarios B & D,2026-02-01
Georgia,50-64 years,Overall,2014625.0,12.5,Scenarios B & D,2026-02-08
Georgia,50-64 years,Overall,2014625.0,12.7,Scenarios B & D,2026-02-15
Georgia,50-64 years,Overall,2014625.0,12.8,Scenarios B & D,2026-02-22
Georgia,50-64 years,Overall,2014625.0,12.9,Scenarios B & D,2026-03-01
Georgia,50-64 years,Overall,2014625.0,13.0,Scenarios B & D,2026-03-08
Georgia,50-64 years,Overall,2014625.0,13.1,Scenarios B & D,2026-03-15
Georgia,50-64 years,Overall,2014625.0,13.3,Scenarios B & D,2026-03-22
Georgia,50-64 years,Overall,2014625.0,13.4,Scenarios B & D,2026-03-29
Georgia,50-64 years,Overall,2014625.0,13.5,Scenarios B & D,2026-04-05
Georgia,50-64 years,Overall,2014625.0,13.6,Scenarios B & D,2026-04-12
Georgia,50-64 years,Overall,2014625.0,13.7,Scenarios B & D,2026-04-19
Georgia,50-64 years,Overall,2014625.0,13.9,Scenarios B & D,2026-04-26
Georgia,6 months-17 years,Overall,2437238.0,0.0,Scenarios B & D,2025-08-03
Georgia,6 months-17 years,Overall,2437238.0,0.0,Scenarios B & D,2025-08-10
Georgia,6 months-17 years,Overall,2437238.0,0.0,Scenarios B & D,2025-08-17
Georgia,6 months-17 years,Overall,2437238.0,0.3,Scenarios B & D,2025-08-24
Georgia,6 months-17 years,Overall,2437238.0,0.7,Scenarios B & D,2025-08-31
Georgia,6 months-17 years,Overall,2437238.0,1.2,Scenarios B & D,2025-09-07
Georgia,6 months-17 years,Overall,2437238.0,1.6,Scenarios B & D,2025-09-14
Georgia,6 months-17 years,Overall,2437238.0,2.1,Scenarios B & D,2025-09-21
Georgia,6 months-17 years,Overall,2437238.0,2.5,Scenarios B & D,2025-09-28
Georgia,6 months-17 years,Overall,2437238.0,3.0,Scenarios B & D,2025-10-05
Georgia,6 months-17 years,Overall,2437238.0,3.4,Scenarios B & D,2025-10-12
Georgia,6 months-17 years,Overall,2437238.0,3.9,Scenarios B & D,2025-10-19
Georgia,6 months-17 years,Overall,2437238.0,4.3,Scenarios B & D,2025-10-26
Georgia,6 months-17 years,Overall,2437238.0,4.8,Scenarios B & D,2025-11-02
Georgia,6 months-17 years,Overall,2437238.0,5.2,Scenarios B & D,2025-11-09
Georgia,6 months-17 years,Overall,2437238.0,5.6,Scenarios B & D,2025-11-16
Georgia,6 months-17 years,Overall,2437238.0,6.0,Scenarios B & D,2025-11-23
Georgia,6 months-17 years,Overall,2437238.0,6.3,Scenarios B & D,2025-11-30
Georgia,6 months-17 years,Overall,2437238.0,6.7,Scenarios B & D,2025-12-07
Georgia,6 months-17 years,Overall,2437238.0,7.0,Scenarios B & D,2025-12-14
Georgia,6 months-17 years,Overall,2437238.0,7.3,Scenarios B & D,2025-12-21
Georgia,6 months-17 years,Overall,2437238.0,7.6,Scenarios B & D,2025-12-28
Georgia,6 months-17 years,Overall,2437238.0,7.9,Scenarios B & D,2026-01-04
Georgia,6 months-17 years,Overall,2437238.0,8.2,Scenarios B & D,2026-01-11
Georgia,6 months-17 years,Overall,2437238.0,8.5,Scenarios B & D,2026-01-18
Georgia,6 months-17 years,Overall,2437238.0,8.7,Scenarios B & D,2026-01-25
Georgia,6 months-17 years,Overall,2437238.0,9.0,Scenarios B & D,2026-02-01
Georgia,6 months-17 years,Overall,2437238.0,9.2,Scenarios B & D,2026-02-08
Georgia,6 months-17 years,Overall,2437238.0,9.5,Scenarios B & D,2026-02-15
Georgia,6 months-17 years,Overall,2437238.0,9.7,Scenarios B & D,2026-02-22
Georgia,6 months-17 years,Overall,2437238.0,10.0,Scenarios B & D,2026-03-01
Georgia,6 months-17 years,Overall,2437238.0,10.2,Scenarios B & D,2026-03-08
Georgia,6 months-17 years,Overall,2437238.0,10.5,Scenarios B & D,2026-03-15
Georgia,6 months-17 years,Overall,2437238.0,10.8,Scenarios B & D,2026-03-22
Georgia,6 months-17 years,Overall,2437238.0,11.0,Scenarios B & D,2026-03-29
Georgia,6 months-17 years,Overall,2437238.0,11.3,Scenarios B & D,2026-04-05
Georgia,6 months-17 years,Overall,2437238.0,11.5,Scenarios B & D,2026-04-12
Georgia,6 months-17 years,Overall,2437238.0,11.8,Scenarios B & D,2026-04-19
Georgia,6 months-17 years,Overall,2437238.0,12.0,Scenarios B & D,2026-04-26
Georgia,65+ years,Overall,1574667.0,0.0,Scenarios B & D,2025-08-03
Georgia,65+ years,Overall,1574667.0,0.0,Scenarios B & D,2025-08-10
Georgia,65+ years,Overall,1574667.0,1.7,Scenarios B & D,2025-08-17
Georgia,65+ years,Overall,1574667.0,3.9,Scenarios B & D,2025-08-24
Georgia,65+ years,Overall,1574667.0,6.2,Scenarios B & D,2025-08-31
Georgia,65+ years,Overall,1574667.0,8.5,Scenarios B & D,2025-09-07
Georgia,65+ years,Overall,1574667.0,10.9,Scenarios B & D,2025-09-14
Georgia,65+ years,Overall,1574667.0,13.3,Scenarios B & D,2025-09-21
Georgia,65+ years,Overall,1574667.0,15.7,Scenarios B & D,2025-09-28
Georgia,65+ years,Overall,1574667.0,18.0,Scenarios B & D,2025-10-05
Georgia,65+ years,Overall,1574667.0,20.3,Scenarios B & D,2025-10-12
Georgia,65+ years,Overall,1574667.0,22.4,Scenarios B & D,2025-10-19
Georgia,65+ years,Overall,1574667.0,24.4,Scenarios B & D,2025-10-26
Georgia,65+ years,Overall,1574667.0,26.2,Scenarios B & D,2025-11-02
Georgia,65+ years,Overall,1574667.0,27.9,Scenarios B & D,2025-11-09
Georgia,65+ years,Overall,1574667.0,29.4,Scenarios B & D,2025-11-16
Georgia,65+ years,Overall,1574667.0,30.7,Scenarios B & D,2025-11-23
Georgia,65+ years,Overall,1574667.0,31.9,Scenarios B & D,2025-11-30
Georgia,65+ years,Overall,1574667.0,32.9,Scenarios B & D,2025-12-07
Georgia,65+ years,Overall,1574667.0,33.7,Scenarios B & D,2025-12-14
Georgia,65+ years,Overall,1574667.0,34.3,Scenarios B & D,2025-12-21
Georgia,65+ years,Overall,1574667.0,34.7,Scenarios B & D,2025-12-28
Georgia,65+ years,Overall,1574667.0,35.0,Scenarios B & D,2026-01-04
Georgia,65+ years,Overall,1574667.0,35.2,Scenarios B & D,2026-01-11
Georgia,65+ years,Overall,1574667.0,35.2,Scenarios B & D,2026-01-18
Georgia,65+ years,Overall,1574667.0,35.3,Scenarios B & D,2026-01-25
Georgia,65+ years,Overall,1574667.0,35.3,Scenarios B & D,2026-02-01
Georgia,65+ years,Overall,1574667.0,35.3,Scenarios B & D,2026-02-08
Georgia,65+ years,Overall,1574667.0,35.3,Scenarios B & D,2026-02-15
Georgia,65+ years,Overall,1574667.0,35.3,Scenarios B & D,2026-02-22
Georgia,65+ years,Overall,1574667.0,35.3,Scenarios B & D,2026-03-01
Georgia,65+ years,Overall,1574667.0,35.3,Scenarios B & D,2026-03-08
Georgia,65+ years,Overall,1574667.0,35.3,Scenarios B & D,2026-03-15
Georgia,65+ years,Overall,1574667.0,35.3,Scenarios B & D,2026-03-22
Georgia,65+ years,Overall,1574667.0,35.3,Scenarios B & D,2026-03-29
Georgia,65+ years,Overall,1574667.0,35.3,Scenarios B & D,2026-04-05
Georgia,65+ years,Overall,1574667.0,35.3,Scenarios B & D,2026-04-12
Georgia,65+ years,Overall,1574667.0,35.3,Scenarios B & D,2026-04-19
Georgia,65+ years,Overall,1574667.0,35.3,Scenarios B & D,2026-04-26
Hawaii,18-49 years,Overall,531314.0,0.0,Scenarios B & D,2025-08-03
Hawaii,18-49 years,Overall,531314.0,0.0,Scenarios B & D,2025-08-10
Hawaii,18-49 years,Overall,531314.0,0.7,Scenarios B & D,2025-08-17
Hawaii,18-49 years,Overall,531314.0,1.6,Scenarios B & D,2025-08-24
Hawaii,18-49 years,Overall,531314.0,2.4,Scenarios B & D,2025-08-31
Hawaii,18-49 years,Overall,531314.0,3.3,Scenarios B & D,2025-09-07
Hawaii,18-49 years,Overall,531314.0,4.2,Scenarios B & D,2025-09-14
Hawaii,18-49 years,Overall,531314.0,5.1,Scenarios B & D,2025-09-21
Hawaii,18-49 years,Overall,531314.0,6.0,Scenarios B & D,2025-09-28
Hawaii,18-49 years,Overall,531314.0,6.9,Scenarios B & D,2025-10-05
Hawaii,18-49 years,Overall,531314.0,7.8,Scenarios B & D,2025-10-12
Hawaii,18-49 years,Overall,531314.0,8.6,Scenarios B & D,2025-10-19
Hawaii,18-49 years,Overall,531314.0,9.4,Scenarios B & D,2025-10-26
Hawaii,18-49 years,Overall,531314.0,10.2,Scenarios B & D,2025-11-02
Hawaii,18-49 years,Overall,531314.0,10.9,Scenarios B & D,2025-11-09
Hawaii,18-49 years,Overall,531314.0,11.5,Scenarios B & D,2025-11-16
Hawaii,18-49 years,Overall,531314.0,12.1,Scenarios B & D,2025-11-23
Hawaii,18-49 years,Overall,531314.0,12.6,Scenarios B & D,2025-11-30
Hawaii,18-49 years,Overall,531314.0,13.0,Scenarios B & D,2025-12-07
Hawaii,18-49 years,Overall,531314.0,13.4,Scenarios B & D,2025-12-14
Hawaii,18-49 years,Overall,531314.0,13.8,Scenarios B & D,2025-12-21
Hawaii,18-49 years,Overall,531314.0,14.1,Scenarios B & D,2025-12-28
Hawaii,18-49 years,Overall,531314.0,14.3,Scenarios B & D,2026-01-04
Hawaii,18-49 years,Overall,531314.0,14.6,Scenarios B & D,2026-01-11
Hawaii,18-49 years,Overall,531314.0,14.8,Scenarios B & D,2026-01-18
Hawaii,18-49 years,Overall,531314.0,15.0,Scenarios B & D,2026-01-25
Hawaii,18-49 years,Overall,531314.0,15.2,Scenarios B & D,2026-02-01
Hawaii,18-49 years,Overall,531314.0,15.4,Scenarios B & D,2026-02-08
Hawaii,18-49 years,Overall,531314.0,15.6,Scenarios B & D,2026-02-15
Hawaii,18-49 years,Overall,531314.0,15.8,Scenarios B & D,2026-02-22
Hawaii,18-49 years,Overall,531314.0,16.0,Scenarios B & D,2026-03-01
Hawaii,18-49 years,Overall,531314.0,16.2,Scenarios B & D,2026-03-08
Hawaii,18-49 years,Overall,531314.0,16.4,Scenarios B & D,2026-03-15
Hawaii,18-49 years,Overall,531314.0,16.6,Scenarios B & D,2026-03-22
Hawaii,18-49 years,Overall,531314.0,16.8,Scenarios B & D,2026-03-29
Hawaii,18-49 years,Overall,531314.0,17.0,Scenarios B & D,2026-04-05
Hawaii,18-49 years,Overall,531314.0,17.2,Scenarios B & D,2026-04-12
Hawaii,18-49 years,Overall,531314.0,17.4,Scenarios B & D,2026-04-19
Hawaii,18-49 years,Overall,531314.0,17.6,Scenarios B & D,2026-04-26
Hawaii,50-64 years,Overall,259512.0,0.0,Scenarios B & D,2025-08-03
Hawaii,50-64 years,Overall,259512.0,0.6,Scenarios B & D,2025-08-10
Hawaii,50-64 years,Overall,259512.0,2.6,Scenarios B & D,2025-08-17
Hawaii,50-64 years,Overall,259512.0,4.7,Scenarios B & D,2025-08-24
Hawaii,50-64 years,Overall,259512.0,6.7,Scenarios B & D,2025-08-31
Hawaii,50-64 years,Overall,259512.0,8.8,Scenarios B & D,2025-09-07
Hawaii,50-64 years,Overall,259512.0,10.9,Scenarios B & D,2025-09-14
Hawaii,50-64 years,Overall,259512.0,12.9,Scenarios B & D,2025-09-21
Hawaii,50-64 years,Overall,259512.0,14.9,Scenarios B & D,2025-09-28
Hawaii,50-64 years,Overall,259512.0,16.8,Scenarios B & D,2025-10-05
Hawaii,50-64 years,Overall,259512.0,18.6,Scenarios B & D,2025-10-12
Hawaii,50-64 years,Overall,259512.0,20.3,Scenarios B & D,2025-10-19
Hawaii,50-64 years,Overall,259512.0,21.8,Scenarios B & D,2025-10-26
Hawaii,50-64 years,Overall,259512.0,23.2,Scenarios B & D,2025-11-02
Hawaii,50-64 years,Overall,259512.0,24.5,Scenarios B & D,2025-11-09
Hawaii,50-64 years,Overall,259512.0,25.6,Scenarios B & D,2025-11-16
Hawaii,50-64 years,Overall,259512.0,26.5,Scenarios B & D,2025-11-23
Hawaii,50-64 years,Overall,259512.0,27.3,Scenarios B & D,2025-11-30
Hawaii,50-64 years,Overall,259512.0,28.0,Scenarios B & D,2025-12-07
Hawaii,50-64 years,Overall,259512.0,28.6,Scenarios B & D,2025-12-14
Hawaii,50-64 years,Overall,259512.0,29.1,Scenarios B & D,2025-12-21
Hawaii,50-64 years,Overall,259512.0,29.5,Scenarios B & D,2025-12-28
Hawaii,50-64 years,Overall,259512.0,29.9,Scenarios B & D,2026-01-04
Hawaii,50-64 years,Overall,259512.0,30.3,Scenarios B & D,2026-01-11
Hawaii,50-64 years,Overall,259512.0,30.7,Scenarios B & D,2026-01-18
Hawaii,50-64 years,Overall,259512.0,31.1,Scenarios B & D,2026-01-25
Hawaii,50-64 years,Overall,259512.0,31.4,Scenarios B & D,2026-02-01
Hawaii,50-64 years,Overall,259512.0,31.7,Scenarios B & D,2026-02-08
Hawaii,50-64 years,Overall,259512.0,32.1,Scenarios B & D,2026-02-15
Hawaii,50-64 years,Overall,259512.0,32.4,Scenarios B & D,2026-02-22
Hawaii,50-64 years,Overall,259512.0,32.8,Scenarios B & D,2026-03-01
Hawaii,50-64 years,Overall,259512.0,33.1,Scenarios B & D,2026-03-08
Hawaii,50-64 years,Overall,259512.0,33.5,Scenarios B & D,2026-03-15
Hawaii,50-64 years,Overall,259512.0,33.8,Scenarios B & D,2026-03-22
Hawaii,50-64 years,Overall,259512.0,34.2,Scenarios B & D,2026-03-29
Hawaii,50-64 years,Overall,259512.0,34.5,Scenarios B & D,2026-04-05
Hawaii,50-64 years,Overall,259512.0,34.9,Scenarios B & D,2026-04-12
Hawaii,50-64 years,Overall,259512.0,35.2,Scenarios B & D,2026-04-19
Hawaii,50-64 years,Overall,259512.0,35.6,Scenarios B & D,2026-04-26
Hawaii,6 months-17 years,Overall,287695.0,0.0,Scenarios B & D,2025-08-03
Hawaii,6 months-17 years,Overall,287695.0,0.0,Scenarios B & D,2025-08-10
Hawaii,6 months-17 years,Overall,287695.0,0.0,Scenarios B & D,2025-08-17
Hawaii,6 months-17 years,Overall,287695.0,0.6,Scenarios B & D,2025-08-24
Hawaii,6 months-17 years,Overall,287695.0,1.3,Scenarios B & D,2025-08-31
Hawaii,6 months-17 years,Overall,287695.0,2.0,Scenarios B & D,2025-09-07
Hawaii,6 months-17 years,Overall,287695.0,2.7,Scenarios B & D,2025-09-14
Hawaii,6 months-17 years,Overall,287695.0,3.5,Scenarios B & D,2025-09-21
Hawaii,6 months-17 years,Overall,287695.0,4.2,Scenarios B & D,2025-09-28
Hawaii,6 months-17 years,Overall,287695.0,4.9,Scenarios B & D,2025-10-05
Hawaii,6 months-17 years,Overall,287695.0,5.6,Scenarios B & D,2025-10-12
Hawaii,6 months-17 years,Overall,287695.0,6.3,Scenarios B & D,2025-10-19
Hawaii,6 months-17 years,Overall,287695.0,7.0,Scenarios B & D,2025-10-26
Hawaii,6 months-17 years,Overall,287695.0,7.6,Scenarios B & D,2025-11-02
Hawaii,6 months-17 years,Overall,287695.0,8.2,Scenarios B & D,2025-11-09
Hawaii,6 months-17 years,Overall,287695.0,8.8,Scenarios B & D,2025-11-16
Hawaii,6 months-17 years,Overall,287695.0,9.3,Scenarios B & D,2025-11-23
Hawaii,6 months-17 years,Overall,287695.0,9.8,Scenarios B & D,2025-11-30
Hawaii,6 months-17 years,Overall,287695.0,10.3,Scenarios B & D,2025-12-07
Hawaii,6 months-17 years,Overall,287695.0,10.7,Scenarios B & D,2025-12-14
Hawaii,6 months-17 years,Overall,287695.0,11.1,Scenarios B & D,2025-12-21
Hawaii,6 months-17 years,Overall,287695.0,11.5,Scenarios B & D,2025-12-28
Hawaii,6 months-17 years,Overall,287695.0,11.8,Scenarios B & D,2026-01-04
Hawaii,6 months-17 years,Overall,287695.0,12.2,Scenarios B & D,2026-01-11
Hawaii,6 months-17 years,Overall,287695.0,12.5,Scenarios B & D,2026-01-18
Hawaii,6 months-17 years,Overall,287695.0,12.7,Scenarios B & D,2026-01-25
Hawaii,6 months-17 years,Overall,287695.0,13.0,Scenarios B & D,2026-02-01
Hawaii,6 months-17 years,Overall,287695.0,13.2,Scenarios B & D,2026-02-08
Hawaii,6 months-17 years,Overall,287695.0,13.4,Scenarios B & D,2026-02-15
Hawaii,6 months-17 years,Overall,287695.0,13.7,Scenarios B & D,2026-02-22
Hawaii,6 months-17 years,Overall,287695.0,13.9,Scenarios B & D,2026-03-01
Hawaii,6 months-17 years,Overall,287695.0,14.1,Scenarios B & D,2026-03-08
Hawaii,6 months-17 years,Overall,287695.0,14.3,Scenarios B & D,2026-03-15
Hawaii,6 months-17 years,Overall,287695.0,14.5,Scenarios B & D,2026-03-22
Hawaii,6 months-17 years,Overall,287695.0,14.7,Scenarios B & D,2026-03-29
Hawaii,6 months-17 years,Overall,287695.0,14.9,Scenarios B & D,2026-04-05
Hawaii,6 months-17 years,Overall,287695.0,15.2,Scenarios B & D,2026-04-12
Hawaii,6 months-17 years,Overall,287695.0,15.4,Scenarios B & D,2026-04-19
Hawaii,6 months-17 years,Overall,287695.0,15.6,Scenarios B & D,2026-04-26
Hawaii,65+ years,Overall,275080.0,0.0,Scenarios B & D,2025-08-03
Hawaii,65+ years,Overall,275080.0,1.3,Scenarios B & D,2025-08-10
Hawaii,65+ years,Overall,275080.0,4.6,Scenarios B & D,2025-08-17
Hawaii,65+ years,Overall,275080.0,8.0,Scenarios B & D,2025-08-24
Hawaii,65+ years,Overall,275080.0,11.4,Scenarios B & D,2025-08-31
Hawaii,65+ years,Overall,275080.0,14.8,Scenarios B & D,2025-09-07
Hawaii,65+ years,Overall,275080.0,18.2,Scenarios B & D,2025-09-14
Hawaii,65+ years,Overall,275080.0,21.6,Scenarios B & D,2025-09-21
Hawaii,65+ years,Overall,275080.0,24.8,Scenarios B & D,2025-09-28
Hawaii,65+ years,Overall,275080.0,27.9,Scenarios B & D,2025-10-05
Hawaii,65+ years,Overall,275080.0,30.8,Scenarios B & D,2025-10-12
Hawaii,65+ years,Overall,275080.0,33.5,Scenarios B & D,2025-10-19
Hawaii,65+ years,Overall,275080.0,35.8,Scenarios B & D,2025-10-26
Hawaii,65+ years,Overall,275080.0,38.0,Scenarios B & D,2025-11-02
Hawaii,65+ years,Overall,275080.0,39.8,Scenarios B & D,2025-11-09
Hawaii,65+ years,Overall,275080.0,41.5,Scenarios B & D,2025-11-16
Hawaii,65+ years,Overall,275080.0,42.8,Scenarios B & D,2025-11-23
Hawaii,65+ years,Overall,275080.0,44.0,Scenarios B & D,2025-11-30
Hawaii,65+ years,Overall,275080.0,44.9,Scenarios B & D,2025-12-07
Hawaii,65+ years,Overall,275080.0,45.7,Scenarios B & D,2025-12-14
Hawaii,65+ years,Overall,275080.0,46.4,Scenarios B & D,2025-12-21
Hawaii,65+ years,Overall,275080.0,46.9,Scenarios B & D,2025-12-28
Hawaii,65+ years,Overall,275080.0,47.3,Scenarios B & D,2026-01-04
Hawaii,65+ years,Overall,275080.0,47.7,Scenarios B & D,2026-01-11
Hawaii,65+ years,Overall,275080.0,47.9,Scenarios B & D,2026-01-18
Hawaii,65+ years,Overall,275080.0,48.2,Scenarios B & D,2026-01-25
Hawaii,65+ years,Overall,275080.0,48.4,Scenarios B & D,2026-02-01
Hawaii,65+ years,Overall,275080.0,48.6,Scenarios B & D,2026-02-08
Hawaii,65+ years,Overall,275080.0,48.8,Scenarios B & D,2026-02-15
Hawaii,65+ years,Overall,275080.0,49.0,Scenarios B & D,2026-02-22
Hawaii,65+ years,Overall,275080.0,49.2,Scenarios B & D,2026-03-01
Hawaii,65+ years,Overall,275080.0,49.4,Scenarios B & D,2026-03-08
Hawaii,65+ years,Overall,275080.0,49.6,Scenarios B & D,2026-03-15
Hawaii,65+ years,Overall,275080.0,49.8,Scenarios B & D,2026-03-22
Hawaii,65+ years,Overall,275080.0,50.0,Scenarios B & D,2026-03-29
Hawaii,65+ years,Overall,275080.0,50.2,Scenarios B & D,2026-04-05
Hawaii,65+ years,Overall,275080.0,50.4,Scenarios B & D,2026-04-12
Hawaii,65+ years,Overall,275080.0,50.6,Scenarios B & D,2026-04-19
Hawaii,65+ years,Overall,275080.0,50.8,Scenarios B & D,2026-04-26
Idaho,18-49 years,Overall,744301.0,0.0,Scenarios B & D,2025-08-03
Idaho,18-49 years,Overall,744301.0,0.0,Scenarios B & D,2025-08-10
Idaho,18-49 years,Overall,744301.0,0.1,Scenarios B & D,2025-08-17
Idaho,18-49 years,Overall,744301.0,0.4,Scenarios B & D,2025-08-24
Idaho,18-49 years,Overall,744301.0,0.8,Scenarios B & D,2025-08-31
Idaho,18-49 years,Overall,744301.0,1.2,Scenarios B & D,2025-09-07
Idaho,18-49 years,Overall,744301.0,1.6,Scenarios B & D,2025-09-14
Idaho,18-49 years,Overall,744301.0,2.0,Scenarios B & D,2025-09-21
Idaho,18-49 years,Overall,744301.0,2.4,Scenarios B & D,2025-09-28
Idaho,18-49 years,Overall,744301.0,2.8,Scenarios B & D,2025-10-05
Idaho,18-49 years,Overall,744301.0,3.2,Scenarios B & D,2025-10-12
Idaho,18-49 years,Overall,744301.0,3.6,Scenarios B & D,2025-10-19
Idaho,18-49 years,Overall,744301.0,4.1,Scenarios B & D,2025-10-26
Idaho,18-49 years,Overall,744301.0,4.5,Scenarios B & D,2025-11-02
Idaho,18-49 years,Overall,744301.0,4.9,Scenarios B & D,2025-11-09
Idaho,18-49 years,Overall,744301.0,5.3,Scenarios B & D,2025-11-16
Idaho,18-49 years,Overall,744301.0,5.7,Scenarios B & D,2025-11-23
Idaho,18-49 years,Overall,744301.0,6.1,Scenarios B & D,2025-11-30
Idaho,18-49 years,Overall,744301.0,6.5,Scenarios B & D,2025-12-07
Idaho,18-49 years,Overall,744301.0,6.8,Scenarios B & D,2025-12-14
Idaho,18-49 years,Overall,744301.0,7.1,Scenarios B & D,2025-12-21
Idaho,18-49 years,Overall,744301.0,7.4,Scenarios B & D,2025-12-28
Idaho,18-49 years,Overall,744301.0,7.7,Scenarios B & D,2026-01-04
Idaho,18-49 years,Overall,744301.0,8.0,Scenarios B & D,2026-01-11
Idaho,18-49 years,Overall,744301.0,8.3,Scenarios B & D,2026-01-18
Idaho,18-49 years,Overall,744301.0,8.6,Scenarios B & D,2026-01-25
Idaho,18-49 years,Overall,744301.0,8.9,Scenarios B & D,2026-02-01
Idaho,18-49 years,Overall,744301.0,9.2,Scenarios B & D,2026-02-08
Idaho,18-49 years,Overall,744301.0,9.5,Scenarios B & D,2026-02-15
Idaho,18-49 years,Overall,744301.0,9.8,Scenarios B & D,2026-02-22
Idaho,18-49 years,Overall,744301.0,10.1,Scenarios B & D,2026-03-01
Idaho,18-49 years,Overall,744301.0,10.4,Scenarios B & D,2026-03-08
Idaho,18-49 years,Overall,744301.0,10.7,Scenarios B & D,2026-03-15
Idaho,18-49 years,Overall,744301.0,11.0,Scenarios B & D,2026-03-22
Idaho,18-49 years,Overall,744301.0,11.3,Scenarios B & D,2026-03-29
Idaho,18-49 years,Overall,744301.0,11.5,Scenarios B & D,2026-04-05
Idaho,18-49 years,Overall,744301.0,11.8,Scenarios B & D,2026-04-12
Idaho,18-49 years,Overall,744301.0,12.1,Scenarios B & D,2026-04-19
Idaho,18-49 years,Overall,744301.0,12.4,Scenarios B & D,2026-04-26
Idaho,50-64 years,Overall,322037.0,0.0,Scenarios B & D,2025-08-03
Idaho,50-64 years,Overall,322037.0,0.0,Scenarios B & D,2025-08-10
Idaho,50-64 years,Overall,322037.0,0.9,Scenarios B & D,2025-08-17
Idaho,50-64 years,Overall,322037.0,2.0,Scenarios B & D,2025-08-24
Idaho,50-64 years,Overall,322037.0,3.2,Scenarios B & D,2025-08-31
Idaho,50-64 years,Overall,322037.0,4.3,Scenarios B & D,2025-09-07
Idaho,50-64 years,Overall,322037.0,5.5,Scenarios B & D,2025-09-14
Idaho,50-64 years,Overall,322037.0,6.7,Scenarios B & D,2025-09-21
Idaho,50-64 years,Overall,322037.0,7.9,Scenarios B & D,2025-09-28
Idaho,50-64 years,Overall,322037.0,9.1,Scenarios B & D,2025-10-05
Idaho,50-64 years,Overall,322037.0,10.2,Scenarios B & D,2025-10-12
Idaho,50-64 years,Overall,322037.0,11.4,Scenarios B & D,2025-10-19
Idaho,50-64 years,Overall,322037.0,12.4,Scenarios B & D,2025-10-26
Idaho,50-64 years,Overall,322037.0,13.4,Scenarios B & D,2025-11-02
Idaho,50-64 years,Overall,322037.0,14.3,Scenarios B & D,2025-11-09
Idaho,50-64 years,Overall,322037.0,15.1,Scenarios B & D,2025-11-16
Idaho,50-64 years,Overall,322037.0,15.9,Scenarios B & D,2025-11-23
Idaho,50-64 years,Overall,322037.0,16.5,Scenarios B & D,2025-11-30
Idaho,50-64 years,Overall,322037.0,17.0,Scenarios B & D,2025-12-07
Idaho,50-64 years,Overall,322037.0,17.5,Scenarios B & D,2025-12-14
Idaho,50-64 years,Overall,322037.0,17.8,Scenarios B & D,2025-12-21
Idaho,50-64 years,Overall,322037.0,18.2,Scenarios B & D,2025-12-28
Idaho,50-64 years,Overall,322037.0,18.5,Scenarios B & D,2026-01-04
Idaho,50-64 years,Overall,322037.0,18.8,Scenarios B & D,2026-01-11
Idaho,50-64 years,Overall,322037.0,19.1,Scenarios B & D,2026-01-18
Idaho,50-64 years,Overall,322037.0,19.3,Scenarios B & D,2026-01-25
Idaho,50-64 years,Overall,322037.0,19.6,Scenarios B & D,2026-02-01
Idaho,50-64 years,Overall,322037.0,19.8,Scenarios B & D,2026-02-08
Idaho,50-64 years,Overall,322037.0,20.1,Scenarios B & D,2026-02-15
Idaho,50-64 years,Overall,322037.0,20.3,Scenarios B & D,2026-02-22
Idaho,50-64 years,Overall,322037.0,20.6,Scenarios B & D,2026-03-01
Idaho,50-64 years,Overall,322037.0,20.8,Scenarios B & D,2026-03-08
Idaho,50-64 years,Overall,322037.0,21.1,Scenarios B & D,2026-03-15
Idaho,50-64 years,Overall,322037.0,21.3,Scenarios B & D,2026-03-22
Idaho,50-64 years,Overall,322037.0,21.6,Scenarios B & D,2026-03-29
Idaho,50-64 years,Overall,322037.0,21.8,Scenarios B & D,2026-04-05
Idaho,50-64 years,Overall,322037.0,22.1,Scenarios B & D,2026-04-12
Idaho,50-64 years,Overall,322037.0,22.3,Scenarios B & D,2026-04-19
Idaho,50-64 years,Overall,322037.0,22.6,Scenarios B & D,2026-04-26
Idaho,6 months-17 years,Overall,440270.0,0.0,Scenarios B & D,2025-08-03
Idaho,6 months-17 years,Overall,440270.0,0.0,Scenarios B & D,2025-08-10
Idaho,6 months-17 years,Overall,440270.0,0.0,Scenarios B & D,2025-08-17
Idaho,6 months-17 years,Overall,440270.0,0.2,Scenarios B & D,2025-08-24
Idaho,6 months-17 years,Overall,440270.0,0.7,Scenarios B & D,2025-08-31
Idaho,6 months-17 years,Overall,440270.0,1.1,Scenarios B & D,2025-09-07
Idaho,6 months-17 years,Overall,440270.0,1.5,Scenarios B & D,2025-09-14
Idaho,6 months-17 years,Overall,440270.0,2.0,Scenarios B & D,2025-09-21
Idaho,6 months-17 years,Overall,440270.0,2.4,Scenarios B & D,2025-09-28
Idaho,6 months-17 years,Overall,440270.0,2.9,Scenarios B & D,2025-10-05
Idaho,6 months-17 years,Overall,440270.0,3.3,Scenarios B & D,2025-10-12
Idaho,6 months-17 years,Overall,440270.0,3.8,Scenarios B & D,2025-10-19
Idaho,6 months-17 years,Overall,440270.0,4.2,Scenarios B & D,2025-10-26
Idaho,6 months-17 years,Overall,440270.0,4.6,Scenarios B & D,2025-11-02
Idaho,6 months-17 years,Overall,440270.0,5.0,Scenarios B & D,2025-11-09
Idaho,6 months-17 years,Overall,440270.0,5.4,Scenarios B & D,2025-11-16
Idaho,6 months-17 years,Overall,440270.0,5.8,Scenarios B & D,2025-11-23
Idaho,6 months-17 years,Overall,440270.0,6.1,Scenarios B & D,2025-11-30
Idaho,6 months-17 years,Overall,440270.0,6.5,Scenarios B & D,2025-12-07
Idaho,6 months-17 years,Overall,440270.0,6.8,Scenarios B & D,2025-12-14
Idaho,6 months-17 years,Overall,440270.0,7.1,Scenarios B & D,2025-12-21
Idaho,6 months-17 years,Overall,440270.0,7.3,Scenarios B & D,2025-12-28
Idaho,6 months-17 years,Overall,440270.0,7.6,Scenarios B & D,2026-01-04
Idaho,6 months-17 years,Overall,440270.0,7.8,Scenarios B & D,2026-01-11
Idaho,6 months-17 years,Overall,440270.0,8.0,Scenarios B & D,2026-01-18
Idaho,6 months-17 years,Overall,440270.0,8.2,Scenarios B & D,2026-01-25
Idaho,6 months-17 years,Overall,440270.0,8.4,Scenarios B & D,2026-02-01
Idaho,6 months-17 years,Overall,440270.0,8.6,Scenarios B & D,2026-02-08
Idaho,6 months-17 years,Overall,440270.0,8.8,Scenarios B & D,2026-02-15
Idaho,6 months-17 years,Overall,440270.0,9.0,Scenarios B & D,2026-02-22
Idaho,6 months-17 years,Overall,440270.0,9.2,Scenarios B & D,2026-03-01
Idaho,6 months-17 years,Overall,440270.0,9.3,Scenarios B & D,2026-03-08
Idaho,6 months-17 years,Overall,440270.0,9.5,Scenarios B & D,2026-03-15
Idaho,6 months-17 years,Overall,440270.0,9.7,Scenarios B & D,2026-03-22
Idaho,6 months-17 years,Overall,440270.0,9.9,Scenarios B & D,2026-03-29
Idaho,6 months-17 years,Overall,440270.0,10.0,Scenarios B & D,2026-04-05
Idaho,6 months-17 years,Overall,440270.0,10.2,Scenarios B & D,2026-04-12
Idaho,6 months-17 years,Overall,440270.0,10.4,Scenarios B & D,2026-04-19
Idaho,6 months-17 years,Overall,440270.0,10.6,Scenarios B & D,2026-04-26
Idaho,65+ years,Overall,305994.0,0.0,Scenarios B & D,2025-08-03
Idaho,65+ years,Overall,305994.0,0.0,Scenarios B & D,2025-08-10
Idaho,65+ years,Overall,305994.0,0.8,Scenarios B & D,2025-08-17
Idaho,65+ years,Overall,305994.0,2.9,Scenarios B & D,2025-08-24
Idaho,65+ years,Overall,305994.0,4.9,Scenarios B & D,2025-08-31
Idaho,65+ years,Overall,305994.0,7.1,Scenarios B & D,2025-09-07
Idaho,65+ years,Overall,305994.0,9.3,Scenarios B & D,2025-09-14
Idaho,65+ years,Overall,305994.0,11.5,Scenarios B & D,2025-09-21
Idaho,65+ years,Overall,305994.0,13.8,Scenarios B & D,2025-09-28
Idaho,65+ years,Overall,305994.0,16.2,Scenarios B & D,2025-10-05
Idaho,65+ years,Overall,305994.0,18.4,Scenarios B & D,2025-10-12
Idaho,65+ years,Overall,305994.0,20.7,Scenarios B & D,2025-10-19
Idaho,65+ years,Overall,305994.0,22.8,Scenarios B & D,2025-10-26
Idaho,65+ years,Overall,305994.0,24.9,Scenarios B & D,2025-11-02
Idaho,65+ years,Overall,305994.0,26.8,Scenarios B & D,2025-11-09
Idaho,65+ years,Overall,305994.0,28.6,Scenarios B & D,2025-11-16
Idaho,65+ years,Overall,305994.0,30.2,Scenarios B & D,2025-11-23
Idaho,65+ years,Overall,305994.0,31.6,Scenarios B & D,2025-11-30
Idaho,65+ years,Overall,305994.0,32.9,Scenarios B & D,2025-12-07
Idaho,65+ years,Overall,305994.0,34.0,Scenarios B & D,2025-12-14
Idaho,65+ years,Overall,305994.0,35.0,Scenarios B & D,2025-12-21
Idaho,65+ years,Overall,305994.0,35.8,Scenarios B & D,2025-12-28
Idaho,65+ years,Overall,305994.0,36.6,Scenarios B & D,2026-01-04
Idaho,65+ years,Overall,305994.0,37.3,Scenarios B & D,2026-01-11
Idaho,65+ years,Overall,305994.0,37.9,Scenarios B & D,2026-01-18
Idaho,65+ years,Overall,305994.0,38.5,Scenarios B & D,2026-01-25
Idaho,65+ years,Overall,305994.0,39.1,Scenarios B & D,2026-02-01
Idaho,65+ years,Overall,305994.0,39.6,Scenarios B & D,2026-02-08
Idaho,65+ years,Overall,305994.0,40.2,Scenarios B & D,2026-02-15
Idaho,65+ years,Overall,305994.0,40.7,Scenarios B & D,2026-02-22
Idaho,65+ years,Overall,305994.0,41.3,Scenarios B & D,2026-03-01
Idaho,65+ years,Overall,305994.0,41.9,Scenarios B & D,2026-03-08
Idaho,65+ years,Overall,305994.0,42.4,Scenarios B & D,2026-03-15
Idaho,65+ years,Overall,305994.0,43.0,Scenarios B & D,2026-03-22
Idaho,65+ years,Overall,305994.0,43.5,Scenarios B & D,2026-03-29
Idaho,65+ years,Overall,305994.0,44.1,Scenarios B & D,2026-04-05
Idaho,65+ years,Overall,305994.0,44.6,Scenarios B & D,2026-04-12
Idaho,65+ years,Overall,305994.0,45.2,Scenarios B & D,2026-04-19
Idaho,65+ years,Overall,305994.0,45.8,Scenarios B & D,2026-04-26
Illinois,18-49 years,Overall,5266167.0,0.0,Scenarios B & D,2025-08-03
Illinois,18-49 years,Overall,5266167.0,0.0,Scenarios B & D,2025-08-10
Illinois,18-49 years,Overall,5266167.0,0.5,Scenarios B & D,2025-08-17
Illinois,18-49 years,Overall,5266167.0,1.3,Scenarios B & D,2025-08-24
Illinois,18-49 years,Overall,5266167.0,2.0,Scenarios B & D,2025-08-31
Illinois,18-49 years,Overall,5266167.0,2.8,Scenarios B & D,2025-09-07
Illinois,18-49 years,Overall,5266167.0,3.6,Scenarios B & D,2025-09-14
Illinois,18-49 years,Overall,5266167.0,4.4,Scenarios B & D,2025-09-21
Illinois,18-49 years,Overall,5266167.0,5.3,Scenarios B & D,2025-09-28
Illinois,18-49 years,Overall,5266167.0,6.1,Scenarios B & D,2025-10-05
Illinois,18-49 years,Overall,5266167.0,6.9,Scenarios B & D,2025-10-12
Illinois,18-49 years,Overall,5266167.0,7.7,Scenarios B & D,2025-10-19
Illinois,18-49 years,Overall,5266167.0,8.4,Scenarios B & D,2025-10-26
Illinois,18-49 years,Overall,5266167.0,9.1,Scenarios B & D,2025-11-02
Illinois,18-49 years,Overall,5266167.0,9.8,Scenarios B & D,2025-11-09
Illinois,18-49 years,Overall,5266167.0,10.4,Scenarios B & D,2025-11-16
Illinois,18-49 years,Overall,5266167.0,11.0,Scenarios B & D,2025-11-23
Illinois,18-49 years,Overall,5266167.0,11.5,Scenarios B & D,2025-11-30
Illinois,18-49 years,Overall,5266167.0,12.0,Scenarios B & D,2025-12-07
Illinois,18-49 years,Overall,5266167.0,12.4,Scenarios B & D,2025-12-14
Illinois,18-49 years,Overall,5266167.0,12.8,Scenarios B & D,2025-12-21
Illinois,18-49 years,Overall,5266167.0,13.1,Scenarios B & D,2025-12-28
Illinois,18-49 years,Overall,5266167.0,13.5,Scenarios B & D,2026-01-04
Illinois,18-49 years,Overall,5266167.0,13.8,Scenarios B & D,2026-01-11
Illinois,18-49 years,Overall,5266167.0,14.1,Scenarios B & D,2026-01-18
Illinois,18-49 years,Overall,5266167.0,14.4,Scenarios B & D,2026-01-25
Illinois,18-49 years,Overall,5266167.0,14.6,Scenarios B & D,2026-02-01
Illinois,18-49 years,Overall,5266167.0,14.9,Scenarios B & D,2026-02-08
Illinois,18-49 years,Overall,5266167.0,15.2,Scenarios B & D,2026-02-15
Illinois,18-49 years,Overall,5266167.0,15.5,Scenarios B & D,2026-02-22
Illinois,18-49 years,Overall,5266167.0,15.7,Scenarios B & D,2026-03-01
Illinois,18-49 years,Overall,5266167.0,16.0,Scenarios B & D,2026-03-08
Illinois,18-49 years,Overall,5266167.0,16.3,Scenarios B & D,2026-03-15
Illinois,18-49 years,Overall,5266167.0,16.6,Scenarios B & D,2026-03-22
Illinois,18-49 years,Overall,5266167.0,16.9,Scenarios B & D,2026-03-29
Illinois,18-49 years,Overall,5266167.0,17.1,Scenarios B & D,2026-04-05
Illinois,18-49 years,Overall,5266167.0,17.4,Scenarios B & D,2026-04-12
Illinois,18-49 years,Overall,5266167.0,17.7,Scenarios B & D,2026-04-19
Illinois,18-49 years,Overall,5266167.0,18.0,Scenarios B & D,2026-04-26
Illinois,50-64 years,Overall,2426795.0,0.0,Scenarios B & D,2025-08-03
Illinois,50-64 years,Overall,2426795.0,0.1,Scenarios B & D,2025-08-10
Illinois,50-64 years,Overall,2426795.0,1.7,Scenarios B & D,2025-08-17
Illinois,50-64 years,Overall,2426795.0,3.3,Scenarios B & D,2025-08-24
Illinois,50-64 years,Overall,2426795.0,4.9,Scenarios B & D,2025-08-31
Illinois,50-64 years,Overall,2426795.0,6.5,Scenarios B & D,2025-09-07
Illinois,50-64 years,Overall,2426795.0,8.1,Scenarios B & D,2025-09-14
Illinois,50-64 years,Overall,2426795.0,9.8,Scenarios B & D,2025-09-21
Illinois,50-64 years,Overall,2426795.0,11.4,Scenarios B & D,2025-09-28
Illinois,50-64 years,Overall,2426795.0,13.0,Scenarios B & D,2025-10-05
Illinois,50-64 years,Overall,2426795.0,14.5,Scenarios B & D,2025-10-12
Illinois,50-64 years,Overall,2426795.0,15.9,Scenarios B & D,2025-10-19
Illinois,50-64 years,Overall,2426795.0,17.2,Scenarios B & D,2025-10-26
Illinois,50-64 years,Overall,2426795.0,18.5,Scenarios B & D,2025-11-02
Illinois,50-64 years,Overall,2426795.0,19.6,Scenarios B & D,2025-11-09
Illinois,50-64 years,Overall,2426795.0,20.6,Scenarios B & D,2025-11-16
Illinois,50-64 years,Overall,2426795.0,21.5,Scenarios B & D,2025-11-23
Illinois,50-64 years,Overall,2426795.0,22.3,Scenarios B & D,2025-11-30
Illinois,50-64 years,Overall,2426795.0,23.0,Scenarios B & D,2025-12-07
Illinois,50-64 years,Overall,2426795.0,23.6,Scenarios B & D,2025-12-14
Illinois,50-64 years,Overall,2426795.0,24.3,Scenarios B & D,2025-12-21
Illinois,50-64 years,Overall,2426795.0,24.9,Scenarios B & D,2025-12-28
Illinois,50-64 years,Overall,2426795.0,25.4,Scenarios B & D,2026-01-04
Illinois,50-64 years,Overall,2426795.0,26.0,Scenarios B & D,2026-01-11
Illinois,50-64 years,Overall,2426795.0,26.5,Scenarios B & D,2026-01-18
Illinois,50-64 years,Overall,2426795.0,27.1,Scenarios B & D,2026-01-25
Illinois,50-64 years,Overall,2426795.0,27.6,Scenarios B & D,2026-02-01
Illinois,50-64 years,Overall,2426795.0,28.1,Scenarios B & D,2026-02-08
Illinois,50-64 years,Overall,2426795.0,28.7,Scenarios B & D,2026-02-15
Illinois,50-64 years,Overall,2426795.0,29.2,Scenarios B & D,2026-02-22
Illinois,50-64 years,Overall,2426795.0,29.7,Scenarios B & D,2026-03-01
Illinois,50-64 years,Overall,2426795.0,30.3,Scenarios B & D,2026-03-08
Illinois,50-64 years,Overall,2426795.0,30.8,Scenarios B & D,2026-03-15
Illinois,50-64 years,Overall,2426795.0,31.3,Scenarios B & D,2026-03-22
Illinois,50-64 years,Overall,2426795.0,31.8,Scenarios B & D,2026-03-29
Illinois,50-64 years,Overall,2426795.0,32.4,Scenarios B & D,2026-04-05
Illinois,50-64 years,Overall,2426795.0,32.9,Scenarios B & D,2026-04-12
Illinois,50-64 years,Overall,2426795.0,33.4,Scenarios B & D,2026-04-19
Illinois,50-64 years,Overall,2426795.0,34.0,Scenarios B & D,2026-04-26
Illinois,6 months-17 years,Overall,2707809.0,0.0,Scenarios B & D,2025-08-03
Illinois,6 months-17 years,Overall,2707809.0,0.0,Scenarios B & D,2025-08-10
Illinois,6 months-17 years,Overall,2707809.0,0.0,Scenarios B & D,2025-08-17
Illinois,6 months-17 years,Overall,2707809.0,0.6,Scenarios B & D,2025-08-24
Illinois,6 months-17 years,Overall,2707809.0,1.4,Scenarios B & D,2025-08-31
Illinois,6 months-17 years,Overall,2707809.0,2.2,Scenarios B & D,2025-09-07
Illinois,6 months-17 years,Overall,2707809.0,3.0,Scenarios B & D,2025-09-14
Illinois,6 months-17 years,Overall,2707809.0,3.8,Scenarios B & D,2025-09-21
Illinois,6 months-17 years,Overall,2707809.0,4.6,Scenarios B & D,2025-09-28
Illinois,6 months-17 years,Overall,2707809.0,5.4,Scenarios B & D,2025-10-05
Illinois,6 months-17 years,Overall,2707809.0,6.2,Scenarios B & D,2025-10-12
Illinois,6 months-17 years,Overall,2707809.0,7.0,Scenarios B & D,2025-10-19
Illinois,6 months-17 years,Overall,2707809.0,7.8,Scenarios B & D,2025-10-26
Illinois,6 months-17 years,Overall,2707809.0,8.5,Scenarios B & D,2025-11-02
Illinois,6 months-17 years,Overall,2707809.0,9.2,Scenarios B & D,2025-11-09
Illinois,6 months-17 years,Overall,2707809.0,9.8,Scenarios B & D,2025-11-16
Illinois,6 months-17 years,Overall,2707809.0,10.4,Scenarios B & D,2025-11-23
Illinois,6 months-17 years,Overall,2707809.0,11.0,Scenarios B & D,2025-11-30
Illinois,6 months-17 years,Overall,2707809.0,11.5,Scenarios B & D,2025-12-07
Illinois,6 months-17 years,Overall,2707809.0,12.0,Scenarios B & D,2025-12-14
Illinois,6 months-17 years,Overall,2707809.0,12.4,Scenarios B & D,2025-12-21
Illinois,6 months-17 years,Overall,2707809.0,12.8,Scenarios B & D,2025-12-28
Illinois,6 months-17 years,Overall,2707809.0,13.1,Scenarios B & D,2026-01-04
Illinois,6 months-17 years,Overall,2707809.0,13.4,Scenarios B & D,2026-01-11
Illinois,6 months-17 years,Overall,2707809.0,13.7,Scenarios B & D,2026-01-18
Illinois,6 months-17 years,Overall,2707809.0,13.9,Scenarios B & D,2026-01-25
Illinois,6 months-17 years,Overall,2707809.0,14.2,Scenarios B & D,2026-02-01
Illinois,6 months-17 years,Overall,2707809.0,14.4,Scenarios B & D,2026-02-08
Illinois,6 months-17 years,Overall,2707809.0,14.6,Scenarios B & D,2026-02-15
Illinois,6 months-17 years,Overall,2707809.0,14.8,Scenarios B & D,2026-02-22
Illinois,6 months-17 years,Overall,2707809.0,15.0,Scenarios B & D,2026-03-01
Illinois,6 months-17 years,Overall,2707809.0,15.2,Scenarios B & D,2026-03-08
Illinois,6 months-17 years,Overall,2707809.0,15.4,Scenarios B & D,2026-03-15
Illinois,6 months-17 years,Overall,2707809.0,15.6,Scenarios B & D,2026-03-22
Illinois,6 months-17 years,Overall,2707809.0,15.8,Scenarios B & D,2026-03-29
Illinois,6 months-17 years,Overall,2707809.0,15.9,Scenarios B & D,2026-04-05
Illinois,6 months-17 years,Overall,2707809.0,16.1,Scenarios B & D,2026-04-12
Illinois,6 months-17 years,Overall,2707809.0,16.3,Scenarios B & D,2026-04-19
Illinois,6 months-17 years,Overall,2707809.0,16.5,Scenarios B & D,2026-04-26
Illinois,65+ years,Overall,2089234.0,0.0,Scenarios B & D,2025-08-03
Illinois,65+ years,Overall,2089234.0,0.5,Scenarios B & D,2025-08-10
Illinois,65+ years,Overall,2089234.0,3.4,Scenarios B & D,2025-08-17
Illinois,65+ years,Overall,2089234.0,6.4,Scenarios B & D,2025-08-24
Illinois,65+ years,Overall,2089234.0,9.4,Scenarios B & D,2025-08-31
Illinois,65+ years,Overall,2089234.0,12.5,Scenarios B & D,2025-09-07
Illinois,65+ years,Overall,2089234.0,15.5,Scenarios B & D,2025-09-14
Illinois,65+ years,Overall,2089234.0,18.6,Scenarios B & D,2025-09-21
Illinois,65+ years,Overall,2089234.0,21.6,Scenarios B & D,2025-09-28
Illinois,65+ years,Overall,2089234.0,24.5,Scenarios B & D,2025-10-05
Illinois,65+ years,Overall,2089234.0,27.3,Scenarios B & D,2025-10-12
Illinois,65+ years,Overall,2089234.0,30.0,Scenarios B & D,2025-10-19
Illinois,65+ years,Overall,2089234.0,32.5,Scenarios B & D,2025-10-26
Illinois,65+ years,Overall,2089234.0,34.8,Scenarios B & D,2025-11-02
Illinois,65+ years,Overall,2089234.0,37.0,Scenarios B & D,2025-11-09
Illinois,65+ years,Overall,2089234.0,38.9,Scenarios B & D,2025-11-16
Illinois,65+ years,Overall,2089234.0,40.7,Scenarios B & D,2025-11-23
Illinois,65+ years,Overall,2089234.0,42.3,Scenarios B & D,2025-11-30
Illinois,65+ years,Overall,2089234.0,43.7,Scenarios B & D,2025-12-07
Illinois,65+ years,Overall,2089234.0,45.0,Scenarios B & D,2025-12-14
Illinois,65+ years,Overall,2089234.0,46.0,Scenarios B & D,2025-12-21
Illinois,65+ years,Overall,2089234.0,47.0,Scenarios B & D,2025-12-28
Illinois,65+ years,Overall,2089234.0,47.8,Scenarios B & D,2026-01-04
Illinois,65+ years,Overall,2089234.0,48.6,Scenarios B & D,2026-01-11
Illinois,65+ years,Overall,2089234.0,49.3,Scenarios B & D,2026-01-18
Illinois,65+ years,Overall,2089234.0,50.0,Scenarios B & D,2026-01-25
Illinois,65+ years,Overall,2089234.0,50.7,Scenarios B & D,2026-02-01
Illinois,65+ years,Overall,2089234.0,51.3,Scenarios B & D,2026-02-08
Illinois,65+ years,Overall,2089234.0,51.9,Scenarios B & D,2026-02-15
Illinois,65+ years,Overall,2089234.0,52.6,Scenarios B & D,2026-02-22
Illinois,65+ years,Overall,2089234.0,53.2,Scenarios B & D,2026-03-01
Illinois,65+ years,Overall,2089234.0,53.8,Scenarios B & D,2026-03-08
Illinois,65+ years,Overall,2089234.0,54.5,Scenarios B & D,2026-03-15
Illinois,65+ years,Overall,2089234.0,55.1,Scenarios B & D,2026-03-22
Illinois,65+ years,Overall,2089234.0,55.7,Scenarios B & D,2026-03-29
Illinois,65+ years,Overall,2089234.0,56.4,Scenarios B & D,2026-04-05
Illinois,65+ years,Overall,2089234.0,57.0,Scenarios B & D,2026-04-12
Illinois,65+ years,Overall,2089234.0,57.7,Scenarios B & D,2026-04-19
Illinois,65+ years,Overall,2089234.0,58.3,Scenarios B & D,2026-04-26
Indiana,18-49 years,Overall,2791976.0,0.0,Scenarios B & D,2025-08-03
Indiana,18-49 years,Overall,2791976.0,0.0,Scenarios B & D,2025-08-10
Indiana,18-49 years,Overall,2791976.0,0.5,Scenarios B & D,2025-08-17
Indiana,18-49 years,Overall,2791976.0,1.0,Scenarios B & D,2025-08-24
Indiana,18-49 years,Overall,2791976.0,1.6,Scenarios B & D,2025-08-31
Indiana,18-49 years,Overall,2791976.0,2.1,Scenarios B & D,2025-09-07
Indiana,18-49 years,Overall,2791976.0,2.7,Scenarios B & D,2025-09-14
Indiana,18-49 years,Overall,2791976.0,3.3,Scenarios B & D,2025-09-21
Indiana,18-49 years,Overall,2791976.0,3.8,Scenarios B & D,2025-09-28
Indiana,18-49 years,Overall,2791976.0,4.4,Scenarios B & D,2025-10-05
Indiana,18-49 years,Overall,2791976.0,4.9,Scenarios B & D,2025-10-12
Indiana,18-49 years,Overall,2791976.0,5.4,Scenarios B & D,2025-10-19
Indiana,18-49 years,Overall,2791976.0,5.9,Scenarios B & D,2025-10-26
Indiana,18-49 years,Overall,2791976.0,6.4,Scenarios B & D,2025-11-02
Indiana,18-49 years,Overall,2791976.0,6.8,Scenarios B & D,2025-11-09
Indiana,18-49 years,Overall,2791976.0,7.2,Scenarios B & D,2025-11-16
Indiana,18-49 years,Overall,2791976.0,7.6,Scenarios B & D,2025-11-23
Indiana,18-49 years,Overall,2791976.0,7.9,Scenarios B & D,2025-11-30
Indiana,18-49 years,Overall,2791976.0,8.3,Scenarios B & D,2025-12-07
Indiana,18-49 years,Overall,2791976.0,8.6,Scenarios B & D,2025-12-14
Indiana,18-49 years,Overall,2791976.0,8.8,Scenarios B & D,2025-12-21
Indiana,18-49 years,Overall,2791976.0,9.1,Scenarios B & D,2025-12-28
Indiana,18-49 years,Overall,2791976.0,9.3,Scenarios B & D,2026-01-04
Indiana,18-49 years,Overall,2791976.0,9.6,Scenarios B & D,2026-01-11
Indiana,18-49 years,Overall,2791976.0,9.8,Scenarios B & D,2026-01-18
Indiana,18-49 years,Overall,2791976.0,10.0,Scenarios B & D,2026-01-25
Indiana,18-49 years,Overall,2791976.0,10.2,Scenarios B & D,2026-02-01
Indiana,18-49 years,Overall,2791976.0,10.5,Scenarios B & D,2026-02-08
Indiana,18-49 years,Overall,2791976.0,10.7,Scenarios B & D,2026-02-15
Indiana,18-49 years,Overall,2791976.0,10.9,Scenarios B & D,2026-02-22
Indiana,18-49 years,Overall,2791976.0,11.1,Scenarios B & D,2026-03-01
Indiana,18-49 years,Overall,2791976.0,11.3,Scenarios B & D,2026-03-08
Indiana,18-49 years,Overall,2791976.0,11.6,Scenarios B & D,2026-03-15
Indiana,18-49 years,Overall,2791976.0,11.8,Scenarios B & D,2026-03-22
Indiana,18-49 years,Overall,2791976.0,12.0,Scenarios B & D,2026-03-29
Indiana,18-49 years,Overall,2791976.0,12.2,Scenarios B & D,2026-04-05
Indiana,18-49 years,Overall,2791976.0,12.5,Scenarios B & D,2026-04-12
Indiana,18-49 years,Overall,2791976.0,12.7,Scenarios B & D,2026-04-19
Indiana,18-49 years,Overall,2791976.0,12.9,Scenarios B & D,2026-04-26
Indiana,50-64 years,Overall,1278413.0,0.0,Scenarios B & D,2025-08-03
Indiana,50-64 years,Overall,1278413.0,0.3,Scenarios B & D,2025-08-10
Indiana,50-64 years,Overall,1278413.0,1.7,Scenarios B & D,2025-08-17
Indiana,50-64 years,Overall,1278413.0,3.1,Scenarios B & D,2025-08-24
Indiana,50-64 years,Overall,1278413.0,4.5,Scenarios B & D,2025-08-31
Indiana,50-64 years,Overall,1278413.0,5.9,Scenarios B & D,2025-09-07
Indiana,50-64 years,Overall,1278413.0,7.4,Scenarios B & D,2025-09-14
Indiana,50-64 years,Overall,1278413.0,8.8,Scenarios B & D,2025-09-21
Indiana,50-64 years,Overall,1278413.0,10.2,Scenarios B & D,2025-09-28
Indiana,50-64 years,Overall,1278413.0,11.5,Scenarios B & D,2025-10-05
Indiana,50-64 years,Overall,1278413.0,12.8,Scenarios B & D,2025-10-12
Indiana,50-64 years,Overall,1278413.0,13.9,Scenarios B & D,2025-10-19
Indiana,50-64 years,Overall,1278413.0,14.9,Scenarios B & D,2025-10-26
Indiana,50-64 years,Overall,1278413.0,15.8,Scenarios B & D,2025-11-02
Indiana,50-64 years,Overall,1278413.0,16.6,Scenarios B & D,2025-11-09
Indiana,50-64 years,Overall,1278413.0,17.3,Scenarios B & D,2025-11-16
Indiana,50-64 years,Overall,1278413.0,17.9,Scenarios B & D,2025-11-23
Indiana,50-64 years,Overall,1278413.0,18.4,Scenarios B & D,2025-11-30
Indiana,50-64 years,Overall,1278413.0,18.9,Scenarios B & D,2025-12-07
Indiana,50-64 years,Overall,1278413.0,19.2,Scenarios B & D,2025-12-14
Indiana,50-64 years,Overall,1278413.0,19.5,Scenarios B & D,2025-12-21
Indiana,50-64 years,Overall,1278413.0,19.7,Scenarios B & D,2025-12-28
Indiana,50-64 years,Overall,1278413.0,19.8,Scenarios B & D,2026-01-04
Indiana,50-64 years,Overall,1278413.0,19.8,Scenarios B & D,2026-01-11
Indiana,50-64 years,Overall,1278413.0,19.9,Scenarios B & D,2026-01-18
Indiana,50-64 years,Overall,1278413.0,19.9,Scenarios B & D,2026-01-25
Indiana,50-64 years,Overall,1278413.0,19.9,Scenarios B & D,2026-02-01
Indiana,50-64 years,Overall,1278413.0,19.9,Scenarios B & D,2026-02-08
Indiana,50-64 years,Overall,1278413.0,19.9,Scenarios B & D,2026-02-15
Indiana,50-64 years,Overall,1278413.0,19.9,Scenarios B & D,2026-02-22
Indiana,50-64 years,Overall,1278413.0,19.9,Scenarios B & D,2026-03-01
Indiana,50-64 years,Overall,1278413.0,19.9,Scenarios B & D,2026-03-08
Indiana,50-64 years,Overall,1278413.0,19.9,Scenarios B & D,2026-03-15
Indiana,50-64 years,Overall,1278413.0,19.9,Scenarios B & D,2026-03-22
Indiana,50-64 years,Overall,1278413.0,19.9,Scenarios B & D,2026-03-29
Indiana,50-64 years,Overall,1278413.0,19.9,Scenarios B & D,2026-04-05
Indiana,50-64 years,Overall,1278413.0,19.9,Scenarios B & D,2026-04-12
Indiana,50-64 years,Overall,1278413.0,19.9,Scenarios B & D,2026-04-19
Indiana,50-64 years,Overall,1278413.0,19.9,Scenarios B & D,2026-04-26
Indiana,6 months-17 years,Overall,1526214.0,0.0,Scenarios B & D,2025-08-03
Indiana,6 months-17 years,Overall,1526214.0,0.0,Scenarios B & D,2025-08-10
Indiana,6 months-17 years,Overall,1526214.0,0.0,Scenarios B & D,2025-08-17
Indiana,6 months-17 years,Overall,1526214.0,0.4,Scenarios B & D,2025-08-24
Indiana,6 months-17 years,Overall,1526214.0,0.8,Scenarios B & D,2025-08-31
Indiana,6 months-17 years,Overall,1526214.0,1.1,Scenarios B & D,2025-09-07
Indiana,6 months-17 years,Overall,1526214.0,1.5,Scenarios B & D,2025-09-14
Indiana,6 months-17 years,Overall,1526214.0,1.9,Scenarios B & D,2025-09-21
Indiana,6 months-17 years,Overall,1526214.0,2.3,Scenarios B & D,2025-09-28
Indiana,6 months-17 years,Overall,1526214.0,2.7,Scenarios B & D,2025-10-05
Indiana,6 months-17 years,Overall,1526214.0,3.0,Scenarios B & D,2025-10-12
Indiana,6 months-17 years,Overall,1526214.0,3.4,Scenarios B & D,2025-10-19
Indiana,6 months-17 years,Overall,1526214.0,3.7,Scenarios B & D,2025-10-26
Indiana,6 months-17 years,Overall,1526214.0,4.0,Scenarios B & D,2025-11-02
Indiana,6 months-17 years,Overall,1526214.0,4.4,Scenarios B & D,2025-11-09
Indiana,6 months-17 years,Overall,1526214.0,4.6,Scenarios B & D,2025-11-16
Indiana,6 months-17 years,Overall,1526214.0,4.9,Scenarios B & D,2025-11-23
Indiana,6 months-17 years,Overall,1526214.0,5.2,Scenarios B & D,2025-11-30
Indiana,6 months-17 years,Overall,1526214.0,5.4,Scenarios B & D,2025-12-07
Indiana,6 months-17 years,Overall,1526214.0,5.6,Scenarios B & D,2025-12-14
Indiana,6 months-17 years,Overall,1526214.0,5.8,Scenarios B & D,2025-12-21
Indiana,6 months-17 years,Overall,1526214.0,6.0,Scenarios B & D,2025-12-28
Indiana,6 months-17 years,Overall,1526214.0,6.2,Scenarios B & D,2026-01-04
Indiana,6 months-17 years,Overall,1526214.0,6.4,Scenarios B & D,2026-01-11
Indiana,6 months-17 years,Overall,1526214.0,6.5,Scenarios B & D,2026-01-18
Indiana,6 months-17 years,Overall,1526214.0,6.7,Scenarios B & D,2026-01-25
Indiana,6 months-17 years,Overall,1526214.0,6.8,Scenarios B & D,2026-02-01
Indiana,6 months-17 years,Overall,1526214.0,6.9,Scenarios B & D,2026-02-08
Indiana,6 months-17 years,Overall,1526214.0,7.1,Scenarios B & D,2026-02-15
Indiana,6 months-17 years,Overall,1526214.0,7.2,Scenarios B & D,2026-02-22
Indiana,6 months-17 years,Overall,1526214.0,7.4,Scenarios B & D,2026-03-01
Indiana,6 months-17 years,Overall,1526214.0,7.5,Scenarios B & D,2026-03-08
Indiana,6 months-17 years,Overall,1526214.0,7.6,Scenarios B & D,2026-03-15
Indiana,6 months-17 years,Overall,1526214.0,7.8,Scenarios B & D,2026-03-22
Indiana,6 months-17 years,Overall,1526214.0,7.9,Scenarios B & D,2026-03-29
Indiana,6 months-17 years,Overall,1526214.0,8.1,Scenarios B & D,2026-04-05
Indiana,6 months-17 years,Overall,1526214.0,8.2,Scenarios B & D,2026-04-12
Indiana,6 months-17 years,Overall,1526214.0,8.3,Scenarios B & D,2026-04-19
Indiana,6 months-17 years,Overall,1526214.0,8.5,Scenarios B & D,2026-04-26
Indiana,65+ years,Overall,1115285.0,0.0,Scenarios B & D,2025-08-03
Indiana,65+ years,Overall,1115285.0,0.0,Scenarios B & D,2025-08-10
Indiana,65+ years,Overall,1115285.0,1.8,Scenarios B & D,2025-08-17
Indiana,65+ years,Overall,1115285.0,4.2,Scenarios B & D,2025-08-24
Indiana,65+ years,Overall,1115285.0,6.6,Scenarios B & D,2025-08-31
Indiana,65+ years,Overall,1115285.0,9.1,Scenarios B & D,2025-09-07
Indiana,65+ years,Overall,1115285.0,11.7,Scenarios B & D,2025-09-14
Indiana,65+ years,Overall,1115285.0,14.2,Scenarios B & D,2025-09-21
Indiana,65+ years,Overall,1115285.0,16.8,Scenarios B & D,2025-09-28
Indiana,65+ years,Overall,1115285.0,19.4,Scenarios B & D,2025-10-05
Indiana,65+ years,Overall,1115285.0,21.9,Scenarios B & D,2025-10-12
Indiana,65+ years,Overall,1115285.0,24.2,Scenarios B & D,2025-10-19
Indiana,65+ years,Overall,1115285.0,26.4,Scenarios B & D,2025-10-26
Indiana,65+ years,Overall,1115285.0,28.5,Scenarios B & D,2025-11-02
Indiana,65+ years,Overall,1115285.0,30.4,Scenarios B & D,2025-11-09
Indiana,65+ years,Overall,1115285.0,32.2,Scenarios B & D,2025-11-16
Indiana,65+ years,Overall,1115285.0,33.7,Scenarios B & D,2025-11-23
Indiana,65+ years,Overall,1115285.0,35.1,Scenarios B & D,2025-11-30
Indiana,65+ years,Overall,1115285.0,36.3,Scenarios B & D,2025-12-07
Indiana,65+ years,Overall,1115285.0,37.2,Scenarios B & D,2025-12-14
Indiana,65+ years,Overall,1115285.0,38.1,Scenarios B & D,2025-12-21
Indiana,65+ years,Overall,1115285.0,38.7,Scenarios B & D,2025-12-28
Indiana,65+ years,Overall,1115285.0,39.2,Scenarios B & D,2026-01-04
Indiana,65+ years,Overall,1115285.0,39.7,Scenarios B & D,2026-01-11
Indiana,65+ years,Overall,1115285.0,40.0,Scenarios B & D,2026-01-18
Indiana,65+ years,Overall,1115285.0,40.3,Scenarios B & D,2026-01-25
Indiana,65+ years,Overall,1115285.0,40.6,Scenarios B & D,2026-02-01
Indiana,65+ years,Overall,1115285.0,40.9,Scenarios B & D,2026-02-08
Indiana,65+ years,Overall,1115285.0,41.2,Scenarios B & D,2026-02-15
Indiana,65+ years,Overall,1115285.0,41.5,Scenarios B & D,2026-02-22
Indiana,65+ years,Overall,1115285.0,41.7,Scenarios B & D,2026-03-01
Indiana,65+ years,Overall,1115285.0,42.0,Scenarios B & D,2026-03-08
Indiana,65+ years,Overall,1115285.0,42.3,Scenarios B & D,2026-03-15
Indiana,65+ years,Overall,1115285.0,42.6,Scenarios B & D,2026-03-22
Indiana,65+ years,Overall,1115285.0,42.8,Scenarios B & D,2026-03-29
Indiana,65+ years,Overall,1115285.0,43.1,Scenarios B & D,2026-04-05
Indiana,65+ years,Overall,1115285.0,43.4,Scenarios B & D,2026-04-12
Indiana,65+ years,Overall,1115285.0,43.7,Scenarios B & D,2026-04-19
Indiana,65+ years,Overall,1115285.0,43.9,Scenarios B & D,2026-04-26
Iowa,18-49 years,Overall,1276765.0,0.0,Scenarios B & D,2025-08-03
Iowa,18-49 years,Overall,1276765.0,0.0,Scenarios B & D,2025-08-10
Iowa,18-49 years,Overall,1276765.0,0.1,Scenarios B & D,2025-08-17
Iowa,18-49 years,Overall,1276765.0,1.0,Scenarios B & D,2025-08-24
Iowa,18-49 years,Overall,1276765.0,1.9,Scenarios B & D,2025-08-31
Iowa,18-49 years,Overall,1276765.0,2.9,Scenarios B & D,2025-09-07
Iowa,18-49 years,Overall,1276765.0,3.9,Scenarios B & D,2025-09-14
Iowa,18-49 years,Overall,1276765.0,4.9,Scenarios B & D,2025-09-21
Iowa,18-49 years,Overall,1276765.0,6.0,Scenarios B & D,2025-09-28
Iowa,18-49 years,Overall,1276765.0,7.1,Scenarios B & D,2025-10-05
Iowa,18-49 years,Overall,1276765.0,8.2,Scenarios B & D,2025-10-12
Iowa,18-49 years,Overall,1276765.0,9.3,Scenarios B & D,2025-10-19
Iowa,18-49 years,Overall,1276765.0,10.4,Scenarios B & D,2025-10-26
Iowa,18-49 years,Overall,1276765.0,11.6,Scenarios B & D,2025-11-02
Iowa,18-49 years,Overall,1276765.0,12.6,Scenarios B & D,2025-11-09
Iowa,18-49 years,Overall,1276765.0,13.7,Scenarios B & D,2025-11-16
Iowa,18-49 years,Overall,1276765.0,14.7,Scenarios B & D,2025-11-23
Iowa,18-49 years,Overall,1276765.0,15.6,Scenarios B & D,2025-11-30
Iowa,18-49 years,Overall,1276765.0,16.5,Scenarios B & D,2025-12-07
Iowa,18-49 years,Overall,1276765.0,17.2,Scenarios B & D,2025-12-14
Iowa,18-49 years,Overall,1276765.0,17.8,Scenarios B & D,2025-12-21
Iowa,18-49 years,Overall,1276765.0,18.2,Scenarios B & D,2025-12-28
Iowa,18-49 years,Overall,1276765.0,18.6,Scenarios B & D,2026-01-04
Iowa,18-49 years,Overall,1276765.0,18.9,Scenarios B & D,2026-01-11
Iowa,18-49 years,Overall,1276765.0,19.2,Scenarios B & D,2026-01-18
Iowa,18-49 years,Overall,1276765.0,19.5,Scenarios B & D,2026-01-25
Iowa,18-49 years,Overall,1276765.0,19.7,Scenarios B & D,2026-02-01
Iowa,18-49 years,Overall,1276765.0,19.9,Scenarios B & D,2026-02-08
Iowa,18-49 years,Overall,1276765.0,20.1,Scenarios B & D,2026-02-15
Iowa,18-49 years,Overall,1276765.0,20.3,Scenarios B & D,2026-02-22
Iowa,18-49 years,Overall,1276765.0,20.5,Scenarios B & D,2026-03-01
Iowa,18-49 years,Overall,1276765.0,20.7,Scenarios B & D,2026-03-08
Iowa,18-49 years,Overall,1276765.0,20.9,Scenarios B & D,2026-03-15
Iowa,18-49 years,Overall,1276765.0,21.1,Scenarios B & D,2026-03-22
Iowa,18-49 years,Overall,1276765.0,21.3,Scenarios B & D,2026-03-29
Iowa,18-49 years,Overall,1276765.0,21.5,Scenarios B & D,2026-04-05
Iowa,18-49 years,Overall,1276765.0,21.7,Scenarios B & D,2026-04-12
Iowa,18-49 years,Overall,1276765.0,21.9,Scenarios B & D,2026-04-19
Iowa,18-49 years,Overall,1276765.0,22.1,Scenarios B & D,2026-04-26
Iowa,50-64 years,Overall,593299.0,0.0,Scenarios B & D,2025-08-03
Iowa,50-64 years,Overall,593299.0,0.0,Scenarios B & D,2025-08-10
Iowa,50-64 years,Overall,593299.0,0.8,Scenarios B & D,2025-08-17
Iowa,50-64 years,Overall,593299.0,2.0,Scenarios B & D,2025-08-24
Iowa,50-64 years,Overall,593299.0,3.2,Scenarios B & D,2025-08-31
Iowa,50-64 years,Overall,593299.0,4.4,Scenarios B & D,2025-09-07
Iowa,50-64 years,Overall,593299.0,5.7,Scenarios B & D,2025-09-14
Iowa,50-64 years,Overall,593299.0,7.0,Scenarios B & D,2025-09-21
Iowa,50-64 years,Overall,593299.0,8.4,Scenarios B & D,2025-09-28
Iowa,50-64 years,Overall,593299.0,9.7,Scenarios B & D,2025-10-05
Iowa,50-64 years,Overall,593299.0,11.0,Scenarios B & D,2025-10-12
Iowa,50-64 years,Overall,593299.0,12.2,Scenarios B & D,2025-10-19
Iowa,50-64 years,Overall,593299.0,13.4,Scenarios B & D,2025-10-26
Iowa,50-64 years,Overall,593299.0,14.5,Scenarios B & D,2025-11-02
Iowa,50-64 years,Overall,593299.0,15.6,Scenarios B & D,2025-11-09
Iowa,50-64 years,Overall,593299.0,16.6,Scenarios B & D,2025-11-16
Iowa,50-64 years,Overall,593299.0,17.6,Scenarios B & D,2025-11-23
Iowa,50-64 years,Overall,593299.0,18.5,Scenarios B & D,2025-11-30
Iowa,50-64 years,Overall,593299.0,19.3,Scenarios B & D,2025-12-07
Iowa,50-64 years,Overall,593299.0,20.1,Scenarios B & D,2025-12-14
Iowa,50-64 years,Overall,593299.0,20.8,Scenarios B & D,2025-12-21
Iowa,50-64 years,Overall,593299.0,21.4,Scenarios B & D,2025-12-28
Iowa,50-64 years,Overall,593299.0,22.1,Scenarios B & D,2026-01-04
Iowa,50-64 years,Overall,593299.0,22.7,Scenarios B & D,2026-01-11
Iowa,50-64 years,Overall,593299.0,23.3,Scenarios B & D,2026-01-18
Iowa,50-64 years,Overall,593299.0,23.9,Scenarios B & D,2026-01-25
Iowa,50-64 years,Overall,593299.0,24.5,Scenarios B & D,2026-02-01
Iowa,50-64 years,Overall,593299.0,25.0,Scenarios B & D,2026-02-08
Iowa,50-64 years,Overall,593299.0,25.6,Scenarios B & D,2026-02-15
Iowa,50-64 years,Overall,593299.0,26.2,Scenarios B & D,2026-02-22
Iowa,50-64 years,Overall,593299.0,26.8,Scenarios B & D,2026-03-01
Iowa,50-64 years,Overall,593299.0,27.4,Scenarios B & D,2026-03-08
Iowa,50-64 years,Overall,593299.0,27.9,Scenarios B & D,2026-03-15
Iowa,50-64 years,Overall,593299.0,28.5,Scenarios B & D,2026-03-22
Iowa,50-64 years,Overall,593299.0,29.1,Scenarios B & D,2026-03-29
Iowa,50-64 years,Overall,593299.0,29.7,Scenarios B & D,2026-04-05
Iowa,50-64 years,Overall,593299.0,30.3,Scenarios B & D,2026-04-12
Iowa,50-64 years,Overall,593299.0,30.8,Scenarios B & D,2026-04-19
Iowa,50-64 years,Overall,593299.0,31.4,Scenarios B & D,2026-04-26
Iowa,6 months-17 years,Overall,707072.0,0.0,Scenarios B & D,2025-08-03
Iowa,6 months-17 years,Overall,707072.0,0.0,Scenarios B & D,2025-08-10
Iowa,6 months-17 years,Overall,707072.0,0.0,Scenarios B & D,2025-08-17
Iowa,6 months-17 years,Overall,707072.0,0.1,Scenarios B & D,2025-08-24
Iowa,6 months-17 years,Overall,707072.0,0.8,Scenarios B & D,2025-08-31
Iowa,6 months-17 years,Overall,707072.0,1.4,Scenarios B & D,2025-09-07
Iowa,6 months-17 years,Overall,707072.0,2.0,Scenarios B & D,2025-09-14
Iowa,6 months-17 years,Overall,707072.0,2.7,Scenarios B & D,2025-09-21
Iowa,6 months-17 years,Overall,707072.0,3.3,Scenarios B & D,2025-09-28
Iowa,6 months-17 years,Overall,707072.0,4.0,Scenarios B & D,2025-10-05
Iowa,6 months-17 years,Overall,707072.0,4.7,Scenarios B & D,2025-10-12
Iowa,6 months-17 years,Overall,707072.0,5.3,Scenarios B & D,2025-10-19
Iowa,6 months-17 years,Overall,707072.0,6.0,Scenarios B & D,2025-10-26
Iowa,6 months-17 years,Overall,707072.0,6.7,Scenarios B & D,2025-11-02
Iowa,6 months-17 years,Overall,707072.0,7.3,Scenarios B & D,2025-11-09
Iowa,6 months-17 years,Overall,707072.0,7.9,Scenarios B & D,2025-11-16
Iowa,6 months-17 years,Overall,707072.0,8.5,Scenarios B & D,2025-11-23
Iowa,6 months-17 years,Overall,707072.0,9.1,Scenarios B & D,2025-11-30
Iowa,6 months-17 years,Overall,707072.0,9.6,Scenarios B & D,2025-12-07
Iowa,6 months-17 years,Overall,707072.0,10.1,Scenarios B & D,2025-12-14
Iowa,6 months-17 years,Overall,707072.0,10.5,Scenarios B & D,2025-12-21
Iowa,6 months-17 years,Overall,707072.0,11.0,Scenarios B & D,2025-12-28
Iowa,6 months-17 years,Overall,707072.0,11.3,Scenarios B & D,2026-01-04
Iowa,6 months-17 years,Overall,707072.0,11.7,Scenarios B & D,2026-01-11
Iowa,6 months-17 years,Overall,707072.0,12.1,Scenarios B & D,2026-01-18
Iowa,6 months-17 years,Overall,707072.0,12.4,Scenarios B & D,2026-01-25
Iowa,6 months-17 years,Overall,707072.0,12.7,Scenarios B & D,2026-02-01
Iowa,6 months-17 years,Overall,707072.0,13.0,Scenarios B & D,2026-02-08
Iowa,6 months-17 years,Overall,707072.0,13.2,Scenarios B & D,2026-02-15
Iowa,6 months-17 years,Overall,707072.0,13.5,Scenarios B & D,2026-02-22
Iowa,6 months-17 years,Overall,707072.0,13.8,Scenarios B & D,2026-03-01
Iowa,6 months-17 years,Overall,707072.0,14.0,Scenarios B & D,2026-03-08
Iowa,6 months-17 years,Overall,707072.0,14.3,Scenarios B & D,2026-03-15
Iowa,6 months-17 years,Overall,707072.0,14.6,Scenarios B & D,2026-03-22
Iowa,6 months-17 years,Overall,707072.0,14.8,Scenarios B & D,2026-03-29
Iowa,6 months-17 years,Overall,707072.0,15.1,Scenarios B & D,2026-04-05
Iowa,6 months-17 years,Overall,707072.0,15.3,Scenarios B & D,2026-04-12
Iowa,6 months-17 years,Overall,707072.0,15.6,Scenarios B & D,2026-04-19
Iowa,6 months-17 years,Overall,707072.0,15.9,Scenarios B & D,2026-04-26
Iowa,65+ years,Overall,566136.0,0.0,Scenarios B & D,2025-08-03
Iowa,65+ years,Overall,566136.0,0.0,Scenarios B & D,2025-08-10
Iowa,65+ years,Overall,566136.0,1.4,Scenarios B & D,2025-08-17
Iowa,65+ years,Overall,566136.0,3.9,Scenarios B & D,2025-08-24
Iowa,65+ years,Overall,566136.0,6.4,Scenarios B & D,2025-08-31
Iowa,65+ years,Overall,566136.0,9.0,Scenarios B & D,2025-09-07
Iowa,65+ years,Overall,566136.0,11.7,Scenarios B & D,2025-09-14
Iowa,65+ years,Overall,566136.0,14.4,Scenarios B & D,2025-09-21
Iowa,65+ years,Overall,566136.0,17.2,Scenarios B & D,2025-09-28
Iowa,65+ years,Overall,566136.0,19.9,Scenarios B & D,2025-10-05
Iowa,65+ years,Overall,566136.0,22.7,Scenarios B & D,2025-10-12
Iowa,65+ years,Overall,566136.0,25.4,Scenarios B & D,2025-10-19
Iowa,65+ years,Overall,566136.0,28.1,Scenarios B & D,2025-10-26
Iowa,65+ years,Overall,566136.0,30.6,Scenarios B & D,2025-11-02
Iowa,65+ years,Overall,566136.0,32.9,Scenarios B & D,2025-11-09
Iowa,65+ years,Overall,566136.0,35.1,Scenarios B & D,2025-11-16
Iowa,65+ years,Overall,566136.0,37.0,Scenarios B & D,2025-11-23
Iowa,65+ years,Overall,566136.0,38.7,Scenarios B & D,2025-11-30
Iowa,65+ years,Overall,566136.0,40.2,Scenarios B & D,2025-12-07
Iowa,65+ years,Overall,566136.0,41.5,Scenarios B & D,2025-12-14
Iowa,65+ years,Overall,566136.0,42.6,Scenarios B & D,2025-12-21
Iowa,65+ years,Overall,566136.0,43.7,Scenarios B & D,2025-12-28
Iowa,65+ years,Overall,566136.0,44.6,Scenarios B & D,2026-01-04
Iowa,65+ years,Overall,566136.0,45.5,Scenarios B & D,2026-01-11
Iowa,65+ years,Overall,566136.0,46.4,Scenarios B & D,2026-01-18
Iowa,65+ years,Overall,566136.0,47.2,Scenarios B & D,2026-01-25
Iowa,65+ years,Overall,566136.0,48.0,Scenarios B & D,2026-02-01
Iowa,65+ years,Overall,566136.0,48.8,Scenarios B & D,2026-02-08
Iowa,65+ years,Overall,566136.0,49.6,Scenarios B & D,2026-02-15
Iowa,65+ years,Overall,566136.0,50.4,Scenarios B & D,2026-02-22
Iowa,65+ years,Overall,566136.0,51.2,Scenarios B & D,2026-03-01
Iowa,65+ years,Overall,566136.0,52.0,Scenarios B & D,2026-03-08
Iowa,65+ years,Overall,566136.0,52.8,Scenarios B & D,2026-03-15
Iowa,65+ years,Overall,566136.0,53.6,Scenarios B & D,2026-03-22
Iowa,65+ years,Overall,566136.0,54.3,Scenarios B & D,2026-03-29
Iowa,65+ years,Overall,566136.0,55.1,Scenarios B & D,2026-04-05
Iowa,65+ years,Overall,566136.0,55.9,Scenarios B & D,2026-04-12
Iowa,65+ years,Overall,566136.0,56.7,Scenarios B & D,2026-04-19
Iowa,65+ years,Overall,566136.0,57.5,Scenarios B & D,2026-04-26
Kansas,18-49 years,Overall,1177590.0,0.0,Scenarios B & D,2025-08-03
Kansas,18-49 years,Overall,1177590.0,0.0,Scenarios B & D,2025-08-10
Kansas,18-49 years,Overall,1177590.0,0.4,Scenarios B & D,2025-08-17
Kansas,18-49 years,Overall,1177590.0,0.9,Scenarios B & D,2025-08-24
Kansas,18-49 years,Overall,1177590.0,1.5,Scenarios B & D,2025-08-31
Kansas,18-49 years,Overall,1177590.0,2.1,Scenarios B & D,2025-09-07
Kansas,18-49 years,Overall,1177590.0,2.6,Scenarios B & D,2025-09-14
Kansas,18-49 years,Overall,1177590.0,3.2,Scenarios B & D,2025-09-21
Kansas,18-49 years,Overall,1177590.0,3.8,Scenarios B & D,2025-09-28
Kansas,18-49 years,Overall,1177590.0,4.4,Scenarios B & D,2025-10-05
Kansas,18-49 years,Overall,1177590.0,4.9,Scenarios B & D,2025-10-12
Kansas,18-49 years,Overall,1177590.0,5.5,Scenarios B & D,2025-10-19
Kansas,18-49 years,Overall,1177590.0,6.0,Scenarios B & D,2025-10-26
Kansas,18-49 years,Overall,1177590.0,6.5,Scenarios B & D,2025-11-02
Kansas,18-49 years,Overall,1177590.0,7.0,Scenarios B & D,2025-11-09
Kansas,18-49 years,Overall,1177590.0,7.5,Scenarios B & D,2025-11-16
Kansas,18-49 years,Overall,1177590.0,8.0,Scenarios B & D,2025-11-23
Kansas,18-49 years,Overall,1177590.0,8.4,Scenarios B & D,2025-11-30
Kansas,18-49 years,Overall,1177590.0,8.8,Scenarios B & D,2025-12-07
Kansas,18-49 years,Overall,1177590.0,9.2,Scenarios B & D,2025-12-14
Kansas,18-49 years,Overall,1177590.0,9.5,Scenarios B & D,2025-12-21
Kansas,18-49 years,Overall,1177590.0,9.9,Scenarios B & D,2025-12-28
Kansas,18-49 years,Overall,1177590.0,10.2,Scenarios B & D,2026-01-04
Kansas,18-49 years,Overall,1177590.0,10.5,Scenarios B & D,2026-01-11
Kansas,18-49 years,Overall,1177590.0,10.8,Scenarios B & D,2026-01-18
Kansas,18-49 years,Overall,1177590.0,11.2,Scenarios B & D,2026-01-25
Kansas,18-49 years,Overall,1177590.0,11.5,Scenarios B & D,2026-02-01
Kansas,18-49 years,Overall,1177590.0,11.8,Scenarios B & D,2026-02-08
Kansas,18-49 years,Overall,1177590.0,12.1,Scenarios B & D,2026-02-15
Kansas,18-49 years,Overall,1177590.0,12.5,Scenarios B & D,2026-02-22
Kansas,18-49 years,Overall,1177590.0,12.8,Scenarios B & D,2026-03-01
Kansas,18-49 years,Overall,1177590.0,13.1,Scenarios B & D,2026-03-08
Kansas,18-49 years,Overall,1177590.0,13.4,Scenarios B & D,2026-03-15
Kansas,18-49 years,Overall,1177590.0,13.8,Scenarios B & D,2026-03-22
Kansas,18-49 years,Overall,1177590.0,14.1,Scenarios B & D,2026-03-29
Kansas,18-49 years,Overall,1177590.0,14.4,Scenarios B & D,2026-04-05
Kansas,18-49 years,Overall,1177590.0,14.7,Scenarios B & D,2026-04-12
Kansas,18-49 years,Overall,1177590.0,15.1,Scenarios B & D,2026-04-19
Kansas,18-49 years,Overall,1177590.0,15.4,Scenarios B & D,2026-04-26
Kansas,50-64 years,Overall,528417.0,0.0,Scenarios B & D,2025-08-03
Kansas,50-64 years,Overall,528417.0,0.0,Scenarios B & D,2025-08-10
Kansas,50-64 years,Overall,528417.0,1.0,Scenarios B & D,2025-08-17
Kansas,50-64 years,Overall,528417.0,2.1,Scenarios B & D,2025-08-24
Kansas,50-64 years,Overall,528417.0,3.3,Scenarios B & D,2025-08-31
Kansas,50-64 years,Overall,528417.0,4.4,Scenarios B & D,2025-09-07
Kansas,50-64 years,Overall,528417.0,5.6,Scenarios B & D,2025-09-14
Kansas,50-64 years,Overall,528417.0,6.8,Scenarios B & D,2025-09-21
Kansas,50-64 years,Overall,528417.0,7.9,Scenarios B & D,2025-09-28
Kansas,50-64 years,Overall,528417.0,9.0,Scenarios B & D,2025-10-05
Kansas,50-64 years,Overall,528417.0,10.1,Scenarios B & D,2025-10-12
Kansas,50-64 years,Overall,528417.0,11.0,Scenarios B & D,2025-10-19
Kansas,50-64 years,Overall,528417.0,11.9,Scenarios B & D,2025-10-26
Kansas,50-64 years,Overall,528417.0,12.7,Scenarios B & D,2025-11-02
Kansas,50-64 years,Overall,528417.0,13.4,Scenarios B & D,2025-11-09
Kansas,50-64 years,Overall,528417.0,14.0,Scenarios B & D,2025-11-16
Kansas,50-64 years,Overall,528417.0,14.5,Scenarios B & D,2025-11-23
Kansas,50-64 years,Overall,528417.0,14.9,Scenarios B & D,2025-11-30
Kansas,50-64 years,Overall,528417.0,15.3,Scenarios B & D,2025-12-07
Kansas,50-64 years,Overall,528417.0,15.6,Scenarios B & D,2025-12-14
Kansas,50-64 years,Overall,528417.0,15.9,Scenarios B & D,2025-12-21
Kansas,50-64 years,Overall,528417.0,16.2,Scenarios B & D,2025-12-28
Kansas,50-64 years,Overall,528417.0,16.4,Scenarios B & D,2026-01-04
Kansas,50-64 years,Overall,528417.0,16.7,Scenarios B & D,2026-01-11
Kansas,50-64 years,Overall,528417.0,16.9,Scenarios B & D,2026-01-18
Kansas,50-64 years,Overall,528417.0,17.1,Scenarios B & D,2026-01-25
Kansas,50-64 years,Overall,528417.0,17.3,Scenarios B & D,2026-02-01
Kansas,50-64 years,Overall,528417.0,17.6,Scenarios B & D,2026-02-08
Kansas,50-64 years,Overall,528417.0,17.8,Scenarios B & D,2026-02-15
Kansas,50-64 years,Overall,528417.0,18.0,Scenarios B & D,2026-02-22
Kansas,50-64 years,Overall,528417.0,18.2,Scenarios B & D,2026-03-01
Kansas,50-64 years,Overall,528417.0,18.5,Scenarios B & D,2026-03-08
Kansas,50-64 years,Overall,528417.0,18.7,Scenarios B & D,2026-03-15
Kansas,50-64 years,Overall,528417.0,18.9,Scenarios B & D,2026-03-22
Kansas,50-64 years,Overall,528417.0,19.1,Scenarios B & D,2026-03-29
Kansas,50-64 years,Overall,528417.0,19.4,Scenarios B & D,2026-04-05
Kansas,50-64 years,Overall,528417.0,19.6,Scenarios B & D,2026-04-12
Kansas,50-64 years,Overall,528417.0,19.8,Scenarios B & D,2026-04-19
Kansas,50-64 years,Overall,528417.0,20.0,Scenarios B & D,2026-04-26
Kansas,6 months-17 years,Overall,679106.0,0.0,Scenarios B & D,2025-08-03
Kansas,6 months-17 years,Overall,679106.0,0.0,Scenarios B & D,2025-08-10
Kansas,6 months-17 years,Overall,679106.0,0.0,Scenarios B & D,2025-08-17
Kansas,6 months-17 years,Overall,679106.0,0.3,Scenarios B & D,2025-08-24
Kansas,6 months-17 years,Overall,679106.0,0.9,Scenarios B & D,2025-08-31
Kansas,6 months-17 years,Overall,679106.0,1.5,Scenarios B & D,2025-09-07
Kansas,6 months-17 years,Overall,679106.0,2.1,Scenarios B & D,2025-09-14
Kansas,6 months-17 years,Overall,679106.0,2.7,Scenarios B & D,2025-09-21
Kansas,6 months-17 years,Overall,679106.0,3.4,Scenarios B & D,2025-09-28
Kansas,6 months-17 years,Overall,679106.0,4.0,Scenarios B & D,2025-10-05
Kansas,6 months-17 years,Overall,679106.0,4.6,Scenarios B & D,2025-10-12
Kansas,6 months-17 years,Overall,679106.0,5.3,Scenarios B & D,2025-10-19
Kansas,6 months-17 years,Overall,679106.0,5.9,Scenarios B & D,2025-10-26
Kansas,6 months-17 years,Overall,679106.0,6.5,Scenarios B & D,2025-11-02
Kansas,6 months-17 years,Overall,679106.0,7.1,Scenarios B & D,2025-11-09
Kansas,6 months-17 years,Overall,679106.0,7.6,Scenarios B & D,2025-11-16
Kansas,6 months-17 years,Overall,679106.0,8.1,Scenarios B & D,2025-11-23
Kansas,6 months-17 years,Overall,679106.0,8.6,Scenarios B & D,2025-11-30
Kansas,6 months-17 years,Overall,679106.0,9.0,Scenarios B & D,2025-12-07
Kansas,6 months-17 years,Overall,679106.0,9.4,Scenarios B & D,2025-12-14
Kansas,6 months-17 years,Overall,679106.0,9.8,Scenarios B & D,2025-12-21
Kansas,6 months-17 years,Overall,679106.0,10.1,Scenarios B & D,2025-12-28
Kansas,6 months-17 years,Overall,679106.0,10.4,Scenarios B & D,2026-01-04
Kansas,6 months-17 years,Overall,679106.0,10.7,Scenarios B & D,2026-01-11
Kansas,6 months-17 years,Overall,679106.0,10.9,Scenarios B & D,2026-01-18
Kansas,6 months-17 years,Overall,679106.0,11.2,Scenarios B & D,2026-01-25
Kansas,6 months-17 years,Overall,679106.0,11.4,Scenarios B & D,2026-02-01
Kansas,6 months-17 years,Overall,679106.0,11.6,Scenarios B & D,2026-02-08
Kansas,6 months-17 years,Overall,679106.0,11.9,Scenarios B & D,2026-02-15
Kansas,6 months-17 years,Overall,679106.0,12.1,Scenarios B & D,2026-02-22
Kansas,6 months-17 years,Overall,679106.0,12.3,Scenarios B & D,2026-03-01
Kansas,6 months-17 years,Overall,679106.0,12.4,Scenarios B & D,2026-03-08
Kansas,6 months-17 years,Overall,679106.0,12.6,Scenarios B & D,2026-03-15
Kansas,6 months-17 years,Overall,679106.0,12.8,Scenarios B & D,2026-03-22
Kansas,6 months-17 years,Overall,679106.0,13.0,Scenarios B & D,2026-03-29
Kansas,6 months-17 years,Overall,679106.0,13.2,Scenarios B & D,2026-04-05
Kansas,6 months-17 years,Overall,679106.0,13.4,Scenarios B & D,2026-04-12
Kansas,6 months-17 years,Overall,679106.0,13.6,Scenarios B & D,2026-04-19
Kansas,6 months-17 years,Overall,679106.0,13.8,Scenarios B & D,2026-04-26
Kansas,65+ years,Overall,488316.0,0.0,Scenarios B & D,2025-08-03
Kansas,65+ years,Overall,488316.0,0.0,Scenarios B & D,2025-08-10
Kansas,65+ years,Overall,488316.0,2.4,Scenarios B & D,2025-08-17
Kansas,65+ years,Overall,488316.0,5.1,Scenarios B & D,2025-08-24
Kansas,65+ years,Overall,488316.0,7.9,Scenarios B & D,2025-08-31
Kansas,65+ years,Overall,488316.0,10.7,Scenarios B & D,2025-09-07
Kansas,65+ years,Overall,488316.0,13.6,Scenarios B & D,2025-09-14
Kansas,65+ years,Overall,488316.0,16.5,Scenarios B & D,2025-09-21
Kansas,65+ years,Overall,488316.0,19.3,Scenarios B & D,2025-09-28
Kansas,65+ years,Overall,488316.0,22.2,Scenarios B & D,2025-10-05
Kansas,65+ years,Overall,488316.0,24.9,Scenarios B & D,2025-10-12
Kansas,65+ years,Overall,488316.0,27.5,Scenarios B & D,2025-10-19
Kansas,65+ years,Overall,488316.0,30.0,Scenarios B & D,2025-10-26
Kansas,65+ years,Overall,488316.0,32.3,Scenarios B & D,2025-11-02
Kansas,65+ years,Overall,488316.0,34.4,Scenarios B & D,2025-11-09
Kansas,65+ years,Overall,488316.0,36.4,Scenarios B & D,2025-11-16
Kansas,65+ years,Overall,488316.0,38.1,Scenarios B & D,2025-11-23
Kansas,65+ years,Overall,488316.0,39.6,Scenarios B & D,2025-11-30
Kansas,65+ years,Overall,488316.0,41.0,Scenarios B & D,2025-12-07
Kansas,65+ years,Overall,488316.0,42.1,Scenarios B & D,2025-12-14
Kansas,65+ years,Overall,488316.0,43.1,Scenarios B & D,2025-12-21
Kansas,65+ years,Overall,488316.0,44.0,Scenarios B & D,2025-12-28
Kansas,65+ years,Overall,488316.0,44.7,Scenarios B & D,2026-01-04
Kansas,65+ years,Overall,488316.0,45.4,Scenarios B & D,2026-01-11
Kansas,65+ years,Overall,488316.0,46.0,Scenarios B & D,2026-01-18
Kansas,65+ years,Overall,488316.0,46.5,Scenarios B & D,2026-01-25
Kansas,65+ years,Overall,488316.0,47.0,Scenarios B & D,2026-02-01
Kansas,65+ years,Overall,488316.0,47.5,Scenarios B & D,2026-02-08
Kansas,65+ years,Overall,488316.0,48.0,Scenarios B & D,2026-02-15
Kansas,65+ years,Overall,488316.0,48.5,Scenarios B & D,2026-02-22
Kansas,65+ years,Overall,488316.0,49.0,Scenarios B & D,2026-03-01
Kansas,65+ years,Overall,488316.0,49.5,Scenarios B & D,2026-03-08
Kansas,65+ years,Overall,488316.0,50.0,Scenarios B & D,2026-03-15
Kansas,65+ years,Overall,488316.0,50.5,Scenarios B & D,2026-03-22
Kansas,65+ years,Overall,488316.0,51.0,Scenarios B & D,2026-03-29
Kansas,65+ years,Overall,488316.0,51.5,Scenarios B & D,2026-04-05
Kansas,65+ years,Overall,488316.0,52.0,Scenarios B & D,2026-04-12
Kansas,65+ years,Overall,488316.0,52.5,Scenarios B & D,2026-04-19
Kansas,65+ years,Overall,488316.0,53.0,Scenarios B & D,2026-04-26
Kentucky,18-49 years,Overall,1812449.0,0.0,Scenarios B & D,2025-08-03
Kentucky,18-49 years,Overall,1812449.0,0.0,Scenarios B & D,2025-08-10
Kentucky,18-49 years,Overall,1812449.0,0.4,Scenarios B & D,2025-08-17
Kentucky,18-49 years,Overall,1812449.0,0.8,Scenarios B & D,2025-08-24
Kentucky,18-49 years,Overall,1812449.0,1.3,Scenarios B & D,2025-08-31
Kentucky,18-49 years,Overall,1812449.0,1.7,Scenarios B & D,2025-09-07
Kentucky,18-49 years,Overall,1812449.0,2.1,Scenarios B & D,2025-09-14
Kentucky,18-49 years,Overall,1812449.0,2.6,Scenarios B & D,2025-09-21
Kentucky,18-49 years,Overall,1812449.0,3.0,Scenarios B & D,2025-09-28
Kentucky,18-49 years,Overall,1812449.0,3.5,Scenarios B & D,2025-10-05
Kentucky,18-49 years,Overall,1812449.0,3.9,Scenarios B & D,2025-10-12
Kentucky,18-49 years,Overall,1812449.0,4.3,Scenarios B & D,2025-10-19
Kentucky,18-49 years,Overall,1812449.0,4.7,Scenarios B & D,2025-10-26
Kentucky,18-49 years,Overall,1812449.0,5.1,Scenarios B & D,2025-11-02
Kentucky,18-49 years,Overall,1812449.0,5.5,Scenarios B & D,2025-11-09
Kentucky,18-49 years,Overall,1812449.0,5.9,Scenarios B & D,2025-11-16
Kentucky,18-49 years,Overall,1812449.0,6.3,Scenarios B & D,2025-11-23
Kentucky,18-49 years,Overall,1812449.0,6.6,Scenarios B & D,2025-11-30
Kentucky,18-49 years,Overall,1812449.0,6.9,Scenarios B & D,2025-12-07
Kentucky,18-49 years,Overall,1812449.0,7.2,Scenarios B & D,2025-12-14
Kentucky,18-49 years,Overall,1812449.0,7.5,Scenarios B & D,2025-12-21
Kentucky,18-49 years,Overall,1812449.0,7.7,Scenarios B & D,2025-12-28
Kentucky,18-49 years,Overall,1812449.0,7.9,Scenarios B & D,2026-01-04
Kentucky,18-49 years,Overall,1812449.0,8.0,Scenarios B & D,2026-01-11
Kentucky,18-49 years,Overall,1812449.0,8.2,Scenarios B & D,2026-01-18
Kentucky,18-49 years,Overall,1812449.0,8.3,Scenarios B & D,2026-01-25
Kentucky,18-49 years,Overall,1812449.0,8.5,Scenarios B & D,2026-02-01
Kentucky,18-49 years,Overall,1812449.0,8.6,Scenarios B & D,2026-02-08
Kentucky,18-49 years,Overall,1812449.0,8.7,Scenarios B & D,2026-02-15
Kentucky,18-49 years,Overall,1812449.0,8.9,Scenarios B & D,2026-02-22
Kentucky,18-49 years,Overall,1812449.0,9.0,Scenarios B & D,2026-03-01
Kentucky,18-49 years,Overall,1812449.0,9.1,Scenarios B & D,2026-03-08
Kentucky,18-49 years,Overall,1812449.0,9.3,Scenarios B & D,2026-03-15
Kentucky,18-49 years,Overall,1812449.0,9.4,Scenarios B & D,2026-03-22
Kentucky,18-49 years,Overall,1812449.0,9.5,Scenarios B & D,2026-03-29
Kentucky,18-49 years,Overall,1812449.0,9.7,Scenarios B & D,2026-04-05
Kentucky,18-49 years,Overall,1812449.0,9.8,Scenarios B & D,2026-04-12
Kentucky,18-49 years,Overall,1812449.0,9.9,Scenarios B & D,2026-04-19
Kentucky,18-49 years,Overall,1812449.0,10.1,Scenarios B & D,2026-04-26
Kentucky,50-64 years,Overall,875025.0,0.0,Scenarios B & D,2025-08-03
Kentucky,50-64 years,Overall,875025.0,0.0,Scenarios B & D,2025-08-10
Kentucky,50-64 years,Overall,875025.0,1.0,Scenarios B & D,2025-08-17
Kentucky,50-64 years,Overall,875025.0,2.0,Scenarios B & D,2025-08-24
Kentucky,50-64 years,Overall,875025.0,3.0,Scenarios B & D,2025-08-31
Kentucky,50-64 years,Overall,875025.0,4.1,Scenarios B & D,2025-09-07
Kentucky,50-64 years,Overall,875025.0,5.1,Scenarios B & D,2025-09-14
Kentucky,50-64 years,Overall,875025.0,6.2,Scenarios B & D,2025-09-21
Kentucky,50-64 years,Overall,875025.0,7.2,Scenarios B & D,2025-09-28
Kentucky,50-64 years,Overall,875025.0,8.2,Scenarios B & D,2025-10-05
Kentucky,50-64 years,Overall,875025.0,9.2,Scenarios B & D,2025-10-12
Kentucky,50-64 years,Overall,875025.0,10.2,Scenarios B & D,2025-10-19
Kentucky,50-64 years,Overall,875025.0,11.1,Scenarios B & D,2025-10-26
Kentucky,50-64 years,Overall,875025.0,11.9,Scenarios B & D,2025-11-02
Kentucky,50-64 years,Overall,875025.0,12.6,Scenarios B & D,2025-11-09
Kentucky,50-64 years,Overall,875025.0,13.2,Scenarios B & D,2025-11-16
Kentucky,50-64 years,Overall,875025.0,13.7,Scenarios B & D,2025-11-23
Kentucky,50-64 years,Overall,875025.0,14.0,Scenarios B & D,2025-11-30
Kentucky,50-64 years,Overall,875025.0,14.3,Scenarios B & D,2025-12-07
Kentucky,50-64 years,Overall,875025.0,14.6,Scenarios B & D,2025-12-14
Kentucky,50-64 years,Overall,875025.0,15.0,Scenarios B & D,2025-12-21
Kentucky,50-64 years,Overall,875025.0,15.4,Scenarios B & D,2025-12-28
Kentucky,50-64 years,Overall,875025.0,15.8,Scenarios B & D,2026-01-04
Kentucky,50-64 years,Overall,875025.0,16.3,Scenarios B & D,2026-01-11
Kentucky,50-64 years,Overall,875025.0,16.8,Scenarios B & D,2026-01-18
Kentucky,50-64 years,Overall,875025.0,17.3,Scenarios B & D,2026-01-25
Kentucky,50-64 years,Overall,875025.0,17.9,Scenarios B & D,2026-02-01
Kentucky,50-64 years,Overall,875025.0,18.4,Scenarios B & D,2026-02-08
Kentucky,50-64 years,Overall,875025.0,19.0,Scenarios B & D,2026-02-15
Kentucky,50-64 years,Overall,875025.0,19.6,Scenarios B & D,2026-02-22
Kentucky,50-64 years,Overall,875025.0,20.1,Scenarios B & D,2026-03-01
Kentucky,50-64 years,Overall,875025.0,20.7,Scenarios B & D,2026-03-08
Kentucky,50-64 years,Overall,875025.0,21.2,Scenarios B & D,2026-03-15
Kentucky,50-64 years,Overall,875025.0,21.8,Scenarios B & D,2026-03-22
Kentucky,50-64 years,Overall,875025.0,22.4,Scenarios B & D,2026-03-29
Kentucky,50-64 years,Overall,875025.0,22.9,Scenarios B & D,2026-04-05
Kentucky,50-64 years,Overall,875025.0,23.5,Scenarios B & D,2026-04-12
Kentucky,50-64 years,Overall,875025.0,24.0,Scenarios B & D,2026-04-19
Kentucky,50-64 years,Overall,875025.0,24.6,Scenarios B & D,2026-04-26
Kentucky,6 months-17 years,Overall,975662.0,0.0,Scenarios B & D,2025-08-03
Kentucky,6 months-17 years,Overall,975662.0,0.0,Scenarios B & D,2025-08-10
Kentucky,6 months-17 years,Overall,975662.0,0.0,Scenarios B & D,2025-08-17
Kentucky,6 months-17 years,Overall,975662.0,0.4,Scenarios B & D,2025-08-24
Kentucky,6 months-17 years,Overall,975662.0,1.0,Scenarios B & D,2025-08-31
Kentucky,6 months-17 years,Overall,975662.0,1.6,Scenarios B & D,2025-09-07
Kentucky,6 months-17 years,Overall,975662.0,2.2,Scenarios B & D,2025-09-14
Kentucky,6 months-17 years,Overall,975662.0,2.8,Scenarios B & D,2025-09-21
Kentucky,6 months-17 years,Overall,975662.0,3.5,Scenarios B & D,2025-09-28
Kentucky,6 months-17 years,Overall,975662.0,4.1,Scenarios B & D,2025-10-05
Kentucky,6 months-17 years,Overall,975662.0,4.7,Scenarios B & D,2025-10-12
Kentucky,6 months-17 years,Overall,975662.0,5.3,Scenarios B & D,2025-10-19
Kentucky,6 months-17 years,Overall,975662.0,5.9,Scenarios B & D,2025-10-26
Kentucky,6 months-17 years,Overall,975662.0,6.4,Scenarios B & D,2025-11-02
Kentucky,6 months-17 years,Overall,975662.0,6.9,Scenarios B & D,2025-11-09
Kentucky,6 months-17 years,Overall,975662.0,7.5,Scenarios B & D,2025-11-16
Kentucky,6 months-17 years,Overall,975662.0,7.9,Scenarios B & D,2025-11-23
Kentucky,6 months-17 years,Overall,975662.0,8.4,Scenarios B & D,2025-11-30
Kentucky,6 months-17 years,Overall,975662.0,8.8,Scenarios B & D,2025-12-07
Kentucky,6 months-17 years,Overall,975662.0,9.2,Scenarios B & D,2025-12-14
Kentucky,6 months-17 years,Overall,975662.0,9.5,Scenarios B & D,2025-12-21
Kentucky,6 months-17 years,Overall,975662.0,9.8,Scenarios B & D,2025-12-28
Kentucky,6 months-17 years,Overall,975662.0,10.1,Scenarios B & D,2026-01-04
Kentucky,6 months-17 years,Overall,975662.0,10.4,Scenarios B & D,2026-01-11
Kentucky,6 months-17 years,Overall,975662.0,10.7,Scenarios B & D,2026-01-18
Kentucky,6 months-17 years,Overall,975662.0,10.9,Scenarios B & D,2026-01-25
Kentucky,6 months-17 years,Overall,975662.0,11.1,Scenarios B & D,2026-02-01
Kentucky,6 months-17 years,Overall,975662.0,11.3,Scenarios B & D,2026-02-08
Kentucky,6 months-17 years,Overall,975662.0,11.5,Scenarios B & D,2026-02-15
Kentucky,6 months-17 years,Overall,975662.0,11.7,Scenarios B & D,2026-02-22
Kentucky,6 months-17 years,Overall,975662.0,11.9,Scenarios B & D,2026-03-01
Kentucky,6 months-17 years,Overall,975662.0,12.1,Scenarios B & D,2026-03-08
Kentucky,6 months-17 years,Overall,975662.0,12.2,Scenarios B & D,2026-03-15
Kentucky,6 months-17 years,Overall,975662.0,12.4,Scenarios B & D,2026-03-22
Kentucky,6 months-17 years,Overall,975662.0,12.6,Scenarios B & D,2026-03-29
Kentucky,6 months-17 years,Overall,975662.0,12.8,Scenarios B & D,2026-04-05
Kentucky,6 months-17 years,Overall,975662.0,12.9,Scenarios B & D,2026-04-12
Kentucky,6 months-17 years,Overall,975662.0,13.1,Scenarios B & D,2026-04-19
Kentucky,6 months-17 years,Overall,975662.0,13.3,Scenarios B & D,2026-04-26
Kentucky,65+ years,Overall,770835.0,0.0,Scenarios B & D,2025-08-03
Kentucky,65+ years,Overall,770835.0,0.0,Scenarios B & D,2025-08-10
Kentucky,65+ years,Overall,770835.0,1.7,Scenarios B & D,2025-08-17
Kentucky,65+ years,Overall,770835.0,4.1,Scenarios B & D,2025-08-24
Kentucky,65+ years,Overall,770835.0,6.6,Scenarios B & D,2025-08-31
Kentucky,65+ years,Overall,770835.0,9.1,Scenarios B & D,2025-09-07
Kentucky,65+ years,Overall,770835.0,11.7,Scenarios B & D,2025-09-14
Kentucky,65+ years,Overall,770835.0,14.3,Scenarios B & D,2025-09-21
Kentucky,65+ years,Overall,770835.0,16.9,Scenarios B & D,2025-09-28
Kentucky,65+ years,Overall,770835.0,19.5,Scenarios B & D,2025-10-05
Kentucky,65+ years,Overall,770835.0,22.1,Scenarios B & D,2025-10-12
Kentucky,65+ years,Overall,770835.0,24.6,Scenarios B & D,2025-10-19
Kentucky,65+ years,Overall,770835.0,26.9,Scenarios B & D,2025-10-26
Kentucky,65+ years,Overall,770835.0,29.2,Scenarios B & D,2025-11-02
Kentucky,65+ years,Overall,770835.0,31.2,Scenarios B & D,2025-11-09
Kentucky,65+ years,Overall,770835.0,33.1,Scenarios B & D,2025-11-16
Kentucky,65+ years,Overall,770835.0,34.8,Scenarios B & D,2025-11-23
Kentucky,65+ years,Overall,770835.0,36.3,Scenarios B & D,2025-11-30
Kentucky,65+ years,Overall,770835.0,37.6,Scenarios B & D,2025-12-07
Kentucky,65+ years,Overall,770835.0,38.7,Scenarios B & D,2025-12-14
Kentucky,65+ years,Overall,770835.0,39.6,Scenarios B & D,2025-12-21
Kentucky,65+ years,Overall,770835.0,40.4,Scenarios B & D,2025-12-28
Kentucky,65+ years,Overall,770835.0,41.0,Scenarios B & D,2026-01-04
Kentucky,65+ years,Overall,770835.0,41.6,Scenarios B & D,2026-01-11
Kentucky,65+ years,Overall,770835.0,42.1,Scenarios B & D,2026-01-18
Kentucky,65+ years,Overall,770835.0,42.6,Scenarios B & D,2026-01-25
Kentucky,65+ years,Overall,770835.0,43.0,Scenarios B & D,2026-02-01
Kentucky,65+ years,Overall,770835.0,43.4,Scenarios B & D,2026-02-08
Kentucky,65+ years,Overall,770835.0,43.8,Scenarios B & D,2026-02-15
Kentucky,65+ years,Overall,770835.0,44.2,Scenarios B & D,2026-02-22
Kentucky,65+ years,Overall,770835.0,44.6,Scenarios B & D,2026-03-01
Kentucky,65+ years,Overall,770835.0,45.0,Scenarios B & D,2026-03-08
Kentucky,65+ years,Overall,770835.0,45.4,Scenarios B & D,2026-03-15
Kentucky,65+ years,Overall,770835.0,45.8,Scenarios B & D,2026-03-22
Kentucky,65+ years,Overall,770835.0,46.2,Scenarios B & D,2026-03-29
Kentucky,65+ years,Overall,770835.0,46.5,Scenarios B & D,2026-04-05
Kentucky,65+ years,Overall,770835.0,46.9,Scenarios B & D,2026-04-12
Kentucky,65+ years,Overall,770835.0,47.3,Scenarios B & D,2026-04-19
Kentucky,65+ years,Overall,770835.0,47.7,Scenarios B & D,2026-04-26
Louisiana,18-49 years,Overall,1911121.0,0.0,Scenarios B & D,2025-08-03
Louisiana,18-49 years,Overall,1911121.0,0.0,Scenarios B & D,2025-08-10
Louisiana,18-49 years,Overall,1911121.0,0.3,Scenarios B & D,2025-08-17
Louisiana,18-49 years,Overall,1911121.0,0.7,Scenarios B & D,2025-08-24
Louisiana,18-49 years,Overall,1911121.0,1.0,Scenarios B & D,2025-08-31
Louisiana,18-49 years,Overall,1911121.0,1.3,Scenarios B & D,2025-09-07
Louisiana,18-49 years,Overall,1911121.0,1.7,Scenarios B & D,2025-09-14
Louisiana,18-49 years,Overall,1911121.0,2.0,Scenarios B & D,2025-09-21
Louisiana,18-49 years,Overall,1911121.0,2.3,Scenarios B & D,2025-09-28
Louisiana,18-49 years,Overall,1911121.0,2.6,Scenarios B & D,2025-10-05
Louisiana,18-49 years,Overall,1911121.0,2.9,Scenarios B & D,2025-10-12
Louisiana,18-49 years,Overall,1911121.0,3.2,Scenarios B & D,2025-10-19
Louisiana,18-49 years,Overall,1911121.0,3.4,Scenarios B & D,2025-10-26
Louisiana,18-49 years,Overall,1911121.0,3.5,Scenarios B & D,2025-11-02
Louisiana,18-49 years,Overall,1911121.0,3.7,Scenarios B & D,2025-11-09
Louisiana,18-49 years,Overall,1911121.0,3.8,Scenarios B & D,2025-11-16
Louisiana,18-49 years,Overall,1911121.0,3.9,Scenarios B & D,2025-11-23
Louisiana,18-49 years,Overall,1911121.0,4.0,Scenarios B & D,2025-11-30
Louisiana,18-49 years,Overall,1911121.0,4.1,Scenarios B & D,2025-12-07
Louisiana,18-49 years,Overall,1911121.0,4.2,Scenarios B & D,2025-12-14
Louisiana,18-49 years,Overall,1911121.0,4.2,Scenarios B & D,2025-12-21
Louisiana,18-49 years,Overall,1911121.0,4.3,Scenarios B & D,2025-12-28
Louisiana,18-49 years,Overall,1911121.0,4.3,Scenarios B & D,2026-01-04
Louisiana,18-49 years,Overall,1911121.0,4.3,Scenarios B & D,2026-01-11
Louisiana,18-49 years,Overall,1911121.0,4.4,Scenarios B & D,2026-01-18
Louisiana,18-49 years,Overall,1911121.0,4.4,Scenarios B & D,2026-01-25
Louisiana,18-49 years,Overall,1911121.0,4.4,Scenarios B & D,2026-02-01
Louisiana,18-49 years,Overall,1911121.0,4.4,Scenarios B & D,2026-02-08
Louisiana,18-49 years,Overall,1911121.0,4.4,Scenarios B & D,2026-02-15
Louisiana,18-49 years,Overall,1911121.0,4.5,Scenarios B & D,2026-02-22
Louisiana,18-49 years,Overall,1911121.0,4.5,Scenarios B & D,2026-03-01
Louisiana,18-49 years,Overall,1911121.0,4.5,Scenarios B & D,2026-03-08
Louisiana,18-49 years,Overall,1911121.0,4.5,Scenarios B & D,2026-03-15
Louisiana,18-49 years,Overall,1911121.0,4.5,Scenarios B & D,2026-03-22
Louisiana,18-49 years,Overall,1911121.0,4.5,Scenarios B & D,2026-03-29
Louisiana,18-49 years,Overall,1911121.0,4.5,Scenarios B & D,2026-04-05
Louisiana,18-49 years,Overall,1911121.0,4.6,Scenarios B & D,2026-04-12
Louisiana,18-49 years,Overall,1911121.0,4.6,Scenarios B & D,2026-04-19
Louisiana,18-49 years,Overall,1911121.0,4.6,Scenarios B & D,2026-04-26
Louisiana,50-64 years,Overall,873241.0,0.0,Scenarios B & D,2025-08-03
Louisiana,50-64 years,Overall,873241.0,0.1,Scenarios B & D,2025-08-10
Louisiana,50-64 years,Overall,873241.0,0.5,Scenarios B & D,2025-08-17
Louisiana,50-64 years,Overall,873241.0,0.9,Scenarios B & D,2025-08-24
Louisiana,50-64 years,Overall,873241.0,1.3,Scenarios B & D,2025-08-31
Louisiana,50-64 years,Overall,873241.0,1.8,Scenarios B & D,2025-09-07
Louisiana,50-64 years,Overall,873241.0,2.2,Scenarios B & D,2025-09-14
Louisiana,50-64 years,Overall,873241.0,2.6,Scenarios B & D,2025-09-21
Louisiana,50-64 years,Overall,873241.0,3.0,Scenarios B & D,2025-09-28
Louisiana,50-64 years,Overall,873241.0,3.4,Scenarios B & D,2025-10-05
Louisiana,50-64 years,Overall,873241.0,3.8,Scenarios B & D,2025-10-12
Louisiana,50-64 years,Overall,873241.0,4.2,Scenarios B & D,2025-10-19
Louisiana,50-64 years,Overall,873241.0,4.6,Scenarios B & D,2025-10-26
Louisiana,50-64 years,Overall,873241.0,5.0,Scenarios B & D,2025-11-02
Louisiana,50-64 years,Overall,873241.0,5.3,Scenarios B & D,2025-11-09
Louisiana,50-64 years,Overall,873241.0,5.8,Scenarios B & D,2025-11-16
Louisiana,50-64 years,Overall,873241.0,6.2,Scenarios B & D,2025-11-23
Louisiana,50-64 years,Overall,873241.0,6.6,Scenarios B & D,2025-11-30
Louisiana,50-64 years,Overall,873241.0,7.0,Scenarios B & D,2025-12-07
Louisiana,50-64 years,Overall,873241.0,7.4,Scenarios B & D,2025-12-14
Louisiana,50-64 years,Overall,873241.0,7.8,Scenarios B & D,2025-12-21
Louisiana,50-64 years,Overall,873241.0,8.2,Scenarios B & D,2025-12-28
Louisiana,50-64 years,Overall,873241.0,8.6,Scenarios B & D,2026-01-04
Louisiana,50-64 years,Overall,873241.0,9.0,Scenarios B & D,2026-01-11
Louisiana,50-64 years,Overall,873241.0,9.4,Scenarios B & D,2026-01-18
Louisiana,50-64 years,Overall,873241.0,9.7,Scenarios B & D,2026-01-25
Louisiana,50-64 years,Overall,873241.0,10.1,Scenarios B & D,2026-02-01
Louisiana,50-64 years,Overall,873241.0,10.5,Scenarios B & D,2026-02-08
Louisiana,50-64 years,Overall,873241.0,10.9,Scenarios B & D,2026-02-15
Louisiana,50-64 years,Overall,873241.0,11.2,Scenarios B & D,2026-02-22
Louisiana,50-64 years,Overall,873241.0,11.6,Scenarios B & D,2026-03-01
Louisiana,50-64 years,Overall,873241.0,12.0,Scenarios B & D,2026-03-08
Louisiana,50-64 years,Overall,873241.0,12.3,Scenarios B & D,2026-03-15
Louisiana,50-64 years,Overall,873241.0,12.7,Scenarios B & D,2026-03-22
Louisiana,50-64 years,Overall,873241.0,13.1,Scenarios B & D,2026-03-29
Louisiana,50-64 years,Overall,873241.0,13.4,Scenarios B & D,2026-04-05
Louisiana,50-64 years,Overall,873241.0,13.8,Scenarios B & D,2026-04-12
Louisiana,50-64 years,Overall,873241.0,14.2,Scenarios B & D,2026-04-19
Louisiana,50-64 years,Overall,873241.0,14.5,Scenarios B & D,2026-04-26
Louisiana,6 months-17 years,Overall,1052713.0,0.0,Scenarios B & D,2025-08-03
Louisiana,6 months-17 years,Overall,1052713.0,0.0,Scenarios B & D,2025-08-10
Louisiana,6 months-17 years,Overall,1052713.0,0.0,Scenarios B & D,2025-08-17
Louisiana,6 months-17 years,Overall,1052713.0,0.2,Scenarios B & D,2025-08-24
Louisiana,6 months-17 years,Overall,1052713.0,0.4,Scenarios B & D,2025-08-31
Louisiana,6 months-17 years,Overall,1052713.0,0.6,Scenarios B & D,2025-09-07
Louisiana,6 months-17 years,Overall,1052713.0,0.9,Scenarios B & D,2025-09-14
Louisiana,6 months-17 years,Overall,1052713.0,1.1,Scenarios B & D,2025-09-21
Louisiana,6 months-17 years,Overall,1052713.0,1.4,Scenarios B & D,2025-09-28
Louisiana,6 months-17 years,Overall,1052713.0,1.7,Scenarios B & D,2025-10-05
Louisiana,6 months-17 years,Overall,1052713.0,1.9,Scenarios B & D,2025-10-12
Louisiana,6 months-17 years,Overall,1052713.0,2.2,Scenarios B & D,2025-10-19
Louisiana,6 months-17 years,Overall,1052713.0,2.4,Scenarios B & D,2025-10-26
Louisiana,6 months-17 years,Overall,1052713.0,2.6,Scenarios B & D,2025-11-02
Louisiana,6 months-17 years,Overall,1052713.0,2.9,Scenarios B & D,2025-11-09
Louisiana,6 months-17 years,Overall,1052713.0,3.1,Scenarios B & D,2025-11-16
Louisiana,6 months-17 years,Overall,1052713.0,3.3,Scenarios B & D,2025-11-23
Louisiana,6 months-17 years,Overall,1052713.0,3.5,Scenarios B & D,2025-11-30
Louisiana,6 months-17 years,Overall,1052713.0,3.8,Scenarios B & D,2025-12-07
Louisiana,6 months-17 years,Overall,1052713.0,4.0,Scenarios B & D,2025-12-14
Louisiana,6 months-17 years,Overall,1052713.0,4.1,Scenarios B & D,2025-12-21
Louisiana,6 months-17 years,Overall,1052713.0,4.3,Scenarios B & D,2025-12-28
Louisiana,6 months-17 years,Overall,1052713.0,4.5,Scenarios B & D,2026-01-04
Louisiana,6 months-17 years,Overall,1052713.0,4.7,Scenarios B & D,2026-01-11
Louisiana,6 months-17 years,Overall,1052713.0,4.8,Scenarios B & D,2026-01-18
Louisiana,6 months-17 years,Overall,1052713.0,5.0,Scenarios B & D,2026-01-25
Louisiana,6 months-17 years,Overall,1052713.0,5.1,Scenarios B & D,2026-02-01
Louisiana,6 months-17 years,Overall,1052713.0,5.2,Scenarios B & D,2026-02-08
Louisiana,6 months-17 years,Overall,1052713.0,5.4,Scenarios B & D,2026-02-15
Louisiana,6 months-17 years,Overall,1052713.0,5.5,Scenarios B & D,2026-02-22
Louisiana,6 months-17 years,Overall,1052713.0,5.6,Scenarios B & D,2026-03-01
Louisiana,6 months-17 years,Overall,1052713.0,5.8,Scenarios B & D,2026-03-08
Louisiana,6 months-17 years,Overall,1052713.0,5.9,Scenarios B & D,2026-03-15
Louisiana,6 months-17 years,Overall,1052713.0,6.0,Scenarios B & D,2026-03-22
Louisiana,6 months-17 years,Overall,1052713.0,6.1,Scenarios B & D,2026-03-29
Louisiana,6 months-17 years,Overall,1052713.0,6.3,Scenarios B & D,2026-04-05
Louisiana,6 months-17 years,Overall,1052713.0,6.4,Scenarios B & D,2026-04-12
Louisiana,6 months-17 years,Overall,1052713.0,6.5,Scenarios B & D,2026-04-19
Louisiana,6 months-17 years,Overall,1052713.0,6.6,Scenarios B & D,2026-04-26
Louisiana,65+ years,Overall,763750.0,0.0,Scenarios B & D,2025-08-03
Louisiana,65+ years,Overall,763750.0,0.3,Scenarios B & D,2025-08-10
Louisiana,65+ years,Overall,763750.0,1.7,Scenarios B & D,2025-08-17
Louisiana,65+ years,Overall,763750.0,3.1,Scenarios B & D,2025-08-24
Louisiana,65+ years,Overall,763750.0,4.6,Scenarios B & D,2025-08-31
Louisiana,65+ years,Overall,763750.0,6.0,Scenarios B & D,2025-09-07
Louisiana,65+ years,Overall,763750.0,7.5,Scenarios B & D,2025-09-14
Louisiana,65+ years,Overall,763750.0,9.0,Scenarios B & D,2025-09-21
Louisiana,65+ years,Overall,763750.0,10.4,Scenarios B & D,2025-09-28
Louisiana,65+ years,Overall,763750.0,11.8,Scenarios B & D,2025-10-05
Louisiana,65+ years,Overall,763750.0,13.2,Scenarios B & D,2025-10-12
Louisiana,65+ years,Overall,763750.0,14.4,Scenarios B & D,2025-10-19
Louisiana,65+ years,Overall,763750.0,15.6,Scenarios B & D,2025-10-26
Louisiana,65+ years,Overall,763750.0,16.7,Scenarios B & D,2025-11-02
Louisiana,65+ years,Overall,763750.0,17.7,Scenarios B & D,2025-11-09
Louisiana,65+ years,Overall,763750.0,18.5,Scenarios B & D,2025-11-16
Louisiana,65+ years,Overall,763750.0,19.3,Scenarios B & D,2025-11-23
Louisiana,65+ years,Overall,763750.0,20.0,Scenarios B & D,2025-11-30
Louisiana,65+ years,Overall,763750.0,20.7,Scenarios B & D,2025-12-07
Louisiana,65+ years,Overall,763750.0,21.3,Scenarios B & D,2025-12-14
Louisiana,65+ years,Overall,763750.0,21.8,Scenarios B & D,2025-12-21
Louisiana,65+ years,Overall,763750.0,22.3,Scenarios B & D,2025-12-28
Louisiana,65+ years,Overall,763750.0,22.8,Scenarios B & D,2026-01-04
Louisiana,65+ years,Overall,763750.0,23.3,Scenarios B & D,2026-01-11
Louisiana,65+ years,Overall,763750.0,23.8,Scenarios B & D,2026-01-18
Louisiana,65+ years,Overall,763750.0,24.3,Scenarios B & D,2026-01-25
Louisiana,65+ years,Overall,763750.0,24.7,Scenarios B & D,2026-02-01
Louisiana,65+ years,Overall,763750.0,25.2,Scenarios B & D,2026-02-08
Louisiana,65+ years,Overall,763750.0,25.6,Scenarios B & D,2026-02-15
Louisiana,65+ years,Overall,763750.0,26.1,Scenarios B & D,2026-02-22
Louisiana,65+ years,Overall,763750.0,26.6,Scenarios B & D,2026-03-01
Louisiana,65+ years,Overall,763750.0,27.0,Scenarios B & D,2026-03-08
Louisiana,65+ years,Overall,763750.0,27.5,Scenarios B & D,2026-03-15
Louisiana,65+ years,Overall,763750.0,27.9,Scenarios B & D,2026-03-22
Louisiana,65+ years,Overall,763750.0,28.4,Scenarios B & D,2026-03-29
Louisiana,65+ years,Overall,763750.0,28.8,Scenarios B & D,2026-04-05
Louisiana,65+ years,Overall,763750.0,29.3,Scenarios B & D,2026-04-12
Louisiana,65+ years,Overall,763750.0,29.8,Scenarios B & D,2026-04-19
Louisiana,65+ years,Overall,763750.0,30.2,Scenarios B & D,2026-04-26
Maine,18-49 years,Overall,506365.0,0.0,Scenarios B & D,2025-08-03
Maine,18-49 years,Overall,506365.0,0.0,Scenarios B & D,2025-08-10
Maine,18-49 years,Overall,506365.0,0.6,Scenarios B & D,2025-08-17
Maine,18-49 years,Overall,506365.0,1.6,Scenarios B & D,2025-08-24
Maine,18-49 years,Overall,506365.0,2.5,Scenarios B & D,2025-08-31
Maine,18-49 years,Overall,506365.0,3.5,Scenarios B & D,2025-09-07
Maine,18-49 years,Overall,506365.0,4.5,Scenarios B & D,2025-09-14
Maine,18-49 years,Overall,506365.0,5.5,Scenarios B & D,2025-09-21
Maine,18-49 years,Overall,506365.0,6.6,Scenarios B & D,2025-09-28
Maine,18-49 years,Overall,506365.0,7.6,Scenarios B & D,2025-10-05
Maine,18-49 years,Overall,506365.0,8.6,Scenarios B & D,2025-10-12
Maine,18-49 years,Overall,506365.0,9.6,Scenarios B & D,2025-10-19
Maine,18-49 years,Overall,506365.0,10.5,Scenarios B & D,2025-10-26
Maine,18-49 years,Overall,506365.0,11.4,Scenarios B & D,2025-11-02
Maine,18-49 years,Overall,506365.0,12.2,Scenarios B & D,2025-11-09
Maine,18-49 years,Overall,506365.0,12.9,Scenarios B & D,2025-11-16
Maine,18-49 years,Overall,506365.0,13.6,Scenarios B & D,2025-11-23
Maine,18-49 years,Overall,506365.0,14.1,Scenarios B & D,2025-11-30
Maine,18-49 years,Overall,506365.0,14.7,Scenarios B & D,2025-12-07
Maine,18-49 years,Overall,506365.0,15.1,Scenarios B & D,2025-12-14
Maine,18-49 years,Overall,506365.0,15.5,Scenarios B & D,2025-12-21
Maine,18-49 years,Overall,506365.0,15.9,Scenarios B & D,2025-12-28
Maine,18-49 years,Overall,506365.0,16.3,Scenarios B & D,2026-01-04
Maine,18-49 years,Overall,506365.0,16.6,Scenarios B & D,2026-01-11
Maine,18-49 years,Overall,506365.0,17.0,Scenarios B & D,2026-01-18
Maine,18-49 years,Overall,506365.0,17.3,Scenarios B & D,2026-01-25
Maine,18-49 years,Overall,506365.0,17.7,Scenarios B & D,2026-02-01
Maine,18-49 years,Overall,506365.0,18.0,Scenarios B & D,2026-02-08
Maine,18-49 years,Overall,506365.0,18.4,Scenarios B & D,2026-02-15
Maine,18-49 years,Overall,506365.0,18.7,Scenarios B & D,2026-02-22
Maine,18-49 years,Overall,506365.0,19.0,Scenarios B & D,2026-03-01
Maine,18-49 years,Overall,506365.0,19.4,Scenarios B & D,2026-03-08
Maine,18-49 years,Overall,506365.0,19.7,Scenarios B & D,2026-03-15
Maine,18-49 years,Overall,506365.0,20.1,Scenarios B & D,2026-03-22
Maine,18-49 years,Overall,506365.0,20.4,Scenarios B & D,2026-03-29
Maine,18-49 years,Overall,506365.0,20.7,Scenarios B & D,2026-04-05
Maine,18-49 years,Overall,506365.0,21.1,Scenarios B & D,2026-04-12
Maine,18-49 years,Overall,506365.0,21.4,Scenarios B & D,2026-04-19
Maine,18-49 years,Overall,506365.0,21.8,Scenarios B & D,2026-04-26
Maine,50-64 years,Overall,300464.0,0.0,Scenarios B & D,2025-08-03
Maine,50-64 years,Overall,300464.0,0.0,Scenarios B & D,2025-08-10
Maine,50-64 years,Overall,300464.0,1.4,Scenarios B & D,2025-08-17
Maine,50-64 years,Overall,300464.0,3.2,Scenarios B & D,2025-08-24
Maine,50-64 years,Overall,300464.0,5.0,Scenarios B & D,2025-08-31
Maine,50-64 years,Overall,300464.0,6.9,Scenarios B & D,2025-09-07
Maine,50-64 years,Overall,300464.0,8.8,Scenarios B & D,2025-09-14
Maine,50-64 years,Overall,300464.0,10.7,Scenarios B & D,2025-09-21
Maine,50-64 years,Overall,300464.0,12.5,Scenarios B & D,2025-09-28
Maine,50-64 years,Overall,300464.0,14.4,Scenarios B & D,2025-10-05
Maine,50-64 years,Overall,300464.0,16.1,Scenarios B & D,2025-10-12
Maine,50-64 years,Overall,300464.0,17.8,Scenarios B & D,2025-10-19
Maine,50-64 years,Overall,300464.0,19.3,Scenarios B & D,2025-10-26
Maine,50-64 years,Overall,300464.0,20.7,Scenarios B & D,2025-11-02
Maine,50-64 years,Overall,300464.0,22.0,Scenarios B & D,2025-11-09
Maine,50-64 years,Overall,300464.0,23.1,Scenarios B & D,2025-11-16
Maine,50-64 years,Overall,300464.0,24.0,Scenarios B & D,2025-11-23
Maine,50-64 years,Overall,300464.0,24.8,Scenarios B & D,2025-11-30
Maine,50-64 years,Overall,300464.0,25.5,Scenarios B & D,2025-12-07
Maine,50-64 years,Overall,300464.0,26.0,Scenarios B & D,2025-12-14
Maine,50-64 years,Overall,300464.0,26.5,Scenarios B & D,2025-12-21
Maine,50-64 years,Overall,300464.0,26.9,Scenarios B & D,2025-12-28
Maine,50-64 years,Overall,300464.0,27.3,Scenarios B & D,2026-01-04
Maine,50-64 years,Overall,300464.0,27.6,Scenarios B & D,2026-01-11
Maine,50-64 years,Overall,300464.0,27.9,Scenarios B & D,2026-01-18
Maine,50-64 years,Overall,300464.0,28.2,Scenarios B & D,2026-01-25
Maine,50-64 years,Overall,300464.0,28.5,Scenarios B & D,2026-02-01
Maine,50-64 years,Overall,300464.0,28.8,Scenarios B & D,2026-02-08
Maine,50-64 years,Overall,300464.0,29.0,Scenarios B & D,2026-02-15
Maine,50-64 years,Overall,300464.0,29.3,Scenarios B & D,2026-02-22
Maine,50-64 years,Overall,300464.0,29.6,Scenarios B & D,2026-03-01
Maine,50-64 years,Overall,300464.0,29.8,Scenarios B & D,2026-03-08
Maine,50-64 years,Overall,300464.0,30.1,Scenarios B & D,2026-03-15
Maine,50-64 years,Overall,300464.0,30.4,Scenarios B & D,2026-03-22
Maine,50-64 years,Overall,300464.0,30.7,Scenarios B & D,2026-03-29
Maine,50-64 years,Overall,300464.0,30.9,Scenarios B & D,2026-04-05
Maine,50-64 years,Overall,300464.0,31.2,Scenarios B & D,2026-04-12
Maine,50-64 years,Overall,300464.0,31.5,Scenarios B & D,2026-04-19
Maine,50-64 years,Overall,300464.0,31.7,Scenarios B & D,2026-04-26
Maine,6 months-17 years,Overall,242032.0,0.0,Scenarios B & D,2025-08-03
Maine,6 months-17 years,Overall,242032.0,0.0,Scenarios B & D,2025-08-10
Maine,6 months-17 years,Overall,242032.0,0.0,Scenarios B & D,2025-08-17
Maine,6 months-17 years,Overall,242032.0,0.6,Scenarios B & D,2025-08-24
Maine,6 months-17 years,Overall,242032.0,1.6,Scenarios B & D,2025-08-31
Maine,6 months-17 years,Overall,242032.0,2.6,Scenarios B & D,2025-09-07
Maine,6 months-17 years,Overall,242032.0,3.7,Scenarios B & D,2025-09-14
Maine,6 months-17 years,Overall,242032.0,4.8,Scenarios B & D,2025-09-21
Maine,6 months-17 years,Overall,242032.0,5.8,Scenarios B & D,2025-09-28
Maine,6 months-17 years,Overall,242032.0,6.9,Scenarios B & D,2025-10-05
Maine,6 months-17 years,Overall,242032.0,8.0,Scenarios B & D,2025-10-12
Maine,6 months-17 years,Overall,242032.0,9.0,Scenarios B & D,2025-10-19
Maine,6 months-17 years,Overall,242032.0,10.1,Scenarios B & D,2025-10-26
Maine,6 months-17 years,Overall,242032.0,11.1,Scenarios B & D,2025-11-02
Maine,6 months-17 years,Overall,242032.0,12.0,Scenarios B & D,2025-11-09
Maine,6 months-17 years,Overall,242032.0,12.9,Scenarios B & D,2025-11-16
Maine,6 months-17 years,Overall,242032.0,13.8,Scenarios B & D,2025-11-23
Maine,6 months-17 years,Overall,242032.0,14.5,Scenarios B & D,2025-11-30
Maine,6 months-17 years,Overall,242032.0,15.3,Scenarios B & D,2025-12-07
Maine,6 months-17 years,Overall,242032.0,15.9,Scenarios B & D,2025-12-14
Maine,6 months-17 years,Overall,242032.0,16.5,Scenarios B & D,2025-12-21
Maine,6 months-17 years,Overall,242032.0,17.0,Scenarios B & D,2025-12-28
Maine,6 months-17 years,Overall,242032.0,17.5,Scenarios B & D,2026-01-04
Maine,6 months-17 years,Overall,242032.0,18.0,Scenarios B & D,2026-01-11
Maine,6 months-17 years,Overall,242032.0,18.4,Scenarios B & D,2026-01-18
Maine,6 months-17 years,Overall,242032.0,18.8,Scenarios B & D,2026-01-25
Maine,6 months-17 years,Overall,242032.0,19.2,Scenarios B & D,2026-02-01
Maine,6 months-17 years,Overall,242032.0,19.5,Scenarios B & D,2026-02-08
Maine,6 months-17 years,Overall,242032.0,19.8,Scenarios B & D,2026-02-15
Maine,6 months-17 years,Overall,242032.0,20.2,Scenarios B & D,2026-02-22
Maine,6 months-17 years,Overall,242032.0,20.5,Scenarios B & D,2026-03-01
Maine,6 months-17 years,Overall,242032.0,20.8,Scenarios B & D,2026-03-08
Maine,6 months-17 years,Overall,242032.0,21.1,Scenarios B & D,2026-03-15
Maine,6 months-17 years,Overall,242032.0,21.4,Scenarios B & D,2026-03-22
Maine,6 months-17 years,Overall,242032.0,21.7,Scenarios B & D,2026-03-29
Maine,6 months-17 years,Overall,242032.0,22.0,Scenarios B & D,2026-04-05
Maine,6 months-17 years,Overall,242032.0,22.3,Scenarios B & D,2026-04-12
Maine,6 months-17 years,Overall,242032.0,22.7,Scenarios B & D,2026-04-19
Maine,6 months-17 years,Overall,242032.0,23.0,Scenarios B & D,2026-04-26
Maine,65+ years,Overall,293776.0,0.0,Scenarios B & D,2025-08-03
Maine,65+ years,Overall,293776.0,0.7,Scenarios B & D,2025-08-10
Maine,65+ years,Overall,293776.0,4.3,Scenarios B & D,2025-08-17
Maine,65+ years,Overall,293776.0,7.9,Scenarios B & D,2025-08-24
Maine,65+ years,Overall,293776.0,11.6,Scenarios B & D,2025-08-31
Maine,65+ years,Overall,293776.0,15.3,Scenarios B & D,2025-09-07
Maine,65+ years,Overall,293776.0,19.0,Scenarios B & D,2025-09-14
Maine,65+ years,Overall,293776.0,22.7,Scenarios B & D,2025-09-21
Maine,65+ years,Overall,293776.0,26.4,Scenarios B & D,2025-09-28
Maine,65+ years,Overall,293776.0,29.9,Scenarios B & D,2025-10-05
Maine,65+ years,Overall,293776.0,33.2,Scenarios B & D,2025-10-12
Maine,65+ years,Overall,293776.0,36.4,Scenarios B & D,2025-10-19
Maine,65+ years,Overall,293776.0,39.3,Scenarios B & D,2025-10-26
Maine,65+ years,Overall,293776.0,42.0,Scenarios B & D,2025-11-02
Maine,65+ years,Overall,293776.0,44.4,Scenarios B & D,2025-11-09
Maine,65+ years,Overall,293776.0,46.6,Scenarios B & D,2025-11-16
Maine,65+ years,Overall,293776.0,48.6,Scenarios B & D,2025-11-23
Maine,65+ years,Overall,293776.0,50.3,Scenarios B & D,2025-11-30
Maine,65+ years,Overall,293776.0,51.7,Scenarios B & D,2025-12-07
Maine,65+ years,Overall,293776.0,53.0,Scenarios B & D,2025-12-14
Maine,65+ years,Overall,293776.0,54.0,Scenarios B & D,2025-12-21
Maine,65+ years,Overall,293776.0,54.9,Scenarios B & D,2025-12-28
Maine,65+ years,Overall,293776.0,55.6,Scenarios B & D,2026-01-04
Maine,65+ years,Overall,293776.0,56.3,Scenarios B & D,2026-01-11
Maine,65+ years,Overall,293776.0,56.9,Scenarios B & D,2026-01-18
Maine,65+ years,Overall,293776.0,57.5,Scenarios B & D,2026-01-25
Maine,65+ years,Overall,293776.0,58.0,Scenarios B & D,2026-02-01
Maine,65+ years,Overall,293776.0,58.5,Scenarios B & D,2026-02-08
Maine,65+ years,Overall,293776.0,59.0,Scenarios B & D,2026-02-15
Maine,65+ years,Overall,293776.0,59.5,Scenarios B & D,2026-02-22
Maine,65+ years,Overall,293776.0,60.0,Scenarios B & D,2026-03-01
Maine,65+ years,Overall,293776.0,60.5,Scenarios B & D,2026-03-08
Maine,65+ years,Overall,293776.0,61.0,Scenarios B & D,2026-03-15
Maine,65+ years,Overall,293776.0,61.5,Scenarios B & D,2026-03-22
Maine,65+ years,Overall,293776.0,62.0,Scenarios B & D,2026-03-29
Maine,65+ years,Overall,293776.0,62.5,Scenarios B & D,2026-04-05
Maine,65+ years,Overall,293776.0,63.0,Scenarios B & D,2026-04-12
Maine,65+ years,Overall,293776.0,63.4,Scenarios B & D,2026-04-19
Maine,65+ years,Overall,293776.0,63.9,Scenarios B & D,2026-04-26
Maryland,18-49 years,Overall,2478067.0,0.0,Scenarios B & D,2025-08-03
Maryland,18-49 years,Overall,2478067.0,0.0,Scenarios B & D,2025-08-10
Maryland,18-49 years,Overall,2478067.0,0.7,Scenarios B & D,2025-08-17
Maryland,18-49 years,Overall,2478067.0,1.7,Scenarios B & D,2025-08-24
Maryland,18-49 years,Overall,2478067.0,2.8,Scenarios B & D,2025-08-31
Maryland,18-49 years,Overall,2478067.0,3.9,Scenarios B & D,2025-09-07
Maryland,18-49 years,Overall,2478067.0,5.0,Scenarios B & D,2025-09-14
Maryland,18-49 years,Overall,2478067.0,6.1,Scenarios B & D,2025-09-21
Maryland,18-49 years,Overall,2478067.0,7.3,Scenarios B & D,2025-09-28
Maryland,18-49 years,Overall,2478067.0,8.4,Scenarios B & D,2025-10-05
Maryland,18-49 years,Overall,2478067.0,9.5,Scenarios B & D,2025-10-12
Maryland,18-49 years,Overall,2478067.0,10.6,Scenarios B & D,2025-10-19
Maryland,18-49 years,Overall,2478067.0,11.6,Scenarios B & D,2025-10-26
Maryland,18-49 years,Overall,2478067.0,12.6,Scenarios B & D,2025-11-02
Maryland,18-49 years,Overall,2478067.0,13.5,Scenarios B & D,2025-11-09
Maryland,18-49 years,Overall,2478067.0,14.3,Scenarios B & D,2025-11-16
Maryland,18-49 years,Overall,2478067.0,15.1,Scenarios B & D,2025-11-23
Maryland,18-49 years,Overall,2478067.0,15.8,Scenarios B & D,2025-11-30
Maryland,18-49 years,Overall,2478067.0,16.5,Scenarios B & D,2025-12-07
Maryland,18-49 years,Overall,2478067.0,17.1,Scenarios B & D,2025-12-14
Maryland,18-49 years,Overall,2478067.0,17.6,Scenarios B & D,2025-12-21
Maryland,18-49 years,Overall,2478067.0,18.0,Scenarios B & D,2025-12-28
Maryland,18-49 years,Overall,2478067.0,18.4,Scenarios B & D,2026-01-04
Maryland,18-49 years,Overall,2478067.0,18.8,Scenarios B & D,2026-01-11
Maryland,18-49 years,Overall,2478067.0,19.2,Scenarios B & D,2026-01-18
Maryland,18-49 years,Overall,2478067.0,19.5,Scenarios B & D,2026-01-25
Maryland,18-49 years,Overall,2478067.0,19.8,Scenarios B & D,2026-02-01
Maryland,18-49 years,Overall,2478067.0,20.2,Scenarios B & D,2026-02-08
Maryland,18-49 years,Overall,2478067.0,20.5,Scenarios B & D,2026-02-15
Maryland,18-49 years,Overall,2478067.0,20.8,Scenarios B & D,2026-02-22
Maryland,18-49 years,Overall,2478067.0,21.1,Scenarios B & D,2026-03-01
Maryland,18-49 years,Overall,2478067.0,21.5,Scenarios B & D,2026-03-08
Maryland,18-49 years,Overall,2478067.0,21.8,Scenarios B & D,2026-03-15
Maryland,18-49 years,Overall,2478067.0,22.1,Scenarios B & D,2026-03-22
Maryland,18-49 years,Overall,2478067.0,22.4,Scenarios B & D,2026-03-29
Maryland,18-49 years,Overall,2478067.0,22.8,Scenarios B & D,2026-04-05
Maryland,18-49 years,Overall,2478067.0,23.1,Scenarios B & D,2026-04-12
Maryland,18-49 years,Overall,2478067.0,23.4,Scenarios B & D,2026-04-19
Maryland,18-49 years,Overall,2478067.0,23.7,Scenarios B & D,2026-04-26
Maryland,50-64 years,Overall,1220908.0,0.0,Scenarios B & D,2025-08-03
Maryland,50-64 years,Overall,1220908.0,0.0,Scenarios B & D,2025-08-10
Maryland,50-64 years,Overall,1220908.0,1.5,Scenarios B & D,2025-08-17
Maryland,50-64 years,Overall,1220908.0,3.3,Scenarios B & D,2025-08-24
Maryland,50-64 years,Overall,1220908.0,5.2,Scenarios B & D,2025-08-31
Maryland,50-64 years,Overall,1220908.0,7.1,Scenarios B & D,2025-09-07
Maryland,50-64 years,Overall,1220908.0,9.1,Scenarios B & D,2025-09-14
Maryland,50-64 years,Overall,1220908.0,11.1,Scenarios B & D,2025-09-21
Maryland,50-64 years,Overall,1220908.0,13.1,Scenarios B & D,2025-09-28
Maryland,50-64 years,Overall,1220908.0,15.0,Scenarios B & D,2025-10-05
Maryland,50-64 years,Overall,1220908.0,17.0,Scenarios B & D,2025-10-12
Maryland,50-64 years,Overall,1220908.0,18.8,Scenarios B & D,2025-10-19
Maryland,50-64 years,Overall,1220908.0,20.6,Scenarios B & D,2025-10-26
Maryland,50-64 years,Overall,1220908.0,22.3,Scenarios B & D,2025-11-02
Maryland,50-64 years,Overall,1220908.0,23.9,Scenarios B & D,2025-11-09
Maryland,50-64 years,Overall,1220908.0,25.4,Scenarios B & D,2025-11-16
Maryland,50-64 years,Overall,1220908.0,26.8,Scenarios B & D,2025-11-23
Maryland,50-64 years,Overall,1220908.0,28.0,Scenarios B & D,2025-11-30
Maryland,50-64 years,Overall,1220908.0,29.1,Scenarios B & D,2025-12-07
Maryland,50-64 years,Overall,1220908.0,30.1,Scenarios B & D,2025-12-14
Maryland,50-64 years,Overall,1220908.0,31.0,Scenarios B & D,2025-12-21
Maryland,50-64 years,Overall,1220908.0,31.9,Scenarios B & D,2025-12-28
Maryland,50-64 years,Overall,1220908.0,32.6,Scenarios B & D,2026-01-04
Maryland,50-64 years,Overall,1220908.0,33.3,Scenarios B & D,2026-01-11
Maryland,50-64 years,Overall,1220908.0,34.0,Scenarios B & D,2026-01-18
Maryland,50-64 years,Overall,1220908.0,34.6,Scenarios B & D,2026-01-25
Maryland,50-64 years,Overall,1220908.0,35.3,Scenarios B & D,2026-02-01
Maryland,50-64 years,Overall,1220908.0,35.9,Scenarios B & D,2026-02-08
Maryland,50-64 years,Overall,1220908.0,36.5,Scenarios B & D,2026-02-15
Maryland,50-64 years,Overall,1220908.0,37.1,Scenarios B & D,2026-02-22
Maryland,50-64 years,Overall,1220908.0,37.7,Scenarios B & D,2026-03-01
Maryland,50-64 years,Overall,1220908.0,38.3,Scenarios B & D,2026-03-08
Maryland,50-64 years,Overall,1220908.0,39.0,Scenarios B & D,2026-03-15
Maryland,50-64 years,Overall,1220908.0,39.6,Scenarios B & D,2026-03-22
Maryland,50-64 years,Overall,1220908.0,40.2,Scenarios B & D,2026-03-29
Maryland,50-64 years,Overall,1220908.0,40.8,Scenarios B & D,2026-04-05
Maryland,50-64 years,Overall,1220908.0,41.4,Scenarios B & D,2026-04-12
Maryland,50-64 years,Overall,1220908.0,42.0,Scenarios B & D,2026-04-19
Maryland,50-64 years,Overall,1220908.0,42.7,Scenarios B & D,2026-04-26
Maryland,6 months-17 years,Overall,1299128.0,0.0,Scenarios B & D,2025-08-03
Maryland,6 months-17 years,Overall,1299128.0,0.0,Scenarios B & D,2025-08-10
Maryland,6 months-17 years,Overall,1299128.0,0.0,Scenarios B & D,2025-08-17
Maryland,6 months-17 years,Overall,1299128.0,0.7,Scenarios B & D,2025-08-24
Maryland,6 months-17 years,Overall,1299128.0,2.0,Scenarios B & D,2025-08-31
Maryland,6 months-17 years,Overall,1299128.0,3.2,Scenarios B & D,2025-09-07
Maryland,6 months-17 years,Overall,1299128.0,4.5,Scenarios B & D,2025-09-14
Maryland,6 months-17 years,Overall,1299128.0,5.8,Scenarios B & D,2025-09-21
Maryland,6 months-17 years,Overall,1299128.0,7.1,Scenarios B & D,2025-09-28
Maryland,6 months-17 years,Overall,1299128.0,8.3,Scenarios B & D,2025-10-05
Maryland,6 months-17 years,Overall,1299128.0,9.6,Scenarios B & D,2025-10-12
Maryland,6 months-17 years,Overall,1299128.0,10.9,Scenarios B & D,2025-10-19
Maryland,6 months-17 years,Overall,1299128.0,12.1,Scenarios B & D,2025-10-26
Maryland,6 months-17 years,Overall,1299128.0,13.3,Scenarios B & D,2025-11-02
Maryland,6 months-17 years,Overall,1299128.0,14.5,Scenarios B & D,2025-11-09
Maryland,6 months-17 years,Overall,1299128.0,15.6,Scenarios B & D,2025-11-16
Maryland,6 months-17 years,Overall,1299128.0,16.6,Scenarios B & D,2025-11-23
Maryland,6 months-17 years,Overall,1299128.0,17.6,Scenarios B & D,2025-11-30
Maryland,6 months-17 years,Overall,1299128.0,18.5,Scenarios B & D,2025-12-07
Maryland,6 months-17 years,Overall,1299128.0,19.4,Scenarios B & D,2025-12-14
Maryland,6 months-17 years,Overall,1299128.0,20.2,Scenarios B & D,2025-12-21
Maryland,6 months-17 years,Overall,1299128.0,21.0,Scenarios B & D,2025-12-28
Maryland,6 months-17 years,Overall,1299128.0,21.7,Scenarios B & D,2026-01-04
Maryland,6 months-17 years,Overall,1299128.0,22.3,Scenarios B & D,2026-01-11
Maryland,6 months-17 years,Overall,1299128.0,22.9,Scenarios B & D,2026-01-18
Maryland,6 months-17 years,Overall,1299128.0,23.5,Scenarios B & D,2026-01-25
Maryland,6 months-17 years,Overall,1299128.0,24.0,Scenarios B & D,2026-02-01
Maryland,6 months-17 years,Overall,1299128.0,24.5,Scenarios B & D,2026-02-08
Maryland,6 months-17 years,Overall,1299128.0,25.0,Scenarios B & D,2026-02-15
Maryland,6 months-17 years,Overall,1299128.0,25.5,Scenarios B & D,2026-02-22
Maryland,6 months-17 years,Overall,1299128.0,25.9,Scenarios B & D,2026-03-01
Maryland,6 months-17 years,Overall,1299128.0,26.4,Scenarios B & D,2026-03-08
Maryland,6 months-17 years,Overall,1299128.0,26.8,Scenarios B & D,2026-03-15
Maryland,6 months-17 years,Overall,1299128.0,27.3,Scenarios B & D,2026-03-22
Maryland,6 months-17 years,Overall,1299128.0,27.8,Scenarios B & D,2026-03-29
Maryland,6 months-17 years,Overall,1299128.0,28.2,Scenarios B & D,2026-04-05
Maryland,6 months-17 years,Overall,1299128.0,28.7,Scenarios B & D,2026-04-12
Maryland,6 months-17 years,Overall,1299128.0,29.1,Scenarios B & D,2026-04-19
Maryland,6 months-17 years,Overall,1299128.0,29.6,Scenarios B & D,2026-04-26
Maryland,65+ years,Overall,987352.0,0.0,Scenarios B & D,2025-08-03
Maryland,65+ years,Overall,987352.0,0.2,Scenarios B & D,2025-08-10
Maryland,65+ years,Overall,987352.0,3.0,Scenarios B & D,2025-08-17
Maryland,65+ years,Overall,987352.0,5.9,Scenarios B & D,2025-08-24
Maryland,65+ years,Overall,987352.0,8.8,Scenarios B & D,2025-08-31
Maryland,65+ years,Overall,987352.0,11.8,Scenarios B & D,2025-09-07
Maryland,65+ years,Overall,987352.0,14.8,Scenarios B & D,2025-09-14
Maryland,65+ years,Overall,987352.0,17.8,Scenarios B & D,2025-09-21
Maryland,65+ years,Overall,987352.0,20.8,Scenarios B & D,2025-09-28
Maryland,65+ years,Overall,987352.0,23.7,Scenarios B & D,2025-10-05
Maryland,65+ years,Overall,987352.0,26.5,Scenarios B & D,2025-10-12
Maryland,65+ years,Overall,987352.0,29.1,Scenarios B & D,2025-10-19
Maryland,65+ years,Overall,987352.0,31.6,Scenarios B & D,2025-10-26
Maryland,65+ years,Overall,987352.0,34.0,Scenarios B & D,2025-11-02
Maryland,65+ years,Overall,987352.0,36.1,Scenarios B & D,2025-11-09
Maryland,65+ years,Overall,987352.0,38.1,Scenarios B & D,2025-11-16
Maryland,65+ years,Overall,987352.0,39.8,Scenarios B & D,2025-11-23
Maryland,65+ years,Overall,987352.0,41.2,Scenarios B & D,2025-11-30
Maryland,65+ years,Overall,987352.0,42.5,Scenarios B & D,2025-12-07
Maryland,65+ years,Overall,987352.0,43.6,Scenarios B & D,2025-12-14
Maryland,65+ years,Overall,987352.0,44.6,Scenarios B & D,2025-12-21
Maryland,65+ years,Overall,987352.0,45.4,Scenarios B & D,2025-12-28
Maryland,65+ years,Overall,987352.0,46.1,Scenarios B & D,2026-01-04
Maryland,65+ years,Overall,987352.0,46.7,Scenarios B & D,2026-01-11
Maryland,65+ years,Overall,987352.0,47.3,Scenarios B & D,2026-01-18
Maryland,65+ years,Overall,987352.0,47.9,Scenarios B & D,2026-01-25
Maryland,65+ years,Overall,987352.0,48.4,Scenarios B & D,2026-02-01
Maryland,65+ years,Overall,987352.0,48.9,Scenarios B & D,2026-02-08
Maryland,65+ years,Overall,987352.0,49.4,Scenarios B & D,2026-02-15
Maryland,65+ years,Overall,987352.0,50.0,Scenarios B & D,2026-02-22
Maryland,65+ years,Overall,987352.0,50.5,Scenarios B & D,2026-03-01
Maryland,65+ years,Overall,987352.0,51.0,Scenarios B & D,2026-03-08
Maryland,65+ years,Overall,987352.0,51.5,Scenarios B & D,2026-03-15
Maryland,65+ years,Overall,987352.0,52.1,Scenarios B & D,2026-03-22
Maryland,65+ years,Overall,987352.0,52.6,Scenarios B & D,2026-03-29
Maryland,65+ years,Overall,987352.0,53.1,Scenarios B & D,2026-04-05
Maryland,65+ years,Overall,987352.0,53.6,Scenarios B & D,2026-04-12
Maryland,65+ years,Overall,987352.0,54.2,Scenarios B & D,2026-04-19
Maryland,65+ years,Overall,987352.0,54.7,Scenarios B & D,2026-04-26
Massachusetts,18-49 years,Overall,2949139.0,0.0,Scenarios B & D,2025-08-03
Massachusetts,18-49 years,Overall,2949139.0,0.0,Scenarios B & D,2025-08-10
Massachusetts,18-49 years,Overall,2949139.0,1.0,Scenarios B & D,2025-08-17
Massachusetts,18-49 years,Overall,2949139.0,2.3,Scenarios B & D,2025-08-24
Massachusetts,18-49 years,Overall,2949139.0,3.6,Scenarios B & D,2025-08-31
Massachusetts,18-49 years,Overall,2949139.0,5.0,Scenarios B & D,2025-09-07
Massachusetts,18-49 years,Overall,2949139.0,6.3,Scenarios B & D,2025-09-14
Massachusetts,18-49 years,Overall,2949139.0,7.7,Scenarios B & D,2025-09-21
Massachusetts,18-49 years,Overall,2949139.0,9.0,Scenarios B & D,2025-09-28
Massachusetts,18-49 years,Overall,2949139.0,10.4,Scenarios B & D,2025-10-05
Massachusetts,18-49 years,Overall,2949139.0,11.7,Scenarios B & D,2025-10-12
Massachusetts,18-49 years,Overall,2949139.0,13.0,Scenarios B & D,2025-10-19
Massachusetts,18-49 years,Overall,2949139.0,14.3,Scenarios B & D,2025-10-26
Massachusetts,18-49 years,Overall,2949139.0,15.4,Scenarios B & D,2025-11-02
Massachusetts,18-49 years,Overall,2949139.0,16.5,Scenarios B & D,2025-11-09
Massachusetts,18-49 years,Overall,2949139.0,17.6,Scenarios B & D,2025-11-16
Massachusetts,18-49 years,Overall,2949139.0,18.5,Scenarios B & D,2025-11-23
Massachusetts,18-49 years,Overall,2949139.0,19.3,Scenarios B & D,2025-11-30
Massachusetts,18-49 years,Overall,2949139.0,20.1,Scenarios B & D,2025-12-07
Massachusetts,18-49 years,Overall,2949139.0,20.8,Scenarios B & D,2025-12-14
Massachusetts,18-49 years,Overall,2949139.0,21.3,Scenarios B & D,2025-12-21
Massachusetts,18-49 years,Overall,2949139.0,21.9,Scenarios B & D,2025-12-28
Massachusetts,18-49 years,Overall,2949139.0,22.4,Scenarios B & D,2026-01-04
Massachusetts,18-49 years,Overall,2949139.0,22.8,Scenarios B & D,2026-01-11
Massachusetts,18-49 years,Overall,2949139.0,23.2,Scenarios B & D,2026-01-18
Massachusetts,18-49 years,Overall,2949139.0,23.6,Scenarios B & D,2026-01-25
Massachusetts,18-49 years,Overall,2949139.0,24.0,Scenarios B & D,2026-02-01
Massachusetts,18-49 years,Overall,2949139.0,24.4,Scenarios B & D,2026-02-08
Massachusetts,18-49 years,Overall,2949139.0,24.8,Scenarios B & D,2026-02-15
Massachusetts,18-49 years,Overall,2949139.0,25.2,Scenarios B & D,2026-02-22
Massachusetts,18-49 years,Overall,2949139.0,25.6,Scenarios B & D,2026-03-01
Massachusetts,18-49 years,Overall,2949139.0,26.0,Scenarios B & D,2026-03-08
Massachusetts,18-49 years,Overall,2949139.0,26.4,Scenarios B & D,2026-03-15
Massachusetts,18-49 years,Overall,2949139.0,26.8,Scenarios B & D,2026-03-22
Massachusetts,18-49 years,Overall,2949139.0,27.2,Scenarios B & D,2026-03-29
Massachusetts,18-49 years,Overall,2949139.0,27.6,Scenarios B & D,2026-04-05
Massachusetts,18-49 years,Overall,2949139.0,28.0,Scenarios B & D,2026-04-12
Massachusetts,18-49 years,Overall,2949139.0,28.4,Scenarios B & D,2026-04-19
Massachusetts,18-49 years,Overall,2949139.0,28.8,Scenarios B & D,2026-04-26
Massachusetts,50-64 years,Overall,1399578.0,0.0,Scenarios B & D,2025-08-03
Massachusetts,50-64 years,Overall,1399578.0,0.1,Scenarios B & D,2025-08-10
Massachusetts,50-64 years,Overall,1399578.0,2.3,Scenarios B & D,2025-08-17
Massachusetts,50-64 years,Overall,1399578.0,4.6,Scenarios B & D,2025-08-24
Massachusetts,50-64 years,Overall,1399578.0,6.9,Scenarios B & D,2025-08-31
Massachusetts,50-64 years,Overall,1399578.0,9.3,Scenarios B & D,2025-09-07
Massachusetts,50-64 years,Overall,1399578.0,11.6,Scenarios B & D,2025-09-14
Massachusetts,50-64 years,Overall,1399578.0,14.0,Scenarios B & D,2025-09-21
Massachusetts,50-64 years,Overall,1399578.0,16.3,Scenarios B & D,2025-09-28
Massachusetts,50-64 years,Overall,1399578.0,18.6,Scenarios B & D,2025-10-05
Massachusetts,50-64 years,Overall,1399578.0,20.8,Scenarios B & D,2025-10-12
Massachusetts,50-64 years,Overall,1399578.0,22.9,Scenarios B & D,2025-10-19
Massachusetts,50-64 years,Overall,1399578.0,24.9,Scenarios B & D,2025-10-26
Massachusetts,50-64 years,Overall,1399578.0,26.8,Scenarios B & D,2025-11-02
Massachusetts,50-64 years,Overall,1399578.0,28.5,Scenarios B & D,2025-11-09
Massachusetts,50-64 years,Overall,1399578.0,30.1,Scenarios B & D,2025-11-16
Massachusetts,50-64 years,Overall,1399578.0,31.6,Scenarios B & D,2025-11-23
Massachusetts,50-64 years,Overall,1399578.0,33.0,Scenarios B & D,2025-11-30
Massachusetts,50-64 years,Overall,1399578.0,34.2,Scenarios B & D,2025-12-07
Massachusetts,50-64 years,Overall,1399578.0,35.3,Scenarios B & D,2025-12-14
Massachusetts,50-64 years,Overall,1399578.0,36.3,Scenarios B & D,2025-12-21
Massachusetts,50-64 years,Overall,1399578.0,37.1,Scenarios B & D,2025-12-28
Massachusetts,50-64 years,Overall,1399578.0,37.9,Scenarios B & D,2026-01-04
Massachusetts,50-64 years,Overall,1399578.0,38.6,Scenarios B & D,2026-01-11
Massachusetts,50-64 years,Overall,1399578.0,39.2,Scenarios B & D,2026-01-18
Massachusetts,50-64 years,Overall,1399578.0,39.8,Scenarios B & D,2026-01-25
Massachusetts,50-64 years,Overall,1399578.0,40.3,Scenarios B & D,2026-02-01
Massachusetts,50-64 years,Overall,1399578.0,40.9,Scenarios B & D,2026-02-08
Massachusetts,50-64 years,Overall,1399578.0,41.4,Scenarios B & D,2026-02-15
Massachusetts,50-64 years,Overall,1399578.0,42.0,Scenarios B & D,2026-02-22
Massachusetts,50-64 years,Overall,1399578.0,42.5,Scenarios B & D,2026-03-01
Massachusetts,50-64 years,Overall,1399578.0,43.1,Scenarios B & D,2026-03-08
Massachusetts,50-64 years,Overall,1399578.0,43.6,Scenarios B & D,2026-03-15
Massachusetts,50-64 years,Overall,1399578.0,44.2,Scenarios B & D,2026-03-22
Massachusetts,50-64 years,Overall,1399578.0,44.7,Scenarios B & D,2026-03-29
Massachusetts,50-64 years,Overall,1399578.0,45.3,Scenarios B & D,2026-04-05
Massachusetts,50-64 years,Overall,1399578.0,45.8,Scenarios B & D,2026-04-12
Massachusetts,50-64 years,Overall,1399578.0,46.4,Scenarios B & D,2026-04-19
Massachusetts,50-64 years,Overall,1399578.0,46.9,Scenarios B & D,2026-04-26
Massachusetts,6 months-17 years,Overall,1307110.0,0.0,Scenarios B & D,2025-08-03
Massachusetts,6 months-17 years,Overall,1307110.0,0.0,Scenarios B & D,2025-08-10
Massachusetts,6 months-17 years,Overall,1307110.0,0.0,Scenarios B & D,2025-08-17
Massachusetts,6 months-17 years,Overall,1307110.0,0.9,Scenarios B & D,2025-08-24
Massachusetts,6 months-17 years,Overall,1307110.0,2.2,Scenarios B & D,2025-08-31
Massachusetts,6 months-17 years,Overall,1307110.0,3.6,Scenarios B & D,2025-09-07
Massachusetts,6 months-17 years,Overall,1307110.0,4.9,Scenarios B & D,2025-09-14
Massachusetts,6 months-17 years,Overall,1307110.0,6.2,Scenarios B & D,2025-09-21
Massachusetts,6 months-17 years,Overall,1307110.0,7.6,Scenarios B & D,2025-09-28
Massachusetts,6 months-17 years,Overall,1307110.0,8.9,Scenarios B & D,2025-10-05
Massachusetts,6 months-17 years,Overall,1307110.0,10.3,Scenarios B & D,2025-10-12
Massachusetts,6 months-17 years,Overall,1307110.0,11.6,Scenarios B & D,2025-10-19
Massachusetts,6 months-17 years,Overall,1307110.0,12.9,Scenarios B & D,2025-10-26
Massachusetts,6 months-17 years,Overall,1307110.0,14.1,Scenarios B & D,2025-11-02
Massachusetts,6 months-17 years,Overall,1307110.0,15.3,Scenarios B & D,2025-11-09
Massachusetts,6 months-17 years,Overall,1307110.0,16.4,Scenarios B & D,2025-11-16
Massachusetts,6 months-17 years,Overall,1307110.0,17.4,Scenarios B & D,2025-11-23
Massachusetts,6 months-17 years,Overall,1307110.0,18.4,Scenarios B & D,2025-11-30
Massachusetts,6 months-17 years,Overall,1307110.0,19.3,Scenarios B & D,2025-12-07
Massachusetts,6 months-17 years,Overall,1307110.0,20.2,Scenarios B & D,2025-12-14
Massachusetts,6 months-17 years,Overall,1307110.0,20.9,Scenarios B & D,2025-12-21
Massachusetts,6 months-17 years,Overall,1307110.0,21.7,Scenarios B & D,2025-12-28
Massachusetts,6 months-17 years,Overall,1307110.0,22.4,Scenarios B & D,2026-01-04
Massachusetts,6 months-17 years,Overall,1307110.0,23.0,Scenarios B & D,2026-01-11
Massachusetts,6 months-17 years,Overall,1307110.0,23.6,Scenarios B & D,2026-01-18
Massachusetts,6 months-17 years,Overall,1307110.0,24.1,Scenarios B & D,2026-01-25
Massachusetts,6 months-17 years,Overall,1307110.0,24.6,Scenarios B & D,2026-02-01
Massachusetts,6 months-17 years,Overall,1307110.0,25.1,Scenarios B & D,2026-02-08
Massachusetts,6 months-17 years,Overall,1307110.0,25.6,Scenarios B & D,2026-02-15
Massachusetts,6 months-17 years,Overall,1307110.0,26.1,Scenarios B & D,2026-02-22
Massachusetts,6 months-17 years,Overall,1307110.0,26.5,Scenarios B & D,2026-03-01
Massachusetts,6 months-17 years,Overall,1307110.0,27.0,Scenarios B & D,2026-03-08
Massachusetts,6 months-17 years,Overall,1307110.0,27.4,Scenarios B & D,2026-03-15
Massachusetts,6 months-17 years,Overall,1307110.0,27.9,Scenarios B & D,2026-03-22
Massachusetts,6 months-17 years,Overall,1307110.0,28.3,Scenarios B & D,2026-03-29
Massachusetts,6 months-17 years,Overall,1307110.0,28.8,Scenarios B & D,2026-04-05
Massachusetts,6 months-17 years,Overall,1307110.0,29.2,Scenarios B & D,2026-04-12
Massachusetts,6 months-17 years,Overall,1307110.0,29.7,Scenarios B & D,2026-04-19
Massachusetts,6 months-17 years,Overall,1307110.0,30.1,Scenarios B & D,2026-04-26
Massachusetts,65+ years,Overall,1198402.0,0.0,Scenarios B & D,2025-08-03
Massachusetts,65+ years,Overall,1198402.0,0.6,Scenarios B & D,2025-08-10
Massachusetts,65+ years,Overall,1198402.0,4.0,Scenarios B & D,2025-08-17
Massachusetts,65+ years,Overall,1198402.0,7.5,Scenarios B & D,2025-08-24
Massachusetts,65+ years,Overall,1198402.0,11.0,Scenarios B & D,2025-08-31
Massachusetts,65+ years,Overall,1198402.0,14.6,Scenarios B & D,2025-09-07
Massachusetts,65+ years,Overall,1198402.0,18.1,Scenarios B & D,2025-09-14
Massachusetts,65+ years,Overall,1198402.0,21.7,Scenarios B & D,2025-09-21
Massachusetts,65+ years,Overall,1198402.0,25.1,Scenarios B & D,2025-09-28
Massachusetts,65+ years,Overall,1198402.0,28.5,Scenarios B & D,2025-10-05
Massachusetts,65+ years,Overall,1198402.0,31.7,Scenarios B & D,2025-10-12
Massachusetts,65+ years,Overall,1198402.0,34.7,Scenarios B & D,2025-10-19
Massachusetts,65+ years,Overall,1198402.0,37.5,Scenarios B & D,2025-10-26
Massachusetts,65+ years,Overall,1198402.0,40.1,Scenarios B & D,2025-11-02
Massachusetts,65+ years,Overall,1198402.0,42.5,Scenarios B & D,2025-11-09
Massachusetts,65+ years,Overall,1198402.0,44.6,Scenarios B & D,2025-11-16
Massachusetts,65+ years,Overall,1198402.0,46.5,Scenarios B & D,2025-11-23
Massachusetts,65+ years,Overall,1198402.0,48.2,Scenarios B & D,2025-11-30
Massachusetts,65+ years,Overall,1198402.0,49.7,Scenarios B & D,2025-12-07
Massachusetts,65+ years,Overall,1198402.0,51.0,Scenarios B & D,2025-12-14
Massachusetts,65+ years,Overall,1198402.0,52.1,Scenarios B & D,2025-12-21
Massachusetts,65+ years,Overall,1198402.0,53.1,Scenarios B & D,2025-12-28
Massachusetts,65+ years,Overall,1198402.0,54.0,Scenarios B & D,2026-01-04
Massachusetts,65+ years,Overall,1198402.0,54.7,Scenarios B & D,2026-01-11
Massachusetts,65+ years,Overall,1198402.0,55.5,Scenarios B & D,2026-01-18
Massachusetts,65+ years,Overall,1198402.0,56.1,Scenarios B & D,2026-01-25
Massachusetts,65+ years,Overall,1198402.0,56.8,Scenarios B & D,2026-02-01
Massachusetts,65+ years,Overall,1198402.0,57.4,Scenarios B & D,2026-02-08
Massachusetts,65+ years,Overall,1198402.0,58.1,Scenarios B & D,2026-02-15
Massachusetts,65+ years,Overall,1198402.0,58.7,Scenarios B & D,2026-02-22
Massachusetts,65+ years,Overall,1198402.0,59.3,Scenarios B & D,2026-03-01
Massachusetts,65+ years,Overall,1198402.0,59.9,Scenarios B & D,2026-03-08
Massachusetts,65+ years,Overall,1198402.0,60.6,Scenarios B & D,2026-03-15
Massachusetts,65+ years,Overall,1198402.0,61.2,Scenarios B & D,2026-03-22
Massachusetts,65+ years,Overall,1198402.0,61.8,Scenarios B & D,2026-03-29
Massachusetts,65+ years,Overall,1198402.0,62.4,Scenarios B & D,2026-04-05
Massachusetts,65+ years,Overall,1198402.0,63.1,Scenarios B & D,2026-04-12
Massachusetts,65+ years,Overall,1198402.0,63.7,Scenarios B & D,2026-04-19
Massachusetts,65+ years,Overall,1198402.0,64.3,Scenarios B & D,2026-04-26
Michigan,18-49 years,Overall,4002980.0,0.0,Scenarios B & D,2025-08-03
Michigan,18-49 years,Overall,4002980.0,0.0,Scenarios B & D,2025-08-10
Michigan,18-49 years,Overall,4002980.0,0.2,Scenarios B & D,2025-08-17
Michigan,18-49 years,Overall,4002980.0,0.8,Scenarios B & D,2025-08-24
Michigan,18-49 years,Overall,4002980.0,1.5,Scenarios B & D,2025-08-31
Michigan,18-49 years,Overall,4002980.0,2.2,Scenarios B & D,2025-09-07
Michigan,18-49 years,Overall,4002980.0,2.8,Scenarios B & D,2025-09-14
Michigan,18-49 years,Overall,4002980.0,3.5,Scenarios B & D,2025-09-21
Michigan,18-49 years,Overall,4002980.0,4.3,Scenarios B & D,2025-09-28
Michigan,18-49 years,Overall,4002980.0,5.0,Scenarios B & D,2025-10-05
Michigan,18-49 years,Overall,4002980.0,5.7,Scenarios B & D,2025-10-12
Michigan,18-49 years,Overall,4002980.0,6.4,Scenarios B & D,2025-10-19
Michigan,18-49 years,Overall,4002980.0,7.1,Scenarios B & D,2025-10-26
Michigan,18-49 years,Overall,4002980.0,7.8,Scenarios B & D,2025-11-02
Michigan,18-49 years,Overall,4002980.0,8.5,Scenarios B & D,2025-11-09
Michigan,18-49 years,Overall,4002980.0,9.1,Scenarios B & D,2025-11-16
Michigan,18-49 years,Overall,4002980.0,9.6,Scenarios B & D,2025-11-23
Michigan,18-49 years,Overall,4002980.0,10.1,Scenarios B & D,2025-11-30
Michigan,18-49 years,Overall,4002980.0,10.5,Scenarios B & D,2025-12-07
Michigan,18-49 years,Overall,4002980.0,10.9,Scenarios B & D,2025-12-14
Michigan,18-49 years,Overall,4002980.0,11.2,Scenarios B & D,2025-12-21
Michigan,18-49 years,Overall,4002980.0,11.4,Scenarios B & D,2025-12-28
Michigan,18-49 years,Overall,4002980.0,11.6,Scenarios B & D,2026-01-04
Michigan,18-49 years,Overall,4002980.0,11.7,Scenarios B & D,2026-01-11
Michigan,18-49 years,Overall,4002980.0,11.8,Scenarios B & D,2026-01-18
Michigan,18-49 years,Overall,4002980.0,12.0,Scenarios B & D,2026-01-25
Michigan,18-49 years,Overall,4002980.0,12.0,Scenarios B & D,2026-02-01
Michigan,18-49 years,Overall,4002980.0,12.1,Scenarios B & D,2026-02-08
Michigan,18-49 years,Overall,4002980.0,12.2,Scenarios B & D,2026-02-15
Michigan,18-49 years,Overall,4002980.0,12.3,Scenarios B & D,2026-02-22
Michigan,18-49 years,Overall,4002980.0,12.4,Scenarios B & D,2026-03-01
Michigan,18-49 years,Overall,4002980.0,12.5,Scenarios B & D,2026-03-08
Michigan,18-49 years,Overall,4002980.0,12.6,Scenarios B & D,2026-03-15
Michigan,18-49 years,Overall,4002980.0,12.7,Scenarios B & D,2026-03-22
Michigan,18-49 years,Overall,4002980.0,12.8,Scenarios B & D,2026-03-29
Michigan,18-49 years,Overall,4002980.0,12.9,Scenarios B & D,2026-04-05
Michigan,18-49 years,Overall,4002980.0,12.9,Scenarios B & D,2026-04-12
Michigan,18-49 years,Overall,4002980.0,13.0,Scenarios B & D,2026-04-19
Michigan,18-49 years,Overall,4002980.0,13.1,Scenarios B & D,2026-04-26
Michigan,50-64 years,Overall,2020612.0,0.0,Scenarios B & D,2025-08-03
Michigan,50-64 years,Overall,2020612.0,0.0,Scenarios B & D,2025-08-10
Michigan,50-64 years,Overall,2020612.0,1.6,Scenarios B & D,2025-08-17
Michigan,50-64 years,Overall,2020612.0,3.4,Scenarios B & D,2025-08-24
Michigan,50-64 years,Overall,2020612.0,5.2,Scenarios B & D,2025-08-31
Michigan,50-64 years,Overall,2020612.0,7.0,Scenarios B & D,2025-09-07
Michigan,50-64 years,Overall,2020612.0,8.8,Scenarios B & D,2025-09-14
Michigan,50-64 years,Overall,2020612.0,10.7,Scenarios B & D,2025-09-21
Michigan,50-64 years,Overall,2020612.0,12.5,Scenarios B & D,2025-09-28
Michigan,50-64 years,Overall,2020612.0,14.3,Scenarios B & D,2025-10-05
Michigan,50-64 years,Overall,2020612.0,16.0,Scenarios B & D,2025-10-12
Michigan,50-64 years,Overall,2020612.0,17.5,Scenarios B & D,2025-10-19
Michigan,50-64 years,Overall,2020612.0,18.9,Scenarios B & D,2025-10-26
Michigan,50-64 years,Overall,2020612.0,20.2,Scenarios B & D,2025-11-02
Michigan,50-64 years,Overall,2020612.0,21.3,Scenarios B & D,2025-11-09
Michigan,50-64 years,Overall,2020612.0,22.3,Scenarios B & D,2025-11-16
Michigan,50-64 years,Overall,2020612.0,23.1,Scenarios B & D,2025-11-23
Michigan,50-64 years,Overall,2020612.0,23.9,Scenarios B & D,2025-11-30
Michigan,50-64 years,Overall,2020612.0,24.5,Scenarios B & D,2025-12-07
Michigan,50-64 years,Overall,2020612.0,25.0,Scenarios B & D,2025-12-14
Michigan,50-64 years,Overall,2020612.0,25.3,Scenarios B & D,2025-12-21
Michigan,50-64 years,Overall,2020612.0,25.6,Scenarios B & D,2025-12-28
Michigan,50-64 years,Overall,2020612.0,25.9,Scenarios B & D,2026-01-04
Michigan,50-64 years,Overall,2020612.0,26.0,Scenarios B & D,2026-01-11
Michigan,50-64 years,Overall,2020612.0,26.2,Scenarios B & D,2026-01-18
Michigan,50-64 years,Overall,2020612.0,26.3,Scenarios B & D,2026-01-25
Michigan,50-64 years,Overall,2020612.0,26.4,Scenarios B & D,2026-02-01
Michigan,50-64 years,Overall,2020612.0,26.4,Scenarios B & D,2026-02-08
Michigan,50-64 years,Overall,2020612.0,26.5,Scenarios B & D,2026-02-15
Michigan,50-64 years,Overall,2020612.0,26.6,Scenarios B & D,2026-02-22
Michigan,50-64 years,Overall,2020612.0,26.7,Scenarios B & D,2026-03-01
Michigan,50-64 years,Overall,2020612.0,26.8,Scenarios B & D,2026-03-08
Michigan,50-64 years,Overall,2020612.0,26.8,Scenarios B & D,2026-03-15
Michigan,50-64 years,Overall,2020612.0,26.9,Scenarios B & D,2026-03-22
Michigan,50-64 years,Overall,2020612.0,27.0,Scenarios B & D,2026-03-29
Michigan,50-64 years,Overall,2020612.0,27.1,Scenarios B & D,2026-04-05
Michigan,50-64 years,Overall,2020612.0,27.2,Scenarios B & D,2026-04-12
Michigan,50-64 years,Overall,2020612.0,27.2,Scenarios B & D,2026-04-19
Michigan,50-64 years,Overall,2020612.0,27.3,Scenarios B & D,2026-04-26
Michigan,6 months-17 years,Overall,2072888.0,0.0,Scenarios B & D,2025-08-03
Michigan,6 months-17 years,Overall,2072888.0,0.0,Scenarios B & D,2025-08-10
Michigan,6 months-17 years,Overall,2072888.0,0.0,Scenarios B & D,2025-08-17
Michigan,6 months-17 years,Overall,2072888.0,0.2,Scenarios B & D,2025-08-24
Michigan,6 months-17 years,Overall,2072888.0,0.9,Scenarios B & D,2025-08-31
Michigan,6 months-17 years,Overall,2072888.0,1.5,Scenarios B & D,2025-09-07
Michigan,6 months-17 years,Overall,2072888.0,2.1,Scenarios B & D,2025-09-14
Michigan,6 months-17 years,Overall,2072888.0,2.8,Scenarios B & D,2025-09-21
Michigan,6 months-17 years,Overall,2072888.0,3.4,Scenarios B & D,2025-09-28
Michigan,6 months-17 years,Overall,2072888.0,4.1,Scenarios B & D,2025-10-05
Michigan,6 months-17 years,Overall,2072888.0,4.7,Scenarios B & D,2025-10-12
Michigan,6 months-17 years,Overall,2072888.0,5.4,Scenarios B & D,2025-10-19
Michigan,6 months-17 years,Overall,2072888.0,6.0,Scenarios B & D,2025-10-26
Michigan,6 months-17 years,Overall,2072888.0,6.7,Scenarios B & D,2025-11-02
Michigan,6 months-17 years,Overall,2072888.0,7.3,Scenarios B & D,2025-11-09
Michigan,6 months-17 years,Overall,2072888.0,7.8,Scenarios B & D,2025-11-16
Michigan,6 months-17 years,Overall,2072888.0,8.4,Scenarios B & D,2025-11-23
Michigan,6 months-17 years,Overall,2072888.0,8.9,Scenarios B & D,2025-11-30
Michigan,6 months-17 years,Overall,2072888.0,9.3,Scenarios B & D,2025-12-07
Michigan,6 months-17 years,Overall,2072888.0,9.8,Scenarios B & D,2025-12-14
Michigan,6 months-17 years,Overall,2072888.0,10.2,Scenarios B & D,2025-12-21
Michigan,6 months-17 years,Overall,2072888.0,10.5,Scenarios B & D,2025-12-28
Michigan,6 months-17 years,Overall,2072888.0,10.9,Scenarios B & D,2026-01-04
Michigan,6 months-17 years,Overall,2072888.0,11.2,Scenarios B & D,2026-01-11
Michigan,6 months-17 years,Overall,2072888.0,11.5,Scenarios B & D,2026-01-18
Michigan,6 months-17 years,Overall,2072888.0,11.7,Scenarios B & D,2026-01-25
Michigan,6 months-17 years,Overall,2072888.0,12.0,Scenarios B & D,2026-02-01
Michigan,6 months-17 years,Overall,2072888.0,12.2,Scenarios B & D,2026-02-08
Michigan,6 months-17 years,Overall,2072888.0,12.4,Scenarios B & D,2026-02-15
Michigan,6 months-17 years,Overall,2072888.0,12.6,Scenarios B & D,2026-02-22
Michigan,6 months-17 years,Overall,2072888.0,12.8,Scenarios B & D,2026-03-01
Michigan,6 months-17 years,Overall,2072888.0,13.0,Scenarios B & D,2026-03-08
Michigan,6 months-17 years,Overall,2072888.0,13.2,Scenarios B & D,2026-03-15
Michigan,6 months-17 years,Overall,2072888.0,13.4,Scenarios B & D,2026-03-22
Michigan,6 months-17 years,Overall,2072888.0,13.6,Scenarios B & D,2026-03-29
Michigan,6 months-17 years,Overall,2072888.0,13.8,Scenarios B & D,2026-04-05
Michigan,6 months-17 years,Overall,2072888.0,14.0,Scenarios B & D,2026-04-12
Michigan,6 months-17 years,Overall,2072888.0,14.2,Scenarios B & D,2026-04-19
Michigan,6 months-17 years,Overall,2072888.0,14.4,Scenarios B & D,2026-04-26
Michigan,65+ years,Overall,1812441.0,0.0,Scenarios B & D,2025-08-03
Michigan,65+ years,Overall,1812441.0,0.9,Scenarios B & D,2025-08-10
Michigan,65+ years,Overall,1812441.0,3.3,Scenarios B & D,2025-08-17
Michigan,65+ years,Overall,1812441.0,5.8,Scenarios B & D,2025-08-24
Michigan,65+ years,Overall,1812441.0,8.3,Scenarios B & D,2025-08-31
Michigan,65+ years,Overall,1812441.0,10.8,Scenarios B & D,2025-09-07
Michigan,65+ years,Overall,1812441.0,13.4,Scenarios B & D,2025-09-14
Michigan,65+ years,Overall,1812441.0,15.8,Scenarios B & D,2025-09-21
Michigan,65+ years,Overall,1812441.0,18.3,Scenarios B & D,2025-09-28
Michigan,65+ years,Overall,1812441.0,20.6,Scenarios B & D,2025-10-05
Michigan,65+ years,Overall,1812441.0,22.9,Scenarios B & D,2025-10-12
Michigan,65+ years,Overall,1812441.0,25.0,Scenarios B & D,2025-10-19
Michigan,65+ years,Overall,1812441.0,27.0,Scenarios B & D,2025-10-26
Michigan,65+ years,Overall,1812441.0,28.9,Scenarios B & D,2025-11-02
Michigan,65+ years,Overall,1812441.0,30.7,Scenarios B & D,2025-11-09
Michigan,65+ years,Overall,1812441.0,32.3,Scenarios B & D,2025-11-16
Michigan,65+ years,Overall,1812441.0,33.8,Scenarios B & D,2025-11-23
Michigan,65+ years,Overall,1812441.0,35.2,Scenarios B & D,2025-11-30
Michigan,65+ years,Overall,1812441.0,36.4,Scenarios B & D,2025-12-07
Michigan,65+ years,Overall,1812441.0,37.4,Scenarios B & D,2025-12-14
Michigan,65+ years,Overall,1812441.0,38.3,Scenarios B & D,2025-12-21
Michigan,65+ years,Overall,1812441.0,39.0,Scenarios B & D,2025-12-28
Michigan,65+ years,Overall,1812441.0,39.7,Scenarios B & D,2026-01-04
Michigan,65+ years,Overall,1812441.0,40.2,Scenarios B & D,2026-01-11
Michigan,65+ years,Overall,1812441.0,40.7,Scenarios B & D,2026-01-18
Michigan,65+ years,Overall,1812441.0,41.2,Scenarios B & D,2026-01-25
Michigan,65+ years,Overall,1812441.0,41.6,Scenarios B & D,2026-02-01
Michigan,65+ years,Overall,1812441.0,42.0,Scenarios B & D,2026-02-08
Michigan,65+ years,Overall,1812441.0,42.4,Scenarios B & D,2026-02-15
Michigan,65+ years,Overall,1812441.0,42.9,Scenarios B & D,2026-02-22
Michigan,65+ years,Overall,1812441.0,43.3,Scenarios B & D,2026-03-01
Michigan,65+ years,Overall,1812441.0,43.7,Scenarios B & D,2026-03-08
Michigan,65+ years,Overall,1812441.0,44.1,Scenarios B & D,2026-03-15
Michigan,65+ years,Overall,1812441.0,44.5,Scenarios B & D,2026-03-22
Michigan,65+ years,Overall,1812441.0,44.9,Scenarios B & D,2026-03-29
Michigan,65+ years,Overall,1812441.0,45.3,Scenarios B & D,2026-04-05
Michigan,65+ years,Overall,1812441.0,45.8,Scenarios B & D,2026-04-12
Michigan,65+ years,Overall,1812441.0,46.2,Scenarios B & D,2026-04-19
Michigan,65+ years,Overall,1812441.0,46.6,Scenarios B & D,2026-04-26
Minnesota,18-49 years,Overall,2313403.0,0.0,Scenarios B & D,2025-08-03
Minnesota,18-49 years,Overall,2313403.0,0.0,Scenarios B & D,2025-08-10
Minnesota,18-49 years,Overall,2313403.0,0.8,Scenarios B & D,2025-08-17
Minnesota,18-49 years,Overall,2313403.0,1.9,Scenarios B & D,2025-08-24
Minnesota,18-49 years,Overall,2313403.0,3.1,Scenarios B & D,2025-08-31
Minnesota,18-49 years,Overall,2313403.0,4.2,Scenarios B & D,2025-09-07
Minnesota,18-49 years,Overall,2313403.0,5.4,Scenarios B & D,2025-09-14
Minnesota,18-49 years,Overall,2313403.0,6.6,Scenarios B & D,2025-09-21
Minnesota,18-49 years,Overall,2313403.0,7.9,Scenarios B & D,2025-09-28
Minnesota,18-49 years,Overall,2313403.0,9.1,Scenarios B & D,2025-10-05
Minnesota,18-49 years,Overall,2313403.0,10.2,Scenarios B & D,2025-10-12
Minnesota,18-49 years,Overall,2313403.0,11.4,Scenarios B & D,2025-10-19
Minnesota,18-49 years,Overall,2313403.0,12.5,Scenarios B & D,2025-10-26
Minnesota,18-49 years,Overall,2313403.0,13.6,Scenarios B & D,2025-11-02
Minnesota,18-49 years,Overall,2313403.0,14.5,Scenarios B & D,2025-11-09
Minnesota,18-49 years,Overall,2313403.0,15.5,Scenarios B & D,2025-11-16
Minnesota,18-49 years,Overall,2313403.0,16.3,Scenarios B & D,2025-11-23
Minnesota,18-49 years,Overall,2313403.0,17.1,Scenarios B & D,2025-11-30
Minnesota,18-49 years,Overall,2313403.0,17.8,Scenarios B & D,2025-12-07
Minnesota,18-49 years,Overall,2313403.0,18.5,Scenarios B & D,2025-12-14
Minnesota,18-49 years,Overall,2313403.0,19.1,Scenarios B & D,2025-12-21
Minnesota,18-49 years,Overall,2313403.0,19.6,Scenarios B & D,2025-12-28
Minnesota,18-49 years,Overall,2313403.0,20.1,Scenarios B & D,2026-01-04
Minnesota,18-49 years,Overall,2313403.0,20.6,Scenarios B & D,2026-01-11
Minnesota,18-49 years,Overall,2313403.0,21.1,Scenarios B & D,2026-01-18
Minnesota,18-49 years,Overall,2313403.0,21.5,Scenarios B & D,2026-01-25
Minnesota,18-49 years,Overall,2313403.0,21.9,Scenarios B & D,2026-02-01
Minnesota,18-49 years,Overall,2313403.0,22.4,Scenarios B & D,2026-02-08
Minnesota,18-49 years,Overall,2313403.0,22.8,Scenarios B & D,2026-02-15
Minnesota,18-49 years,Overall,2313403.0,23.2,Scenarios B & D,2026-02-22
Minnesota,18-49 years,Overall,2313403.0,23.7,Scenarios B & D,2026-03-01
Minnesota,18-49 years,Overall,2313403.0,24.1,Scenarios B & D,2026-03-08
Minnesota,18-49 years,Overall,2313403.0,24.5,Scenarios B & D,2026-03-15
Minnesota,18-49 years,Overall,2313403.0,24.9,Scenarios B & D,2026-03-22
Minnesota,18-49 years,Overall,2313403.0,25.4,Scenarios B & D,2026-03-29
Minnesota,18-49 years,Overall,2313403.0,25.8,Scenarios B & D,2026-04-05
Minnesota,18-49 years,Overall,2313403.0,26.2,Scenarios B & D,2026-04-12
Minnesota,18-49 years,Overall,2313403.0,26.7,Scenarios B & D,2026-04-19
Minnesota,18-49 years,Overall,2313403.0,27.1,Scenarios B & D,2026-04-26
Minnesota,50-64 years,Overall,1091743.0,0.0,Scenarios B & D,2025-08-03
Minnesota,50-64 years,Overall,1091743.0,0.0,Scenarios B & D,2025-08-10
Minnesota,50-64 years,Overall,1091743.0,2.0,Scenarios B & D,2025-08-17
Minnesota,50-64 years,Overall,1091743.0,4.1,Scenarios B & D,2025-08-24
Minnesota,50-64 years,Overall,1091743.0,6.3,Scenarios B & D,2025-08-31
Minnesota,50-64 years,Overall,1091743.0,8.5,Scenarios B & D,2025-09-07
Minnesota,50-64 years,Overall,1091743.0,10.7,Scenarios B & D,2025-09-14
Minnesota,50-64 years,Overall,1091743.0,12.9,Scenarios B & D,2025-09-21
Minnesota,50-64 years,Overall,1091743.0,15.2,Scenarios B & D,2025-09-28
Minnesota,50-64 years,Overall,1091743.0,17.3,Scenarios B & D,2025-10-05
Minnesota,50-64 years,Overall,1091743.0,19.4,Scenarios B & D,2025-10-12
Minnesota,50-64 years,Overall,1091743.0,21.3,Scenarios B & D,2025-10-19
Minnesota,50-64 years,Overall,1091743.0,23.2,Scenarios B & D,2025-10-26
Minnesota,50-64 years,Overall,1091743.0,24.9,Scenarios B & D,2025-11-02
Minnesota,50-64 years,Overall,1091743.0,26.5,Scenarios B & D,2025-11-09
Minnesota,50-64 years,Overall,1091743.0,27.9,Scenarios B & D,2025-11-16
Minnesota,50-64 years,Overall,1091743.0,29.2,Scenarios B & D,2025-11-23
Minnesota,50-64 years,Overall,1091743.0,30.3,Scenarios B & D,2025-11-30
Minnesota,50-64 years,Overall,1091743.0,31.4,Scenarios B & D,2025-12-07
Minnesota,50-64 years,Overall,1091743.0,32.3,Scenarios B & D,2025-12-14
Minnesota,50-64 years,Overall,1091743.0,33.1,Scenarios B & D,2025-12-21
Minnesota,50-64 years,Overall,1091743.0,33.8,Scenarios B & D,2025-12-28
Minnesota,50-64 years,Overall,1091743.0,34.4,Scenarios B & D,2026-01-04
Minnesota,50-64 years,Overall,1091743.0,35.0,Scenarios B & D,2026-01-11
Minnesota,50-64 years,Overall,1091743.0,35.5,Scenarios B & D,2026-01-18
Minnesota,50-64 years,Overall,1091743.0,36.1,Scenarios B & D,2026-01-25
Minnesota,50-64 years,Overall,1091743.0,36.6,Scenarios B & D,2026-02-01
Minnesota,50-64 years,Overall,1091743.0,37.1,Scenarios B & D,2026-02-08
Minnesota,50-64 years,Overall,1091743.0,37.5,Scenarios B & D,2026-02-15
Minnesota,50-64 years,Overall,1091743.0,38.0,Scenarios B & D,2026-02-22
Minnesota,50-64 years,Overall,1091743.0,38.5,Scenarios B & D,2026-03-01
Minnesota,50-64 years,Overall,1091743.0,39.0,Scenarios B & D,2026-03-08
Minnesota,50-64 years,Overall,1091743.0,39.5,Scenarios B & D,2026-03-15
Minnesota,50-64 years,Overall,1091743.0,40.0,Scenarios B & D,2026-03-22
Minnesota,50-64 years,Overall,1091743.0,40.5,Scenarios B & D,2026-03-29
Minnesota,50-64 years,Overall,1091743.0,41.0,Scenarios B & D,2026-04-05
Minnesota,50-64 years,Overall,1091743.0,41.5,Scenarios B & D,2026-04-12
Minnesota,50-64 years,Overall,1091743.0,42.0,Scenarios B & D,2026-04-19
Minnesota,50-64 years,Overall,1091743.0,42.4,Scenarios B & D,2026-04-26
Minnesota,6 months-17 years,Overall,1268024.0,0.0,Scenarios B & D,2025-08-03
Minnesota,6 months-17 years,Overall,1268024.0,0.0,Scenarios B & D,2025-08-10
Minnesota,6 months-17 years,Overall,1268024.0,0.0,Scenarios B & D,2025-08-17
Minnesota,6 months-17 years,Overall,1268024.0,0.6,Scenarios B & D,2025-08-24
Minnesota,6 months-17 years,Overall,1268024.0,1.8,Scenarios B & D,2025-08-31
Minnesota,6 months-17 years,Overall,1268024.0,3.0,Scenarios B & D,2025-09-07
Minnesota,6 months-17 years,Overall,1268024.0,4.3,Scenarios B & D,2025-09-14
Minnesota,6 months-17 years,Overall,1268024.0,5.5,Scenarios B & D,2025-09-21
Minnesota,6 months-17 years,Overall,1268024.0,6.8,Scenarios B & D,2025-09-28
Minnesota,6 months-17 years,Overall,1268024.0,8.1,Scenarios B & D,2025-10-05
Minnesota,6 months-17 years,Overall,1268024.0,9.4,Scenarios B & D,2025-10-12
Minnesota,6 months-17 years,Overall,1268024.0,10.6,Scenarios B & D,2025-10-19
Minnesota,6 months-17 years,Overall,1268024.0,11.9,Scenarios B & D,2025-10-26
Minnesota,6 months-17 years,Overall,1268024.0,13.1,Scenarios B & D,2025-11-02
Minnesota,6 months-17 years,Overall,1268024.0,14.3,Scenarios B & D,2025-11-09
Minnesota,6 months-17 years,Overall,1268024.0,15.4,Scenarios B & D,2025-11-16
Minnesota,6 months-17 years,Overall,1268024.0,16.5,Scenarios B & D,2025-11-23
Minnesota,6 months-17 years,Overall,1268024.0,17.6,Scenarios B & D,2025-11-30
Minnesota,6 months-17 years,Overall,1268024.0,18.6,Scenarios B & D,2025-12-07
Minnesota,6 months-17 years,Overall,1268024.0,19.5,Scenarios B & D,2025-12-14
Minnesota,6 months-17 years,Overall,1268024.0,20.4,Scenarios B & D,2025-12-21
Minnesota,6 months-17 years,Overall,1268024.0,21.2,Scenarios B & D,2025-12-28
Minnesota,6 months-17 years,Overall,1268024.0,22.0,Scenarios B & D,2026-01-04
Minnesota,6 months-17 years,Overall,1268024.0,22.7,Scenarios B & D,2026-01-11
Minnesota,6 months-17 years,Overall,1268024.0,23.4,Scenarios B & D,2026-01-18
Minnesota,6 months-17 years,Overall,1268024.0,24.0,Scenarios B & D,2026-01-25
Minnesota,6 months-17 years,Overall,1268024.0,24.6,Scenarios B & D,2026-02-01
Minnesota,6 months-17 years,Overall,1268024.0,25.2,Scenarios B & D,2026-02-08
Minnesota,6 months-17 years,Overall,1268024.0,25.7,Scenarios B & D,2026-02-15
Minnesota,6 months-17 years,Overall,1268024.0,26.2,Scenarios B & D,2026-02-22
Minnesota,6 months-17 years,Overall,1268024.0,26.7,Scenarios B & D,2026-03-01
Minnesota,6 months-17 years,Overall,1268024.0,27.3,Scenarios B & D,2026-03-08
Minnesota,6 months-17 years,Overall,1268024.0,27.8,Scenarios B & D,2026-03-15
Minnesota,6 months-17 years,Overall,1268024.0,28.3,Scenarios B & D,2026-03-22
Minnesota,6 months-17 years,Overall,1268024.0,28.8,Scenarios B & D,2026-03-29
Minnesota,6 months-17 years,Overall,1268024.0,29.3,Scenarios B & D,2026-04-05
Minnesota,6 months-17 years,Overall,1268024.0,29.8,Scenarios B & D,2026-04-12
Minnesota,6 months-17 years,Overall,1268024.0,30.3,Scenarios B & D,2026-04-19
Minnesota,6 months-17 years,Overall,1268024.0,30.8,Scenarios B & D,2026-04-26
Minnesota,65+ years,Overall,948841.0,0.0,Scenarios B & D,2025-08-03
Minnesota,65+ years,Overall,948841.0,0.0,Scenarios B & D,2025-08-10
Minnesota,65+ years,Overall,948841.0,2.9,Scenarios B & D,2025-08-17
Minnesota,65+ years,Overall,948841.0,6.4,Scenarios B & D,2025-08-24
Minnesota,65+ years,Overall,948841.0,9.9,Scenarios B & D,2025-08-31
Minnesota,65+ years,Overall,948841.0,13.5,Scenarios B & D,2025-09-07
Minnesota,65+ years,Overall,948841.0,17.1,Scenarios B & D,2025-09-14
Minnesota,65+ years,Overall,948841.0,20.8,Scenarios B & D,2025-09-21
Minnesota,65+ years,Overall,948841.0,24.5,Scenarios B & D,2025-09-28
Minnesota,65+ years,Overall,948841.0,28.1,Scenarios B & D,2025-10-05
Minnesota,65+ years,Overall,948841.0,31.6,Scenarios B & D,2025-10-12
Minnesota,65+ years,Overall,948841.0,35.0,Scenarios B & D,2025-10-19
Minnesota,65+ years,Overall,948841.0,38.2,Scenarios B & D,2025-10-26
Minnesota,65+ years,Overall,948841.0,41.2,Scenarios B & D,2025-11-02
Minnesota,65+ years,Overall,948841.0,44.0,Scenarios B & D,2025-11-09
Minnesota,65+ years,Overall,948841.0,46.5,Scenarios B & D,2025-11-16
Minnesota,65+ years,Overall,948841.0,48.7,Scenarios B & D,2025-11-23
Minnesota,65+ years,Overall,948841.0,50.7,Scenarios B & D,2025-11-30
Minnesota,65+ years,Overall,948841.0,52.4,Scenarios B & D,2025-12-07
Minnesota,65+ years,Overall,948841.0,54.0,Scenarios B & D,2025-12-14
Minnesota,65+ years,Overall,948841.0,55.3,Scenarios B & D,2025-12-21
Minnesota,65+ years,Overall,948841.0,56.4,Scenarios B & D,2025-12-28
Minnesota,65+ years,Overall,948841.0,57.5,Scenarios B & D,2026-01-04
Minnesota,65+ years,Overall,948841.0,58.4,Scenarios B & D,2026-01-11
Minnesota,65+ years,Overall,948841.0,59.3,Scenarios B & D,2026-01-18
Minnesota,65+ years,Overall,948841.0,60.1,Scenarios B & D,2026-01-25
Minnesota,65+ years,Overall,948841.0,60.9,Scenarios B & D,2026-02-01
Minnesota,65+ years,Overall,948841.0,61.7,Scenarios B & D,2026-02-08
Minnesota,65+ years,Overall,948841.0,62.5,Scenarios B & D,2026-02-15
Minnesota,65+ years,Overall,948841.0,63.3,Scenarios B & D,2026-02-22
Minnesota,65+ years,Overall,948841.0,64.1,Scenarios B & D,2026-03-01
Minnesota,65+ years,Overall,948841.0,64.8,Scenarios B & D,2026-03-08
Minnesota,65+ years,Overall,948841.0,65.6,Scenarios B & D,2026-03-15
Minnesota,65+ years,Overall,948841.0,66.4,Scenarios B & D,2026-03-22
Minnesota,65+ years,Overall,948841.0,67.2,Scenarios B & D,2026-03-29
Minnesota,65+ years,Overall,948841.0,68.0,Scenarios B & D,2026-04-05
Minnesota,65+ years,Overall,948841.0,68.8,Scenarios B & D,2026-04-12
Minnesota,65+ years,Overall,948841.0,69.6,Scenarios B & D,2026-04-19
Minnesota,65+ years,Overall,948841.0,70.3,Scenarios B & D,2026-04-26
Mississippi,18-49 years,Overall,1197674.0,0.0,Scenarios B & D,2025-08-03
Mississippi,18-49 years,Overall,1197674.0,0.0,Scenarios B & D,2025-08-10
Mississippi,18-49 years,Overall,1197674.0,0.2,Scenarios B & D,2025-08-17
Mississippi,18-49 years,Overall,1197674.0,0.4,Scenarios B & D,2025-08-24
Mississippi,18-49 years,Overall,1197674.0,0.6,Scenarios B & D,2025-08-31
Mississippi,18-49 years,Overall,1197674.0,0.8,Scenarios B & D,2025-09-07
Mississippi,18-49 years,Overall,1197674.0,1.0,Scenarios B & D,2025-09-14
Mississippi,18-49 years,Overall,1197674.0,1.2,Scenarios B & D,2025-09-21
Mississippi,18-49 years,Overall,1197674.0,1.4,Scenarios B & D,2025-09-28
Mississippi,18-49 years,Overall,1197674.0,1.6,Scenarios B & D,2025-10-05
Mississippi,18-49 years,Overall,1197674.0,1.9,Scenarios B & D,2025-10-12
Mississippi,18-49 years,Overall,1197674.0,2.1,Scenarios B & D,2025-10-19
Mississippi,18-49 years,Overall,1197674.0,2.3,Scenarios B & D,2025-10-26
Mississippi,18-49 years,Overall,1197674.0,2.4,Scenarios B & D,2025-11-02
Mississippi,18-49 years,Overall,1197674.0,2.6,Scenarios B & D,2025-11-09
Mississippi,18-49 years,Overall,1197674.0,2.8,Scenarios B & D,2025-11-16
Mississippi,18-49 years,Overall,1197674.0,2.9,Scenarios B & D,2025-11-23
Mississippi,18-49 years,Overall,1197674.0,3.0,Scenarios B & D,2025-11-30
Mississippi,18-49 years,Overall,1197674.0,3.1,Scenarios B & D,2025-12-07
Mississippi,18-49 years,Overall,1197674.0,3.3,Scenarios B & D,2025-12-14
Mississippi,18-49 years,Overall,1197674.0,3.4,Scenarios B & D,2025-12-21
Mississippi,18-49 years,Overall,1197674.0,3.5,Scenarios B & D,2025-12-28
Mississippi,18-49 years,Overall,1197674.0,3.6,Scenarios B & D,2026-01-04
Mississippi,18-49 years,Overall,1197674.0,3.7,Scenarios B & D,2026-01-11
Mississippi,18-49 years,Overall,1197674.0,3.9,Scenarios B & D,2026-01-18
Mississippi,18-49 years,Overall,1197674.0,4.0,Scenarios B & D,2026-01-25
Mississippi,18-49 years,Overall,1197674.0,4.1,Scenarios B & D,2026-02-01
Mississippi,18-49 years,Overall,1197674.0,4.3,Scenarios B & D,2026-02-08
Mississippi,18-49 years,Overall,1197674.0,4.4,Scenarios B & D,2026-02-15
Mississippi,18-49 years,Overall,1197674.0,4.5,Scenarios B & D,2026-02-22
Mississippi,18-49 years,Overall,1197674.0,4.6,Scenarios B & D,2026-03-01
Mississippi,18-49 years,Overall,1197674.0,4.8,Scenarios B & D,2026-03-08
Mississippi,18-49 years,Overall,1197674.0,4.9,Scenarios B & D,2026-03-15
Mississippi,18-49 years,Overall,1197674.0,5.0,Scenarios B & D,2026-03-22
Mississippi,18-49 years,Overall,1197674.0,5.2,Scenarios B & D,2026-03-29
Mississippi,18-49 years,Overall,1197674.0,5.3,Scenarios B & D,2026-04-05
Mississippi,18-49 years,Overall,1197674.0,5.4,Scenarios B & D,2026-04-12
Mississippi,18-49 years,Overall,1197674.0,5.5,Scenarios B & D,2026-04-19
Mississippi,18-49 years,Overall,1197674.0,5.7,Scenarios B & D,2026-04-26
Mississippi,50-64 years,Overall,561322.0,0.0,Scenarios B & D,2025-08-03
Mississippi,50-64 years,Overall,561322.0,0.0,Scenarios B & D,2025-08-10
Mississippi,50-64 years,Overall,561322.0,0.3,Scenarios B & D,2025-08-17
Mississippi,50-64 years,Overall,561322.0,1.0,Scenarios B & D,2025-08-24
Mississippi,50-64 years,Overall,561322.0,1.7,Scenarios B & D,2025-08-31
Mississippi,50-64 years,Overall,561322.0,2.5,Scenarios B & D,2025-09-07
Mississippi,50-64 years,Overall,561322.0,3.3,Scenarios B & D,2025-09-14
Mississippi,50-64 years,Overall,561322.0,4.2,Scenarios B & D,2025-09-21
Mississippi,50-64 years,Overall,561322.0,5.0,Scenarios B & D,2025-09-28
Mississippi,50-64 years,Overall,561322.0,5.9,Scenarios B & D,2025-10-05
Mississippi,50-64 years,Overall,561322.0,6.8,Scenarios B & D,2025-10-12
Mississippi,50-64 years,Overall,561322.0,7.7,Scenarios B & D,2025-10-19
Mississippi,50-64 years,Overall,561322.0,8.7,Scenarios B & D,2025-10-26
Mississippi,50-64 years,Overall,561322.0,9.6,Scenarios B & D,2025-11-02
Mississippi,50-64 years,Overall,561322.0,10.5,Scenarios B & D,2025-11-09
Mississippi,50-64 years,Overall,561322.0,11.4,Scenarios B & D,2025-11-16
Mississippi,50-64 years,Overall,561322.0,12.3,Scenarios B & D,2025-11-23
Mississippi,50-64 years,Overall,561322.0,13.1,Scenarios B & D,2025-11-30
Mississippi,50-64 years,Overall,561322.0,13.8,Scenarios B & D,2025-12-07
Mississippi,50-64 years,Overall,561322.0,14.4,Scenarios B & D,2025-12-14
Mississippi,50-64 years,Overall,561322.0,14.9,Scenarios B & D,2025-12-21
Mississippi,50-64 years,Overall,561322.0,15.3,Scenarios B & D,2025-12-28
Mississippi,50-64 years,Overall,561322.0,15.6,Scenarios B & D,2026-01-04
Mississippi,50-64 years,Overall,561322.0,15.9,Scenarios B & D,2026-01-11
Mississippi,50-64 years,Overall,561322.0,16.1,Scenarios B & D,2026-01-18
Mississippi,50-64 years,Overall,561322.0,16.3,Scenarios B & D,2026-01-25
Mississippi,50-64 years,Overall,561322.0,16.5,Scenarios B & D,2026-02-01
Mississippi,50-64 years,Overall,561322.0,16.6,Scenarios B & D,2026-02-08
Mississippi,50-64 years,Overall,561322.0,16.8,Scenarios B & D,2026-02-15
Mississippi,50-64 years,Overall,561322.0,17.0,Scenarios B & D,2026-02-22
Mississippi,50-64 years,Overall,561322.0,17.2,Scenarios B & D,2026-03-01
Mississippi,50-64 years,Overall,561322.0,17.3,Scenarios B & D,2026-03-08
Mississippi,50-64 years,Overall,561322.0,17.5,Scenarios B & D,2026-03-15
Mississippi,50-64 years,Overall,561322.0,17.7,Scenarios B & D,2026-03-22
Mississippi,50-64 years,Overall,561322.0,17.8,Scenarios B & D,2026-03-29
Mississippi,50-64 years,Overall,561322.0,18.0,Scenarios B & D,2026-04-05
Mississippi,50-64 years,Overall,561322.0,18.2,Scenarios B & D,2026-04-12
Mississippi,50-64 years,Overall,561322.0,18.3,Scenarios B & D,2026-04-19
Mississippi,50-64 years,Overall,561322.0,18.5,Scenarios B & D,2026-04-26
Mississippi,6 months-17 years,Overall,675420.0,0.0,Scenarios B & D,2025-08-03
Mississippi,6 months-17 years,Overall,675420.0,0.0,Scenarios B & D,2025-08-10
Mississippi,6 months-17 years,Overall,675420.0,0.1,Scenarios B & D,2025-08-17
Mississippi,6 months-17 years,Overall,675420.0,0.3,Scenarios B & D,2025-08-24
Mississippi,6 months-17 years,Overall,675420.0,0.5,Scenarios B & D,2025-08-31
Mississippi,6 months-17 years,Overall,675420.0,0.7,Scenarios B & D,2025-09-07
Mississippi,6 months-17 years,Overall,675420.0,0.9,Scenarios B & D,2025-09-14
Mississippi,6 months-17 years,Overall,675420.0,1.2,Scenarios B & D,2025-09-21
Mississippi,6 months-17 years,Overall,675420.0,1.4,Scenarios B & D,2025-09-28
Mississippi,6 months-17 years,Overall,675420.0,1.6,Scenarios B & D,2025-10-05
Mississippi,6 months-17 years,Overall,675420.0,1.8,Scenarios B & D,2025-10-12
Mississippi,6 months-17 years,Overall,675420.0,2.0,Scenarios B & D,2025-10-19
Mississippi,6 months-17 years,Overall,675420.0,2.2,Scenarios B & D,2025-10-26
Mississippi,6 months-17 years,Overall,675420.0,2.4,Scenarios B & D,2025-11-02
Mississippi,6 months-17 years,Overall,675420.0,2.6,Scenarios B & D,2025-11-09
Mississippi,6 months-17 years,Overall,675420.0,2.7,Scenarios B & D,2025-11-16
Mississippi,6 months-17 years,Overall,675420.0,2.8,Scenarios B & D,2025-11-23
Mississippi,6 months-17 years,Overall,675420.0,3.0,Scenarios B & D,2025-11-30
Mississippi,6 months-17 years,Overall,675420.0,3.1,Scenarios B & D,2025-12-07
Mississippi,6 months-17 years,Overall,675420.0,3.2,Scenarios B & D,2025-12-14
Mississippi,6 months-17 years,Overall,675420.0,3.3,Scenarios B & D,2025-12-21
Mississippi,6 months-17 years,Overall,675420.0,3.4,Scenarios B & D,2025-12-28
Mississippi,6 months-17 years,Overall,675420.0,3.4,Scenarios B & D,2026-01-04
Mississippi,6 months-17 years,Overall,675420.0,3.5,Scenarios B & D,2026-01-11
Mississippi,6 months-17 years,Overall,675420.0,3.5,Scenarios B & D,2026-01-18
Mississippi,6 months-17 years,Overall,675420.0,3.6,Scenarios B & D,2026-01-25
Mississippi,6 months-17 years,Overall,675420.0,3.6,Scenarios B & D,2026-02-01
Mississippi,6 months-17 years,Overall,675420.0,3.7,Scenarios B & D,2026-02-08
Mississippi,6 months-17 years,Overall,675420.0,3.7,Scenarios B & D,2026-02-15
Mississippi,6 months-17 years,Overall,675420.0,3.7,Scenarios B & D,2026-02-22
Mississippi,6 months-17 years,Overall,675420.0,3.8,Scenarios B & D,2026-03-01
Mississippi,6 months-17 years,Overall,675420.0,3.8,Scenarios B & D,2026-03-08
Mississippi,6 months-17 years,Overall,675420.0,3.8,Scenarios B & D,2026-03-15
Mississippi,6 months-17 years,Overall,675420.0,3.9,Scenarios B & D,2026-03-22
Mississippi,6 months-17 years,Overall,675420.0,3.9,Scenarios B & D,2026-03-29
Mississippi,6 months-17 years,Overall,675420.0,3.9,Scenarios B & D,2026-04-05
Mississippi,6 months-17 years,Overall,675420.0,3.9,Scenarios B & D,2026-04-12
Mississippi,6 months-17 years,Overall,675420.0,4.0,Scenarios B & D,2026-04-19
Mississippi,6 months-17 years,Overall,675420.0,4.0,Scenarios B & D,2026-04-26
Mississippi,65+ years,Overall,499955.0,0.0,Scenarios B & D,2025-08-03
Mississippi,65+ years,Overall,499955.0,0.0,Scenarios B & D,2025-08-10
Mississippi,65+ years,Overall,499955.0,1.4,Scenarios B & D,2025-08-17
Mississippi,65+ years,Overall,499955.0,3.2,Scenarios B & D,2025-08-24
Mississippi,65+ years,Overall,499955.0,5.1,Scenarios B & D,2025-08-31
Mississippi,65+ years,Overall,499955.0,7.0,Scenarios B & D,2025-09-07
Mississippi,65+ years,Overall,499955.0,9.0,Scenarios B & D,2025-09-14
Mississippi,65+ years,Overall,499955.0,10.9,Scenarios B & D,2025-09-21
Mississippi,65+ years,Overall,499955.0,12.9,Scenarios B & D,2025-09-28
Mississippi,65+ years,Overall,499955.0,14.9,Scenarios B & D,2025-10-05
Mississippi,65+ years,Overall,499955.0,16.9,Scenarios B & D,2025-10-12
Mississippi,65+ years,Overall,499955.0,18.8,Scenarios B & D,2025-10-19
Mississippi,65+ years,Overall,499955.0,20.7,Scenarios B & D,2025-10-26
Mississippi,65+ years,Overall,499955.0,22.5,Scenarios B & D,2025-11-02
Mississippi,65+ years,Overall,499955.0,24.3,Scenarios B & D,2025-11-09
Mississippi,65+ years,Overall,499955.0,25.9,Scenarios B & D,2025-11-16
Mississippi,65+ years,Overall,499955.0,27.4,Scenarios B & D,2025-11-23
Mississippi,65+ years,Overall,499955.0,28.7,Scenarios B & D,2025-11-30
Mississippi,65+ years,Overall,499955.0,29.9,Scenarios B & D,2025-12-07
Mississippi,65+ years,Overall,499955.0,30.9,Scenarios B & D,2025-12-14
Mississippi,65+ years,Overall,499955.0,31.7,Scenarios B & D,2025-12-21
Mississippi,65+ years,Overall,499955.0,32.3,Scenarios B & D,2025-12-28
Mississippi,65+ years,Overall,499955.0,32.8,Scenarios B & D,2026-01-04
Mississippi,65+ years,Overall,499955.0,33.2,Scenarios B & D,2026-01-11
Mississippi,65+ years,Overall,499955.0,33.5,Scenarios B & D,2026-01-18
Mississippi,65+ years,Overall,499955.0,33.8,Scenarios B & D,2026-01-25
Mississippi,65+ years,Overall,499955.0,34.0,Scenarios B & D,2026-02-01
Mississippi,65+ years,Overall,499955.0,34.3,Scenarios B & D,2026-02-08
Mississippi,65+ years,Overall,499955.0,34.5,Scenarios B & D,2026-02-15
Mississippi,65+ years,Overall,499955.0,34.7,Scenarios B & D,2026-02-22
Mississippi,65+ years,Overall,499955.0,34.9,Scenarios B & D,2026-03-01
Mississippi,65+ years,Overall,499955.0,35.1,Scenarios B & D,2026-03-08
Mississippi,65+ years,Overall,499955.0,35.3,Scenarios B & D,2026-03-15
Mississippi,65+ years,Overall,499955.0,35.5,Scenarios B & D,2026-03-22
Mississippi,65+ years,Overall,499955.0,35.7,Scenarios B & D,2026-03-29
Mississippi,65+ years,Overall,499955.0,36.0,Scenarios B & D,2026-04-05
Mississippi,65+ years,Overall,499955.0,36.2,Scenarios B & D,2026-04-12
Mississippi,65+ years,Overall,499955.0,36.4,Scenarios B & D,2026-04-19
Mississippi,65+ years,Overall,499955.0,36.6,Scenarios B & D,2026-04-26
Missouri,18-49 years,Overall,2481136.0,0.0,Scenarios B & D,2025-08-03
Missouri,18-49 years,Overall,2481136.0,0.0,Scenarios B & D,2025-08-10
Missouri,18-49 years,Overall,2481136.0,0.5,Scenarios B & D,2025-08-17
Missouri,18-49 years,Overall,2481136.0,1.1,Scenarios B & D,2025-08-24
Missouri,18-49 years,Overall,2481136.0,1.7,Scenarios B & D,2025-08-31
Missouri,18-49 years,Overall,2481136.0,2.3,Scenarios B & D,2025-09-07
Missouri,18-49 years,Overall,2481136.0,2.9,Scenarios B & D,2025-09-14
Missouri,18-49 years,Overall,2481136.0,3.5,Scenarios B & D,2025-09-21
Missouri,18-49 years,Overall,2481136.0,4.1,Scenarios B & D,2025-09-28
Missouri,18-49 years,Overall,2481136.0,4.7,Scenarios B & D,2025-10-05
Missouri,18-49 years,Overall,2481136.0,5.2,Scenarios B & D,2025-10-12
Missouri,18-49 years,Overall,2481136.0,5.8,Scenarios B & D,2025-10-19
Missouri,18-49 years,Overall,2481136.0,6.2,Scenarios B & D,2025-10-26
Missouri,18-49 years,Overall,2481136.0,6.6,Scenarios B & D,2025-11-02
Missouri,18-49 years,Overall,2481136.0,7.0,Scenarios B & D,2025-11-09
Missouri,18-49 years,Overall,2481136.0,7.3,Scenarios B & D,2025-11-16
Missouri,18-49 years,Overall,2481136.0,7.6,Scenarios B & D,2025-11-23
Missouri,18-49 years,Overall,2481136.0,7.9,Scenarios B & D,2025-11-30
Missouri,18-49 years,Overall,2481136.0,8.2,Scenarios B & D,2025-12-07
Missouri,18-49 years,Overall,2481136.0,8.4,Scenarios B & D,2025-12-14
Missouri,18-49 years,Overall,2481136.0,8.6,Scenarios B & D,2025-12-21
Missouri,18-49 years,Overall,2481136.0,8.8,Scenarios B & D,2025-12-28
Missouri,18-49 years,Overall,2481136.0,9.0,Scenarios B & D,2026-01-04
Missouri,18-49 years,Overall,2481136.0,9.1,Scenarios B & D,2026-01-11
Missouri,18-49 years,Overall,2481136.0,9.3,Scenarios B & D,2026-01-18
Missouri,18-49 years,Overall,2481136.0,9.5,Scenarios B & D,2026-01-25
Missouri,18-49 years,Overall,2481136.0,9.6,Scenarios B & D,2026-02-01
Missouri,18-49 years,Overall,2481136.0,9.7,Scenarios B & D,2026-02-08
Missouri,18-49 years,Overall,2481136.0,9.9,Scenarios B & D,2026-02-15
Missouri,18-49 years,Overall,2481136.0,10.0,Scenarios B & D,2026-02-22
Missouri,18-49 years,Overall,2481136.0,10.2,Scenarios B & D,2026-03-01
Missouri,18-49 years,Overall,2481136.0,10.3,Scenarios B & D,2026-03-08
Missouri,18-49 years,Overall,2481136.0,10.5,Scenarios B & D,2026-03-15
Missouri,18-49 years,Overall,2481136.0,10.6,Scenarios B & D,2026-03-22
Missouri,18-49 years,Overall,2481136.0,10.8,Scenarios B & D,2026-03-29
Missouri,18-49 years,Overall,2481136.0,10.9,Scenarios B & D,2026-04-05
Missouri,18-49 years,Overall,2481136.0,11.1,Scenarios B & D,2026-04-12
Missouri,18-49 years,Overall,2481136.0,11.2,Scenarios B & D,2026-04-19
Missouri,18-49 years,Overall,2481136.0,11.3,Scenarios B & D,2026-04-26
Missouri,50-64 years,Overall,1190434.0,0.0,Scenarios B & D,2025-08-03
Missouri,50-64 years,Overall,1190434.0,0.0,Scenarios B & D,2025-08-10
Missouri,50-64 years,Overall,1190434.0,0.6,Scenarios B & D,2025-08-17
Missouri,50-64 years,Overall,1190434.0,1.7,Scenarios B & D,2025-08-24
Missouri,50-64 years,Overall,1190434.0,2.7,Scenarios B & D,2025-08-31
Missouri,50-64 years,Overall,1190434.0,3.8,Scenarios B & D,2025-09-07
Missouri,50-64 years,Overall,1190434.0,4.9,Scenarios B & D,2025-09-14
Missouri,50-64 years,Overall,1190434.0,6.0,Scenarios B & D,2025-09-21
Missouri,50-64 years,Overall,1190434.0,7.1,Scenarios B & D,2025-09-28
Missouri,50-64 years,Overall,1190434.0,8.3,Scenarios B & D,2025-10-05
Missouri,50-64 years,Overall,1190434.0,9.3,Scenarios B & D,2025-10-12
Missouri,50-64 years,Overall,1190434.0,10.3,Scenarios B & D,2025-10-19
Missouri,50-64 years,Overall,1190434.0,11.3,Scenarios B & D,2025-10-26
Missouri,50-64 years,Overall,1190434.0,12.1,Scenarios B & D,2025-11-02
Missouri,50-64 years,Overall,1190434.0,12.9,Scenarios B & D,2025-11-09
Missouri,50-64 years,Overall,1190434.0,13.5,Scenarios B & D,2025-11-16
Missouri,50-64 years,Overall,1190434.0,14.0,Scenarios B & D,2025-11-23
Missouri,50-64 years,Overall,1190434.0,14.4,Scenarios B & D,2025-11-30
Missouri,50-64 years,Overall,1190434.0,14.8,Scenarios B & D,2025-12-07
Missouri,50-64 years,Overall,1190434.0,15.1,Scenarios B & D,2025-12-14
Missouri,50-64 years,Overall,1190434.0,15.4,Scenarios B & D,2025-12-21
Missouri,50-64 years,Overall,1190434.0,15.6,Scenarios B & D,2025-12-28
Missouri,50-64 years,Overall,1190434.0,15.9,Scenarios B & D,2026-01-04
Missouri,50-64 years,Overall,1190434.0,16.1,Scenarios B & D,2026-01-11
Missouri,50-64 years,Overall,1190434.0,16.4,Scenarios B & D,2026-01-18
Missouri,50-64 years,Overall,1190434.0,16.6,Scenarios B & D,2026-01-25
Missouri,50-64 years,Overall,1190434.0,16.8,Scenarios B & D,2026-02-01
Missouri,50-64 years,Overall,1190434.0,17.1,Scenarios B & D,2026-02-08
Missouri,50-64 years,Overall,1190434.0,17.3,Scenarios B & D,2026-02-15
Missouri,50-64 years,Overall,1190434.0,17.6,Scenarios B & D,2026-02-22
Missouri,50-64 years,Overall,1190434.0,17.8,Scenarios B & D,2026-03-01
Missouri,50-64 years,Overall,1190434.0,18.0,Scenarios B & D,2026-03-08
Missouri,50-64 years,Overall,1190434.0,18.3,Scenarios B & D,2026-03-15
Missouri,50-64 years,Overall,1190434.0,18.5,Scenarios B & D,2026-03-22
Missouri,50-64 years,Overall,1190434.0,18.8,Scenarios B & D,2026-03-29
Missouri,50-64 years,Overall,1190434.0,19.0,Scenarios B & D,2026-04-05
Missouri,50-64 years,Overall,1190434.0,19.2,Scenarios B & D,2026-04-12
Missouri,50-64 years,Overall,1190434.0,19.5,Scenarios B & D,2026-04-19
Missouri,50-64 years,Overall,1190434.0,19.7,Scenarios B & D,2026-04-26
Missouri,6 months-17 years,Overall,1335526.0,0.0,Scenarios B & D,2025-08-03
Missouri,6 months-17 years,Overall,1335526.0,0.0,Scenarios B & D,2025-08-10
Missouri,6 months-17 years,Overall,1335526.0,0.0,Scenarios B & D,2025-08-17
Missouri,6 months-17 years,Overall,1335526.0,0.3,Scenarios B & D,2025-08-24
Missouri,6 months-17 years,Overall,1335526.0,0.8,Scenarios B & D,2025-08-31
Missouri,6 months-17 years,Overall,1335526.0,1.3,Scenarios B & D,2025-09-07
Missouri,6 months-17 years,Overall,1335526.0,1.9,Scenarios B & D,2025-09-14
Missouri,6 months-17 years,Overall,1335526.0,2.4,Scenarios B & D,2025-09-21
Missouri,6 months-17 years,Overall,1335526.0,3.0,Scenarios B & D,2025-09-28
Missouri,6 months-17 years,Overall,1335526.0,3.5,Scenarios B & D,2025-10-05
Missouri,6 months-17 years,Overall,1335526.0,4.1,Scenarios B & D,2025-10-12
Missouri,6 months-17 years,Overall,1335526.0,4.6,Scenarios B & D,2025-10-19
Missouri,6 months-17 years,Overall,1335526.0,5.2,Scenarios B & D,2025-10-26
Missouri,6 months-17 years,Overall,1335526.0,5.7,Scenarios B & D,2025-11-02
Missouri,6 months-17 years,Overall,1335526.0,6.2,Scenarios B & D,2025-11-09
Missouri,6 months-17 years,Overall,1335526.0,6.7,Scenarios B & D,2025-11-16
Missouri,6 months-17 years,Overall,1335526.0,7.1,Scenarios B & D,2025-11-23
Missouri,6 months-17 years,Overall,1335526.0,7.6,Scenarios B & D,2025-11-30
Missouri,6 months-17 years,Overall,1335526.0,8.0,Scenarios B & D,2025-12-07
Missouri,6 months-17 years,Overall,1335526.0,8.4,Scenarios B & D,2025-12-14
Missouri,6 months-17 years,Overall,1335526.0,8.7,Scenarios B & D,2025-12-21
Missouri,6 months-17 years,Overall,1335526.0,9.1,Scenarios B & D,2025-12-28
Missouri,6 months-17 years,Overall,1335526.0,9.4,Scenarios B & D,2026-01-04
Missouri,6 months-17 years,Overall,1335526.0,9.7,Scenarios B & D,2026-01-11
Missouri,6 months-17 years,Overall,1335526.0,10.0,Scenarios B & D,2026-01-18
Missouri,6 months-17 years,Overall,1335526.0,10.2,Scenarios B & D,2026-01-25
Missouri,6 months-17 years,Overall,1335526.0,10.5,Scenarios B & D,2026-02-01
Missouri,6 months-17 years,Overall,1335526.0,10.8,Scenarios B & D,2026-02-08
Missouri,6 months-17 years,Overall,1335526.0,11.0,Scenarios B & D,2026-02-15
Missouri,6 months-17 years,Overall,1335526.0,11.3,Scenarios B & D,2026-02-22
Missouri,6 months-17 years,Overall,1335526.0,11.5,Scenarios B & D,2026-03-01
Missouri,6 months-17 years,Overall,1335526.0,11.7,Scenarios B & D,2026-03-08
Missouri,6 months-17 years,Overall,1335526.0,12.0,Scenarios B & D,2026-03-15
Missouri,6 months-17 years,Overall,1335526.0,12.2,Scenarios B & D,2026-03-22
Missouri,6 months-17 years,Overall,1335526.0,12.5,Scenarios B & D,2026-03-29
Missouri,6 months-17 years,Overall,1335526.0,12.7,Scenarios B & D,2026-04-05
Missouri,6 months-17 years,Overall,1335526.0,13.0,Scenarios B & D,2026-04-12
Missouri,6 months-17 years,Overall,1335526.0,13.2,Scenarios B & D,2026-04-19
Missouri,6 months-17 years,Overall,1335526.0,13.5,Scenarios B & D,2026-04-26
Missouri,65+ years,Overall,1089714.0,0.0,Scenarios B & D,2025-08-03
Missouri,65+ years,Overall,1089714.0,0.0,Scenarios B & D,2025-08-10
Missouri,65+ years,Overall,1089714.0,1.9,Scenarios B & D,2025-08-17
Missouri,65+ years,Overall,1089714.0,4.7,Scenarios B & D,2025-08-24
Missouri,65+ years,Overall,1089714.0,7.6,Scenarios B & D,2025-08-31
Missouri,65+ years,Overall,1089714.0,10.5,Scenarios B & D,2025-09-07
Missouri,65+ years,Overall,1089714.0,13.5,Scenarios B & D,2025-09-14
Missouri,65+ years,Overall,1089714.0,16.5,Scenarios B & D,2025-09-21
Missouri,65+ years,Overall,1089714.0,19.5,Scenarios B & D,2025-09-28
Missouri,65+ years,Overall,1089714.0,22.6,Scenarios B & D,2025-10-05
Missouri,65+ years,Overall,1089714.0,25.5,Scenarios B & D,2025-10-12
Missouri,65+ years,Overall,1089714.0,28.4,Scenarios B & D,2025-10-19
Missouri,65+ years,Overall,1089714.0,31.2,Scenarios B & D,2025-10-26
Missouri,65+ years,Overall,1089714.0,33.8,Scenarios B & D,2025-11-02
Missouri,65+ years,Overall,1089714.0,36.3,Scenarios B & D,2025-11-09
Missouri,65+ years,Overall,1089714.0,38.5,Scenarios B & D,2025-11-16
Missouri,65+ years,Overall,1089714.0,40.5,Scenarios B & D,2025-11-23
Missouri,65+ years,Overall,1089714.0,42.3,Scenarios B & D,2025-11-30
Missouri,65+ years,Overall,1089714.0,43.9,Scenarios B & D,2025-12-07
Missouri,65+ years,Overall,1089714.0,45.4,Scenarios B & D,2025-12-14
Missouri,65+ years,Overall,1089714.0,46.7,Scenarios B & D,2025-12-21
Missouri,65+ years,Overall,1089714.0,48.0,Scenarios B & D,2025-12-28
Missouri,65+ years,Overall,1089714.0,49.2,Scenarios B & D,2026-01-04
Missouri,65+ years,Overall,1089714.0,50.3,Scenarios B & D,2026-01-11
Missouri,65+ years,Overall,1089714.0,51.5,Scenarios B & D,2026-01-18
Missouri,65+ years,Overall,1089714.0,52.5,Scenarios B & D,2026-01-25
Missouri,65+ years,Overall,1089714.0,53.6,Scenarios B & D,2026-02-01
Missouri,65+ years,Overall,1089714.0,54.7,Scenarios B & D,2026-02-08
Missouri,65+ years,Overall,1089714.0,55.7,Scenarios B & D,2026-02-15
Missouri,65+ years,Overall,1089714.0,56.8,Scenarios B & D,2026-02-22
Missouri,65+ years,Overall,1089714.0,57.8,Scenarios B & D,2026-03-01
Missouri,65+ years,Overall,1089714.0,58.9,Scenarios B & D,2026-03-08
Missouri,65+ years,Overall,1089714.0,59.9,Scenarios B & D,2026-03-15
Missouri,65+ years,Overall,1089714.0,61.0,Scenarios B & D,2026-03-22
Missouri,65+ years,Overall,1089714.0,62.0,Scenarios B & D,2026-03-29
Missouri,65+ years,Overall,1089714.0,63.1,Scenarios B & D,2026-04-05
Missouri,65+ years,Overall,1089714.0,64.1,Scenarios B & D,2026-04-12
Missouri,65+ years,Overall,1089714.0,65.2,Scenarios B & D,2026-04-19
Missouri,65+ years,Overall,1089714.0,66.2,Scenarios B & D,2026-04-26
Montana,18-49 years,Overall,426848.0,0.0,Scenarios B & D,2025-08-03
Montana,18-49 years,Overall,426848.0,0.0,Scenarios B & D,2025-08-10
Montana,18-49 years,Overall,426848.0,0.3,Scenarios B & D,2025-08-17
Montana,18-49 years,Overall,426848.0,0.9,Scenarios B & D,2025-08-24
Montana,18-49 years,Overall,426848.0,1.5,Scenarios B & D,2025-08-31
Montana,18-49 years,Overall,426848.0,2.1,Scenarios B & D,2025-09-07
Montana,18-49 years,Overall,426848.0,2.7,Scenarios B & D,2025-09-14
Montana,18-49 years,Overall,426848.0,3.3,Scenarios B & D,2025-09-21
Montana,18-49 years,Overall,426848.0,3.9,Scenarios B & D,2025-09-28
Montana,18-49 years,Overall,426848.0,4.5,Scenarios B & D,2025-10-05
Montana,18-49 years,Overall,426848.0,5.1,Scenarios B & D,2025-10-12
Montana,18-49 years,Overall,426848.0,5.7,Scenarios B & D,2025-10-19
Montana,18-49 years,Overall,426848.0,6.2,Scenarios B & D,2025-10-26
Montana,18-49 years,Overall,426848.0,6.7,Scenarios B & D,2025-11-02
Montana,18-49 years,Overall,426848.0,7.2,Scenarios B & D,2025-11-09
Montana,18-49 years,Overall,426848.0,7.6,Scenarios B & D,2025-11-16
Montana,18-49 years,Overall,426848.0,8.0,Scenarios B & D,2025-11-23
Montana,18-49 years,Overall,426848.0,8.4,Scenarios B & D,2025-11-30
Montana,18-49 years,Overall,426848.0,8.7,Scenarios B & D,2025-12-07
Montana,18-49 years,Overall,426848.0,8.9,Scenarios B & D,2025-12-14
Montana,18-49 years,Overall,426848.0,9.1,Scenarios B & D,2025-12-21
Montana,18-49 years,Overall,426848.0,9.3,Scenarios B & D,2025-12-28
Montana,18-49 years,Overall,426848.0,9.5,Scenarios B & D,2026-01-04
Montana,18-49 years,Overall,426848.0,9.6,Scenarios B & D,2026-01-11
Montana,18-49 years,Overall,426848.0,9.8,Scenarios B & D,2026-01-18
Montana,18-49 years,Overall,426848.0,9.9,Scenarios B & D,2026-01-25
Montana,18-49 years,Overall,426848.0,10.0,Scenarios B & D,2026-02-01
Montana,18-49 years,Overall,426848.0,10.1,Scenarios B & D,2026-02-08
Montana,18-49 years,Overall,426848.0,10.2,Scenarios B & D,2026-02-15
Montana,18-49 years,Overall,426848.0,10.3,Scenarios B & D,2026-02-22
Montana,18-49 years,Overall,426848.0,10.4,Scenarios B & D,2026-03-01
Montana,18-49 years,Overall,426848.0,10.5,Scenarios B & D,2026-03-08
Montana,18-49 years,Overall,426848.0,10.6,Scenarios B & D,2026-03-15
Montana,18-49 years,Overall,426848.0,10.7,Scenarios B & D,2026-03-22
Montana,18-49 years,Overall,426848.0,10.8,Scenarios B & D,2026-03-29
Montana,18-49 years,Overall,426848.0,10.9,Scenarios B & D,2026-04-05
Montana,18-49 years,Overall,426848.0,11.1,Scenarios B & D,2026-04-12
Montana,18-49 years,Overall,426848.0,11.2,Scenarios B & D,2026-04-19
Montana,18-49 years,Overall,426848.0,11.3,Scenarios B & D,2026-04-26
Montana,50-64 years,Overall,207092.0,0.0,Scenarios B & D,2025-08-03
Montana,50-64 years,Overall,207092.0,0.0,Scenarios B & D,2025-08-10
Montana,50-64 years,Overall,207092.0,0.6,Scenarios B & D,2025-08-17
Montana,50-64 years,Overall,207092.0,1.8,Scenarios B & D,2025-08-24
Montana,50-64 years,Overall,207092.0,3.0,Scenarios B & D,2025-08-31
Montana,50-64 years,Overall,207092.0,4.2,Scenarios B & D,2025-09-07
Montana,50-64 years,Overall,207092.0,5.5,Scenarios B & D,2025-09-14
Montana,50-64 years,Overall,207092.0,6.8,Scenarios B & D,2025-09-21
Montana,50-64 years,Overall,207092.0,8.1,Scenarios B & D,2025-09-28
Montana,50-64 years,Overall,207092.0,9.4,Scenarios B & D,2025-10-05
Montana,50-64 years,Overall,207092.0,10.8,Scenarios B & D,2025-10-12
Montana,50-64 years,Overall,207092.0,12.0,Scenarios B & D,2025-10-19
Montana,50-64 years,Overall,207092.0,13.3,Scenarios B & D,2025-10-26
Montana,50-64 years,Overall,207092.0,14.5,Scenarios B & D,2025-11-02
Montana,50-64 years,Overall,207092.0,15.6,Scenarios B & D,2025-11-09
Montana,50-64 years,Overall,207092.0,16.6,Scenarios B & D,2025-11-16
Montana,50-64 years,Overall,207092.0,17.5,Scenarios B & D,2025-11-23
Montana,50-64 years,Overall,207092.0,18.4,Scenarios B & D,2025-11-30
Montana,50-64 years,Overall,207092.0,19.1,Scenarios B & D,2025-12-07
Montana,50-64 years,Overall,207092.0,19.7,Scenarios B & D,2025-12-14
Montana,50-64 years,Overall,207092.0,20.3,Scenarios B & D,2025-12-21
Montana,50-64 years,Overall,207092.0,20.7,Scenarios B & D,2025-12-28
Montana,50-64 years,Overall,207092.0,21.1,Scenarios B & D,2026-01-04
Montana,50-64 years,Overall,207092.0,21.5,Scenarios B & D,2026-01-11
Montana,50-64 years,Overall,207092.0,21.8,Scenarios B & D,2026-01-18
Montana,50-64 years,Overall,207092.0,22.1,Scenarios B & D,2026-01-25
Montana,50-64 years,Overall,207092.0,22.4,Scenarios B & D,2026-02-01
Montana,50-64 years,Overall,207092.0,22.7,Scenarios B & D,2026-02-08
Montana,50-64 years,Overall,207092.0,23.0,Scenarios B & D,2026-02-15
Montana,50-64 years,Overall,207092.0,23.2,Scenarios B & D,2026-02-22
Montana,50-64 years,Overall,207092.0,23.5,Scenarios B & D,2026-03-01
Montana,50-64 years,Overall,207092.0,23.8,Scenarios B & D,2026-03-08
Montana,50-64 years,Overall,207092.0,24.1,Scenarios B & D,2026-03-15
Montana,50-64 years,Overall,207092.0,24.3,Scenarios B & D,2026-03-22
Montana,50-64 years,Overall,207092.0,24.6,Scenarios B & D,2026-03-29
Montana,50-64 years,Overall,207092.0,24.9,Scenarios B & D,2026-04-05
Montana,50-64 years,Overall,207092.0,25.1,Scenarios B & D,2026-04-12
Montana,50-64 years,Overall,207092.0,25.4,Scenarios B & D,2026-04-19
Montana,50-64 years,Overall,207092.0,25.7,Scenarios B & D,2026-04-26
Montana,6 months-17 years,Overall,224000.0,0.0,Scenarios B & D,2025-08-03
Montana,6 months-17 years,Overall,224000.0,0.0,Scenarios B & D,2025-08-10
Montana,6 months-17 years,Overall,224000.0,0.0,Scenarios B & D,2025-08-17
Montana,6 months-17 years,Overall,224000.0,0.2,Scenarios B & D,2025-08-24
Montana,6 months-17 years,Overall,224000.0,0.8,Scenarios B & D,2025-08-31
Montana,6 months-17 years,Overall,224000.0,1.3,Scenarios B & D,2025-09-07
Montana,6 months-17 years,Overall,224000.0,1.8,Scenarios B & D,2025-09-14
Montana,6 months-17 years,Overall,224000.0,2.4,Scenarios B & D,2025-09-21
Montana,6 months-17 years,Overall,224000.0,2.9,Scenarios B & D,2025-09-28
Montana,6 months-17 years,Overall,224000.0,3.5,Scenarios B & D,2025-10-05
Montana,6 months-17 years,Overall,224000.0,4.1,Scenarios B & D,2025-10-12
Montana,6 months-17 years,Overall,224000.0,4.6,Scenarios B & D,2025-10-19
Montana,6 months-17 years,Overall,224000.0,5.2,Scenarios B & D,2025-10-26
Montana,6 months-17 years,Overall,224000.0,5.7,Scenarios B & D,2025-11-02
Montana,6 months-17 years,Overall,224000.0,6.2,Scenarios B & D,2025-11-09
Montana,6 months-17 years,Overall,224000.0,6.7,Scenarios B & D,2025-11-16
Montana,6 months-17 years,Overall,224000.0,7.2,Scenarios B & D,2025-11-23
Montana,6 months-17 years,Overall,224000.0,7.6,Scenarios B & D,2025-11-30
Montana,6 months-17 years,Overall,224000.0,8.0,Scenarios B & D,2025-12-07
Montana,6 months-17 years,Overall,224000.0,8.4,Scenarios B & D,2025-12-14
Montana,6 months-17 years,Overall,224000.0,8.8,Scenarios B & D,2025-12-21
Montana,6 months-17 years,Overall,224000.0,9.1,Scenarios B & D,2025-12-28
Montana,6 months-17 years,Overall,224000.0,9.4,Scenarios B & D,2026-01-04
Montana,6 months-17 years,Overall,224000.0,9.7,Scenarios B & D,2026-01-11
Montana,6 months-17 years,Overall,224000.0,10.0,Scenarios B & D,2026-01-18
Montana,6 months-17 years,Overall,224000.0,10.2,Scenarios B & D,2026-01-25
Montana,6 months-17 years,Overall,224000.0,10.5,Scenarios B & D,2026-02-01
Montana,6 months-17 years,Overall,224000.0,10.7,Scenarios B & D,2026-02-08
Montana,6 months-17 years,Overall,224000.0,11.0,Scenarios B & D,2026-02-15
Montana,6 months-17 years,Overall,224000.0,11.2,Scenarios B & D,2026-02-22
Montana,6 months-17 years,Overall,224000.0,11.4,Scenarios B & D,2026-03-01
Montana,6 months-17 years,Overall,224000.0,11.7,Scenarios B & D,2026-03-08
Montana,6 months-17 years,Overall,224000.0,11.9,Scenarios B & D,2026-03-15
Montana,6 months-17 years,Overall,224000.0,12.1,Scenarios B & D,2026-03-22
Montana,6 months-17 years,Overall,224000.0,12.3,Scenarios B & D,2026-03-29
Montana,6 months-17 years,Overall,224000.0,12.6,Scenarios B & D,2026-04-05
Montana,6 months-17 years,Overall,224000.0,12.8,Scenarios B & D,2026-04-12
Montana,6 months-17 years,Overall,224000.0,13.0,Scenarios B & D,2026-04-19
Montana,6 months-17 years,Overall,224000.0,13.2,Scenarios B & D,2026-04-26
Montana,65+ years,Overall,213392.0,0.0,Scenarios B & D,2025-08-03
Montana,65+ years,Overall,213392.0,0.0,Scenarios B & D,2025-08-10
Montana,65+ years,Overall,213392.0,2.0,Scenarios B & D,2025-08-17
Montana,65+ years,Overall,213392.0,4.4,Scenarios B & D,2025-08-24
Montana,65+ years,Overall,213392.0,7.0,Scenarios B & D,2025-08-31
Montana,65+ years,Overall,213392.0,9.6,Scenarios B & D,2025-09-07
Montana,65+ years,Overall,213392.0,12.2,Scenarios B & D,2025-09-14
Montana,65+ years,Overall,213392.0,14.9,Scenarios B & D,2025-09-21
Montana,65+ years,Overall,213392.0,17.5,Scenarios B & D,2025-09-28
Montana,65+ years,Overall,213392.0,20.1,Scenarios B & D,2025-10-05
Montana,65+ years,Overall,213392.0,22.7,Scenarios B & D,2025-10-12
Montana,65+ years,Overall,213392.0,25.1,Scenarios B & D,2025-10-19
Montana,65+ years,Overall,213392.0,27.4,Scenarios B & D,2025-10-26
Montana,65+ years,Overall,213392.0,29.5,Scenarios B & D,2025-11-02
Montana,65+ years,Overall,213392.0,31.5,Scenarios B & D,2025-11-09
Montana,65+ years,Overall,213392.0,33.4,Scenarios B & D,2025-11-16
Montana,65+ years,Overall,213392.0,35.1,Scenarios B & D,2025-11-23
Montana,65+ years,Overall,213392.0,36.6,Scenarios B & D,2025-11-30
Montana,65+ years,Overall,213392.0,37.9,Scenarios B & D,2025-12-07
Montana,65+ years,Overall,213392.0,39.1,Scenarios B & D,2025-12-14
Montana,65+ years,Overall,213392.0,40.1,Scenarios B & D,2025-12-21
Montana,65+ years,Overall,213392.0,41.0,Scenarios B & D,2025-12-28
Montana,65+ years,Overall,213392.0,41.8,Scenarios B & D,2026-01-04
Montana,65+ years,Overall,213392.0,42.5,Scenarios B & D,2026-01-11
Montana,65+ years,Overall,213392.0,43.2,Scenarios B & D,2026-01-18
Montana,65+ years,Overall,213392.0,43.8,Scenarios B & D,2026-01-25
Montana,65+ years,Overall,213392.0,44.4,Scenarios B & D,2026-02-01
Montana,65+ years,Overall,213392.0,44.9,Scenarios B & D,2026-02-08
Montana,65+ years,Overall,213392.0,45.5,Scenarios B & D,2026-02-15
Montana,65+ years,Overall,213392.0,46.1,Scenarios B & D,2026-02-22
Montana,65+ years,Overall,213392.0,46.6,Scenarios B & D,2026-03-01
Montana,65+ years,Overall,213392.0,47.2,Scenarios B & D,2026-03-08
Montana,65+ years,Overall,213392.0,47.8,Scenarios B & D,2026-03-15
Montana,65+ years,Overall,213392.0,48.3,Scenarios B & D,2026-03-22
Montana,65+ years,Overall,213392.0,48.9,Scenarios B & D,2026-03-29
Montana,65+ years,Overall,213392.0,49.5,Scenarios B & D,2026-04-05
Montana,65+ years,Overall,213392.0,50.1,Scenarios B & D,2026-04-12
Montana,65+ years,Overall,213392.0,50.6,Scenarios B & D,2026-04-19
Montana,65+ years,Overall,213392.0,51.2,Scenarios B & D,2026-04-26
United States,18-49 years,Overall,137037410.0,0.0,Scenarios B & D,2025-08-03
United States,18-49 years,Overall,137037410.0,0.0,Scenarios B & D,2025-08-10
United States,18-49 years,Overall,137037410.0,0.5,Scenarios B & D,2025-08-17
United States,18-49 years,Overall,137037410.0,1.1,Scenarios B & D,2025-08-24
United States,18-49 years,Overall,137037410.0,1.8,Scenarios B & D,2025-08-31
United States,18-49 years,Overall,137037410.0,2.4,Scenarios B & D,2025-09-07
United States,18-49 years,Overall,137037410.0,3.1,Scenarios B & D,2025-09-14
United States,18-49 years,Overall,137037410.0,3.8,Scenarios B & D,2025-09-21
United States,18-49 years,Overall,137037410.0,4.5,Scenarios B & D,2025-09-28
United States,18-49 years,Overall,137037410.0,5.2,Scenarios B & D,2025-10-05
United States,18-49 years,Overall,137037410.0,5.9,Scenarios B & D,2025-10-12
United States,18-49 years,Overall,137037410.0,6.5,Scenarios B & D,2025-10-19
United States,18-49 years,Overall,137037410.0,7.2,Scenarios B & D,2025-10-26
United States,18-49 years,Overall,137037410.0,7.8,Scenarios B & D,2025-11-02
United States,18-49 years,Overall,137037410.0,8.3,Scenarios B & D,2025-11-09
United States,18-49 years,Overall,137037410.0,8.8,Scenarios B & D,2025-11-16
United States,18-49 years,Overall,137037410.0,9.3,Scenarios B & D,2025-11-23
United States,18-49 years,Overall,137037410.0,9.7,Scenarios B & D,2025-11-30
United States,18-49 years,Overall,137037410.0,10.1,Scenarios B & D,2025-12-07
United States,18-49 years,Overall,137037410.0,10.4,Scenarios B & D,2025-12-14
United States,18-49 years,Overall,137037410.0,10.7,Scenarios B & D,2025-12-21
United States,18-49 years,Overall,137037410.0,11.0,Scenarios B & D,2025-12-28
United States,18-49 years,Overall,137037410.0,11.3,Scenarios B & D,2026-01-04
United States,18-49 years,Overall,137037410.0,11.5,Scenarios B & D,2026-01-11
United States,18-49 years,Overall,137037410.0,11.7,Scenarios B & D,2026-01-18
United States,18-49 years,Overall,137037410.0,11.9,Scenarios B & D,2026-01-25
United States,18-49 years,Overall,137037410.0,12.1,Scenarios B & D,2026-02-01
United States,18-49 years,Overall,137037410.0,12.3,Scenarios B & D,2026-02-08
United States,18-49 years,Overall,137037410.0,12.5,Scenarios B & D,2026-02-15
United States,18-49 years,Overall,137037410.0,12.7,Scenarios B & D,2026-02-22
United States,18-49 years,Overall,137037410.0,12.9,Scenarios B & D,2026-03-01
United States,18-49 years,Overall,137037410.0,13.1,Scenarios B & D,2026-03-08
United States,18-49 years,Overall,137037410.0,13.3,Scenarios B & D,2026-03-15
United States,18-49 years,Overall,137037410.0,13.5,Scenarios B & D,2026-03-22
United States,18-49 years,Overall,137037410.0,13.7,Scenarios B & D,2026-03-29
United States,18-49 years,Overall,137037410.0,13.9,Scenarios B & D,2026-04-05
United States,18-49 years,Overall,137037410.0,14.1,Scenarios B & D,2026-04-12
United States,18-49 years,Overall,137037410.0,14.3,Scenarios B & D,2026-04-19
United States,18-49 years,Overall,137037410.0,14.5,Scenarios B & D,2026-04-26
United States,50-64 years,Overall,62779537.0,0.0,Scenarios B & D,2025-08-03
United States,50-64 years,Overall,62779537.0,0.0,Scenarios B & D,2025-08-10
United States,50-64 years,Overall,62779537.0,1.2,Scenarios B & D,2025-08-17
United States,50-64 years,Overall,62779537.0,2.5,Scenarios B & D,2025-08-24
United States,50-64 years,Overall,62779537.0,3.9,Scenarios B & D,2025-08-31
United States,50-64 years,Overall,62779537.0,5.2,Scenarios B & D,2025-09-07
United States,50-64 years,Overall,62779537.0,6.6,Scenarios B & D,2025-09-14
United States,50-64 years,Overall,62779537.0,8.0,Scenarios B & D,2025-09-21
United States,50-64 years,Overall,62779537.0,9.4,Scenarios B & D,2025-09-28
United States,50-64 years,Overall,62779537.0,10.7,Scenarios B & D,2025-10-05
United States,50-64 years,Overall,62779537.0,12.1,Scenarios B & D,2025-10-12
United States,50-64 years,Overall,62779537.0,13.3,Scenarios B & D,2025-10-19
United States,50-64 years,Overall,62779537.0,14.5,Scenarios B & D,2025-10-26
United States,50-64 years,Overall,62779537.0,15.5,Scenarios B & D,2025-11-02
United States,50-64 years,Overall,62779537.0,16.5,Scenarios B & D,2025-11-09
United States,50-64 years,Overall,62779537.0,17.4,Scenarios B & D,2025-11-16
United States,50-64 years,Overall,62779537.0,18.2,Scenarios B & D,2025-11-23
United States,50-64 years,Overall,62779537.0,19.0,Scenarios B & D,2025-11-30
United States,50-64 years,Overall,62779537.0,19.6,Scenarios B & D,2025-12-07
United States,50-64 years,Overall,62779537.0,20.2,Scenarios B & D,2025-12-14
United States,50-64 years,Overall,62779537.0,20.7,Scenarios B & D,2025-12-21
United States,50-64 years,Overall,62779537.0,21.1,Scenarios B & D,2025-12-28
United States,50-64 years,Overall,62779537.0,21.6,Scenarios B & D,2026-01-04
United States,50-64 years,Overall,62779537.0,21.9,Scenarios B & D,2026-01-11
United States,50-64 years,Overall,62779537.0,22.3,Scenarios B & D,2026-01-18
United States,50-64 years,Overall,62779537.0,22.7,Scenarios B & D,2026-01-25
United States,50-64 years,Overall,62779537.0,23.0,Scenarios B & D,2026-02-01
United States,50-64 years,Overall,62779537.0,23.4,Scenarios B & D,2026-02-08
United States,50-64 years,Overall,62779537.0,23.7,Scenarios B & D,2026-02-15
United States,50-64 years,Overall,62779537.0,24.1,Scenarios B & D,2026-02-22
United States,50-64 years,Overall,62779537.0,24.4,Scenarios B & D,2026-03-01
United States,50-64 years,Overall,62779537.0,24.8,Scenarios B & D,2026-03-08
United States,50-64 years,Overall,62779537.0,25.1,Scenarios B & D,2026-03-15
United States,50-64 years,Overall,62779537.0,25.4,Scenarios B & D,2026-03-22
United States,50-64 years,Overall,62779537.0,25.8,Scenarios B & D,2026-03-29
United States,50-64 years,Overall,62779537.0,26.1,Scenarios B & D,2026-04-05
United States,50-64 years,Overall,62779537.0,26.5,Scenarios B & D,2026-04-12
United States,50-64 years,Overall,62779537.0,26.8,Scenarios B & D,2026-04-19
United States,50-64 years,Overall,62779537.0,27.2,Scenarios B & D,2026-04-26
United States,6 months-17 years,Overall,70953385.0,0.0,Scenarios B & D,2025-08-03
United States,6 months-17 years,Overall,70953385.0,0.0,Scenarios B & D,2025-08-10
United States,6 months-17 years,Overall,70953385.0,0.0,Scenarios B & D,2025-08-17
United States,6 months-17 years,Overall,70953385.0,0.5,Scenarios B & D,2025-08-24
United States,6 months-17 years,Overall,70953385.0,1.1,Scenarios B & D,2025-08-31
United States,6 months-17 years,Overall,70953385.0,1.8,Scenarios B & D,2025-09-07
United States,6 months-17 years,Overall,70953385.0,2.4,Scenarios B & D,2025-09-14
United States,6 months-17 years,Overall,70953385.0,3.1,Scenarios B & D,2025-09-21
United States,6 months-17 years,Overall,70953385.0,3.8,Scenarios B & D,2025-09-28
United States,6 months-17 years,Overall,70953385.0,4.4,Scenarios B & D,2025-10-05
United States,6 months-17 years,Overall,70953385.0,5.1,Scenarios B & D,2025-10-12
United States,6 months-17 years,Overall,70953385.0,5.7,Scenarios B & D,2025-10-19
United States,6 months-17 years,Overall,70953385.0,6.4,Scenarios B & D,2025-10-26
United States,6 months-17 years,Overall,70953385.0,7.0,Scenarios B & D,2025-11-02
United States,6 months-17 years,Overall,70953385.0,7.6,Scenarios B & D,2025-11-09
United States,6 months-17 years,Overall,70953385.0,8.1,Scenarios B & D,2025-11-16
United States,6 months-17 years,Overall,70953385.0,8.6,Scenarios B & D,2025-11-23
United States,6 months-17 years,Overall,70953385.0,9.1,Scenarios B & D,2025-11-30
United States,6 months-17 years,Overall,70953385.0,9.5,Scenarios B & D,2025-12-07
United States,6 months-17 years,Overall,70953385.0,9.9,Scenarios B & D,2025-12-14
United States,6 months-17 years,Overall,70953385.0,10.3,Scenarios B & D,2025-12-21
United States,6 months-17 years,Overall,70953385.0,10.6,Scenarios B & D,2025-12-28
United States,6 months-17 years,Overall,70953385.0,11.0,Scenarios B & D,2026-01-04
United States,6 months-17 years,Overall,70953385.0,11.2,Scenarios B & D,2026-01-11
United States,6 months-17 years,Overall,70953385.0,11.5,Scenarios B & D,2026-01-18
United States,6 months-17 years,Overall,70953385.0,11.8,Scenarios B & D,2026-01-25
United States,6 months-17 years,Overall,70953385.0,12.0,Scenarios B & D,2026-02-01
United States,6 months-17 years,Overall,70953385.0,12.2,Scenarios B & D,2026-02-08
United States,6 months-17 years,Overall,70953385.0,12.5,Scenarios B & D,2026-02-15
United States,6 months-17 years,Overall,70953385.0,12.7,Scenarios B & D,2026-02-22
United States,6 months-17 years,Overall,70953385.0,12.9,Scenarios B & D,2026-03-01
United States,6 months-17 years,Overall,70953385.0,13.1,Scenarios B & D,2026-03-08
United States,6 months-17 years,Overall,70953385.0,13.3,Scenarios B & D,2026-03-15
United States,6 months-17 years,Overall,70953385.0,13.5,Scenarios B & D,2026-03-22
United States,6 months-17 years,Overall,70953385.0,13.7,Scenarios B & D,2026-03-29
United States,6 months-17 years,Overall,70953385.0,13.9,Scenarios B & D,2026-04-05
United States,6 months-17 years,Overall,70953385.0,14.2,Scenarios B & D,2026-04-12
United States,6 months-17 years,Overall,70953385.0,14.4,Scenarios B & D,2026-04-19
United States,6 months-17 years,Overall,70953385.0,14.6,Scenarios B & D,2026-04-26
United States,65+ years,Overall,55659365.0,0.0,Scenarios B & D,2025-08-03
United States,65+ years,Overall,55659365.0,0.2,Scenarios B & D,2025-08-10
United States,65+ years,Overall,55659365.0,2.7,Scenarios B & D,2025-08-17
United States,65+ years,Overall,55659365.0,5.2,Scenarios B & D,2025-08-24
United States,65+ years,Overall,55659365.0,7.8,Scenarios B & D,2025-08-31
United States,65+ years,Overall,55659365.0,10.4,Scenarios B & D,2025-09-07
United States,65+ years,Overall,55659365.0,13.1,Scenarios B & D,2025-09-14
United States,65+ years,Overall,55659365.0,15.7,Scenarios B & D,2025-09-21
United States,65+ years,Overall,55659365.0,18.3,Scenarios B & D,2025-09-28
United States,65+ years,Overall,55659365.0,20.9,Scenarios B & D,2025-10-05
United States,65+ years,Overall,55659365.0,23.3,Scenarios B & D,2025-10-12
United States,65+ years,Overall,55659365.0,25.6,Scenarios B & D,2025-10-19
United States,65+ years,Overall,55659365.0,27.8,Scenarios B & D,2025-10-26
United States,65+ years,Overall,55659365.0,29.8,Scenarios B & D,2025-11-02
United States,65+ years,Overall,55659365.0,31.6,Scenarios B & D,2025-11-09
United States,65+ years,Overall,55659365.0,33.2,Scenarios B & D,2025-11-16
United States,65+ years,Overall,55659365.0,34.7,Scenarios B & D,2025-11-23
United States,65+ years,Overall,55659365.0,36.0,Scenarios B & D,2025-11-30
United States,65+ years,Overall,55659365.0,37.1,Scenarios B & D,2025-12-07
United States,65+ years,Overall,55659365.0,38.1,Scenarios B & D,2025-12-14
United States,65+ years,Overall,55659365.0,39.0,Scenarios B & D,2025-12-21
United States,65+ years,Overall,55659365.0,39.7,Scenarios B & D,2025-12-28
United States,65+ years,Overall,55659365.0,40.3,Scenarios B & D,2026-01-04
United States,65+ years,Overall,55659365.0,40.9,Scenarios B & D,2026-01-11
United States,65+ years,Overall,55659365.0,41.4,Scenarios B & D,2026-01-18
United States,65+ years,Overall,55659365.0,41.9,Scenarios B & D,2026-01-25
United States,65+ years,Overall,55659365.0,42.4,Scenarios B & D,2026-02-01
United States,65+ years,Overall,55659365.0,42.9,Scenarios B & D,2026-02-08
United States,65+ years,Overall,55659365.0,43.3,Scenarios B & D,2026-02-15
United States,65+ years,Overall,55659365.0,43.8,Scenarios B & D,2026-02-22
United States,65+ years,Overall,55659365.0,44.2,Scenarios B & D,2026-03-01
United States,65+ years,Overall,55659365.0,44.7,Scenarios B & D,2026-03-08
United States,65+ years,Overall,55659365.0,45.2,Scenarios B & D,2026-03-15
United States,65+ years,Overall,55659365.0,45.6,Scenarios B & D,2026-03-22
United States,65+ years,Overall,55659365.0,46.1,Scenarios B & D,2026-03-29
United States,65+ years,Overall,55659365.0,46.5,Scenarios B & D,2026-04-05
United States,65+ years,Overall,55659365.0,47.0,Scenarios B & D,2026-04-12
United States,65+ years,Overall,55659365.0,47.5,Scenarios B & D,2026-04-19
United States,65+ years,Overall,55659365.0,47.9,Scenarios B & D,2026-04-26
Nebraska,18-49 years,Overall,790977.0,0.0,Scenarios B & D,2025-08-03
Nebraska,18-49 years,Overall,790977.0,0.1,Scenarios B & D,2025-08-10
Nebraska,18-49 years,Overall,790977.0,0.7,Scenarios B & D,2025-08-17
Nebraska,18-49 years,Overall,790977.0,1.4,Scenarios B & D,2025-08-24
Nebraska,18-49 years,Overall,790977.0,2.0,Scenarios B & D,2025-08-31
Nebraska,18-49 years,Overall,790977.0,2.7,Scenarios B & D,2025-09-07
Nebraska,18-49 years,Overall,790977.0,3.4,Scenarios B & D,2025-09-14
Nebraska,18-49 years,Overall,790977.0,4.0,Scenarios B & D,2025-09-21
Nebraska,18-49 years,Overall,790977.0,4.7,Scenarios B & D,2025-09-28
Nebraska,18-49 years,Overall,790977.0,5.4,Scenarios B & D,2025-10-05
Nebraska,18-49 years,Overall,790977.0,6.0,Scenarios B & D,2025-10-12
Nebraska,18-49 years,Overall,790977.0,6.6,Scenarios B & D,2025-10-19
Nebraska,18-49 years,Overall,790977.0,7.2,Scenarios B & D,2025-10-26
Nebraska,18-49 years,Overall,790977.0,7.8,Scenarios B & D,2025-11-02
Nebraska,18-49 years,Overall,790977.0,8.3,Scenarios B & D,2025-11-09
Nebraska,18-49 years,Overall,790977.0,8.9,Scenarios B & D,2025-11-16
Nebraska,18-49 years,Overall,790977.0,9.4,Scenarios B & D,2025-11-23
Nebraska,18-49 years,Overall,790977.0,9.8,Scenarios B & D,2025-11-30
Nebraska,18-49 years,Overall,790977.0,10.3,Scenarios B & D,2025-12-07
Nebraska,18-49 years,Overall,790977.0,10.7,Scenarios B & D,2025-12-14
Nebraska,18-49 years,Overall,790977.0,11.1,Scenarios B & D,2025-12-21
Nebraska,18-49 years,Overall,790977.0,11.4,Scenarios B & D,2025-12-28
Nebraska,18-49 years,Overall,790977.0,11.7,Scenarios B & D,2026-01-04
Nebraska,18-49 years,Overall,790977.0,12.0,Scenarios B & D,2026-01-11
Nebraska,18-49 years,Overall,790977.0,12.3,Scenarios B & D,2026-01-18
Nebraska,18-49 years,Overall,790977.0,12.6,Scenarios B & D,2026-01-25
Nebraska,18-49 years,Overall,790977.0,12.8,Scenarios B & D,2026-02-01
Nebraska,18-49 years,Overall,790977.0,13.1,Scenarios B & D,2026-02-08
Nebraska,18-49 years,Overall,790977.0,13.4,Scenarios B & D,2026-02-15
Nebraska,18-49 years,Overall,790977.0,13.6,Scenarios B & D,2026-02-22
Nebraska,18-49 years,Overall,790977.0,13.9,Scenarios B & D,2026-03-01
Nebraska,18-49 years,Overall,790977.0,14.2,Scenarios B & D,2026-03-08
Nebraska,18-49 years,Overall,790977.0,14.4,Scenarios B & D,2026-03-15
Nebraska,18-49 years,Overall,790977.0,14.7,Scenarios B & D,2026-03-22
Nebraska,18-49 years,Overall,790977.0,15.0,Scenarios B & D,2026-03-29
Nebraska,18-49 years,Overall,790977.0,15.2,Scenarios B & D,2026-04-05
Nebraska,18-49 years,Overall,790977.0,15.5,Scenarios B & D,2026-04-12
Nebraska,18-49 years,Overall,790977.0,15.8,Scenarios B & D,2026-04-19
Nebraska,18-49 years,Overall,790977.0,16.0,Scenarios B & D,2026-04-26
Nebraska,50-64 years,Overall,345517.0,0.0,Scenarios B & D,2025-08-03
Nebraska,50-64 years,Overall,345517.0,0.0,Scenarios B & D,2025-08-10
Nebraska,50-64 years,Overall,345517.0,0.7,Scenarios B & D,2025-08-17
Nebraska,50-64 years,Overall,345517.0,2.0,Scenarios B & D,2025-08-24
Nebraska,50-64 years,Overall,345517.0,3.4,Scenarios B & D,2025-08-31
Nebraska,50-64 years,Overall,345517.0,4.9,Scenarios B & D,2025-09-07
Nebraska,50-64 years,Overall,345517.0,6.3,Scenarios B & D,2025-09-14
Nebraska,50-64 years,Overall,345517.0,7.8,Scenarios B & D,2025-09-21
Nebraska,50-64 years,Overall,345517.0,9.4,Scenarios B & D,2025-09-28
Nebraska,50-64 years,Overall,345517.0,10.9,Scenarios B & D,2025-10-05
Nebraska,50-64 years,Overall,345517.0,12.4,Scenarios B & D,2025-10-12
Nebraska,50-64 years,Overall,345517.0,13.9,Scenarios B & D,2025-10-19
Nebraska,50-64 years,Overall,345517.0,15.3,Scenarios B & D,2025-10-26
Nebraska,50-64 years,Overall,345517.0,16.7,Scenarios B & D,2025-11-02
Nebraska,50-64 years,Overall,345517.0,18.0,Scenarios B & D,2025-11-09
Nebraska,50-64 years,Overall,345517.0,19.3,Scenarios B & D,2025-11-16
Nebraska,50-64 years,Overall,345517.0,20.5,Scenarios B & D,2025-11-23
Nebraska,50-64 years,Overall,345517.0,21.5,Scenarios B & D,2025-11-30
Nebraska,50-64 years,Overall,345517.0,22.4,Scenarios B & D,2025-12-07
Nebraska,50-64 years,Overall,345517.0,23.2,Scenarios B & D,2025-12-14
Nebraska,50-64 years,Overall,345517.0,23.9,Scenarios B & D,2025-12-21
Nebraska,50-64 years,Overall,345517.0,24.5,Scenarios B & D,2025-12-28
Nebraska,50-64 years,Overall,345517.0,24.9,Scenarios B & D,2026-01-04
Nebraska,50-64 years,Overall,345517.0,25.3,Scenarios B & D,2026-01-11
Nebraska,50-64 years,Overall,345517.0,25.6,Scenarios B & D,2026-01-18
Nebraska,50-64 years,Overall,345517.0,25.9,Scenarios B & D,2026-01-25
Nebraska,50-64 years,Overall,345517.0,26.2,Scenarios B & D,2026-02-01
Nebraska,50-64 years,Overall,345517.0,26.5,Scenarios B & D,2026-02-08
Nebraska,50-64 years,Overall,345517.0,26.7,Scenarios B & D,2026-02-15
Nebraska,50-64 years,Overall,345517.0,27.0,Scenarios B & D,2026-02-22
Nebraska,50-64 years,Overall,345517.0,27.2,Scenarios B & D,2026-03-01
Nebraska,50-64 years,Overall,345517.0,27.5,Scenarios B & D,2026-03-08
Nebraska,50-64 years,Overall,345517.0,27.7,Scenarios B & D,2026-03-15
Nebraska,50-64 years,Overall,345517.0,28.0,Scenarios B & D,2026-03-22
Nebraska,50-64 years,Overall,345517.0,28.3,Scenarios B & D,2026-03-29
Nebraska,50-64 years,Overall,345517.0,28.5,Scenarios B & D,2026-04-05
Nebraska,50-64 years,Overall,345517.0,28.8,Scenarios B & D,2026-04-12
Nebraska,50-64 years,Overall,345517.0,29.0,Scenarios B & D,2026-04-19
Nebraska,50-64 years,Overall,345517.0,29.3,Scenarios B & D,2026-04-26
Nebraska,6 months-17 years,Overall,462534.0,0.0,Scenarios B & D,2025-08-03
Nebraska,6 months-17 years,Overall,462534.0,0.0,Scenarios B & D,2025-08-10
Nebraska,6 months-17 years,Overall,462534.0,0.0,Scenarios B & D,2025-08-17
Nebraska,6 months-17 years,Overall,462534.0,0.0,Scenarios B & D,2025-08-24
Nebraska,6 months-17 years,Overall,462534.0,0.7,Scenarios B & D,2025-08-31
Nebraska,6 months-17 years,Overall,462534.0,1.4,Scenarios B & D,2025-09-07
Nebraska,6 months-17 years,Overall,462534.0,2.2,Scenarios B & D,2025-09-14
Nebraska,6 months-17 years,Overall,462534.0,3.0,Scenarios B & D,2025-09-21
Nebraska,6 months-17 years,Overall,462534.0,3.7,Scenarios B & D,2025-09-28
Nebraska,6 months-17 years,Overall,462534.0,4.5,Scenarios B & D,2025-10-05
Nebraska,6 months-17 years,Overall,462534.0,5.4,Scenarios B & D,2025-10-12
Nebraska,6 months-17 years,Overall,462534.0,6.2,Scenarios B & D,2025-10-19
Nebraska,6 months-17 years,Overall,462534.0,7.0,Scenarios B & D,2025-10-26
Nebraska,6 months-17 years,Overall,462534.0,7.8,Scenarios B & D,2025-11-02
Nebraska,6 months-17 years,Overall,462534.0,8.6,Scenarios B & D,2025-11-09
Nebraska,6 months-17 years,Overall,462534.0,9.3,Scenarios B & D,2025-11-16
Nebraska,6 months-17 years,Overall,462534.0,10.0,Scenarios B & D,2025-11-23
Nebraska,6 months-17 years,Overall,462534.0,10.6,Scenarios B & D,2025-11-30
Nebraska,6 months-17 years,Overall,462534.0,11.2,Scenarios B & D,2025-12-07
Nebraska,6 months-17 years,Overall,462534.0,11.8,Scenarios B & D,2025-12-14
Nebraska,6 months-17 years,Overall,462534.0,12.3,Scenarios B & D,2025-12-21
Nebraska,6 months-17 years,Overall,462534.0,12.7,Scenarios B & D,2025-12-28
Nebraska,6 months-17 years,Overall,462534.0,13.2,Scenarios B & D,2026-01-04
Nebraska,6 months-17 years,Overall,462534.0,13.5,Scenarios B & D,2026-01-11
Nebraska,6 months-17 years,Overall,462534.0,13.9,Scenarios B & D,2026-01-18
Nebraska,6 months-17 years,Overall,462534.0,14.2,Scenarios B & D,2026-01-25
Nebraska,6 months-17 years,Overall,462534.0,14.5,Scenarios B & D,2026-02-01
Nebraska,6 months-17 years,Overall,462534.0,14.8,Scenarios B & D,2026-02-08
Nebraska,6 months-17 years,Overall,462534.0,15.0,Scenarios B & D,2026-02-15
Nebraska,6 months-17 years,Overall,462534.0,15.3,Scenarios B & D,2026-02-22
Nebraska,6 months-17 years,Overall,462534.0,15.5,Scenarios B & D,2026-03-01
Nebraska,6 months-17 years,Overall,462534.0,15.7,Scenarios B & D,2026-03-08
Nebraska,6 months-17 years,Overall,462534.0,16.0,Scenarios B & D,2026-03-15
Nebraska,6 months-17 years,Overall,462534.0,16.2,Scenarios B & D,2026-03-22
Nebraska,6 months-17 years,Overall,462534.0,16.4,Scenarios B & D,2026-03-29
Nebraska,6 months-17 years,Overall,462534.0,16.7,Scenarios B & D,2026-04-05
Nebraska,6 months-17 years,Overall,462534.0,16.9,Scenarios B & D,2026-04-12
Nebraska,6 months-17 years,Overall,462534.0,17.1,Scenarios B & D,2026-04-19
Nebraska,6 months-17 years,Overall,462534.0,17.4,Scenarios B & D,2026-04-26
Nebraska,65+ years,Overall,319437.0,0.0,Scenarios B & D,2025-08-03
Nebraska,65+ years,Overall,319437.0,0.4,Scenarios B & D,2025-08-10
Nebraska,65+ years,Overall,319437.0,2.9,Scenarios B & D,2025-08-17
Nebraska,65+ years,Overall,319437.0,5.5,Scenarios B & D,2025-08-24
Nebraska,65+ years,Overall,319437.0,8.2,Scenarios B & D,2025-08-31
Nebraska,65+ years,Overall,319437.0,10.9,Scenarios B & D,2025-09-07
Nebraska,65+ years,Overall,319437.0,13.6,Scenarios B & D,2025-09-14
Nebraska,65+ years,Overall,319437.0,16.2,Scenarios B & D,2025-09-21
Nebraska,65+ years,Overall,319437.0,18.9,Scenarios B & D,2025-09-28
Nebraska,65+ years,Overall,319437.0,21.4,Scenarios B & D,2025-10-05
Nebraska,65+ years,Overall,319437.0,23.8,Scenarios B & D,2025-10-12
Nebraska,65+ years,Overall,319437.0,26.1,Scenarios B & D,2025-10-19
Nebraska,65+ years,Overall,319437.0,28.1,Scenarios B & D,2025-10-26
Nebraska,65+ years,Overall,319437.0,30.0,Scenarios B & D,2025-11-02
Nebraska,65+ years,Overall,319437.0,31.6,Scenarios B & D,2025-11-09
Nebraska,65+ years,Overall,319437.0,33.1,Scenarios B & D,2025-11-16
Nebraska,65+ years,Overall,319437.0,34.3,Scenarios B & D,2025-11-23
Nebraska,65+ years,Overall,319437.0,35.3,Scenarios B & D,2025-11-30
Nebraska,65+ years,Overall,319437.0,36.2,Scenarios B & D,2025-12-07
Nebraska,65+ years,Overall,319437.0,36.9,Scenarios B & D,2025-12-14
Nebraska,65+ years,Overall,319437.0,37.5,Scenarios B & D,2025-12-21
Nebraska,65+ years,Overall,319437.0,38.1,Scenarios B & D,2025-12-28
Nebraska,65+ years,Overall,319437.0,38.6,Scenarios B & D,2026-01-04
Nebraska,65+ years,Overall,319437.0,39.0,Scenarios B & D,2026-01-11
Nebraska,65+ years,Overall,319437.0,39.4,Scenarios B & D,2026-01-18
Nebraska,65+ years,Overall,319437.0,39.7,Scenarios B & D,2026-01-25
Nebraska,65+ years,Overall,319437.0,40.1,Scenarios B & D,2026-02-01
Nebraska,65+ years,Overall,319437.0,40.4,Scenarios B & D,2026-02-08
Nebraska,65+ years,Overall,319437.0,40.8,Scenarios B & D,2026-02-15
Nebraska,65+ years,Overall,319437.0,41.1,Scenarios B & D,2026-02-22
Nebraska,65+ years,Overall,319437.0,41.5,Scenarios B & D,2026-03-01
Nebraska,65+ years,Overall,319437.0,41.8,Scenarios B & D,2026-03-08
Nebraska,65+ years,Overall,319437.0,42.2,Scenarios B & D,2026-03-15
Nebraska,65+ years,Overall,319437.0,42.5,Scenarios B & D,2026-03-22
Nebraska,65+ years,Overall,319437.0,42.8,Scenarios B & D,2026-03-29
Nebraska,65+ years,Overall,319437.0,43.2,Scenarios B & D,2026-04-05
Nebraska,65+ years,Overall,319437.0,43.5,Scenarios B & D,2026-04-12
Nebraska,65+ years,Overall,319437.0,43.9,Scenarios B & D,2026-04-19
Nebraska,65+ years,Overall,319437.0,44.2,Scenarios B & D,2026-04-26
Nevada,18-49 years,Overall,1323475.0,0.0,Scenarios B & D,2025-08-03
Nevada,18-49 years,Overall,1323475.0,0.0,Scenarios B & D,2025-08-10
Nevada,18-49 years,Overall,1323475.0,0.4,Scenarios B & D,2025-08-17
Nevada,18-49 years,Overall,1323475.0,0.9,Scenarios B & D,2025-08-24
Nevada,18-49 years,Overall,1323475.0,1.4,Scenarios B & D,2025-08-31
Nevada,18-49 years,Overall,1323475.0,1.9,Scenarios B & D,2025-09-07
Nevada,18-49 years,Overall,1323475.0,2.5,Scenarios B & D,2025-09-14
Nevada,18-49 years,Overall,1323475.0,3.0,Scenarios B & D,2025-09-21
Nevada,18-49 years,Overall,1323475.0,3.5,Scenarios B & D,2025-09-28
Nevada,18-49 years,Overall,1323475.0,4.1,Scenarios B & D,2025-10-05
Nevada,18-49 years,Overall,1323475.0,4.6,Scenarios B & D,2025-10-12
Nevada,18-49 years,Overall,1323475.0,5.2,Scenarios B & D,2025-10-19
Nevada,18-49 years,Overall,1323475.0,5.7,Scenarios B & D,2025-10-26
Nevada,18-49 years,Overall,1323475.0,6.1,Scenarios B & D,2025-11-02
Nevada,18-49 years,Overall,1323475.0,6.6,Scenarios B & D,2025-11-09
Nevada,18-49 years,Overall,1323475.0,7.0,Scenarios B & D,2025-11-16
Nevada,18-49 years,Overall,1323475.0,7.3,Scenarios B & D,2025-11-23
Nevada,18-49 years,Overall,1323475.0,7.7,Scenarios B & D,2025-11-30
Nevada,18-49 years,Overall,1323475.0,8.0,Scenarios B & D,2025-12-07
Nevada,18-49 years,Overall,1323475.0,8.2,Scenarios B & D,2025-12-14
Nevada,18-49 years,Overall,1323475.0,8.4,Scenarios B & D,2025-12-21
Nevada,18-49 years,Overall,1323475.0,8.6,Scenarios B & D,2025-12-28
Nevada,18-49 years,Overall,1323475.0,8.8,Scenarios B & D,2026-01-04
Nevada,18-49 years,Overall,1323475.0,9.0,Scenarios B & D,2026-01-11
Nevada,18-49 years,Overall,1323475.0,9.2,Scenarios B & D,2026-01-18
Nevada,18-49 years,Overall,1323475.0,9.4,Scenarios B & D,2026-01-25
Nevada,18-49 years,Overall,1323475.0,9.5,Scenarios B & D,2026-02-01
Nevada,18-49 years,Overall,1323475.0,9.7,Scenarios B & D,2026-02-08
Nevada,18-49 years,Overall,1323475.0,9.9,Scenarios B & D,2026-02-15
Nevada,18-49 years,Overall,1323475.0,10.1,Scenarios B & D,2026-02-22
Nevada,18-49 years,Overall,1323475.0,10.2,Scenarios B & D,2026-03-01
Nevada,18-49 years,Overall,1323475.0,10.4,Scenarios B & D,2026-03-08
Nevada,18-49 years,Overall,1323475.0,10.6,Scenarios B & D,2026-03-15
Nevada,18-49 years,Overall,1323475.0,10.7,Scenarios B & D,2026-03-22
Nevada,18-49 years,Overall,1323475.0,10.9,Scenarios B & D,2026-03-29
Nevada,18-49 years,Overall,1323475.0,11.1,Scenarios B & D,2026-04-05
Nevada,18-49 years,Overall,1323475.0,11.3,Scenarios B & D,2026-04-12
Nevada,18-49 years,Overall,1323475.0,11.4,Scenarios B & D,2026-04-19
Nevada,18-49 years,Overall,1323475.0,11.6,Scenarios B & D,2026-04-26
Nevada,50-64 years,Overall,587060.0,0.0,Scenarios B & D,2025-08-03
Nevada,50-64 years,Overall,587060.0,0.0,Scenarios B & D,2025-08-10
Nevada,50-64 years,Overall,587060.0,0.5,Scenarios B & D,2025-08-17
Nevada,50-64 years,Overall,587060.0,1.4,Scenarios B & D,2025-08-24
Nevada,50-64 years,Overall,587060.0,2.3,Scenarios B & D,2025-08-31
Nevada,50-64 years,Overall,587060.0,3.2,Scenarios B & D,2025-09-07
Nevada,50-64 years,Overall,587060.0,4.2,Scenarios B & D,2025-09-14
Nevada,50-64 years,Overall,587060.0,5.2,Scenarios B & D,2025-09-21
Nevada,50-64 years,Overall,587060.0,6.2,Scenarios B & D,2025-09-28
Nevada,50-64 years,Overall,587060.0,7.2,Scenarios B & D,2025-10-05
Nevada,50-64 years,Overall,587060.0,8.2,Scenarios B & D,2025-10-12
Nevada,50-64 years,Overall,587060.0,9.1,Scenarios B & D,2025-10-19
Nevada,50-64 years,Overall,587060.0,10.0,Scenarios B & D,2025-10-26
Nevada,50-64 years,Overall,587060.0,10.9,Scenarios B & D,2025-11-02
Nevada,50-64 years,Overall,587060.0,11.8,Scenarios B & D,2025-11-09
Nevada,50-64 years,Overall,587060.0,12.6,Scenarios B & D,2025-11-16
Nevada,50-64 years,Overall,587060.0,13.3,Scenarios B & D,2025-11-23
Nevada,50-64 years,Overall,587060.0,14.1,Scenarios B & D,2025-11-30
Nevada,50-64 years,Overall,587060.0,14.8,Scenarios B & D,2025-12-07
Nevada,50-64 years,Overall,587060.0,15.4,Scenarios B & D,2025-12-14
Nevada,50-64 years,Overall,587060.0,16.0,Scenarios B & D,2025-12-21
Nevada,50-64 years,Overall,587060.0,16.6,Scenarios B & D,2025-12-28
Nevada,50-64 years,Overall,587060.0,17.1,Scenarios B & D,2026-01-04
Nevada,50-64 years,Overall,587060.0,17.6,Scenarios B & D,2026-01-11
Nevada,50-64 years,Overall,587060.0,18.0,Scenarios B & D,2026-01-18
Nevada,50-64 years,Overall,587060.0,18.5,Scenarios B & D,2026-01-25
Nevada,50-64 years,Overall,587060.0,18.9,Scenarios B & D,2026-02-01
Nevada,50-64 years,Overall,587060.0,19.4,Scenarios B & D,2026-02-08
Nevada,50-64 years,Overall,587060.0,19.8,Scenarios B & D,2026-02-15
Nevada,50-64 years,Overall,587060.0,20.3,Scenarios B & D,2026-02-22
Nevada,50-64 years,Overall,587060.0,20.7,Scenarios B & D,2026-03-01
Nevada,50-64 years,Overall,587060.0,21.1,Scenarios B & D,2026-03-08
Nevada,50-64 years,Overall,587060.0,21.6,Scenarios B & D,2026-03-15
Nevada,50-64 years,Overall,587060.0,22.0,Scenarios B & D,2026-03-22
Nevada,50-64 years,Overall,587060.0,22.5,Scenarios B & D,2026-03-29
Nevada,50-64 years,Overall,587060.0,22.9,Scenarios B & D,2026-04-05
Nevada,50-64 years,Overall,587060.0,23.3,Scenarios B & D,2026-04-12
Nevada,50-64 years,Overall,587060.0,23.8,Scenarios B & D,2026-04-19
Nevada,50-64 years,Overall,587060.0,24.2,Scenarios B & D,2026-04-26
Nevada,6 months-17 years,Overall,679728.0,0.0,Scenarios B & D,2025-08-03
Nevada,6 months-17 years,Overall,679728.0,0.0,Scenarios B & D,2025-08-10
Nevada,6 months-17 years,Overall,679728.0,0.0,Scenarios B & D,2025-08-17
Nevada,6 months-17 years,Overall,679728.0,0.1,Scenarios B & D,2025-08-24
Nevada,6 months-17 years,Overall,679728.0,0.6,Scenarios B & D,2025-08-31
Nevada,6 months-17 years,Overall,679728.0,1.1,Scenarios B & D,2025-09-07
Nevada,6 months-17 years,Overall,679728.0,1.7,Scenarios B & D,2025-09-14
Nevada,6 months-17 years,Overall,679728.0,2.2,Scenarios B & D,2025-09-21
Nevada,6 months-17 years,Overall,679728.0,2.8,Scenarios B & D,2025-09-28
Nevada,6 months-17 years,Overall,679728.0,3.3,Scenarios B & D,2025-10-05
Nevada,6 months-17 years,Overall,679728.0,3.9,Scenarios B & D,2025-10-12
Nevada,6 months-17 years,Overall,679728.0,4.5,Scenarios B & D,2025-10-19
Nevada,6 months-17 years,Overall,679728.0,5.1,Scenarios B & D,2025-10-26
Nevada,6 months-17 years,Overall,679728.0,5.6,Scenarios B & D,2025-11-02
Nevada,6 months-17 years,Overall,679728.0,6.2,Scenarios B & D,2025-11-09
Nevada,6 months-17 years,Overall,679728.0,6.7,Scenarios B & D,2025-11-16
Nevada,6 months-17 years,Overall,679728.0,7.2,Scenarios B & D,2025-11-23
Nevada,6 months-17 years,Overall,679728.0,7.7,Scenarios B & D,2025-11-30
Nevada,6 months-17 years,Overall,679728.0,8.2,Scenarios B & D,2025-12-07
Nevada,6 months-17 years,Overall,679728.0,8.6,Scenarios B & D,2025-12-14
Nevada,6 months-17 years,Overall,679728.0,9.0,Scenarios B & D,2025-12-21
Nevada,6 months-17 years,Overall,679728.0,9.3,Scenarios B & D,2025-12-28
Nevada,6 months-17 years,Overall,679728.0,9.6,Scenarios B & D,2026-01-04
Nevada,6 months-17 years,Overall,679728.0,9.9,Scenarios B & D,2026-01-11
Nevada,6 months-17 years,Overall,679728.0,10.2,Scenarios B & D,2026-01-18
Nevada,6 months-17 years,Overall,679728.0,10.5,Scenarios B & D,2026-01-25
Nevada,6 months-17 years,Overall,679728.0,10.7,Scenarios B & D,2026-02-01
Nevada,6 months-17 years,Overall,679728.0,10.9,Scenarios B & D,2026-02-08
Nevada,6 months-17 years,Overall,679728.0,11.1,Scenarios B & D,2026-02-15
Nevada,6 months-17 years,Overall,679728.0,11.3,Scenarios B & D,2026-02-22
Nevada,6 months-17 years,Overall,679728.0,11.5,Scenarios B & D,2026-03-01
Nevada,6 months-17 years,Overall,679728.0,11.7,Scenarios B & D,2026-03-08
Nevada,6 months-17 years,Overall,679728.0,11.9,Scenarios B & D,2026-03-15
Nevada,6 months-17 years,Overall,679728.0,12.0,Scenarios B & D,2026-03-22
Nevada,6 months-17 years,Overall,679728.0,12.2,Scenarios B & D,2026-03-29
Nevada,6 months-17 years,Overall,679728.0,12.4,Scenarios B & D,2026-04-05
Nevada,6 months-17 years,Overall,679728.0,12.6,Scenarios B & D,2026-04-12
Nevada,6 months-17 years,Overall,679728.0,12.8,Scenarios B & D,2026-04-19
Nevada,6 months-17 years,Overall,679728.0,13.0,Scenarios B & D,2026-04-26
Nevada,65+ years,Overall,519316.0,0.0,Scenarios B & D,2025-08-03
Nevada,65+ years,Overall,519316.0,0.2,Scenarios B & D,2025-08-10
Nevada,65+ years,Overall,519316.0,2.4,Scenarios B & D,2025-08-17
Nevada,65+ years,Overall,519316.0,4.6,Scenarios B & D,2025-08-24
Nevada,65+ years,Overall,519316.0,6.8,Scenarios B & D,2025-08-31
Nevada,65+ years,Overall,519316.0,9.1,Scenarios B & D,2025-09-07
Nevada,65+ years,Overall,519316.0,11.4,Scenarios B & D,2025-09-14
Nevada,65+ years,Overall,519316.0,13.7,Scenarios B & D,2025-09-21
Nevada,65+ years,Overall,519316.0,15.9,Scenarios B & D,2025-09-28
Nevada,65+ years,Overall,519316.0,18.1,Scenarios B & D,2025-10-05
Nevada,65+ years,Overall,519316.0,20.2,Scenarios B & D,2025-10-12
Nevada,65+ years,Overall,519316.0,22.2,Scenarios B & D,2025-10-19
Nevada,65+ years,Overall,519316.0,24.1,Scenarios B & D,2025-10-26
Nevada,65+ years,Overall,519316.0,25.8,Scenarios B & D,2025-11-02
Nevada,65+ years,Overall,519316.0,27.4,Scenarios B & D,2025-11-09
Nevada,65+ years,Overall,519316.0,28.8,Scenarios B & D,2025-11-16
Nevada,65+ years,Overall,519316.0,30.0,Scenarios B & D,2025-11-23
Nevada,65+ years,Overall,519316.0,31.2,Scenarios B & D,2025-11-30
Nevada,65+ years,Overall,519316.0,32.1,Scenarios B & D,2025-12-07
Nevada,65+ years,Overall,519316.0,33.0,Scenarios B & D,2025-12-14
Nevada,65+ years,Overall,519316.0,33.8,Scenarios B & D,2025-12-21
Nevada,65+ years,Overall,519316.0,34.5,Scenarios B & D,2025-12-28
Nevada,65+ years,Overall,519316.0,35.1,Scenarios B & D,2026-01-04
Nevada,65+ years,Overall,519316.0,35.7,Scenarios B & D,2026-01-11
Nevada,65+ years,Overall,519316.0,36.2,Scenarios B & D,2026-01-18
Nevada,65+ years,Overall,519316.0,36.8,Scenarios B & D,2026-01-25
Nevada,65+ years,Overall,519316.0,37.3,Scenarios B & D,2026-02-01
Nevada,65+ years,Overall,519316.0,37.8,Scenarios B & D,2026-02-08
Nevada,65+ years,Overall,519316.0,38.4,Scenarios B & D,2026-02-15
Nevada,65+ years,Overall,519316.0,38.9,Scenarios B & D,2026-02-22
Nevada,65+ years,Overall,519316.0,39.4,Scenarios B & D,2026-03-01
Nevada,65+ years,Overall,519316.0,40.0,Scenarios B & D,2026-03-08
Nevada,65+ years,Overall,519316.0,40.5,Scenarios B & D,2026-03-15
Nevada,65+ years,Overall,519316.0,41.0,Scenarios B & D,2026-03-22
Nevada,65+ years,Overall,519316.0,41.6,Scenarios B & D,2026-03-29
Nevada,65+ years,Overall,519316.0,42.1,Scenarios B & D,2026-04-05
Nevada,65+ years,Overall,519316.0,42.6,Scenarios B & D,2026-04-12
Nevada,65+ years,Overall,519316.0,43.2,Scenarios B & D,2026-04-19
Nevada,65+ years,Overall,519316.0,43.7,Scenarios B & D,2026-04-26
New Hampshire,18-49 years,Overall,538483.0,0.0,Scenarios B & D,2025-08-03
New Hampshire,18-49 years,Overall,538483.0,0.0,Scenarios B & D,2025-08-10
New Hampshire,18-49 years,Overall,538483.0,0.8,Scenarios B & D,2025-08-17
New Hampshire,18-49 years,Overall,538483.0,1.7,Scenarios B & D,2025-08-24
New Hampshire,18-49 years,Overall,538483.0,2.5,Scenarios B & D,2025-08-31
New Hampshire,18-49 years,Overall,538483.0,3.5,Scenarios B & D,2025-09-07
New Hampshire,18-49 years,Overall,538483.0,4.4,Scenarios B & D,2025-09-14
New Hampshire,18-49 years,Overall,538483.0,5.3,Scenarios B & D,2025-09-21
New Hampshire,18-49 years,Overall,538483.0,6.2,Scenarios B & D,2025-09-28
New Hampshire,18-49 years,Overall,538483.0,7.1,Scenarios B & D,2025-10-05
New Hampshire,18-49 years,Overall,538483.0,8.0,Scenarios B & D,2025-10-12
New Hampshire,18-49 years,Overall,538483.0,8.9,Scenarios B & D,2025-10-19
New Hampshire,18-49 years,Overall,538483.0,9.7,Scenarios B & D,2025-10-26
New Hampshire,18-49 years,Overall,538483.0,10.5,Scenarios B & D,2025-11-02
New Hampshire,18-49 years,Overall,538483.0,11.2,Scenarios B & D,2025-11-09
New Hampshire,18-49 years,Overall,538483.0,11.9,Scenarios B & D,2025-11-16
New Hampshire,18-49 years,Overall,538483.0,12.5,Scenarios B & D,2025-11-23
New Hampshire,18-49 years,Overall,538483.0,13.0,Scenarios B & D,2025-11-30
New Hampshire,18-49 years,Overall,538483.0,13.5,Scenarios B & D,2025-12-07
New Hampshire,18-49 years,Overall,538483.0,13.9,Scenarios B & D,2025-12-14
New Hampshire,18-49 years,Overall,538483.0,14.3,Scenarios B & D,2025-12-21
New Hampshire,18-49 years,Overall,538483.0,14.7,Scenarios B & D,2025-12-28
New Hampshire,18-49 years,Overall,538483.0,15.0,Scenarios B & D,2026-01-04
New Hampshire,18-49 years,Overall,538483.0,15.3,Scenarios B & D,2026-01-11
New Hampshire,18-49 years,Overall,538483.0,15.6,Scenarios B & D,2026-01-18
New Hampshire,18-49 years,Overall,538483.0,15.9,Scenarios B & D,2026-01-25
New Hampshire,18-49 years,Overall,538483.0,16.2,Scenarios B & D,2026-02-01
New Hampshire,18-49 years,Overall,538483.0,16.5,Scenarios B & D,2026-02-08
New Hampshire,18-49 years,Overall,538483.0,16.8,Scenarios B & D,2026-02-15
New Hampshire,18-49 years,Overall,538483.0,17.1,Scenarios B & D,2026-02-22
New Hampshire,18-49 years,Overall,538483.0,17.4,Scenarios B & D,2026-03-01
New Hampshire,18-49 years,Overall,538483.0,17.7,Scenarios B & D,2026-03-08
New Hampshire,18-49 years,Overall,538483.0,18.0,Scenarios B & D,2026-03-15
New Hampshire,18-49 years,Overall,538483.0,18.3,Scenarios B & D,2026-03-22
New Hampshire,18-49 years,Overall,538483.0,18.6,Scenarios B & D,2026-03-29
New Hampshire,18-49 years,Overall,538483.0,18.9,Scenarios B & D,2026-04-05
New Hampshire,18-49 years,Overall,538483.0,19.2,Scenarios B & D,2026-04-12
New Hampshire,18-49 years,Overall,538483.0,19.4,Scenarios B & D,2026-04-19
New Hampshire,18-49 years,Overall,538483.0,19.7,Scenarios B & D,2026-04-26
New Hampshire,50-64 years,Overall,310221.0,0.0,Scenarios B & D,2025-08-03
New Hampshire,50-64 years,Overall,310221.0,0.0,Scenarios B & D,2025-08-10
New Hampshire,50-64 years,Overall,310221.0,1.6,Scenarios B & D,2025-08-17
New Hampshire,50-64 years,Overall,310221.0,3.5,Scenarios B & D,2025-08-24
New Hampshire,50-64 years,Overall,310221.0,5.5,Scenarios B & D,2025-08-31
New Hampshire,50-64 years,Overall,310221.0,7.5,Scenarios B & D,2025-09-07
New Hampshire,50-64 years,Overall,310221.0,9.5,Scenarios B & D,2025-09-14
New Hampshire,50-64 years,Overall,310221.0,11.6,Scenarios B & D,2025-09-21
New Hampshire,50-64 years,Overall,310221.0,13.6,Scenarios B & D,2025-09-28
New Hampshire,50-64 years,Overall,310221.0,15.7,Scenarios B & D,2025-10-05
New Hampshire,50-64 years,Overall,310221.0,17.6,Scenarios B & D,2025-10-12
New Hampshire,50-64 years,Overall,310221.0,19.5,Scenarios B & D,2025-10-19
New Hampshire,50-64 years,Overall,310221.0,21.3,Scenarios B & D,2025-10-26
New Hampshire,50-64 years,Overall,310221.0,23.0,Scenarios B & D,2025-11-02
New Hampshire,50-64 years,Overall,310221.0,24.5,Scenarios B & D,2025-11-09
New Hampshire,50-64 years,Overall,310221.0,26.0,Scenarios B & D,2025-11-16
New Hampshire,50-64 years,Overall,310221.0,27.2,Scenarios B & D,2025-11-23
New Hampshire,50-64 years,Overall,310221.0,28.4,Scenarios B & D,2025-11-30
New Hampshire,50-64 years,Overall,310221.0,29.4,Scenarios B & D,2025-12-07
New Hampshire,50-64 years,Overall,310221.0,30.4,Scenarios B & D,2025-12-14
New Hampshire,50-64 years,Overall,310221.0,31.2,Scenarios B & D,2025-12-21
New Hampshire,50-64 years,Overall,310221.0,31.9,Scenarios B & D,2025-12-28
New Hampshire,50-64 years,Overall,310221.0,32.6,Scenarios B & D,2026-01-04
New Hampshire,50-64 years,Overall,310221.0,33.3,Scenarios B & D,2026-01-11
New Hampshire,50-64 years,Overall,310221.0,33.9,Scenarios B & D,2026-01-18
New Hampshire,50-64 years,Overall,310221.0,34.5,Scenarios B & D,2026-01-25
New Hampshire,50-64 years,Overall,310221.0,35.1,Scenarios B & D,2026-02-01
New Hampshire,50-64 years,Overall,310221.0,35.7,Scenarios B & D,2026-02-08
New Hampshire,50-64 years,Overall,310221.0,36.3,Scenarios B & D,2026-02-15
New Hampshire,50-64 years,Overall,310221.0,36.8,Scenarios B & D,2026-02-22
New Hampshire,50-64 years,Overall,310221.0,37.4,Scenarios B & D,2026-03-01
New Hampshire,50-64 years,Overall,310221.0,38.0,Scenarios B & D,2026-03-08
New Hampshire,50-64 years,Overall,310221.0,38.6,Scenarios B & D,2026-03-15
New Hampshire,50-64 years,Overall,310221.0,39.2,Scenarios B & D,2026-03-22
New Hampshire,50-64 years,Overall,310221.0,39.7,Scenarios B & D,2026-03-29
New Hampshire,50-64 years,Overall,310221.0,40.3,Scenarios B & D,2026-04-05
New Hampshire,50-64 years,Overall,310221.0,40.9,Scenarios B & D,2026-04-12
New Hampshire,50-64 years,Overall,310221.0,41.5,Scenarios B & D,2026-04-19
New Hampshire,50-64 years,Overall,310221.0,42.1,Scenarios B & D,2026-04-26
New Hampshire,6 months-17 years,Overall,247105.0,0.0,Scenarios B & D,2025-08-03
New Hampshire,6 months-17 years,Overall,247105.0,0.0,Scenarios B & D,2025-08-10
New Hampshire,6 months-17 years,Overall,247105.0,0.0,Scenarios B & D,2025-08-17
New Hampshire,6 months-17 years,Overall,247105.0,0.9,Scenarios B & D,2025-08-24
New Hampshire,6 months-17 years,Overall,247105.0,1.9,Scenarios B & D,2025-08-31
New Hampshire,6 months-17 years,Overall,247105.0,2.9,Scenarios B & D,2025-09-07
New Hampshire,6 months-17 years,Overall,247105.0,3.9,Scenarios B & D,2025-09-14
New Hampshire,6 months-17 years,Overall,247105.0,5.0,Scenarios B & D,2025-09-21
New Hampshire,6 months-17 years,Overall,247105.0,6.0,Scenarios B & D,2025-09-28
New Hampshire,6 months-17 years,Overall,247105.0,7.1,Scenarios B & D,2025-10-05
New Hampshire,6 months-17 years,Overall,247105.0,8.1,Scenarios B & D,2025-10-12
New Hampshire,6 months-17 years,Overall,247105.0,9.1,Scenarios B & D,2025-10-19
New Hampshire,6 months-17 years,Overall,247105.0,10.1,Scenarios B & D,2025-10-26
New Hampshire,6 months-17 years,Overall,247105.0,11.0,Scenarios B & D,2025-11-02
New Hampshire,6 months-17 years,Overall,247105.0,11.8,Scenarios B & D,2025-11-09
New Hampshire,6 months-17 years,Overall,247105.0,12.7,Scenarios B & D,2025-11-16
New Hampshire,6 months-17 years,Overall,247105.0,13.4,Scenarios B & D,2025-11-23
New Hampshire,6 months-17 years,Overall,247105.0,14.1,Scenarios B & D,2025-11-30
New Hampshire,6 months-17 years,Overall,247105.0,14.8,Scenarios B & D,2025-12-07
New Hampshire,6 months-17 years,Overall,247105.0,15.3,Scenarios B & D,2025-12-14
New Hampshire,6 months-17 years,Overall,247105.0,15.9,Scenarios B & D,2025-12-21
New Hampshire,6 months-17 years,Overall,247105.0,16.3,Scenarios B & D,2025-12-28
New Hampshire,6 months-17 years,Overall,247105.0,16.8,Scenarios B & D,2026-01-04
New Hampshire,6 months-17 years,Overall,247105.0,17.1,Scenarios B & D,2026-01-11
New Hampshire,6 months-17 years,Overall,247105.0,17.5,Scenarios B & D,2026-01-18
New Hampshire,6 months-17 years,Overall,247105.0,17.8,Scenarios B & D,2026-01-25
New Hampshire,6 months-17 years,Overall,247105.0,18.1,Scenarios B & D,2026-02-01
New Hampshire,6 months-17 years,Overall,247105.0,18.4,Scenarios B & D,2026-02-08
New Hampshire,6 months-17 years,Overall,247105.0,18.6,Scenarios B & D,2026-02-15
New Hampshire,6 months-17 years,Overall,247105.0,18.9,Scenarios B & D,2026-02-22
New Hampshire,6 months-17 years,Overall,247105.0,19.1,Scenarios B & D,2026-03-01
New Hampshire,6 months-17 years,Overall,247105.0,19.3,Scenarios B & D,2026-03-08
New Hampshire,6 months-17 years,Overall,247105.0,19.6,Scenarios B & D,2026-03-15
New Hampshire,6 months-17 years,Overall,247105.0,19.8,Scenarios B & D,2026-03-22
New Hampshire,6 months-17 years,Overall,247105.0,20.0,Scenarios B & D,2026-03-29
New Hampshire,6 months-17 years,Overall,247105.0,20.2,Scenarios B & D,2026-04-05
New Hampshire,6 months-17 years,Overall,247105.0,20.5,Scenarios B & D,2026-04-12
New Hampshire,6 months-17 years,Overall,247105.0,20.7,Scenarios B & D,2026-04-19
New Hampshire,6 months-17 years,Overall,247105.0,20.9,Scenarios B & D,2026-04-26
New Hampshire,65+ years,Overall,263129.0,0.0,Scenarios B & D,2025-08-03
New Hampshire,65+ years,Overall,263129.0,0.0,Scenarios B & D,2025-08-10
New Hampshire,65+ years,Overall,263129.0,2.6,Scenarios B & D,2025-08-17
New Hampshire,65+ years,Overall,263129.0,5.8,Scenarios B & D,2025-08-24
New Hampshire,65+ years,Overall,263129.0,9.1,Scenarios B & D,2025-08-31
New Hampshire,65+ years,Overall,263129.0,12.5,Scenarios B & D,2025-09-07
New Hampshire,65+ years,Overall,263129.0,15.9,Scenarios B & D,2025-09-14
New Hampshire,65+ years,Overall,263129.0,19.4,Scenarios B & D,2025-09-21
New Hampshire,65+ years,Overall,263129.0,22.9,Scenarios B & D,2025-09-28
New Hampshire,65+ years,Overall,263129.0,26.3,Scenarios B & D,2025-10-05
New Hampshire,65+ years,Overall,263129.0,29.7,Scenarios B & D,2025-10-12
New Hampshire,65+ years,Overall,263129.0,32.9,Scenarios B & D,2025-10-19
New Hampshire,65+ years,Overall,263129.0,36.0,Scenarios B & D,2025-10-26
New Hampshire,65+ years,Overall,263129.0,38.9,Scenarios B & D,2025-11-02
New Hampshire,65+ years,Overall,263129.0,41.6,Scenarios B & D,2025-11-09
New Hampshire,65+ years,Overall,263129.0,44.0,Scenarios B & D,2025-11-16
New Hampshire,65+ years,Overall,263129.0,46.1,Scenarios B & D,2025-11-23
New Hampshire,65+ years,Overall,263129.0,48.0,Scenarios B & D,2025-11-30
New Hampshire,65+ years,Overall,263129.0,49.6,Scenarios B & D,2025-12-07
New Hampshire,65+ years,Overall,263129.0,51.1,Scenarios B & D,2025-12-14
New Hampshire,65+ years,Overall,263129.0,52.3,Scenarios B & D,2025-12-21
New Hampshire,65+ years,Overall,263129.0,53.4,Scenarios B & D,2025-12-28
New Hampshire,65+ years,Overall,263129.0,54.4,Scenarios B & D,2026-01-04
New Hampshire,65+ years,Overall,263129.0,55.2,Scenarios B & D,2026-01-11
New Hampshire,65+ years,Overall,263129.0,56.1,Scenarios B & D,2026-01-18
New Hampshire,65+ years,Overall,263129.0,56.8,Scenarios B & D,2026-01-25
New Hampshire,65+ years,Overall,263129.0,57.6,Scenarios B & D,2026-02-01
New Hampshire,65+ years,Overall,263129.0,58.3,Scenarios B & D,2026-02-08
New Hampshire,65+ years,Overall,263129.0,59.0,Scenarios B & D,2026-02-15
New Hampshire,65+ years,Overall,263129.0,59.7,Scenarios B & D,2026-02-22
New Hampshire,65+ years,Overall,263129.0,60.5,Scenarios B & D,2026-03-01
New Hampshire,65+ years,Overall,263129.0,61.2,Scenarios B & D,2026-03-08
New Hampshire,65+ years,Overall,263129.0,61.9,Scenarios B & D,2026-03-15
New Hampshire,65+ years,Overall,263129.0,62.6,Scenarios B & D,2026-03-22
New Hampshire,65+ years,Overall,263129.0,63.4,Scenarios B & D,2026-03-29
New Hampshire,65+ years,Overall,263129.0,64.1,Scenarios B & D,2026-04-05
New Hampshire,65+ years,Overall,263129.0,64.8,Scenarios B & D,2026-04-12
New Hampshire,65+ years,Overall,263129.0,65.5,Scenarios B & D,2026-04-19
New Hampshire,65+ years,Overall,263129.0,66.2,Scenarios B & D,2026-04-26
New Jersey,18-49 years,Overall,3599511.0,0.0,Scenarios B & D,2025-08-03
New Jersey,18-49 years,Overall,3599511.0,0.0,Scenarios B & D,2025-08-10
New Jersey,18-49 years,Overall,3599511.0,0.6,Scenarios B & D,2025-08-17
New Jersey,18-49 years,Overall,3599511.0,1.2,Scenarios B & D,2025-08-24
New Jersey,18-49 years,Overall,3599511.0,1.9,Scenarios B & D,2025-08-31
New Jersey,18-49 years,Overall,3599511.0,2.5,Scenarios B & D,2025-09-07
New Jersey,18-49 years,Overall,3599511.0,3.2,Scenarios B & D,2025-09-14
New Jersey,18-49 years,Overall,3599511.0,3.9,Scenarios B & D,2025-09-21
New Jersey,18-49 years,Overall,3599511.0,4.6,Scenarios B & D,2025-09-28
New Jersey,18-49 years,Overall,3599511.0,5.2,Scenarios B & D,2025-10-05
New Jersey,18-49 years,Overall,3599511.0,5.9,Scenarios B & D,2025-10-12
New Jersey,18-49 years,Overall,3599511.0,6.5,Scenarios B & D,2025-10-19
New Jersey,18-49 years,Overall,3599511.0,7.1,Scenarios B & D,2025-10-26
New Jersey,18-49 years,Overall,3599511.0,7.6,Scenarios B & D,2025-11-02
New Jersey,18-49 years,Overall,3599511.0,8.1,Scenarios B & D,2025-11-09
New Jersey,18-49 years,Overall,3599511.0,8.5,Scenarios B & D,2025-11-16
New Jersey,18-49 years,Overall,3599511.0,8.9,Scenarios B & D,2025-11-23
New Jersey,18-49 years,Overall,3599511.0,9.3,Scenarios B & D,2025-11-30
New Jersey,18-49 years,Overall,3599511.0,9.6,Scenarios B & D,2025-12-07
New Jersey,18-49 years,Overall,3599511.0,9.9,Scenarios B & D,2025-12-14
New Jersey,18-49 years,Overall,3599511.0,10.2,Scenarios B & D,2025-12-21
New Jersey,18-49 years,Overall,3599511.0,10.4,Scenarios B & D,2025-12-28
New Jersey,18-49 years,Overall,3599511.0,10.7,Scenarios B & D,2026-01-04
New Jersey,18-49 years,Overall,3599511.0,10.9,Scenarios B & D,2026-01-11
New Jersey,18-49 years,Overall,3599511.0,11.2,Scenarios B & D,2026-01-18
New Jersey,18-49 years,Overall,3599511.0,11.4,Scenarios B & D,2026-01-25
New Jersey,18-49 years,Overall,3599511.0,11.6,Scenarios B & D,2026-02-01
New Jersey,18-49 years,Overall,3599511.0,11.9,Scenarios B & D,2026-02-08
New Jersey,18-49 years,Overall,3599511.0,12.1,Scenarios B & D,2026-02-15
New Jersey,18-49 years,Overall,3599511.0,12.3,Scenarios B & D,2026-02-22
New Jersey,18-49 years,Overall,3599511.0,12.6,Scenarios B & D,2026-03-01
New Jersey,18-49 years,Overall,3599511.0,12.8,Scenarios B & D,2026-03-08
New Jersey,18-49 years,Overall,3599511.0,13.0,Scenarios B & D,2026-03-15
New Jersey,18-49 years,Overall,3599511.0,13.3,Scenarios B & D,2026-03-22
New Jersey,18-49 years,Overall,3599511.0,13.5,Scenarios B & D,2026-03-29
New Jersey,18-49 years,Overall,3599511.0,13.7,Scenarios B & D,2026-04-05
New Jersey,18-49 years,Overall,3599511.0,14.0,Scenarios B & D,2026-04-12
New Jersey,18-49 years,Overall,3599511.0,14.2,Scenarios B & D,2026-04-19
New Jersey,18-49 years,Overall,3599511.0,14.4,Scenarios B & D,2026-04-26
New Jersey,50-64 years,Overall,1828985.0,0.0,Scenarios B & D,2025-08-03
New Jersey,50-64 years,Overall,1828985.0,0.0,Scenarios B & D,2025-08-10
New Jersey,50-64 years,Overall,1828985.0,1.2,Scenarios B & D,2025-08-17
New Jersey,50-64 years,Overall,1828985.0,2.7,Scenarios B & D,2025-08-24
New Jersey,50-64 years,Overall,1828985.0,4.3,Scenarios B & D,2025-08-31
New Jersey,50-64 years,Overall,1828985.0,5.9,Scenarios B & D,2025-09-07
New Jersey,50-64 years,Overall,1828985.0,7.5,Scenarios B & D,2025-09-14
New Jersey,50-64 years,Overall,1828985.0,9.1,Scenarios B & D,2025-09-21
New Jersey,50-64 years,Overall,1828985.0,10.7,Scenarios B & D,2025-09-28
New Jersey,50-64 years,Overall,1828985.0,12.3,Scenarios B & D,2025-10-05
New Jersey,50-64 years,Overall,1828985.0,13.8,Scenarios B & D,2025-10-12
New Jersey,50-64 years,Overall,1828985.0,15.3,Scenarios B & D,2025-10-19
New Jersey,50-64 years,Overall,1828985.0,16.6,Scenarios B & D,2025-10-26
New Jersey,50-64 years,Overall,1828985.0,17.9,Scenarios B & D,2025-11-02
New Jersey,50-64 years,Overall,1828985.0,19.0,Scenarios B & D,2025-11-09
New Jersey,50-64 years,Overall,1828985.0,20.0,Scenarios B & D,2025-11-16
New Jersey,50-64 years,Overall,1828985.0,20.9,Scenarios B & D,2025-11-23
New Jersey,50-64 years,Overall,1828985.0,21.7,Scenarios B & D,2025-11-30
New Jersey,50-64 years,Overall,1828985.0,22.3,Scenarios B & D,2025-12-07
New Jersey,50-64 years,Overall,1828985.0,22.9,Scenarios B & D,2025-12-14
New Jersey,50-64 years,Overall,1828985.0,23.4,Scenarios B & D,2025-12-21
New Jersey,50-64 years,Overall,1828985.0,23.8,Scenarios B & D,2025-12-28
New Jersey,50-64 years,Overall,1828985.0,24.2,Scenarios B & D,2026-01-04
New Jersey,50-64 years,Overall,1828985.0,24.5,Scenarios B & D,2026-01-11
New Jersey,50-64 years,Overall,1828985.0,24.9,Scenarios B & D,2026-01-18
New Jersey,50-64 years,Overall,1828985.0,25.2,Scenarios B & D,2026-01-25
New Jersey,50-64 years,Overall,1828985.0,25.5,Scenarios B & D,2026-02-01
New Jersey,50-64 years,Overall,1828985.0,25.7,Scenarios B & D,2026-02-08
New Jersey,50-64 years,Overall,1828985.0,26.0,Scenarios B & D,2026-02-15
New Jersey,50-64 years,Overall,1828985.0,26.3,Scenarios B & D,2026-02-22
New Jersey,50-64 years,Overall,1828985.0,26.6,Scenarios B & D,2026-03-01
New Jersey,50-64 years,Overall,1828985.0,26.9,Scenarios B & D,2026-03-08
New Jersey,50-64 years,Overall,1828985.0,27.2,Scenarios B & D,2026-03-15
New Jersey,50-64 years,Overall,1828985.0,27.5,Scenarios B & D,2026-03-22
New Jersey,50-64 years,Overall,1828985.0,27.7,Scenarios B & D,2026-03-29
New Jersey,50-64 years,Overall,1828985.0,28.0,Scenarios B & D,2026-04-05
New Jersey,50-64 years,Overall,1828985.0,28.3,Scenarios B & D,2026-04-12
New Jersey,50-64 years,Overall,1828985.0,28.6,Scenarios B & D,2026-04-19
New Jersey,50-64 years,Overall,1828985.0,28.9,Scenarios B & D,2026-04-26
New Jersey,6 months-17 years,Overall,1884770.0,0.0,Scenarios B & D,2025-08-03
New Jersey,6 months-17 years,Overall,1884770.0,0.0,Scenarios B & D,2025-08-10
New Jersey,6 months-17 years,Overall,1884770.0,0.0,Scenarios B & D,2025-08-17
New Jersey,6 months-17 years,Overall,1884770.0,0.4,Scenarios B & D,2025-08-24
New Jersey,6 months-17 years,Overall,1884770.0,0.9,Scenarios B & D,2025-08-31
New Jersey,6 months-17 years,Overall,1884770.0,1.4,Scenarios B & D,2025-09-07
New Jersey,6 months-17 years,Overall,1884770.0,1.9,Scenarios B & D,2025-09-14
New Jersey,6 months-17 years,Overall,1884770.0,2.5,Scenarios B & D,2025-09-21
New Jersey,6 months-17 years,Overall,1884770.0,3.0,Scenarios B & D,2025-09-28
New Jersey,6 months-17 years,Overall,1884770.0,3.5,Scenarios B & D,2025-10-05
New Jersey,6 months-17 years,Overall,1884770.0,4.0,Scenarios B & D,2025-10-12
New Jersey,6 months-17 years,Overall,1884770.0,4.6,Scenarios B & D,2025-10-19
New Jersey,6 months-17 years,Overall,1884770.0,5.1,Scenarios B & D,2025-10-26
New Jersey,6 months-17 years,Overall,1884770.0,5.5,Scenarios B & D,2025-11-02
New Jersey,6 months-17 years,Overall,1884770.0,6.0,Scenarios B & D,2025-11-09
New Jersey,6 months-17 years,Overall,1884770.0,6.4,Scenarios B & D,2025-11-16
New Jersey,6 months-17 years,Overall,1884770.0,6.8,Scenarios B & D,2025-11-23
New Jersey,6 months-17 years,Overall,1884770.0,7.2,Scenarios B & D,2025-11-30
New Jersey,6 months-17 years,Overall,1884770.0,7.6,Scenarios B & D,2025-12-07
New Jersey,6 months-17 years,Overall,1884770.0,7.9,Scenarios B & D,2025-12-14
New Jersey,6 months-17 years,Overall,1884770.0,8.2,Scenarios B & D,2025-12-21
New Jersey,6 months-17 years,Overall,1884770.0,8.5,Scenarios B & D,2025-12-28
New Jersey,6 months-17 years,Overall,1884770.0,8.7,Scenarios B & D,2026-01-04
New Jersey,6 months-17 years,Overall,1884770.0,9.0,Scenarios B & D,2026-01-11
New Jersey,6 months-17 years,Overall,1884770.0,9.2,Scenarios B & D,2026-01-18
New Jersey,6 months-17 years,Overall,1884770.0,9.4,Scenarios B & D,2026-01-25
New Jersey,6 months-17 years,Overall,1884770.0,9.6,Scenarios B & D,2026-02-01
New Jersey,6 months-17 years,Overall,1884770.0,9.7,Scenarios B & D,2026-02-08
New Jersey,6 months-17 years,Overall,1884770.0,9.9,Scenarios B & D,2026-02-15
New Jersey,6 months-17 years,Overall,1884770.0,10.1,Scenarios B & D,2026-02-22
New Jersey,6 months-17 years,Overall,1884770.0,10.3,Scenarios B & D,2026-03-01
New Jersey,6 months-17 years,Overall,1884770.0,10.4,Scenarios B & D,2026-03-08
New Jersey,6 months-17 years,Overall,1884770.0,10.6,Scenarios B & D,2026-03-15
New Jersey,6 months-17 years,Overall,1884770.0,10.7,Scenarios B & D,2026-03-22
New Jersey,6 months-17 years,Overall,1884770.0,10.9,Scenarios B & D,2026-03-29
New Jersey,6 months-17 years,Overall,1884770.0,11.1,Scenarios B & D,2026-04-05
New Jersey,6 months-17 years,Overall,1884770.0,11.2,Scenarios B & D,2026-04-12
New Jersey,6 months-17 years,Overall,1884770.0,11.4,Scenarios B & D,2026-04-19
New Jersey,6 months-17 years,Overall,1884770.0,11.6,Scenarios B & D,2026-04-26
New Jersey,65+ years,Overall,1510028.0,0.0,Scenarios B & D,2025-08-03
New Jersey,65+ years,Overall,1510028.0,0.5,Scenarios B & D,2025-08-10
New Jersey,65+ years,Overall,1510028.0,2.9,Scenarios B & D,2025-08-17
New Jersey,65+ years,Overall,1510028.0,5.4,Scenarios B & D,2025-08-24
New Jersey,65+ years,Overall,1510028.0,7.9,Scenarios B & D,2025-08-31
New Jersey,65+ years,Overall,1510028.0,10.4,Scenarios B & D,2025-09-07
New Jersey,65+ years,Overall,1510028.0,13.0,Scenarios B & D,2025-09-14
New Jersey,65+ years,Overall,1510028.0,15.5,Scenarios B & D,2025-09-21
New Jersey,65+ years,Overall,1510028.0,18.0,Scenarios B & D,2025-09-28
New Jersey,65+ years,Overall,1510028.0,20.3,Scenarios B & D,2025-10-05
New Jersey,65+ years,Overall,1510028.0,22.6,Scenarios B & D,2025-10-12
New Jersey,65+ years,Overall,1510028.0,24.7,Scenarios B & D,2025-10-19
New Jersey,65+ years,Overall,1510028.0,26.7,Scenarios B & D,2025-10-26
New Jersey,65+ years,Overall,1510028.0,28.5,Scenarios B & D,2025-11-02
New Jersey,65+ years,Overall,1510028.0,30.1,Scenarios B & D,2025-11-09
New Jersey,65+ years,Overall,1510028.0,31.6,Scenarios B & D,2025-11-16
New Jersey,65+ years,Overall,1510028.0,32.9,Scenarios B & D,2025-11-23
New Jersey,65+ years,Overall,1510028.0,34.1,Scenarios B & D,2025-11-30
New Jersey,65+ years,Overall,1510028.0,35.1,Scenarios B & D,2025-12-07
New Jersey,65+ years,Overall,1510028.0,36.0,Scenarios B & D,2025-12-14
New Jersey,65+ years,Overall,1510028.0,36.8,Scenarios B & D,2025-12-21
New Jersey,65+ years,Overall,1510028.0,37.4,Scenarios B & D,2025-12-28
New Jersey,65+ years,Overall,1510028.0,38.0,Scenarios B & D,2026-01-04
New Jersey,65+ years,Overall,1510028.0,38.5,Scenarios B & D,2026-01-11
New Jersey,65+ years,Overall,1510028.0,38.9,Scenarios B & D,2026-01-18
New Jersey,65+ years,Overall,1510028.0,39.4,Scenarios B & D,2026-01-25
New Jersey,65+ years,Overall,1510028.0,39.8,Scenarios B & D,2026-02-01
New Jersey,65+ years,Overall,1510028.0,40.1,Scenarios B & D,2026-02-08
New Jersey,65+ years,Overall,1510028.0,40.5,Scenarios B & D,2026-02-15
New Jersey,65+ years,Overall,1510028.0,40.9,Scenarios B & D,2026-02-22
New Jersey,65+ years,Overall,1510028.0,41.3,Scenarios B & D,2026-03-01
New Jersey,65+ years,Overall,1510028.0,41.7,Scenarios B & D,2026-03-08
New Jersey,65+ years,Overall,1510028.0,42.1,Scenarios B & D,2026-03-15
New Jersey,65+ years,Overall,1510028.0,42.4,Scenarios B & D,2026-03-22
New Jersey,65+ years,Overall,1510028.0,42.8,Scenarios B & D,2026-03-29
New Jersey,65+ years,Overall,1510028.0,43.2,Scenarios B & D,2026-04-05
New Jersey,65+ years,Overall,1510028.0,43.6,Scenarios B & D,2026-04-12
New Jersey,65+ years,Overall,1510028.0,44.0,Scenarios B & D,2026-04-19
New Jersey,65+ years,Overall,1510028.0,44.3,Scenarios B & D,2026-04-26
New Mexico,18-49 years,Overall,845538.0,0.0,Scenarios B & D,2025-08-03
New Mexico,18-49 years,Overall,845538.0,0.0,Scenarios B & D,2025-08-10
New Mexico,18-49 years,Overall,845538.0,0.5,Scenarios B & D,2025-08-17
New Mexico,18-49 years,Overall,845538.0,1.1,Scenarios B & D,2025-08-24
New Mexico,18-49 years,Overall,845538.0,1.7,Scenarios B & D,2025-08-31
New Mexico,18-49 years,Overall,845538.0,2.4,Scenarios B & D,2025-09-07
New Mexico,18-49 years,Overall,845538.0,3.0,Scenarios B & D,2025-09-14
New Mexico,18-49 years,Overall,845538.0,3.7,Scenarios B & D,2025-09-21
New Mexico,18-49 years,Overall,845538.0,4.4,Scenarios B & D,2025-09-28
New Mexico,18-49 years,Overall,845538.0,5.1,Scenarios B & D,2025-10-05
New Mexico,18-49 years,Overall,845538.0,5.8,Scenarios B & D,2025-10-12
New Mexico,18-49 years,Overall,845538.0,6.4,Scenarios B & D,2025-10-19
New Mexico,18-49 years,Overall,845538.0,7.1,Scenarios B & D,2025-10-26
New Mexico,18-49 years,Overall,845538.0,7.7,Scenarios B & D,2025-11-02
New Mexico,18-49 years,Overall,845538.0,8.3,Scenarios B & D,2025-11-09
New Mexico,18-49 years,Overall,845538.0,8.9,Scenarios B & D,2025-11-16
New Mexico,18-49 years,Overall,845538.0,9.5,Scenarios B & D,2025-11-23
New Mexico,18-49 years,Overall,845538.0,10.1,Scenarios B & D,2025-11-30
New Mexico,18-49 years,Overall,845538.0,10.7,Scenarios B & D,2025-12-07
New Mexico,18-49 years,Overall,845538.0,11.2,Scenarios B & D,2025-12-14
New Mexico,18-49 years,Overall,845538.0,11.7,Scenarios B & D,2025-12-21
New Mexico,18-49 years,Overall,845538.0,12.1,Scenarios B & D,2025-12-28
New Mexico,18-49 years,Overall,845538.0,12.5,Scenarios B & D,2026-01-04
New Mexico,18-49 years,Overall,845538.0,12.9,Scenarios B & D,2026-01-11
New Mexico,18-49 years,Overall,845538.0,13.3,Scenarios B & D,2026-01-18
New Mexico,18-49 years,Overall,845538.0,13.6,Scenarios B & D,2026-01-25
New Mexico,18-49 years,Overall,845538.0,14.0,Scenarios B & D,2026-02-01
New Mexico,18-49 years,Overall,845538.0,14.4,Scenarios B & D,2026-02-08
New Mexico,18-49 years,Overall,845538.0,14.7,Scenarios B & D,2026-02-15
New Mexico,18-49 years,Overall,845538.0,15.1,Scenarios B & D,2026-02-22
New Mexico,18-49 years,Overall,845538.0,15.4,Scenarios B & D,2026-03-01
New Mexico,18-49 years,Overall,845538.0,15.8,Scenarios B & D,2026-03-08
New Mexico,18-49 years,Overall,845538.0,16.1,Scenarios B & D,2026-03-15
New Mexico,18-49 years,Overall,845538.0,16.5,Scenarios B & D,2026-03-22
New Mexico,18-49 years,Overall,845538.0,16.8,Scenarios B & D,2026-03-29
New Mexico,18-49 years,Overall,845538.0,17.2,Scenarios B & D,2026-04-05
New Mexico,18-49 years,Overall,845538.0,17.5,Scenarios B & D,2026-04-12
New Mexico,18-49 years,Overall,845538.0,17.9,Scenarios B & D,2026-04-19
New Mexico,18-49 years,Overall,845538.0,18.2,Scenarios B & D,2026-04-26
New Mexico,50-64 years,Overall,386726.0,0.0,Scenarios B & D,2025-08-03
New Mexico,50-64 years,Overall,386726.0,0.0,Scenarios B & D,2025-08-10
New Mexico,50-64 years,Overall,386726.0,0.8,Scenarios B & D,2025-08-17
New Mexico,50-64 years,Overall,386726.0,1.9,Scenarios B & D,2025-08-24
New Mexico,50-64 years,Overall,386726.0,3.1,Scenarios B & D,2025-08-31
New Mexico,50-64 years,Overall,386726.0,4.3,Scenarios B & D,2025-09-07
New Mexico,50-64 years,Overall,386726.0,5.5,Scenarios B & D,2025-09-14
New Mexico,50-64 years,Overall,386726.0,6.7,Scenarios B & D,2025-09-21
New Mexico,50-64 years,Overall,386726.0,7.9,Scenarios B & D,2025-09-28
New Mexico,50-64 years,Overall,386726.0,9.2,Scenarios B & D,2025-10-05
New Mexico,50-64 years,Overall,386726.0,10.4,Scenarios B & D,2025-10-12
New Mexico,50-64 years,Overall,386726.0,11.6,Scenarios B & D,2025-10-19
New Mexico,50-64 years,Overall,386726.0,12.7,Scenarios B & D,2025-10-26
New Mexico,50-64 years,Overall,386726.0,13.8,Scenarios B & D,2025-11-02
New Mexico,50-64 years,Overall,386726.0,14.8,Scenarios B & D,2025-11-09
New Mexico,50-64 years,Overall,386726.0,15.8,Scenarios B & D,2025-11-16
New Mexico,50-64 years,Overall,386726.0,16.8,Scenarios B & D,2025-11-23
New Mexico,50-64 years,Overall,386726.0,17.6,Scenarios B & D,2025-11-30
New Mexico,50-64 years,Overall,386726.0,18.5,Scenarios B & D,2025-12-07
New Mexico,50-64 years,Overall,386726.0,19.2,Scenarios B & D,2025-12-14
New Mexico,50-64 years,Overall,386726.0,20.0,Scenarios B & D,2025-12-21
New Mexico,50-64 years,Overall,386726.0,20.6,Scenarios B & D,2025-12-28
New Mexico,50-64 years,Overall,386726.0,21.3,Scenarios B & D,2026-01-04
New Mexico,50-64 years,Overall,386726.0,21.9,Scenarios B & D,2026-01-11
New Mexico,50-64 years,Overall,386726.0,22.5,Scenarios B & D,2026-01-18
New Mexico,50-64 years,Overall,386726.0,23.1,Scenarios B & D,2026-01-25
New Mexico,50-64 years,Overall,386726.0,23.7,Scenarios B & D,2026-02-01
New Mexico,50-64 years,Overall,386726.0,24.3,Scenarios B & D,2026-02-08
New Mexico,50-64 years,Overall,386726.0,24.9,Scenarios B & D,2026-02-15
New Mexico,50-64 years,Overall,386726.0,25.5,Scenarios B & D,2026-02-22
New Mexico,50-64 years,Overall,386726.0,26.1,Scenarios B & D,2026-03-01
New Mexico,50-64 years,Overall,386726.0,26.7,Scenarios B & D,2026-03-08
New Mexico,50-64 years,Overall,386726.0,27.3,Scenarios B & D,2026-03-15
New Mexico,50-64 years,Overall,386726.0,27.8,Scenarios B & D,2026-03-22
New Mexico,50-64 years,Overall,386726.0,28.4,Scenarios B & D,2026-03-29
New Mexico,50-64 years,Overall,386726.0,29.0,Scenarios B & D,2026-04-05
New Mexico,50-64 years,Overall,386726.0,29.6,Scenarios B & D,2026-04-12
New Mexico,50-64 years,Overall,386726.0,30.2,Scenarios B & D,2026-04-19
New Mexico,50-64 years,Overall,386726.0,30.8,Scenarios B & D,2026-04-26
New Mexico,6 months-17 years,Overall,461203.0,0.0,Scenarios B & D,2025-08-03
New Mexico,6 months-17 years,Overall,461203.0,0.0,Scenarios B & D,2025-08-10
New Mexico,6 months-17 years,Overall,461203.0,0.0,Scenarios B & D,2025-08-17
New Mexico,6 months-17 years,Overall,461203.0,0.0,Scenarios B & D,2025-08-24
New Mexico,6 months-17 years,Overall,461203.0,0.7,Scenarios B & D,2025-08-31
New Mexico,6 months-17 years,Overall,461203.0,1.5,Scenarios B & D,2025-09-07
New Mexico,6 months-17 years,Overall,461203.0,2.2,Scenarios B & D,2025-09-14
New Mexico,6 months-17 years,Overall,461203.0,3.0,Scenarios B & D,2025-09-21
New Mexico,6 months-17 years,Overall,461203.0,3.7,Scenarios B & D,2025-09-28
New Mexico,6 months-17 years,Overall,461203.0,4.5,Scenarios B & D,2025-10-05
New Mexico,6 months-17 years,Overall,461203.0,5.3,Scenarios B & D,2025-10-12
New Mexico,6 months-17 years,Overall,461203.0,6.1,Scenarios B & D,2025-10-19
New Mexico,6 months-17 years,Overall,461203.0,6.9,Scenarios B & D,2025-10-26
New Mexico,6 months-17 years,Overall,461203.0,7.7,Scenarios B & D,2025-11-02
New Mexico,6 months-17 years,Overall,461203.0,8.5,Scenarios B & D,2025-11-09
New Mexico,6 months-17 years,Overall,461203.0,9.3,Scenarios B & D,2025-11-16
New Mexico,6 months-17 years,Overall,461203.0,10.0,Scenarios B & D,2025-11-23
New Mexico,6 months-17 years,Overall,461203.0,10.7,Scenarios B & D,2025-11-30
New Mexico,6 months-17 years,Overall,461203.0,11.4,Scenarios B & D,2025-12-07
New Mexico,6 months-17 years,Overall,461203.0,12.1,Scenarios B & D,2025-12-14
New Mexico,6 months-17 years,Overall,461203.0,12.7,Scenarios B & D,2025-12-21
New Mexico,6 months-17 years,Overall,461203.0,13.3,Scenarios B & D,2025-12-28
New Mexico,6 months-17 years,Overall,461203.0,13.8,Scenarios B & D,2026-01-04
New Mexico,6 months-17 years,Overall,461203.0,14.3,Scenarios B & D,2026-01-11
New Mexico,6 months-17 years,Overall,461203.0,14.8,Scenarios B & D,2026-01-18
New Mexico,6 months-17 years,Overall,461203.0,15.3,Scenarios B & D,2026-01-25
New Mexico,6 months-17 years,Overall,461203.0,15.7,Scenarios B & D,2026-02-01
New Mexico,6 months-17 years,Overall,461203.0,16.1,Scenarios B & D,2026-02-08
New Mexico,6 months-17 years,Overall,461203.0,16.5,Scenarios B & D,2026-02-15
New Mexico,6 months-17 years,Overall,461203.0,16.9,Scenarios B & D,2026-02-22
New Mexico,6 months-17 years,Overall,461203.0,17.3,Scenarios B & D,2026-03-01
New Mexico,6 months-17 years,Overall,461203.0,17.7,Scenarios B & D,2026-03-08
New Mexico,6 months-17 years,Overall,461203.0,18.1,Scenarios B & D,2026-03-15
New Mexico,6 months-17 years,Overall,461203.0,18.5,Scenarios B & D,2026-03-22
New Mexico,6 months-17 years,Overall,461203.0,18.9,Scenarios B & D,2026-03-29
New Mexico,6 months-17 years,Overall,461203.0,19.3,Scenarios B & D,2026-04-05
New Mexico,6 months-17 years,Overall,461203.0,19.7,Scenarios B & D,2026-04-12
New Mexico,6 months-17 years,Overall,461203.0,20.0,Scenarios B & D,2026-04-19
New Mexico,6 months-17 years,Overall,461203.0,20.4,Scenarios B & D,2026-04-26
New Mexico,65+ years,Overall,389911.0,0.0,Scenarios B & D,2025-08-03
New Mexico,65+ years,Overall,389911.0,0.0,Scenarios B & D,2025-08-10
New Mexico,65+ years,Overall,389911.0,1.5,Scenarios B & D,2025-08-17
New Mexico,65+ years,Overall,389911.0,3.9,Scenarios B & D,2025-08-24
New Mexico,65+ years,Overall,389911.0,6.3,Scenarios B & D,2025-08-31
New Mexico,65+ years,Overall,389911.0,8.8,Scenarios B & D,2025-09-07
New Mexico,65+ years,Overall,389911.0,11.4,Scenarios B & D,2025-09-14
New Mexico,65+ years,Overall,389911.0,14.0,Scenarios B & D,2025-09-21
New Mexico,65+ years,Overall,389911.0,16.7,Scenarios B & D,2025-09-28
New Mexico,65+ years,Overall,389911.0,19.3,Scenarios B & D,2025-10-05
New Mexico,65+ years,Overall,389911.0,21.9,Scenarios B & D,2025-10-12
New Mexico,65+ years,Overall,389911.0,24.5,Scenarios B & D,2025-10-19
New Mexico,65+ years,Overall,389911.0,26.9,Scenarios B & D,2025-10-26
New Mexico,65+ years,Overall,389911.0,29.3,Scenarios B & D,2025-11-02
New Mexico,65+ years,Overall,389911.0,31.5,Scenarios B & D,2025-11-09
New Mexico,65+ years,Overall,389911.0,33.7,Scenarios B & D,2025-11-16
New Mexico,65+ years,Overall,389911.0,35.7,Scenarios B & D,2025-11-23
New Mexico,65+ years,Overall,389911.0,37.5,Scenarios B & D,2025-11-30
New Mexico,65+ years,Overall,389911.0,39.2,Scenarios B & D,2025-12-07
New Mexico,65+ years,Overall,389911.0,40.8,Scenarios B & D,2025-12-14
New Mexico,65+ years,Overall,389911.0,42.2,Scenarios B & D,2025-12-21
New Mexico,65+ years,Overall,389911.0,43.4,Scenarios B & D,2025-12-28
New Mexico,65+ years,Overall,389911.0,44.6,Scenarios B & D,2026-01-04
New Mexico,65+ years,Overall,389911.0,45.6,Scenarios B & D,2026-01-11
New Mexico,65+ years,Overall,389911.0,46.6,Scenarios B & D,2026-01-18
New Mexico,65+ years,Overall,389911.0,47.6,Scenarios B & D,2026-01-25
New Mexico,65+ years,Overall,389911.0,48.5,Scenarios B & D,2026-02-01
New Mexico,65+ years,Overall,389911.0,49.5,Scenarios B & D,2026-02-08
New Mexico,65+ years,Overall,389911.0,50.4,Scenarios B & D,2026-02-15
New Mexico,65+ years,Overall,389911.0,51.3,Scenarios B & D,2026-02-22
New Mexico,65+ years,Overall,389911.0,52.2,Scenarios B & D,2026-03-01
New Mexico,65+ years,Overall,389911.0,53.2,Scenarios B & D,2026-03-08
New Mexico,65+ years,Overall,389911.0,54.1,Scenarios B & D,2026-03-15
New Mexico,65+ years,Overall,389911.0,55.0,Scenarios B & D,2026-03-22
New Mexico,65+ years,Overall,389911.0,55.9,Scenarios B & D,2026-03-29
New Mexico,65+ years,Overall,389911.0,56.8,Scenarios B & D,2026-04-05
New Mexico,65+ years,Overall,389911.0,57.8,Scenarios B & D,2026-04-12
New Mexico,65+ years,Overall,389911.0,58.7,Scenarios B & D,2026-04-19
New Mexico,65+ years,Overall,389911.0,59.6,Scenarios B & D,2026-04-26
New York,18-49 years,Overall,8119092.0,0.0,Scenarios B & D,2025-08-03
New York,18-49 years,Overall,8119092.0,0.0,Scenarios B & D,2025-08-10
New York,18-49 years,Overall,8119092.0,0.4,Scenarios B & D,2025-08-17
New York,18-49 years,Overall,8119092.0,1.1,Scenarios B & D,2025-08-24
New York,18-49 years,Overall,8119092.0,1.7,Scenarios B & D,2025-08-31
New York,18-49 years,Overall,8119092.0,2.4,Scenarios B & D,2025-09-07
New York,18-49 years,Overall,8119092.0,3.2,Scenarios B & D,2025-09-14
New York,18-49 years,Overall,8119092.0,3.9,Scenarios B & D,2025-09-21
New York,18-49 years,Overall,8119092.0,4.6,Scenarios B & D,2025-09-28
New York,18-49 years,Overall,8119092.0,5.3,Scenarios B & D,2025-10-05
New York,18-49 years,Overall,8119092.0,6.1,Scenarios B & D,2025-10-12
New York,18-49 years,Overall,8119092.0,6.8,Scenarios B & D,2025-10-19
New York,18-49 years,Overall,8119092.0,7.5,Scenarios B & D,2025-10-26
New York,18-49 years,Overall,8119092.0,8.2,Scenarios B & D,2025-11-02
New York,18-49 years,Overall,8119092.0,8.8,Scenarios B & D,2025-11-09
New York,18-49 years,Overall,8119092.0,9.4,Scenarios B & D,2025-11-16
New York,18-49 years,Overall,8119092.0,10.0,Scenarios B & D,2025-11-23
New York,18-49 years,Overall,8119092.0,10.5,Scenarios B & D,2025-11-30
New York,18-49 years,Overall,8119092.0,10.9,Scenarios B & D,2025-12-07
New York,18-49 years,Overall,8119092.0,11.3,Scenarios B & D,2025-12-14
New York,18-49 years,Overall,8119092.0,11.7,Scenarios B & D,2025-12-21
New York,18-49 years,Overall,8119092.0,12.0,Scenarios B & D,2025-12-28
New York,18-49 years,Overall,8119092.0,12.3,Scenarios B & D,2026-01-04
New York,18-49 years,Overall,8119092.0,12.6,Scenarios B & D,2026-01-11
New York,18-49 years,Overall,8119092.0,12.9,Scenarios B & D,2026-01-18
New York,18-49 years,Overall,8119092.0,13.1,Scenarios B & D,2026-01-25
New York,18-49 years,Overall,8119092.0,13.4,Scenarios B & D,2026-02-01
New York,18-49 years,Overall,8119092.0,13.6,Scenarios B & D,2026-02-08
New York,18-49 years,Overall,8119092.0,13.8,Scenarios B & D,2026-02-15
New York,18-49 years,Overall,8119092.0,14.1,Scenarios B & D,2026-02-22
New York,18-49 years,Overall,8119092.0,14.3,Scenarios B & D,2026-03-01
New York,18-49 years,Overall,8119092.0,14.6,Scenarios B & D,2026-03-08
New York,18-49 years,Overall,8119092.0,14.8,Scenarios B & D,2026-03-15
New York,18-49 years,Overall,8119092.0,15.0,Scenarios B & D,2026-03-22
New York,18-49 years,Overall,8119092.0,15.3,Scenarios B & D,2026-03-29
New York,18-49 years,Overall,8119092.0,15.5,Scenarios B & D,2026-04-05
New York,18-49 years,Overall,8119092.0,15.7,Scenarios B & D,2026-04-12
New York,18-49 years,Overall,8119092.0,16.0,Scenarios B & D,2026-04-19
New York,18-49 years,Overall,8119092.0,16.2,Scenarios B & D,2026-04-26
New York,50-64 years,Overall,3834831.0,0.0,Scenarios B & D,2025-08-03
New York,50-64 years,Overall,3834831.0,0.0,Scenarios B & D,2025-08-10
New York,50-64 years,Overall,3834831.0,1.3,Scenarios B & D,2025-08-17
New York,50-64 years,Overall,3834831.0,2.5,Scenarios B & D,2025-08-24
New York,50-64 years,Overall,3834831.0,3.8,Scenarios B & D,2025-08-31
New York,50-64 years,Overall,3834831.0,5.1,Scenarios B & D,2025-09-07
New York,50-64 years,Overall,3834831.0,6.4,Scenarios B & D,2025-09-14
New York,50-64 years,Overall,3834831.0,7.8,Scenarios B & D,2025-09-21
New York,50-64 years,Overall,3834831.0,9.1,Scenarios B & D,2025-09-28
New York,50-64 years,Overall,3834831.0,10.4,Scenarios B & D,2025-10-05
New York,50-64 years,Overall,3834831.0,11.6,Scenarios B & D,2025-10-12
New York,50-64 years,Overall,3834831.0,12.8,Scenarios B & D,2025-10-19
New York,50-64 years,Overall,3834831.0,13.9,Scenarios B & D,2025-10-26
New York,50-64 years,Overall,3834831.0,14.9,Scenarios B & D,2025-11-02
New York,50-64 years,Overall,3834831.0,15.9,Scenarios B & D,2025-11-09
New York,50-64 years,Overall,3834831.0,16.8,Scenarios B & D,2025-11-16
New York,50-64 years,Overall,3834831.0,17.6,Scenarios B & D,2025-11-23
New York,50-64 years,Overall,3834831.0,18.4,Scenarios B & D,2025-11-30
New York,50-64 years,Overall,3834831.0,19.1,Scenarios B & D,2025-12-07
New York,50-64 years,Overall,3834831.0,19.7,Scenarios B & D,2025-12-14
New York,50-64 years,Overall,3834831.0,20.3,Scenarios B & D,2025-12-21
New York,50-64 years,Overall,3834831.0,20.9,Scenarios B & D,2025-12-28
New York,50-64 years,Overall,3834831.0,21.4,Scenarios B & D,2026-01-04
New York,50-64 years,Overall,3834831.0,21.9,Scenarios B & D,2026-01-11
New York,50-64 years,Overall,3834831.0,22.4,Scenarios B & D,2026-01-18
New York,50-64 years,Overall,3834831.0,22.8,Scenarios B & D,2026-01-25
New York,50-64 years,Overall,3834831.0,23.3,Scenarios B & D,2026-02-01
New York,50-64 years,Overall,3834831.0,23.7,Scenarios B & D,2026-02-08
New York,50-64 years,Overall,3834831.0,24.2,Scenarios B & D,2026-02-15
New York,50-64 years,Overall,3834831.0,24.6,Scenarios B & D,2026-02-22
New York,50-64 years,Overall,3834831.0,25.1,Scenarios B & D,2026-03-01
New York,50-64 years,Overall,3834831.0,25.5,Scenarios B & D,2026-03-08
New York,50-64 years,Overall,3834831.0,26.0,Scenarios B & D,2026-03-15
New York,50-64 years,Overall,3834831.0,26.4,Scenarios B & D,2026-03-22
New York,50-64 years,Overall,3834831.0,26.9,Scenarios B & D,2026-03-29
New York,50-64 years,Overall,3834831.0,27.3,Scenarios B & D,2026-04-05
New York,50-64 years,Overall,3834831.0,27.8,Scenarios B & D,2026-04-12
New York,50-64 years,Overall,3834831.0,28.2,Scenarios B & D,2026-04-19
New York,50-64 years,Overall,3834831.0,28.7,Scenarios B & D,2026-04-26
New York,6 months-17 years,Overall,3877858.0,0.0,Scenarios B & D,2025-08-03
New York,6 months-17 years,Overall,3877858.0,0.0,Scenarios B & D,2025-08-10
New York,6 months-17 years,Overall,3877858.0,0.0,Scenarios B & D,2025-08-17
New York,6 months-17 years,Overall,3877858.0,0.4,Scenarios B & D,2025-08-24
New York,6 months-17 years,Overall,3877858.0,1.0,Scenarios B & D,2025-08-31
New York,6 months-17 years,Overall,3877858.0,1.6,Scenarios B & D,2025-09-07
New York,6 months-17 years,Overall,3877858.0,2.2,Scenarios B & D,2025-09-14
New York,6 months-17 years,Overall,3877858.0,2.8,Scenarios B & D,2025-09-21
New York,6 months-17 years,Overall,3877858.0,3.4,Scenarios B & D,2025-09-28
New York,6 months-17 years,Overall,3877858.0,4.0,Scenarios B & D,2025-10-05
New York,6 months-17 years,Overall,3877858.0,4.6,Scenarios B & D,2025-10-12
New York,6 months-17 years,Overall,3877858.0,5.1,Scenarios B & D,2025-10-19
New York,6 months-17 years,Overall,3877858.0,5.7,Scenarios B & D,2025-10-26
New York,6 months-17 years,Overall,3877858.0,6.2,Scenarios B & D,2025-11-02
New York,6 months-17 years,Overall,3877858.0,6.8,Scenarios B & D,2025-11-09
New York,6 months-17 years,Overall,3877858.0,7.3,Scenarios B & D,2025-11-16
New York,6 months-17 years,Overall,3877858.0,7.7,Scenarios B & D,2025-11-23
New York,6 months-17 years,Overall,3877858.0,8.2,Scenarios B & D,2025-11-30
New York,6 months-17 years,Overall,3877858.0,8.6,Scenarios B & D,2025-12-07
New York,6 months-17 years,Overall,3877858.0,9.0,Scenarios B & D,2025-12-14
New York,6 months-17 years,Overall,3877858.0,9.4,Scenarios B & D,2025-12-21
New York,6 months-17 years,Overall,3877858.0,9.8,Scenarios B & D,2025-12-28
New York,6 months-17 years,Overall,3877858.0,10.2,Scenarios B & D,2026-01-04
New York,6 months-17 years,Overall,3877858.0,10.6,Scenarios B & D,2026-01-11
New York,6 months-17 years,Overall,3877858.0,10.9,Scenarios B & D,2026-01-18
New York,6 months-17 years,Overall,3877858.0,11.3,Scenarios B & D,2026-01-25
New York,6 months-17 years,Overall,3877858.0,11.7,Scenarios B & D,2026-02-01
New York,6 months-17 years,Overall,3877858.0,12.0,Scenarios B & D,2026-02-08
New York,6 months-17 years,Overall,3877858.0,12.4,Scenarios B & D,2026-02-15
New York,6 months-17 years,Overall,3877858.0,12.7,Scenarios B & D,2026-02-22
New York,6 months-17 years,Overall,3877858.0,13.1,Scenarios B & D,2026-03-01
New York,6 months-17 years,Overall,3877858.0,13.4,Scenarios B & D,2026-03-08
New York,6 months-17 years,Overall,3877858.0,13.8,Scenarios B & D,2026-03-15
New York,6 months-17 years,Overall,3877858.0,14.1,Scenarios B & D,2026-03-22
New York,6 months-17 years,Overall,3877858.0,14.5,Scenarios B & D,2026-03-29
New York,6 months-17 years,Overall,3877858.0,14.8,Scenarios B & D,2026-04-05
New York,6 months-17 years,Overall,3877858.0,15.1,Scenarios B & D,2026-04-12
New York,6 months-17 years,Overall,3877858.0,15.5,Scenarios B & D,2026-04-19
New York,6 months-17 years,Overall,3877858.0,15.8,Scenarios B & D,2026-04-26
New York,65+ years,Overall,3369569.0,0.0,Scenarios B & D,2025-08-03
New York,65+ years,Overall,3369569.0,0.0,Scenarios B & D,2025-08-10
New York,65+ years,Overall,3369569.0,1.6,Scenarios B & D,2025-08-17
New York,65+ years,Overall,3369569.0,4.1,Scenarios B & D,2025-08-24
New York,65+ years,Overall,3369569.0,6.7,Scenarios B & D,2025-08-31
New York,65+ years,Overall,3369569.0,9.3,Scenarios B & D,2025-09-07
New York,65+ years,Overall,3369569.0,12.0,Scenarios B & D,2025-09-14
New York,65+ years,Overall,3369569.0,14.7,Scenarios B & D,2025-09-21
New York,65+ years,Overall,3369569.0,17.5,Scenarios B & D,2025-09-28
New York,65+ years,Overall,3369569.0,20.2,Scenarios B & D,2025-10-05
New York,65+ years,Overall,3369569.0,22.9,Scenarios B & D,2025-10-12
New York,65+ years,Overall,3369569.0,25.4,Scenarios B & D,2025-10-19
New York,65+ years,Overall,3369569.0,27.8,Scenarios B & D,2025-10-26
New York,65+ years,Overall,3369569.0,30.1,Scenarios B & D,2025-11-02
New York,65+ years,Overall,3369569.0,32.2,Scenarios B & D,2025-11-09
New York,65+ years,Overall,3369569.0,34.1,Scenarios B & D,2025-11-16
New York,65+ years,Overall,3369569.0,35.8,Scenarios B & D,2025-11-23
New York,65+ years,Overall,3369569.0,37.4,Scenarios B & D,2025-11-30
New York,65+ years,Overall,3369569.0,38.8,Scenarios B & D,2025-12-07
New York,65+ years,Overall,3369569.0,39.9,Scenarios B & D,2025-12-14
New York,65+ years,Overall,3369569.0,40.9,Scenarios B & D,2025-12-21
New York,65+ years,Overall,3369569.0,41.8,Scenarios B & D,2025-12-28
New York,65+ years,Overall,3369569.0,42.5,Scenarios B & D,2026-01-04
New York,65+ years,Overall,3369569.0,43.1,Scenarios B & D,2026-01-11
New York,65+ years,Overall,3369569.0,43.6,Scenarios B & D,2026-01-18
New York,65+ years,Overall,3369569.0,44.2,Scenarios B & D,2026-01-25
New York,65+ years,Overall,3369569.0,44.6,Scenarios B & D,2026-02-01
New York,65+ years,Overall,3369569.0,45.1,Scenarios B & D,2026-02-08
New York,65+ years,Overall,3369569.0,45.6,Scenarios B & D,2026-02-15
New York,65+ years,Overall,3369569.0,46.0,Scenarios B & D,2026-02-22
New York,65+ years,Overall,3369569.0,46.5,Scenarios B & D,2026-03-01
New York,65+ years,Overall,3369569.0,47.0,Scenarios B & D,2026-03-08
New York,65+ years,Overall,3369569.0,47.4,Scenarios B & D,2026-03-15
New York,65+ years,Overall,3369569.0,47.9,Scenarios B & D,2026-03-22
New York,65+ years,Overall,3369569.0,48.3,Scenarios B & D,2026-03-29
New York,65+ years,Overall,3369569.0,48.8,Scenarios B & D,2026-04-05
New York,65+ years,Overall,3369569.0,49.3,Scenarios B & D,2026-04-12
New York,65+ years,Overall,3369569.0,49.7,Scenarios B & D,2026-04-19
New York,65+ years,Overall,3369569.0,50.2,Scenarios B & D,2026-04-26
North Carolina,18-49 years,Overall,4326851.0,0.0,Scenarios B & D,2025-08-03
North Carolina,18-49 years,Overall,4326851.0,0.0,Scenarios B & D,2025-08-10
North Carolina,18-49 years,Overall,4326851.0,0.3,Scenarios B & D,2025-08-17
North Carolina,18-49 years,Overall,4326851.0,0.8,Scenarios B & D,2025-08-24
North Carolina,18-49 years,Overall,4326851.0,1.4,Scenarios B & D,2025-08-31
North Carolina,18-49 years,Overall,4326851.0,1.9,Scenarios B & D,2025-09-07
North Carolina,18-49 years,Overall,4326851.0,2.4,Scenarios B & D,2025-09-14
North Carolina,18-49 years,Overall,4326851.0,3.0,Scenarios B & D,2025-09-21
North Carolina,18-49 years,Overall,4326851.0,3.6,Scenarios B & D,2025-09-28
North Carolina,18-49 years,Overall,4326851.0,4.1,Scenarios B & D,2025-10-05
North Carolina,18-49 years,Overall,4326851.0,4.6,Scenarios B & D,2025-10-12
North Carolina,18-49 years,Overall,4326851.0,5.2,Scenarios B & D,2025-10-19
North Carolina,18-49 years,Overall,4326851.0,5.7,Scenarios B & D,2025-10-26
North Carolina,18-49 years,Overall,4326851.0,6.1,Scenarios B & D,2025-11-02
North Carolina,18-49 years,Overall,4326851.0,6.6,Scenarios B & D,2025-11-09
North Carolina,18-49 years,Overall,4326851.0,7.0,Scenarios B & D,2025-11-16
North Carolina,18-49 years,Overall,4326851.0,7.4,Scenarios B & D,2025-11-23
North Carolina,18-49 years,Overall,4326851.0,7.7,Scenarios B & D,2025-11-30
North Carolina,18-49 years,Overall,4326851.0,8.0,Scenarios B & D,2025-12-07
North Carolina,18-49 years,Overall,4326851.0,8.3,Scenarios B & D,2025-12-14
North Carolina,18-49 years,Overall,4326851.0,8.5,Scenarios B & D,2025-12-21
North Carolina,18-49 years,Overall,4326851.0,8.8,Scenarios B & D,2025-12-28
North Carolina,18-49 years,Overall,4326851.0,9.0,Scenarios B & D,2026-01-04
North Carolina,18-49 years,Overall,4326851.0,9.2,Scenarios B & D,2026-01-11
North Carolina,18-49 years,Overall,4326851.0,9.4,Scenarios B & D,2026-01-18
North Carolina,18-49 years,Overall,4326851.0,9.6,Scenarios B & D,2026-01-25
North Carolina,18-49 years,Overall,4326851.0,9.8,Scenarios B & D,2026-02-01
North Carolina,18-49 years,Overall,4326851.0,10.0,Scenarios B & D,2026-02-08
North Carolina,18-49 years,Overall,4326851.0,10.2,Scenarios B & D,2026-02-15
North Carolina,18-49 years,Overall,4326851.0,10.4,Scenarios B & D,2026-02-22
North Carolina,18-49 years,Overall,4326851.0,10.6,Scenarios B & D,2026-03-01
North Carolina,18-49 years,Overall,4326851.0,10.8,Scenarios B & D,2026-03-08
North Carolina,18-49 years,Overall,4326851.0,11.0,Scenarios B & D,2026-03-15
North Carolina,18-49 years,Overall,4326851.0,11.2,Scenarios B & D,2026-03-22
North Carolina,18-49 years,Overall,4326851.0,11.4,Scenarios B & D,2026-03-29
North Carolina,18-49 years,Overall,4326851.0,11.6,Scenarios B & D,2026-04-05
North Carolina,18-49 years,Overall,4326851.0,11.8,Scenarios B & D,2026-04-12
North Carolina,18-49 years,Overall,4326851.0,12.0,Scenarios B & D,2026-04-19
North Carolina,18-49 years,Overall,4326851.0,12.2,Scenarios B & D,2026-04-26
North Carolina,50-64 years,Overall,2055568.0,0.0,Scenarios B & D,2025-08-03
North Carolina,50-64 years,Overall,2055568.0,0.0,Scenarios B & D,2025-08-10
North Carolina,50-64 years,Overall,2055568.0,1.0,Scenarios B & D,2025-08-17
North Carolina,50-64 years,Overall,2055568.0,2.3,Scenarios B & D,2025-08-24
North Carolina,50-64 years,Overall,2055568.0,3.6,Scenarios B & D,2025-08-31
North Carolina,50-64 years,Overall,2055568.0,4.9,Scenarios B & D,2025-09-07
North Carolina,50-64 years,Overall,2055568.0,6.3,Scenarios B & D,2025-09-14
North Carolina,50-64 years,Overall,2055568.0,7.6,Scenarios B & D,2025-09-21
North Carolina,50-64 years,Overall,2055568.0,9.0,Scenarios B & D,2025-09-28
North Carolina,50-64 years,Overall,2055568.0,10.3,Scenarios B & D,2025-10-05
North Carolina,50-64 years,Overall,2055568.0,11.7,Scenarios B & D,2025-10-12
North Carolina,50-64 years,Overall,2055568.0,12.9,Scenarios B & D,2025-10-19
North Carolina,50-64 years,Overall,2055568.0,14.1,Scenarios B & D,2025-10-26
North Carolina,50-64 years,Overall,2055568.0,15.3,Scenarios B & D,2025-11-02
North Carolina,50-64 years,Overall,2055568.0,16.3,Scenarios B & D,2025-11-09
North Carolina,50-64 years,Overall,2055568.0,17.3,Scenarios B & D,2025-11-16
North Carolina,50-64 years,Overall,2055568.0,18.3,Scenarios B & D,2025-11-23
North Carolina,50-64 years,Overall,2055568.0,19.1,Scenarios B & D,2025-11-30
North Carolina,50-64 years,Overall,2055568.0,19.9,Scenarios B & D,2025-12-07
North Carolina,50-64 years,Overall,2055568.0,20.5,Scenarios B & D,2025-12-14
North Carolina,50-64 years,Overall,2055568.0,21.1,Scenarios B & D,2025-12-21
North Carolina,50-64 years,Overall,2055568.0,21.6,Scenarios B & D,2025-12-28
North Carolina,50-64 years,Overall,2055568.0,22.0,Scenarios B & D,2026-01-04
North Carolina,50-64 years,Overall,2055568.0,22.3,Scenarios B & D,2026-01-11
North Carolina,50-64 years,Overall,2055568.0,22.6,Scenarios B & D,2026-01-18
North Carolina,50-64 years,Overall,2055568.0,22.9,Scenarios B & D,2026-01-25
North Carolina,50-64 years,Overall,2055568.0,23.2,Scenarios B & D,2026-02-01
North Carolina,50-64 years,Overall,2055568.0,23.5,Scenarios B & D,2026-02-08
North Carolina,50-64 years,Overall,2055568.0,23.7,Scenarios B & D,2026-02-15
North Carolina,50-64 years,Overall,2055568.0,24.0,Scenarios B & D,2026-02-22
North Carolina,50-64 years,Overall,2055568.0,24.2,Scenarios B & D,2026-03-01
North Carolina,50-64 years,Overall,2055568.0,24.5,Scenarios B & D,2026-03-08
North Carolina,50-64 years,Overall,2055568.0,24.7,Scenarios B & D,2026-03-15
North Carolina,50-64 years,Overall,2055568.0,25.0,Scenarios B & D,2026-03-22
North Carolina,50-64 years,Overall,2055568.0,25.2,Scenarios B & D,2026-03-29
North Carolina,50-64 years,Overall,2055568.0,25.5,Scenarios B & D,2026-04-05
North Carolina,50-64 years,Overall,2055568.0,25.7,Scenarios B & D,2026-04-12
North Carolina,50-64 years,Overall,2055568.0,26.0,Scenarios B & D,2026-04-19
North Carolina,50-64 years,Overall,2055568.0,26.3,Scenarios B & D,2026-04-26
North Carolina,6 months-17 years,Overall,2247222.0,0.0,Scenarios B & D,2025-08-03
North Carolina,6 months-17 years,Overall,2247222.0,0.0,Scenarios B & D,2025-08-10
North Carolina,6 months-17 years,Overall,2247222.0,0.0,Scenarios B & D,2025-08-17
North Carolina,6 months-17 years,Overall,2247222.0,0.3,Scenarios B & D,2025-08-24
North Carolina,6 months-17 years,Overall,2247222.0,0.9,Scenarios B & D,2025-08-31
North Carolina,6 months-17 years,Overall,2247222.0,1.5,Scenarios B & D,2025-09-07
North Carolina,6 months-17 years,Overall,2247222.0,2.1,Scenarios B & D,2025-09-14
North Carolina,6 months-17 years,Overall,2247222.0,2.7,Scenarios B & D,2025-09-21
North Carolina,6 months-17 years,Overall,2247222.0,3.3,Scenarios B & D,2025-09-28
North Carolina,6 months-17 years,Overall,2247222.0,3.9,Scenarios B & D,2025-10-05
North Carolina,6 months-17 years,Overall,2247222.0,4.6,Scenarios B & D,2025-10-12
North Carolina,6 months-17 years,Overall,2247222.0,5.2,Scenarios B & D,2025-10-19
North Carolina,6 months-17 years,Overall,2247222.0,5.8,Scenarios B & D,2025-10-26
North Carolina,6 months-17 years,Overall,2247222.0,6.4,Scenarios B & D,2025-11-02
North Carolina,6 months-17 years,Overall,2247222.0,6.9,Scenarios B & D,2025-11-09
North Carolina,6 months-17 years,Overall,2247222.0,7.5,Scenarios B & D,2025-11-16
North Carolina,6 months-17 years,Overall,2247222.0,8.0,Scenarios B & D,2025-11-23
North Carolina,6 months-17 years,Overall,2247222.0,8.5,Scenarios B & D,2025-11-30
North Carolina,6 months-17 years,Overall,2247222.0,8.9,Scenarios B & D,2025-12-07
North Carolina,6 months-17 years,Overall,2247222.0,9.4,Scenarios B & D,2025-12-14
North Carolina,6 months-17 years,Overall,2247222.0,9.7,Scenarios B & D,2025-12-21
North Carolina,6 months-17 years,Overall,2247222.0,10.1,Scenarios B & D,2025-12-28
North Carolina,6 months-17 years,Overall,2247222.0,10.4,Scenarios B & D,2026-01-04
North Carolina,6 months-17 years,Overall,2247222.0,10.8,Scenarios B & D,2026-01-11
North Carolina,6 months-17 years,Overall,2247222.0,11.0,Scenarios B & D,2026-01-18
North Carolina,6 months-17 years,Overall,2247222.0,11.3,Scenarios B & D,2026-01-25
North Carolina,6 months-17 years,Overall,2247222.0,11.6,Scenarios B & D,2026-02-01
North Carolina,6 months-17 years,Overall,2247222.0,11.8,Scenarios B & D,2026-02-08
North Carolina,6 months-17 years,Overall,2247222.0,12.1,Scenarios B & D,2026-02-15
North Carolina,6 months-17 years,Overall,2247222.0,12.3,Scenarios B & D,2026-02-22
North Carolina,6 months-17 years,Overall,2247222.0,12.5,Scenarios B & D,2026-03-01
North Carolina,6 months-17 years,Overall,2247222.0,12.7,Scenarios B & D,2026-03-08
North Carolina,6 months-17 years,Overall,2247222.0,13.0,Scenarios B & D,2026-03-15
North Carolina,6 months-17 years,Overall,2247222.0,13.2,Scenarios B & D,2026-03-22
North Carolina,6 months-17 years,Overall,2247222.0,13.4,Scenarios B & D,2026-03-29
North Carolina,6 months-17 years,Overall,2247222.0,13.7,Scenarios B & D,2026-04-05
North Carolina,6 months-17 years,Overall,2247222.0,13.9,Scenarios B & D,2026-04-12
North Carolina,6 months-17 years,Overall,2247222.0,14.1,Scenarios B & D,2026-04-19
North Carolina,6 months-17 years,Overall,2247222.0,14.3,Scenarios B & D,2026-04-26
North Carolina,65+ years,Overall,1814542.0,0.0,Scenarios B & D,2025-08-03
North Carolina,65+ years,Overall,1814542.0,0.0,Scenarios B & D,2025-08-10
North Carolina,65+ years,Overall,1814542.0,1.8,Scenarios B & D,2025-08-17
North Carolina,65+ years,Overall,1814542.0,4.1,Scenarios B & D,2025-08-24
North Carolina,65+ years,Overall,1814542.0,6.5,Scenarios B & D,2025-08-31
North Carolina,65+ years,Overall,1814542.0,9.0,Scenarios B & D,2025-09-07
North Carolina,65+ years,Overall,1814542.0,11.4,Scenarios B & D,2025-09-14
North Carolina,65+ years,Overall,1814542.0,14.0,Scenarios B & D,2025-09-21
North Carolina,65+ years,Overall,1814542.0,16.5,Scenarios B & D,2025-09-28
North Carolina,65+ years,Overall,1814542.0,19.0,Scenarios B & D,2025-10-05
North Carolina,65+ years,Overall,1814542.0,21.5,Scenarios B & D,2025-10-12
North Carolina,65+ years,Overall,1814542.0,23.9,Scenarios B & D,2025-10-19
North Carolina,65+ years,Overall,1814542.0,26.2,Scenarios B & D,2025-10-26
North Carolina,65+ years,Overall,1814542.0,28.4,Scenarios B & D,2025-11-02
North Carolina,65+ years,Overall,1814542.0,30.6,Scenarios B & D,2025-11-09
North Carolina,65+ years,Overall,1814542.0,32.5,Scenarios B & D,2025-11-16
North Carolina,65+ years,Overall,1814542.0,34.4,Scenarios B & D,2025-11-23
North Carolina,65+ years,Overall,1814542.0,36.1,Scenarios B & D,2025-11-30
North Carolina,65+ years,Overall,1814542.0,37.5,Scenarios B & D,2025-12-07
North Carolina,65+ years,Overall,1814542.0,38.8,Scenarios B & D,2025-12-14
North Carolina,65+ years,Overall,1814542.0,39.9,Scenarios B & D,2025-12-21
North Carolina,65+ years,Overall,1814542.0,40.8,Scenarios B & D,2025-12-28
North Carolina,65+ years,Overall,1814542.0,41.5,Scenarios B & D,2026-01-04
North Carolina,65+ years,Overall,1814542.0,42.1,Scenarios B & D,2026-01-11
North Carolina,65+ years,Overall,1814542.0,42.7,Scenarios B & D,2026-01-18
North Carolina,65+ years,Overall,1814542.0,43.2,Scenarios B & D,2026-01-25
North Carolina,65+ years,Overall,1814542.0,43.7,Scenarios B & D,2026-02-01
North Carolina,65+ years,Overall,1814542.0,44.1,Scenarios B & D,2026-02-08
North Carolina,65+ years,Overall,1814542.0,44.6,Scenarios B & D,2026-02-15
North Carolina,65+ years,Overall,1814542.0,45.0,Scenarios B & D,2026-02-22
North Carolina,65+ years,Overall,1814542.0,45.4,Scenarios B & D,2026-03-01
North Carolina,65+ years,Overall,1814542.0,45.9,Scenarios B & D,2026-03-08
North Carolina,65+ years,Overall,1814542.0,46.3,Scenarios B & D,2026-03-15
North Carolina,65+ years,Overall,1814542.0,46.8,Scenarios B & D,2026-03-22
North Carolina,65+ years,Overall,1814542.0,47.2,Scenarios B & D,2026-03-29
North Carolina,65+ years,Overall,1814542.0,47.7,Scenarios B & D,2026-04-05
North Carolina,65+ years,Overall,1814542.0,48.1,Scenarios B & D,2026-04-12
North Carolina,65+ years,Overall,1814542.0,48.6,Scenarios B & D,2026-04-19
North Carolina,65+ years,Overall,1814542.0,49.0,Scenarios B & D,2026-04-26
North Dakota,18-49 years,Overall,322599.0,0.0,Scenarios B & D,2025-08-03
North Dakota,18-49 years,Overall,322599.0,0.0,Scenarios B & D,2025-08-10
North Dakota,18-49 years,Overall,322599.0,0.3,Scenarios B & D,2025-08-17
North Dakota,18-49 years,Overall,322599.0,0.9,Scenarios B & D,2025-08-24
North Dakota,18-49 years,Overall,322599.0,1.6,Scenarios B & D,2025-08-31
North Dakota,18-49 years,Overall,322599.0,2.2,Scenarios B & D,2025-09-07
North Dakota,18-49 years,Overall,322599.0,2.9,Scenarios B & D,2025-09-14
North Dakota,18-49 years,Overall,322599.0,3.5,Scenarios B & D,2025-09-21
North Dakota,18-49 years,Overall,322599.0,4.2,Scenarios B & D,2025-09-28
North Dakota,18-49 years,Overall,322599.0,4.9,Scenarios B & D,2025-10-05
North Dakota,18-49 years,Overall,322599.0,5.5,Scenarios B & D,2025-10-12
North Dakota,18-49 years,Overall,322599.0,6.2,Scenarios B & D,2025-10-19
North Dakota,18-49 years,Overall,322599.0,6.8,Scenarios B & D,2025-10-26
North Dakota,18-49 years,Overall,322599.0,7.3,Scenarios B & D,2025-11-02
North Dakota,18-49 years,Overall,322599.0,7.9,Scenarios B & D,2025-11-09
North Dakota,18-49 years,Overall,322599.0,8.4,Scenarios B & D,2025-11-16
North Dakota,18-49 years,Overall,322599.0,8.8,Scenarios B & D,2025-11-23
North Dakota,18-49 years,Overall,322599.0,9.2,Scenarios B & D,2025-11-30
North Dakota,18-49 years,Overall,322599.0,9.6,Scenarios B & D,2025-12-07
North Dakota,18-49 years,Overall,322599.0,9.9,Scenarios B & D,2025-12-14
North Dakota,18-49 years,Overall,322599.0,10.2,Scenarios B & D,2025-12-21
North Dakota,18-49 years,Overall,322599.0,10.4,Scenarios B & D,2025-12-28
North Dakota,18-49 years,Overall,322599.0,10.6,Scenarios B & D,2026-01-04
North Dakota,18-49 years,Overall,322599.0,10.8,Scenarios B & D,2026-01-11
North Dakota,18-49 years,Overall,322599.0,10.9,Scenarios B & D,2026-01-18
North Dakota,18-49 years,Overall,322599.0,11.1,Scenarios B & D,2026-01-25
North Dakota,18-49 years,Overall,322599.0,11.2,Scenarios B & D,2026-02-01
North Dakota,18-49 years,Overall,322599.0,11.3,Scenarios B & D,2026-02-08
North Dakota,18-49 years,Overall,322599.0,11.5,Scenarios B & D,2026-02-15
North Dakota,18-49 years,Overall,322599.0,11.6,Scenarios B & D,2026-02-22
North Dakota,18-49 years,Overall,322599.0,11.7,Scenarios B & D,2026-03-01
North Dakota,18-49 years,Overall,322599.0,11.8,Scenarios B & D,2026-03-08
North Dakota,18-49 years,Overall,322599.0,12.0,Scenarios B & D,2026-03-15
North Dakota,18-49 years,Overall,322599.0,12.1,Scenarios B & D,2026-03-22
North Dakota,18-49 years,Overall,322599.0,12.2,Scenarios B & D,2026-03-29
North Dakota,18-49 years,Overall,322599.0,12.3,Scenarios B & D,2026-04-05
North Dakota,18-49 years,Overall,322599.0,12.5,Scenarios B & D,2026-04-12
North Dakota,18-49 years,Overall,322599.0,12.6,Scenarios B & D,2026-04-19
North Dakota,18-49 years,Overall,322599.0,12.7,Scenarios B & D,2026-04-26
North Dakota,50-64 years,Overall,130764.0,0.0,Scenarios B & D,2025-08-03
North Dakota,50-64 years,Overall,130764.0,0.0,Scenarios B & D,2025-08-10
North Dakota,50-64 years,Overall,130764.0,0.2,Scenarios B & D,2025-08-17
North Dakota,50-64 years,Overall,130764.0,1.2,Scenarios B & D,2025-08-24
North Dakota,50-64 years,Overall,130764.0,2.2,Scenarios B & D,2025-08-31
North Dakota,50-64 years,Overall,130764.0,3.2,Scenarios B & D,2025-09-07
North Dakota,50-64 years,Overall,130764.0,4.3,Scenarios B & D,2025-09-14
North Dakota,50-64 years,Overall,130764.0,5.4,Scenarios B & D,2025-09-21
North Dakota,50-64 years,Overall,130764.0,6.5,Scenarios B & D,2025-09-28
North Dakota,50-64 years,Overall,130764.0,7.7,Scenarios B & D,2025-10-05
North Dakota,50-64 years,Overall,130764.0,8.9,Scenarios B & D,2025-10-12
North Dakota,50-64 years,Overall,130764.0,10.0,Scenarios B & D,2025-10-19
North Dakota,50-64 years,Overall,130764.0,11.2,Scenarios B & D,2025-10-26
North Dakota,50-64 years,Overall,130764.0,12.2,Scenarios B & D,2025-11-02
North Dakota,50-64 years,Overall,130764.0,13.2,Scenarios B & D,2025-11-09
North Dakota,50-64 years,Overall,130764.0,14.1,Scenarios B & D,2025-11-16
North Dakota,50-64 years,Overall,130764.0,14.9,Scenarios B & D,2025-11-23
North Dakota,50-64 years,Overall,130764.0,15.6,Scenarios B & D,2025-11-30
North Dakota,50-64 years,Overall,130764.0,16.2,Scenarios B & D,2025-12-07
North Dakota,50-64 years,Overall,130764.0,16.7,Scenarios B & D,2025-12-14
North Dakota,50-64 years,Overall,130764.0,17.2,Scenarios B & D,2025-12-21
North Dakota,50-64 years,Overall,130764.0,17.6,Scenarios B & D,2025-12-28
North Dakota,50-64 years,Overall,130764.0,18.1,Scenarios B & D,2026-01-04
North Dakota,50-64 years,Overall,130764.0,18.5,Scenarios B & D,2026-01-11
North Dakota,50-64 years,Overall,130764.0,19.0,Scenarios B & D,2026-01-18
North Dakota,50-64 years,Overall,130764.0,19.4,Scenarios B & D,2026-01-25
North Dakota,50-64 years,Overall,130764.0,19.9,Scenarios B & D,2026-02-01
North Dakota,50-64 years,Overall,130764.0,20.3,Scenarios B & D,2026-02-08
North Dakota,50-64 years,Overall,130764.0,20.8,Scenarios B & D,2026-02-15
North Dakota,50-64 years,Overall,130764.0,21.2,Scenarios B & D,2026-02-22
North Dakota,50-64 years,Overall,130764.0,21.6,Scenarios B & D,2026-03-01
North Dakota,50-64 years,Overall,130764.0,22.1,Scenarios B & D,2026-03-08
North Dakota,50-64 years,Overall,130764.0,22.5,Scenarios B & D,2026-03-15
North Dakota,50-64 years,Overall,130764.0,23.0,Scenarios B & D,2026-03-22
North Dakota,50-64 years,Overall,130764.0,23.4,Scenarios B & D,2026-03-29
North Dakota,50-64 years,Overall,130764.0,23.9,Scenarios B & D,2026-04-05
North Dakota,50-64 years,Overall,130764.0,24.3,Scenarios B & D,2026-04-12
North Dakota,50-64 years,Overall,130764.0,24.8,Scenarios B & D,2026-04-19
North Dakota,50-64 years,Overall,130764.0,25.2,Scenarios B & D,2026-04-26
North Dakota,6 months-17 years,Overall,176398.0,0.0,Scenarios B & D,2025-08-03
North Dakota,6 months-17 years,Overall,176398.0,0.0,Scenarios B & D,2025-08-10
North Dakota,6 months-17 years,Overall,176398.0,0.0,Scenarios B & D,2025-08-17
North Dakota,6 months-17 years,Overall,176398.0,0.2,Scenarios B & D,2025-08-24
North Dakota,6 months-17 years,Overall,176398.0,0.9,Scenarios B & D,2025-08-31
North Dakota,6 months-17 years,Overall,176398.0,1.6,Scenarios B & D,2025-09-07
North Dakota,6 months-17 years,Overall,176398.0,2.3,Scenarios B & D,2025-09-14
North Dakota,6 months-17 years,Overall,176398.0,3.0,Scenarios B & D,2025-09-21
North Dakota,6 months-17 years,Overall,176398.0,3.7,Scenarios B & D,2025-09-28
North Dakota,6 months-17 years,Overall,176398.0,4.4,Scenarios B & D,2025-10-05
North Dakota,6 months-17 years,Overall,176398.0,5.1,Scenarios B & D,2025-10-12
North Dakota,6 months-17 years,Overall,176398.0,5.9,Scenarios B & D,2025-10-19
North Dakota,6 months-17 years,Overall,176398.0,6.6,Scenarios B & D,2025-10-26
North Dakota,6 months-17 years,Overall,176398.0,7.2,Scenarios B & D,2025-11-02
North Dakota,6 months-17 years,Overall,176398.0,7.9,Scenarios B & D,2025-11-09
North Dakota,6 months-17 years,Overall,176398.0,8.5,Scenarios B & D,2025-11-16
North Dakota,6 months-17 years,Overall,176398.0,9.1,Scenarios B & D,2025-11-23
North Dakota,6 months-17 years,Overall,176398.0,9.7,Scenarios B & D,2025-11-30
North Dakota,6 months-17 years,Overall,176398.0,10.2,Scenarios B & D,2025-12-07
North Dakota,6 months-17 years,Overall,176398.0,10.7,Scenarios B & D,2025-12-14
North Dakota,6 months-17 years,Overall,176398.0,11.1,Scenarios B & D,2025-12-21
North Dakota,6 months-17 years,Overall,176398.0,11.5,Scenarios B & D,2025-12-28
North Dakota,6 months-17 years,Overall,176398.0,11.9,Scenarios B & D,2026-01-04
North Dakota,6 months-17 years,Overall,176398.0,12.3,Scenarios B & D,2026-01-11
North Dakota,6 months-17 years,Overall,176398.0,12.7,Scenarios B & D,2026-01-18
North Dakota,6 months-17 years,Overall,176398.0,13.0,Scenarios B & D,2026-01-25
North Dakota,6 months-17 years,Overall,176398.0,13.3,Scenarios B & D,2026-02-01
North Dakota,6 months-17 years,Overall,176398.0,13.6,Scenarios B & D,2026-02-08
North Dakota,6 months-17 years,Overall,176398.0,14.0,Scenarios B & D,2026-02-15
North Dakota,6 months-17 years,Overall,176398.0,14.3,Scenarios B & D,2026-02-22
North Dakota,6 months-17 years,Overall,176398.0,14.6,Scenarios B & D,2026-03-01
North Dakota,6 months-17 years,Overall,176398.0,14.9,Scenarios B & D,2026-03-08
North Dakota,6 months-17 years,Overall,176398.0,15.2,Scenarios B & D,2026-03-15
North Dakota,6 months-17 years,Overall,176398.0,15.5,Scenarios B & D,2026-03-22
North Dakota,6 months-17 years,Overall,176398.0,15.9,Scenarios B & D,2026-03-29
North Dakota,6 months-17 years,Overall,176398.0,16.2,Scenarios B & D,2026-04-05
North Dakota,6 months-17 years,Overall,176398.0,16.5,Scenarios B & D,2026-04-12
North Dakota,6 months-17 years,Overall,176398.0,16.8,Scenarios B & D,2026-04-19
North Dakota,6 months-17 years,Overall,176398.0,17.1,Scenarios B & D,2026-04-26
North Dakota,65+ years,Overall,123141.0,0.0,Scenarios B & D,2025-08-03
North Dakota,65+ years,Overall,123141.0,0.0,Scenarios B & D,2025-08-10
North Dakota,65+ years,Overall,123141.0,1.5,Scenarios B & D,2025-08-17
North Dakota,65+ years,Overall,123141.0,4.0,Scenarios B & D,2025-08-24
North Dakota,65+ years,Overall,123141.0,6.6,Scenarios B & D,2025-08-31
North Dakota,65+ years,Overall,123141.0,9.2,Scenarios B & D,2025-09-07
North Dakota,65+ years,Overall,123141.0,11.9,Scenarios B & D,2025-09-14
North Dakota,65+ years,Overall,123141.0,14.7,Scenarios B & D,2025-09-21
North Dakota,65+ years,Overall,123141.0,17.4,Scenarios B & D,2025-09-28
North Dakota,65+ years,Overall,123141.0,20.2,Scenarios B & D,2025-10-05
North Dakota,65+ years,Overall,123141.0,22.9,Scenarios B & D,2025-10-12
North Dakota,65+ years,Overall,123141.0,25.6,Scenarios B & D,2025-10-19
North Dakota,65+ years,Overall,123141.0,28.2,Scenarios B & D,2025-10-26
North Dakota,65+ years,Overall,123141.0,30.6,Scenarios B & D,2025-11-02
North Dakota,65+ years,Overall,123141.0,32.8,Scenarios B & D,2025-11-09
North Dakota,65+ years,Overall,123141.0,34.9,Scenarios B & D,2025-11-16
North Dakota,65+ years,Overall,123141.0,36.6,Scenarios B & D,2025-11-23
North Dakota,65+ years,Overall,123141.0,38.2,Scenarios B & D,2025-11-30
North Dakota,65+ years,Overall,123141.0,39.6,Scenarios B & D,2025-12-07
North Dakota,65+ years,Overall,123141.0,40.7,Scenarios B & D,2025-12-14
North Dakota,65+ years,Overall,123141.0,41.7,Scenarios B & D,2025-12-21
North Dakota,65+ years,Overall,123141.0,42.6,Scenarios B & D,2025-12-28
North Dakota,65+ years,Overall,123141.0,43.4,Scenarios B & D,2026-01-04
North Dakota,65+ years,Overall,123141.0,44.1,Scenarios B & D,2026-01-11
North Dakota,65+ years,Overall,123141.0,44.7,Scenarios B & D,2026-01-18
North Dakota,65+ years,Overall,123141.0,45.3,Scenarios B & D,2026-01-25
North Dakota,65+ years,Overall,123141.0,45.9,Scenarios B & D,2026-02-01
North Dakota,65+ years,Overall,123141.0,46.5,Scenarios B & D,2026-02-08
North Dakota,65+ years,Overall,123141.0,47.1,Scenarios B & D,2026-02-15
North Dakota,65+ years,Overall,123141.0,47.6,Scenarios B & D,2026-02-22
North Dakota,65+ years,Overall,123141.0,48.2,Scenarios B & D,2026-03-01
North Dakota,65+ years,Overall,123141.0,48.8,Scenarios B & D,2026-03-08
North Dakota,65+ years,Overall,123141.0,49.4,Scenarios B & D,2026-03-15
North Dakota,65+ years,Overall,123141.0,49.9,Scenarios B & D,2026-03-22
North Dakota,65+ years,Overall,123141.0,50.5,Scenarios B & D,2026-03-29
North Dakota,65+ years,Overall,123141.0,51.1,Scenarios B & D,2026-04-05
North Dakota,65+ years,Overall,123141.0,51.6,Scenarios B & D,2026-04-12
North Dakota,65+ years,Overall,123141.0,52.2,Scenarios B & D,2026-04-19
North Dakota,65+ years,Overall,123141.0,52.8,Scenarios B & D,2026-04-26
Ohio,18-49 years,Overall,4704025.0,0.0,Scenarios B & D,2025-08-03
Ohio,18-49 years,Overall,4704025.0,0.0,Scenarios B & D,2025-08-10
Ohio,18-49 years,Overall,4704025.0,0.1,Scenarios B & D,2025-08-17
Ohio,18-49 years,Overall,4704025.0,0.4,Scenarios B & D,2025-08-24
Ohio,18-49 years,Overall,4704025.0,0.7,Scenarios B & D,2025-08-31
Ohio,18-49 years,Overall,4704025.0,1.0,Scenarios B & D,2025-09-07
Ohio,18-49 years,Overall,4704025.0,1.4,Scenarios B & D,2025-09-14
Ohio,18-49 years,Overall,4704025.0,1.7,Scenarios B & D,2025-09-21
Ohio,18-49 years,Overall,4704025.0,2.1,Scenarios B & D,2025-09-28
Ohio,18-49 years,Overall,4704025.0,2.4,Scenarios B & D,2025-10-05
Ohio,18-49 years,Overall,4704025.0,2.8,Scenarios B & D,2025-10-12
Ohio,18-49 years,Overall,4704025.0,3.1,Scenarios B & D,2025-10-19
Ohio,18-49 years,Overall,4704025.0,3.5,Scenarios B & D,2025-10-26
Ohio,18-49 years,Overall,4704025.0,3.8,Scenarios B & D,2025-11-02
Ohio,18-49 years,Overall,4704025.0,4.1,Scenarios B & D,2025-11-09
Ohio,18-49 years,Overall,4704025.0,4.3,Scenarios B & D,2025-11-16
Ohio,18-49 years,Overall,4704025.0,4.5,Scenarios B & D,2025-11-23
Ohio,18-49 years,Overall,4704025.0,4.7,Scenarios B & D,2025-11-30
Ohio,18-49 years,Overall,4704025.0,4.9,Scenarios B & D,2025-12-07
Ohio,18-49 years,Overall,4704025.0,5.1,Scenarios B & D,2025-12-14
Ohio,18-49 years,Overall,4704025.0,5.2,Scenarios B & D,2025-12-21
Ohio,18-49 years,Overall,4704025.0,5.4,Scenarios B & D,2025-12-28
Ohio,18-49 years,Overall,4704025.0,5.6,Scenarios B & D,2026-01-04
Ohio,18-49 years,Overall,4704025.0,5.9,Scenarios B & D,2026-01-11
Ohio,18-49 years,Overall,4704025.0,6.1,Scenarios B & D,2026-01-18
Ohio,18-49 years,Overall,4704025.0,6.3,Scenarios B & D,2026-01-25
Ohio,18-49 years,Overall,4704025.0,6.6,Scenarios B & D,2026-02-01
Ohio,18-49 years,Overall,4704025.0,6.8,Scenarios B & D,2026-02-08
Ohio,18-49 years,Overall,4704025.0,7.1,Scenarios B & D,2026-02-15
Ohio,18-49 years,Overall,4704025.0,7.3,Scenarios B & D,2026-02-22
Ohio,18-49 years,Overall,4704025.0,7.6,Scenarios B & D,2026-03-01
Ohio,18-49 years,Overall,4704025.0,7.8,Scenarios B & D,2026-03-08
Ohio,18-49 years,Overall,4704025.0,8.1,Scenarios B & D,2026-03-15
Ohio,18-49 years,Overall,4704025.0,8.4,Scenarios B & D,2026-03-22
Ohio,18-49 years,Overall,4704025.0,8.6,Scenarios B & D,2026-03-29
Ohio,18-49 years,Overall,4704025.0,8.9,Scenarios B & D,2026-04-05
Ohio,18-49 years,Overall,4704025.0,9.1,Scenarios B & D,2026-04-12
Ohio,18-49 years,Overall,4704025.0,9.4,Scenarios B & D,2026-04-19
Ohio,18-49 years,Overall,4704025.0,9.6,Scenarios B & D,2026-04-26
Ohio,50-64 years,Overall,2314153.0,0.0,Scenarios B & D,2025-08-03
Ohio,50-64 years,Overall,2314153.0,0.0,Scenarios B & D,2025-08-10
Ohio,50-64 years,Overall,2314153.0,1.4,Scenarios B & D,2025-08-17
Ohio,50-64 years,Overall,2314153.0,3.0,Scenarios B & D,2025-08-24
Ohio,50-64 years,Overall,2314153.0,4.6,Scenarios B & D,2025-08-31
Ohio,50-64 years,Overall,2314153.0,6.3,Scenarios B & D,2025-09-07
Ohio,50-64 years,Overall,2314153.0,8.0,Scenarios B & D,2025-09-14
Ohio,50-64 years,Overall,2314153.0,9.7,Scenarios B & D,2025-09-21
Ohio,50-64 years,Overall,2314153.0,11.3,Scenarios B & D,2025-09-28
Ohio,50-64 years,Overall,2314153.0,13.0,Scenarios B & D,2025-10-05
Ohio,50-64 years,Overall,2314153.0,14.5,Scenarios B & D,2025-10-12
Ohio,50-64 years,Overall,2314153.0,15.9,Scenarios B & D,2025-10-19
Ohio,50-64 years,Overall,2314153.0,17.2,Scenarios B & D,2025-10-26
Ohio,50-64 years,Overall,2314153.0,18.4,Scenarios B & D,2025-11-02
Ohio,50-64 years,Overall,2314153.0,19.4,Scenarios B & D,2025-11-09
Ohio,50-64 years,Overall,2314153.0,20.2,Scenarios B & D,2025-11-16
Ohio,50-64 years,Overall,2314153.0,21.0,Scenarios B & D,2025-11-23
Ohio,50-64 years,Overall,2314153.0,21.5,Scenarios B & D,2025-11-30
Ohio,50-64 years,Overall,2314153.0,22.0,Scenarios B & D,2025-12-07
Ohio,50-64 years,Overall,2314153.0,22.3,Scenarios B & D,2025-12-14
Ohio,50-64 years,Overall,2314153.0,22.6,Scenarios B & D,2025-12-21
Ohio,50-64 years,Overall,2314153.0,22.7,Scenarios B & D,2025-12-28
Ohio,50-64 years,Overall,2314153.0,22.8,Scenarios B & D,2026-01-04
Ohio,50-64 years,Overall,2314153.0,22.9,Scenarios B & D,2026-01-11
Ohio,50-64 years,Overall,2314153.0,22.9,Scenarios B & D,2026-01-18
Ohio,50-64 years,Overall,2314153.0,22.9,Scenarios B & D,2026-01-25
Ohio,50-64 years,Overall,2314153.0,22.9,Scenarios B & D,2026-02-01
Ohio,50-64 years,Overall,2314153.0,22.9,Scenarios B & D,2026-02-08
Ohio,50-64 years,Overall,2314153.0,22.9,Scenarios B & D,2026-02-15
Ohio,50-64 years,Overall,2314153.0,22.9,Scenarios B & D,2026-02-22
Ohio,50-64 years,Overall,2314153.0,22.9,Scenarios B & D,2026-03-01
Ohio,50-64 years,Overall,2314153.0,22.9,Scenarios B & D,2026-03-08
Ohio,50-64 years,Overall,2314153.0,22.9,Scenarios B & D,2026-03-15
Ohio,50-64 years,Overall,2314153.0,22.9,Scenarios B & D,2026-03-22
Ohio,50-64 years,Overall,2314153.0,22.9,Scenarios B & D,2026-03-29
Ohio,50-64 years,Overall,2314153.0,22.9,Scenarios B & D,2026-04-05
Ohio,50-64 years,Overall,2314153.0,22.9,Scenarios B & D,2026-04-12
Ohio,50-64 years,Overall,2314153.0,22.9,Scenarios B & D,2026-04-19
Ohio,50-64 years,Overall,2314153.0,22.9,Scenarios B & D,2026-04-26
Ohio,6 months-17 years,Overall,2502483.0,0.0,Scenarios B & D,2025-08-03
Ohio,6 months-17 years,Overall,2502483.0,0.0,Scenarios B & D,2025-08-10
Ohio,6 months-17 years,Overall,2502483.0,0.0,Scenarios B & D,2025-08-17
Ohio,6 months-17 years,Overall,2502483.0,0.3,Scenarios B & D,2025-08-24
Ohio,6 months-17 years,Overall,2502483.0,0.9,Scenarios B & D,2025-08-31
Ohio,6 months-17 years,Overall,2502483.0,1.4,Scenarios B & D,2025-09-07
Ohio,6 months-17 years,Overall,2502483.0,2.0,Scenarios B & D,2025-09-14
Ohio,6 months-17 years,Overall,2502483.0,2.6,Scenarios B & D,2025-09-21
Ohio,6 months-17 years,Overall,2502483.0,3.1,Scenarios B & D,2025-09-28
Ohio,6 months-17 years,Overall,2502483.0,3.7,Scenarios B & D,2025-10-05
Ohio,6 months-17 years,Overall,2502483.0,4.3,Scenarios B & D,2025-10-12
Ohio,6 months-17 years,Overall,2502483.0,4.8,Scenarios B & D,2025-10-19
Ohio,6 months-17 years,Overall,2502483.0,5.4,Scenarios B & D,2025-10-26
Ohio,6 months-17 years,Overall,2502483.0,5.9,Scenarios B & D,2025-11-02
Ohio,6 months-17 years,Overall,2502483.0,6.4,Scenarios B & D,2025-11-09
Ohio,6 months-17 years,Overall,2502483.0,6.9,Scenarios B & D,2025-11-16
Ohio,6 months-17 years,Overall,2502483.0,7.3,Scenarios B & D,2025-11-23
Ohio,6 months-17 years,Overall,2502483.0,7.8,Scenarios B & D,2025-11-30
Ohio,6 months-17 years,Overall,2502483.0,8.2,Scenarios B & D,2025-12-07
Ohio,6 months-17 years,Overall,2502483.0,8.6,Scenarios B & D,2025-12-14
Ohio,6 months-17 years,Overall,2502483.0,8.9,Scenarios B & D,2025-12-21
Ohio,6 months-17 years,Overall,2502483.0,9.3,Scenarios B & D,2025-12-28
Ohio,6 months-17 years,Overall,2502483.0,9.6,Scenarios B & D,2026-01-04
Ohio,6 months-17 years,Overall,2502483.0,10.0,Scenarios B & D,2026-01-11
Ohio,6 months-17 years,Overall,2502483.0,10.3,Scenarios B & D,2026-01-18
Ohio,6 months-17 years,Overall,2502483.0,10.6,Scenarios B & D,2026-01-25
Ohio,6 months-17 years,Overall,2502483.0,10.9,Scenarios B & D,2026-02-01
Ohio,6 months-17 years,Overall,2502483.0,11.3,Scenarios B & D,2026-02-08
Ohio,6 months-17 years,Overall,2502483.0,11.6,Scenarios B & D,2026-02-15
Ohio,6 months-17 years,Overall,2502483.0,11.9,Scenarios B & D,2026-02-22
Ohio,6 months-17 years,Overall,2502483.0,12.2,Scenarios B & D,2026-03-01
Ohio,6 months-17 years,Overall,2502483.0,12.5,Scenarios B & D,2026-03-08
Ohio,6 months-17 years,Overall,2502483.0,12.8,Scenarios B & D,2026-03-15
Ohio,6 months-17 years,Overall,2502483.0,13.2,Scenarios B & D,2026-03-22
Ohio,6 months-17 years,Overall,2502483.0,13.5,Scenarios B & D,2026-03-29
Ohio,6 months-17 years,Overall,2502483.0,13.8,Scenarios B & D,2026-04-05
Ohio,6 months-17 years,Overall,2502483.0,14.1,Scenarios B & D,2026-04-12
Ohio,6 months-17 years,Overall,2502483.0,14.4,Scenarios B & D,2026-04-19
Ohio,6 months-17 years,Overall,2502483.0,14.8,Scenarios B & D,2026-04-26
Ohio,65+ years,Overall,2097638.0,0.0,Scenarios B & D,2025-08-03
Ohio,65+ years,Overall,2097638.0,0.0,Scenarios B & D,2025-08-10
Ohio,65+ years,Overall,2097638.0,0.8,Scenarios B & D,2025-08-17
Ohio,65+ years,Overall,2097638.0,3.3,Scenarios B & D,2025-08-24
Ohio,65+ years,Overall,2097638.0,5.8,Scenarios B & D,2025-08-31
Ohio,65+ years,Overall,2097638.0,8.4,Scenarios B & D,2025-09-07
Ohio,65+ years,Overall,2097638.0,11.1,Scenarios B & D,2025-09-14
Ohio,65+ years,Overall,2097638.0,14.0,Scenarios B & D,2025-09-21
Ohio,65+ years,Overall,2097638.0,16.9,Scenarios B & D,2025-09-28
Ohio,65+ years,Overall,2097638.0,19.8,Scenarios B & D,2025-10-05
Ohio,65+ years,Overall,2097638.0,22.7,Scenarios B & D,2025-10-12
Ohio,65+ years,Overall,2097638.0,25.7,Scenarios B & D,2025-10-19
Ohio,65+ years,Overall,2097638.0,28.6,Scenarios B & D,2025-10-26
Ohio,65+ years,Overall,2097638.0,31.3,Scenarios B & D,2025-11-02
Ohio,65+ years,Overall,2097638.0,33.9,Scenarios B & D,2025-11-09
Ohio,65+ years,Overall,2097638.0,36.3,Scenarios B & D,2025-11-16
Ohio,65+ years,Overall,2097638.0,38.3,Scenarios B & D,2025-11-23
Ohio,65+ years,Overall,2097638.0,40.2,Scenarios B & D,2025-11-30
Ohio,65+ years,Overall,2097638.0,41.8,Scenarios B & D,2025-12-07
Ohio,65+ years,Overall,2097638.0,43.2,Scenarios B & D,2025-12-14
Ohio,65+ years,Overall,2097638.0,44.4,Scenarios B & D,2025-12-21
Ohio,65+ years,Overall,2097638.0,45.5,Scenarios B & D,2025-12-28
Ohio,65+ years,Overall,2097638.0,46.5,Scenarios B & D,2026-01-04
Ohio,65+ years,Overall,2097638.0,47.4,Scenarios B & D,2026-01-11
Ohio,65+ years,Overall,2097638.0,48.3,Scenarios B & D,2026-01-18
Ohio,65+ years,Overall,2097638.0,49.1,Scenarios B & D,2026-01-25
Ohio,65+ years,Overall,2097638.0,49.9,Scenarios B & D,2026-02-01
Ohio,65+ years,Overall,2097638.0,50.6,Scenarios B & D,2026-02-08
Ohio,65+ years,Overall,2097638.0,51.4,Scenarios B & D,2026-02-15
Ohio,65+ years,Overall,2097638.0,52.1,Scenarios B & D,2026-02-22
Ohio,65+ years,Overall,2097638.0,52.9,Scenarios B & D,2026-03-01
Ohio,65+ years,Overall,2097638.0,53.7,Scenarios B & D,2026-03-08
Ohio,65+ years,Overall,2097638.0,54.4,Scenarios B & D,2026-03-15
Ohio,65+ years,Overall,2097638.0,55.2,Scenarios B & D,2026-03-22
Ohio,65+ years,Overall,2097638.0,55.9,Scenarios B & D,2026-03-29
Ohio,65+ years,Overall,2097638.0,56.7,Scenarios B & D,2026-04-05
Ohio,65+ years,Overall,2097638.0,57.5,Scenarios B & D,2026-04-12
Ohio,65+ years,Overall,2097638.0,58.2,Scenarios B & D,2026-04-19
Ohio,65+ years,Overall,2097638.0,59.0,Scenarios B & D,2026-04-26
Oklahoma,18-49 years,Overall,1641710.0,0.0,Scenarios B & D,2025-08-03
Oklahoma,18-49 years,Overall,1641710.0,0.0,Scenarios B & D,2025-08-10
Oklahoma,18-49 years,Overall,1641710.0,0.2,Scenarios B & D,2025-08-17
Oklahoma,18-49 years,Overall,1641710.0,0.5,Scenarios B & D,2025-08-24
Oklahoma,18-49 years,Overall,1641710.0,0.8,Scenarios B & D,2025-08-31
Oklahoma,18-49 years,Overall,1641710.0,1.2,Scenarios B & D,2025-09-07
Oklahoma,18-49 years,Overall,1641710.0,1.5,Scenarios B & D,2025-09-14
Oklahoma,18-49 years,Overall,1641710.0,1.8,Scenarios B & D,2025-09-21
Oklahoma,18-49 years,Overall,1641710.0,2.1,Scenarios B & D,2025-09-28
Oklahoma,18-49 years,Overall,1641710.0,2.5,Scenarios B & D,2025-10-05
Oklahoma,18-49 years,Overall,1641710.0,2.8,Scenarios B & D,2025-10-12
Oklahoma,18-49 years,Overall,1641710.0,3.1,Scenarios B & D,2025-10-19
Oklahoma,18-49 years,Overall,1641710.0,3.4,Scenarios B & D,2025-10-26
Oklahoma,18-49 years,Overall,1641710.0,3.7,Scenarios B & D,2025-11-02
Oklahoma,18-49 years,Overall,1641710.0,4.0,Scenarios B & D,2025-11-09
Oklahoma,18-49 years,Overall,1641710.0,4.3,Scenarios B & D,2025-11-16
Oklahoma,18-49 years,Overall,1641710.0,4.6,Scenarios B & D,2025-11-23
Oklahoma,18-49 years,Overall,1641710.0,4.9,Scenarios B & D,2025-11-30
Oklahoma,18-49 years,Overall,1641710.0,5.1,Scenarios B & D,2025-12-07
Oklahoma,18-49 years,Overall,1641710.0,5.4,Scenarios B & D,2025-12-14
Oklahoma,18-49 years,Overall,1641710.0,5.6,Scenarios B & D,2025-12-21
Oklahoma,18-49 years,Overall,1641710.0,5.7,Scenarios B & D,2025-12-28
Oklahoma,18-49 years,Overall,1641710.0,5.9,Scenarios B & D,2026-01-04
Oklahoma,18-49 years,Overall,1641710.0,6.0,Scenarios B & D,2026-01-11
Oklahoma,18-49 years,Overall,1641710.0,6.2,Scenarios B & D,2026-01-18
Oklahoma,18-49 years,Overall,1641710.0,6.3,Scenarios B & D,2026-01-25
Oklahoma,18-49 years,Overall,1641710.0,6.4,Scenarios B & D,2026-02-01
Oklahoma,18-49 years,Overall,1641710.0,6.6,Scenarios B & D,2026-02-08
Oklahoma,18-49 years,Overall,1641710.0,6.7,Scenarios B & D,2026-02-15
Oklahoma,18-49 years,Overall,1641710.0,6.8,Scenarios B & D,2026-02-22
Oklahoma,18-49 years,Overall,1641710.0,6.9,Scenarios B & D,2026-03-01
Oklahoma,18-49 years,Overall,1641710.0,7.1,Scenarios B & D,2026-03-08
Oklahoma,18-49 years,Overall,1641710.0,7.2,Scenarios B & D,2026-03-15
Oklahoma,18-49 years,Overall,1641710.0,7.3,Scenarios B & D,2026-03-22
Oklahoma,18-49 years,Overall,1641710.0,7.4,Scenarios B & D,2026-03-29
Oklahoma,18-49 years,Overall,1641710.0,7.5,Scenarios B & D,2026-04-05
Oklahoma,18-49 years,Overall,1641710.0,7.7,Scenarios B & D,2026-04-12
Oklahoma,18-49 years,Overall,1641710.0,7.8,Scenarios B & D,2026-04-19
Oklahoma,18-49 years,Overall,1641710.0,7.9,Scenarios B & D,2026-04-26
Oklahoma,50-64 years,Overall,712704.0,0.0,Scenarios B & D,2025-08-03
Oklahoma,50-64 years,Overall,712704.0,0.0,Scenarios B & D,2025-08-10
Oklahoma,50-64 years,Overall,712704.0,0.4,Scenarios B & D,2025-08-17
Oklahoma,50-64 years,Overall,712704.0,1.2,Scenarios B & D,2025-08-24
Oklahoma,50-64 years,Overall,712704.0,2.1,Scenarios B & D,2025-08-31
Oklahoma,50-64 years,Overall,712704.0,3.0,Scenarios B & D,2025-09-07
Oklahoma,50-64 years,Overall,712704.0,4.0,Scenarios B & D,2025-09-14
Oklahoma,50-64 years,Overall,712704.0,5.0,Scenarios B & D,2025-09-21
Oklahoma,50-64 years,Overall,712704.0,6.0,Scenarios B & D,2025-09-28
Oklahoma,50-64 years,Overall,712704.0,6.9,Scenarios B & D,2025-10-05
Oklahoma,50-64 years,Overall,712704.0,7.9,Scenarios B & D,2025-10-12
Oklahoma,50-64 years,Overall,712704.0,8.9,Scenarios B & D,2025-10-19
Oklahoma,50-64 years,Overall,712704.0,9.8,Scenarios B & D,2025-10-26
Oklahoma,50-64 years,Overall,712704.0,10.7,Scenarios B & D,2025-11-02
Oklahoma,50-64 years,Overall,712704.0,11.5,Scenarios B & D,2025-11-09
Oklahoma,50-64 years,Overall,712704.0,12.2,Scenarios B & D,2025-11-16
Oklahoma,50-64 years,Overall,712704.0,12.9,Scenarios B & D,2025-11-23
Oklahoma,50-64 years,Overall,712704.0,13.5,Scenarios B & D,2025-11-30
Oklahoma,50-64 years,Overall,712704.0,14.0,Scenarios B & D,2025-12-07
Oklahoma,50-64 years,Overall,712704.0,14.5,Scenarios B & D,2025-12-14
Oklahoma,50-64 years,Overall,712704.0,14.9,Scenarios B & D,2025-12-21
Oklahoma,50-64 years,Overall,712704.0,15.3,Scenarios B & D,2025-12-28
Oklahoma,50-64 years,Overall,712704.0,15.6,Scenarios B & D,2026-01-04
Oklahoma,50-64 years,Overall,712704.0,15.9,Scenarios B & D,2026-01-11
Oklahoma,50-64 years,Overall,712704.0,16.2,Scenarios B & D,2026-01-18
Oklahoma,50-64 years,Overall,712704.0,16.5,Scenarios B & D,2026-01-25
Oklahoma,50-64 years,Overall,712704.0,16.7,Scenarios B & D,2026-02-01
Oklahoma,50-64 years,Overall,712704.0,17.0,Scenarios B & D,2026-02-08
Oklahoma,50-64 years,Overall,712704.0,17.2,Scenarios B & D,2026-02-15
Oklahoma,50-64 years,Overall,712704.0,17.4,Scenarios B & D,2026-02-22
Oklahoma,50-64 years,Overall,712704.0,17.7,Scenarios B & D,2026-03-01
Oklahoma,50-64 years,Overall,712704.0,17.9,Scenarios B & D,2026-03-08
Oklahoma,50-64 years,Overall,712704.0,18.2,Scenarios B & D,2026-03-15
Oklahoma,50-64 years,Overall,712704.0,18.4,Scenarios B & D,2026-03-22
Oklahoma,50-64 years,Overall,712704.0,18.7,Scenarios B & D,2026-03-29
Oklahoma,50-64 years,Overall,712704.0,18.9,Scenarios B & D,2026-04-05
Oklahoma,50-64 years,Overall,712704.0,19.2,Scenarios B & D,2026-04-12
Oklahoma,50-64 years,Overall,712704.0,19.4,Scenarios B & D,2026-04-19
Oklahoma,50-64 years,Overall,712704.0,19.7,Scenarios B & D,2026-04-26
Oklahoma,6 months-17 years,Overall,929130.0,0.0,Scenarios B & D,2025-08-03
Oklahoma,6 months-17 years,Overall,929130.0,0.0,Scenarios B & D,2025-08-10
Oklahoma,6 months-17 years,Overall,929130.0,0.0,Scenarios B & D,2025-08-17
Oklahoma,6 months-17 years,Overall,929130.0,0.1,Scenarios B & D,2025-08-24
Oklahoma,6 months-17 years,Overall,929130.0,0.4,Scenarios B & D,2025-08-31
Oklahoma,6 months-17 years,Overall,929130.0,0.7,Scenarios B & D,2025-09-07
Oklahoma,6 months-17 years,Overall,929130.0,1.0,Scenarios B & D,2025-09-14
Oklahoma,6 months-17 years,Overall,929130.0,1.3,Scenarios B & D,2025-09-21
Oklahoma,6 months-17 years,Overall,929130.0,1.7,Scenarios B & D,2025-09-28
Oklahoma,6 months-17 years,Overall,929130.0,2.0,Scenarios B & D,2025-10-05
Oklahoma,6 months-17 years,Overall,929130.0,2.3,Scenarios B & D,2025-10-12
Oklahoma,6 months-17 years,Overall,929130.0,2.7,Scenarios B & D,2025-10-19
Oklahoma,6 months-17 years,Overall,929130.0,3.0,Scenarios B & D,2025-10-26
Oklahoma,6 months-17 years,Overall,929130.0,3.3,Scenarios B & D,2025-11-02
Oklahoma,6 months-17 years,Overall,929130.0,3.6,Scenarios B & D,2025-11-09
Oklahoma,6 months-17 years,Overall,929130.0,3.9,Scenarios B & D,2025-11-16
Oklahoma,6 months-17 years,Overall,929130.0,4.2,Scenarios B & D,2025-11-23
Oklahoma,6 months-17 years,Overall,929130.0,4.4,Scenarios B & D,2025-11-30
Oklahoma,6 months-17 years,Overall,929130.0,4.6,Scenarios B & D,2025-12-07
Oklahoma,6 months-17 years,Overall,929130.0,4.9,Scenarios B & D,2025-12-14
Oklahoma,6 months-17 years,Overall,929130.0,5.0,Scenarios B & D,2025-12-21
Oklahoma,6 months-17 years,Overall,929130.0,5.2,Scenarios B & D,2025-12-28
Oklahoma,6 months-17 years,Overall,929130.0,5.4,Scenarios B & D,2026-01-04
Oklahoma,6 months-17 years,Overall,929130.0,5.5,Scenarios B & D,2026-01-11
Oklahoma,6 months-17 years,Overall,929130.0,5.6,Scenarios B & D,2026-01-18
Oklahoma,6 months-17 years,Overall,929130.0,5.8,Scenarios B & D,2026-01-25
Oklahoma,6 months-17 years,Overall,929130.0,5.9,Scenarios B & D,2026-02-01
Oklahoma,6 months-17 years,Overall,929130.0,6.0,Scenarios B & D,2026-02-08
Oklahoma,6 months-17 years,Overall,929130.0,6.1,Scenarios B & D,2026-02-15
Oklahoma,6 months-17 years,Overall,929130.0,6.1,Scenarios B & D,2026-02-22
Oklahoma,6 months-17 years,Overall,929130.0,6.2,Scenarios B & D,2026-03-01
Oklahoma,6 months-17 years,Overall,929130.0,6.3,Scenarios B & D,2026-03-08
Oklahoma,6 months-17 years,Overall,929130.0,6.4,Scenarios B & D,2026-03-15
Oklahoma,6 months-17 years,Overall,929130.0,6.5,Scenarios B & D,2026-03-22
Oklahoma,6 months-17 years,Overall,929130.0,6.6,Scenarios B & D,2026-03-29
Oklahoma,6 months-17 years,Overall,929130.0,6.6,Scenarios B & D,2026-04-05
Oklahoma,6 months-17 years,Overall,929130.0,6.7,Scenarios B & D,2026-04-12
Oklahoma,6 months-17 years,Overall,929130.0,6.8,Scenarios B & D,2026-04-19
Oklahoma,6 months-17 years,Overall,929130.0,6.9,Scenarios B & D,2026-04-26
Oklahoma,65+ years,Overall,653159.0,0.0,Scenarios B & D,2025-08-03
Oklahoma,65+ years,Overall,653159.0,0.3,Scenarios B & D,2025-08-10
Oklahoma,65+ years,Overall,653159.0,2.3,Scenarios B & D,2025-08-17
Oklahoma,65+ years,Overall,653159.0,4.2,Scenarios B & D,2025-08-24
Oklahoma,65+ years,Overall,653159.0,6.2,Scenarios B & D,2025-08-31
Oklahoma,65+ years,Overall,653159.0,8.2,Scenarios B & D,2025-09-07
Oklahoma,65+ years,Overall,653159.0,10.3,Scenarios B & D,2025-09-14
Oklahoma,65+ years,Overall,653159.0,12.3,Scenarios B & D,2025-09-21
Oklahoma,65+ years,Overall,653159.0,14.3,Scenarios B & D,2025-09-28
Oklahoma,65+ years,Overall,653159.0,16.2,Scenarios B & D,2025-10-05
Oklahoma,65+ years,Overall,653159.0,18.0,Scenarios B & D,2025-10-12
Oklahoma,65+ years,Overall,653159.0,19.7,Scenarios B & D,2025-10-19
Oklahoma,65+ years,Overall,653159.0,21.3,Scenarios B & D,2025-10-26
Oklahoma,65+ years,Overall,653159.0,22.7,Scenarios B & D,2025-11-02
Oklahoma,65+ years,Overall,653159.0,24.0,Scenarios B & D,2025-11-09
Oklahoma,65+ years,Overall,653159.0,25.2,Scenarios B & D,2025-11-16
Oklahoma,65+ years,Overall,653159.0,26.2,Scenarios B & D,2025-11-23
Oklahoma,65+ years,Overall,653159.0,27.1,Scenarios B & D,2025-11-30
Oklahoma,65+ years,Overall,653159.0,27.9,Scenarios B & D,2025-12-07
Oklahoma,65+ years,Overall,653159.0,28.6,Scenarios B & D,2025-12-14
Oklahoma,65+ years,Overall,653159.0,29.2,Scenarios B & D,2025-12-21
Oklahoma,65+ years,Overall,653159.0,29.8,Scenarios B & D,2025-12-28
Oklahoma,65+ years,Overall,653159.0,30.3,Scenarios B & D,2026-01-04
Oklahoma,65+ years,Overall,653159.0,30.8,Scenarios B & D,2026-01-11
Oklahoma,65+ years,Overall,653159.0,31.3,Scenarios B & D,2026-01-18
Oklahoma,65+ years,Overall,653159.0,31.7,Scenarios B & D,2026-01-25
Oklahoma,65+ years,Overall,653159.0,32.1,Scenarios B & D,2026-02-01
Oklahoma,65+ years,Overall,653159.0,32.5,Scenarios B & D,2026-02-08
Oklahoma,65+ years,Overall,653159.0,32.9,Scenarios B & D,2026-02-15
Oklahoma,65+ years,Overall,653159.0,33.3,Scenarios B & D,2026-02-22
Oklahoma,65+ years,Overall,653159.0,33.7,Scenarios B & D,2026-03-01
Oklahoma,65+ years,Overall,653159.0,34.1,Scenarios B & D,2026-03-08
Oklahoma,65+ years,Overall,653159.0,34.5,Scenarios B & D,2026-03-15
Oklahoma,65+ years,Overall,653159.0,34.9,Scenarios B & D,2026-03-22
Oklahoma,65+ years,Overall,653159.0,35.3,Scenarios B & D,2026-03-29
Oklahoma,65+ years,Overall,653159.0,35.7,Scenarios B & D,2026-04-05
Oklahoma,65+ years,Overall,653159.0,36.0,Scenarios B & D,2026-04-12
Oklahoma,65+ years,Overall,653159.0,36.4,Scenarios B & D,2026-04-19
Oklahoma,65+ years,Overall,653159.0,36.8,Scenarios B & D,2026-04-26
Oregon,18-49 years,Overall,1803746.0,0.0,Scenarios B & D,2025-08-03
Oregon,18-49 years,Overall,1803746.0,0.0,Scenarios B & D,2025-08-10
Oregon,18-49 years,Overall,1803746.0,0.6,Scenarios B & D,2025-08-17
Oregon,18-49 years,Overall,1803746.0,1.5,Scenarios B & D,2025-08-24
Oregon,18-49 years,Overall,1803746.0,2.5,Scenarios B & D,2025-08-31
Oregon,18-49 years,Overall,1803746.0,3.5,Scenarios B & D,2025-09-07
Oregon,18-49 years,Overall,1803746.0,4.5,Scenarios B & D,2025-09-14
Oregon,18-49 years,Overall,1803746.0,5.5,Scenarios B & D,2025-09-21
Oregon,18-49 years,Overall,1803746.0,6.6,Scenarios B & D,2025-09-28
Oregon,18-49 years,Overall,1803746.0,7.6,Scenarios B & D,2025-10-05
Oregon,18-49 years,Overall,1803746.0,8.6,Scenarios B & D,2025-10-12
Oregon,18-49 years,Overall,1803746.0,9.6,Scenarios B & D,2025-10-19
Oregon,18-49 years,Overall,1803746.0,10.5,Scenarios B & D,2025-10-26
Oregon,18-49 years,Overall,1803746.0,11.4,Scenarios B & D,2025-11-02
Oregon,18-49 years,Overall,1803746.0,12.3,Scenarios B & D,2025-11-09
Oregon,18-49 years,Overall,1803746.0,13.1,Scenarios B & D,2025-11-16
Oregon,18-49 years,Overall,1803746.0,13.8,Scenarios B & D,2025-11-23
Oregon,18-49 years,Overall,1803746.0,14.5,Scenarios B & D,2025-11-30
Oregon,18-49 years,Overall,1803746.0,15.1,Scenarios B & D,2025-12-07
Oregon,18-49 years,Overall,1803746.0,15.6,Scenarios B & D,2025-12-14
Oregon,18-49 years,Overall,1803746.0,16.1,Scenarios B & D,2025-12-21
Oregon,18-49 years,Overall,1803746.0,16.5,Scenarios B & D,2025-12-28
Oregon,18-49 years,Overall,1803746.0,16.9,Scenarios B & D,2026-01-04
Oregon,18-49 years,Overall,1803746.0,17.2,Scenarios B & D,2026-01-11
Oregon,18-49 years,Overall,1803746.0,17.5,Scenarios B & D,2026-01-18
Oregon,18-49 years,Overall,1803746.0,17.8,Scenarios B & D,2026-01-25
Oregon,18-49 years,Overall,1803746.0,18.1,Scenarios B & D,2026-02-01
Oregon,18-49 years,Overall,1803746.0,18.4,Scenarios B & D,2026-02-08
Oregon,18-49 years,Overall,1803746.0,18.7,Scenarios B & D,2026-02-15
Oregon,18-49 years,Overall,1803746.0,19.0,Scenarios B & D,2026-02-22
Oregon,18-49 years,Overall,1803746.0,19.2,Scenarios B & D,2026-03-01
Oregon,18-49 years,Overall,1803746.0,19.5,Scenarios B & D,2026-03-08
Oregon,18-49 years,Overall,1803746.0,19.8,Scenarios B & D,2026-03-15
Oregon,18-49 years,Overall,1803746.0,20.1,Scenarios B & D,2026-03-22
Oregon,18-49 years,Overall,1803746.0,20.4,Scenarios B & D,2026-03-29
Oregon,18-49 years,Overall,1803746.0,20.7,Scenarios B & D,2026-04-05
Oregon,18-49 years,Overall,1803746.0,21.0,Scenarios B & D,2026-04-12
Oregon,18-49 years,Overall,1803746.0,21.2,Scenarios B & D,2026-04-19
Oregon,18-49 years,Overall,1803746.0,21.5,Scenarios B & D,2026-04-26
Oregon,50-64 years,Overall,784877.0,0.0,Scenarios B & D,2025-08-03
Oregon,50-64 years,Overall,784877.0,0.0,Scenarios B & D,2025-08-10
Oregon,50-64 years,Overall,784877.0,1.2,Scenarios B & D,2025-08-17
Oregon,50-64 years,Overall,784877.0,3.2,Scenarios B & D,2025-08-24
Oregon,50-64 years,Overall,784877.0,5.2,Scenarios B & D,2025-08-31
Oregon,50-64 years,Overall,784877.0,7.3,Scenarios B & D,2025-09-07
Oregon,50-64 years,Overall,784877.0,9.5,Scenarios B & D,2025-09-14
Oregon,50-64 years,Overall,784877.0,11.7,Scenarios B & D,2025-09-21
Oregon,50-64 years,Overall,784877.0,13.9,Scenarios B & D,2025-09-28
Oregon,50-64 years,Overall,784877.0,16.1,Scenarios B & D,2025-10-05
Oregon,50-64 years,Overall,784877.0,18.2,Scenarios B & D,2025-10-12
Oregon,50-64 years,Overall,784877.0,20.3,Scenarios B & D,2025-10-19
Oregon,50-64 years,Overall,784877.0,22.3,Scenarios B & D,2025-10-26
Oregon,50-64 years,Overall,784877.0,24.1,Scenarios B & D,2025-11-02
Oregon,50-64 years,Overall,784877.0,25.8,Scenarios B & D,2025-11-09
Oregon,50-64 years,Overall,784877.0,27.3,Scenarios B & D,2025-11-16
Oregon,50-64 years,Overall,784877.0,28.6,Scenarios B & D,2025-11-23
Oregon,50-64 years,Overall,784877.0,29.8,Scenarios B & D,2025-11-30
Oregon,50-64 years,Overall,784877.0,30.7,Scenarios B & D,2025-12-07
Oregon,50-64 years,Overall,784877.0,31.6,Scenarios B & D,2025-12-14
Oregon,50-64 years,Overall,784877.0,32.3,Scenarios B & D,2025-12-21
Oregon,50-64 years,Overall,784877.0,32.9,Scenarios B & D,2025-12-28
Oregon,50-64 years,Overall,784877.0,33.4,Scenarios B & D,2026-01-04
Oregon,50-64 years,Overall,784877.0,33.8,Scenarios B & D,2026-01-11
Oregon,50-64 years,Overall,784877.0,34.2,Scenarios B & D,2026-01-18
Oregon,50-64 years,Overall,784877.0,34.6,Scenarios B & D,2026-01-25
Oregon,50-64 years,Overall,784877.0,34.9,Scenarios B & D,2026-02-01
Oregon,50-64 years,Overall,784877.0,35.3,Scenarios B & D,2026-02-08
Oregon,50-64 years,Overall,784877.0,35.6,Scenarios B & D,2026-02-15
Oregon,50-64 years,Overall,784877.0,35.9,Scenarios B & D,2026-02-22
Oregon,50-64 years,Overall,784877.0,36.2,Scenarios B & D,2026-03-01
Oregon,50-64 years,Overall,784877.0,36.5,Scenarios B & D,2026-03-08
Oregon,50-64 years,Overall,784877.0,36.9,Scenarios B & D,2026-03-15
Oregon,50-64 years,Overall,784877.0,37.2,Scenarios B & D,2026-03-22
Oregon,50-64 years,Overall,784877.0,37.5,Scenarios B & D,2026-03-29
Oregon,50-64 years,Overall,784877.0,37.8,Scenarios B & D,2026-04-05
Oregon,50-64 years,Overall,784877.0,38.1,Scenarios B & D,2026-04-12
Oregon,50-64 years,Overall,784877.0,38.5,Scenarios B & D,2026-04-19
Oregon,50-64 years,Overall,784877.0,38.8,Scenarios B & D,2026-04-26
Oregon,6 months-17 years,Overall,839769.0,0.0,Scenarios B & D,2025-08-03
Oregon,6 months-17 years,Overall,839769.0,0.0,Scenarios B & D,2025-08-10
Oregon,6 months-17 years,Overall,839769.0,0.0,Scenarios B & D,2025-08-17
Oregon,6 months-17 years,Overall,839769.0,0.6,Scenarios B & D,2025-08-24
Oregon,6 months-17 years,Overall,839769.0,1.6,Scenarios B & D,2025-08-31
Oregon,6 months-17 years,Overall,839769.0,2.6,Scenarios B & D,2025-09-07
Oregon,6 months-17 years,Overall,839769.0,3.6,Scenarios B & D,2025-09-14
Oregon,6 months-17 years,Overall,839769.0,4.6,Scenarios B & D,2025-09-21
Oregon,6 months-17 years,Overall,839769.0,5.7,Scenarios B & D,2025-09-28
Oregon,6 months-17 years,Overall,839769.0,6.7,Scenarios B & D,2025-10-05
Oregon,6 months-17 years,Overall,839769.0,7.8,Scenarios B & D,2025-10-12
Oregon,6 months-17 years,Overall,839769.0,8.8,Scenarios B & D,2025-10-19
Oregon,6 months-17 years,Overall,839769.0,9.8,Scenarios B & D,2025-10-26
Oregon,6 months-17 years,Overall,839769.0,10.8,Scenarios B & D,2025-11-02
Oregon,6 months-17 years,Overall,839769.0,11.7,Scenarios B & D,2025-11-09
Oregon,6 months-17 years,Overall,839769.0,12.6,Scenarios B & D,2025-11-16
Oregon,6 months-17 years,Overall,839769.0,13.4,Scenarios B & D,2025-11-23
Oregon,6 months-17 years,Overall,839769.0,14.2,Scenarios B & D,2025-11-30
Oregon,6 months-17 years,Overall,839769.0,14.9,Scenarios B & D,2025-12-07
Oregon,6 months-17 years,Overall,839769.0,15.5,Scenarios B & D,2025-12-14
Oregon,6 months-17 years,Overall,839769.0,16.0,Scenarios B & D,2025-12-21
Oregon,6 months-17 years,Overall,839769.0,16.6,Scenarios B & D,2025-12-28
Oregon,6 months-17 years,Overall,839769.0,17.0,Scenarios B & D,2026-01-04
Oregon,6 months-17 years,Overall,839769.0,17.4,Scenarios B & D,2026-01-11
Oregon,6 months-17 years,Overall,839769.0,17.8,Scenarios B & D,2026-01-18
Oregon,6 months-17 years,Overall,839769.0,18.2,Scenarios B & D,2026-01-25
Oregon,6 months-17 years,Overall,839769.0,18.5,Scenarios B & D,2026-02-01
Oregon,6 months-17 years,Overall,839769.0,18.8,Scenarios B & D,2026-02-08
Oregon,6 months-17 years,Overall,839769.0,19.1,Scenarios B & D,2026-02-15
Oregon,6 months-17 years,Overall,839769.0,19.3,Scenarios B & D,2026-02-22
Oregon,6 months-17 years,Overall,839769.0,19.6,Scenarios B & D,2026-03-01
Oregon,6 months-17 years,Overall,839769.0,19.9,Scenarios B & D,2026-03-08
Oregon,6 months-17 years,Overall,839769.0,20.1,Scenarios B & D,2026-03-15
Oregon,6 months-17 years,Overall,839769.0,20.4,Scenarios B & D,2026-03-22
Oregon,6 months-17 years,Overall,839769.0,20.7,Scenarios B & D,2026-03-29
Oregon,6 months-17 years,Overall,839769.0,20.9,Scenarios B & D,2026-04-05
Oregon,6 months-17 years,Overall,839769.0,21.2,Scenarios B & D,2026-04-12
Oregon,6 months-17 years,Overall,839769.0,21.4,Scenarios B & D,2026-04-19
Oregon,6 months-17 years,Overall,839769.0,21.7,Scenarios B & D,2026-04-26
Oregon,65+ years,Overall,789527.0,0.0,Scenarios B & D,2025-08-03
Oregon,65+ years,Overall,789527.0,0.0,Scenarios B & D,2025-08-10
Oregon,65+ years,Overall,789527.0,3.3,Scenarios B & D,2025-08-17
Oregon,65+ years,Overall,789527.0,6.7,Scenarios B & D,2025-08-24
Oregon,65+ years,Overall,789527.0,10.1,Scenarios B & D,2025-08-31
Oregon,65+ years,Overall,789527.0,13.5,Scenarios B & D,2025-09-07
Oregon,65+ years,Overall,789527.0,17.0,Scenarios B & D,2025-09-14
Oregon,65+ years,Overall,789527.0,20.5,Scenarios B & D,2025-09-21
Oregon,65+ years,Overall,789527.0,23.9,Scenarios B & D,2025-09-28
Oregon,65+ years,Overall,789527.0,27.3,Scenarios B & D,2025-10-05
Oregon,65+ years,Overall,789527.0,30.5,Scenarios B & D,2025-10-12
Oregon,65+ years,Overall,789527.0,33.5,Scenarios B & D,2025-10-19
Oregon,65+ years,Overall,789527.0,36.3,Scenarios B & D,2025-10-26
Oregon,65+ years,Overall,789527.0,38.9,Scenarios B & D,2025-11-02
Oregon,65+ years,Overall,789527.0,41.1,Scenarios B & D,2025-11-09
Oregon,65+ years,Overall,789527.0,43.2,Scenarios B & D,2025-11-16
Oregon,65+ years,Overall,789527.0,45.0,Scenarios B & D,2025-11-23
Oregon,65+ years,Overall,789527.0,46.5,Scenarios B & D,2025-11-30
Oregon,65+ years,Overall,789527.0,47.8,Scenarios B & D,2025-12-07
Oregon,65+ years,Overall,789527.0,48.9,Scenarios B & D,2025-12-14
Oregon,65+ years,Overall,789527.0,49.9,Scenarios B & D,2025-12-21
Oregon,65+ years,Overall,789527.0,50.7,Scenarios B & D,2025-12-28
Oregon,65+ years,Overall,789527.0,51.4,Scenarios B & D,2026-01-04
Oregon,65+ years,Overall,789527.0,52.0,Scenarios B & D,2026-01-11
Oregon,65+ years,Overall,789527.0,52.6,Scenarios B & D,2026-01-18
Oregon,65+ years,Overall,789527.0,53.1,Scenarios B & D,2026-01-25
Oregon,65+ years,Overall,789527.0,53.6,Scenarios B & D,2026-02-01
Oregon,65+ years,Overall,789527.0,54.1,Scenarios B & D,2026-02-08
Oregon,65+ years,Overall,789527.0,54.6,Scenarios B & D,2026-02-15
Oregon,65+ years,Overall,789527.0,55.1,Scenarios B & D,2026-02-22
Oregon,65+ years,Overall,789527.0,55.6,Scenarios B & D,2026-03-01
Oregon,65+ years,Overall,789527.0,56.1,Scenarios B & D,2026-03-08
Oregon,65+ years,Overall,789527.0,56.6,Scenarios B & D,2026-03-15
Oregon,65+ years,Overall,789527.0,57.1,Scenarios B & D,2026-03-22
Oregon,65+ years,Overall,789527.0,57.5,Scenarios B & D,2026-03-29
Oregon,65+ years,Overall,789527.0,58.0,Scenarios B & D,2026-04-05
Oregon,65+ years,Overall,789527.0,58.5,Scenarios B & D,2026-04-12
Oregon,65+ years,Overall,789527.0,59.0,Scenarios B & D,2026-04-19
Oregon,65+ years,Overall,789527.0,59.5,Scenarios B & D,2026-04-26
Pennsylvania,18-49 years,Overall,5103316.0,0.0,Scenarios B & D,2025-08-03
Pennsylvania,18-49 years,Overall,5103316.0,0.0,Scenarios B & D,2025-08-10
Pennsylvania,18-49 years,Overall,5103316.0,0.5,Scenarios B & D,2025-08-17
Pennsylvania,18-49 years,Overall,5103316.0,1.2,Scenarios B & D,2025-08-24
Pennsylvania,18-49 years,Overall,5103316.0,1.9,Scenarios B & D,2025-08-31
Pennsylvania,18-49 years,Overall,5103316.0,2.7,Scenarios B & D,2025-09-07
Pennsylvania,18-49 years,Overall,5103316.0,3.5,Scenarios B & D,2025-09-14
Pennsylvania,18-49 years,Overall,5103316.0,4.3,Scenarios B & D,2025-09-21
Pennsylvania,18-49 years,Overall,5103316.0,5.1,Scenarios B & D,2025-09-28
Pennsylvania,18-49 years,Overall,5103316.0,6.0,Scenarios B & D,2025-10-05
Pennsylvania,18-49 years,Overall,5103316.0,6.8,Scenarios B & D,2025-10-12
Pennsylvania,18-49 years,Overall,5103316.0,7.6,Scenarios B & D,2025-10-19
Pennsylvania,18-49 years,Overall,5103316.0,8.3,Scenarios B & D,2025-10-26
Pennsylvania,18-49 years,Overall,5103316.0,9.0,Scenarios B & D,2025-11-02
Pennsylvania,18-49 years,Overall,5103316.0,9.7,Scenarios B & D,2025-11-09
Pennsylvania,18-49 years,Overall,5103316.0,10.4,Scenarios B & D,2025-11-16
Pennsylvania,18-49 years,Overall,5103316.0,11.0,Scenarios B & D,2025-11-23
Pennsylvania,18-49 years,Overall,5103316.0,11.5,Scenarios B & D,2025-11-30
Pennsylvania,18-49 years,Overall,5103316.0,12.0,Scenarios B & D,2025-12-07
Pennsylvania,18-49 years,Overall,5103316.0,12.5,Scenarios B & D,2025-12-14
Pennsylvania,18-49 years,Overall,5103316.0,12.9,Scenarios B & D,2025-12-21
Pennsylvania,18-49 years,Overall,5103316.0,13.3,Scenarios B & D,2025-12-28
Pennsylvania,18-49 years,Overall,5103316.0,13.6,Scenarios B & D,2026-01-04
Pennsylvania,18-49 years,Overall,5103316.0,14.0,Scenarios B & D,2026-01-11
Pennsylvania,18-49 years,Overall,5103316.0,14.3,Scenarios B & D,2026-01-18
Pennsylvania,18-49 years,Overall,5103316.0,14.6,Scenarios B & D,2026-01-25
Pennsylvania,18-49 years,Overall,5103316.0,15.0,Scenarios B & D,2026-02-01
Pennsylvania,18-49 years,Overall,5103316.0,15.3,Scenarios B & D,2026-02-08
Pennsylvania,18-49 years,Overall,5103316.0,15.6,Scenarios B & D,2026-02-15
Pennsylvania,18-49 years,Overall,5103316.0,15.9,Scenarios B & D,2026-02-22
Pennsylvania,18-49 years,Overall,5103316.0,16.2,Scenarios B & D,2026-03-01
Pennsylvania,18-49 years,Overall,5103316.0,16.6,Scenarios B & D,2026-03-08
Pennsylvania,18-49 years,Overall,5103316.0,16.9,Scenarios B & D,2026-03-15
Pennsylvania,18-49 years,Overall,5103316.0,17.2,Scenarios B & D,2026-03-22
Pennsylvania,18-49 years,Overall,5103316.0,17.5,Scenarios B & D,2026-03-29
Pennsylvania,18-49 years,Overall,5103316.0,17.8,Scenarios B & D,2026-04-05
Pennsylvania,18-49 years,Overall,5103316.0,18.2,Scenarios B & D,2026-04-12
Pennsylvania,18-49 years,Overall,5103316.0,18.5,Scenarios B & D,2026-04-19
Pennsylvania,18-49 years,Overall,5103316.0,18.8,Scenarios B & D,2026-04-26
Pennsylvania,50-64 years,Overall,2605116.0,0.0,Scenarios B & D,2025-08-03
Pennsylvania,50-64 years,Overall,2605116.0,0.0,Scenarios B & D,2025-08-10
Pennsylvania,50-64 years,Overall,2605116.0,1.3,Scenarios B & D,2025-08-17
Pennsylvania,50-64 years,Overall,2605116.0,2.7,Scenarios B & D,2025-08-24
Pennsylvania,50-64 years,Overall,2605116.0,4.1,Scenarios B & D,2025-08-31
Pennsylvania,50-64 years,Overall,2605116.0,5.5,Scenarios B & D,2025-09-07
Pennsylvania,50-64 years,Overall,2605116.0,7.0,Scenarios B & D,2025-09-14
Pennsylvania,50-64 years,Overall,2605116.0,8.4,Scenarios B & D,2025-09-21
Pennsylvania,50-64 years,Overall,2605116.0,9.9,Scenarios B & D,2025-09-28
Pennsylvania,50-64 years,Overall,2605116.0,11.3,Scenarios B & D,2025-10-05
Pennsylvania,50-64 years,Overall,2605116.0,12.7,Scenarios B & D,2025-10-12
Pennsylvania,50-64 years,Overall,2605116.0,14.0,Scenarios B & D,2025-10-19
Pennsylvania,50-64 years,Overall,2605116.0,15.2,Scenarios B & D,2025-10-26
Pennsylvania,50-64 years,Overall,2605116.0,16.3,Scenarios B & D,2025-11-02
Pennsylvania,50-64 years,Overall,2605116.0,17.3,Scenarios B & D,2025-11-09
Pennsylvania,50-64 years,Overall,2605116.0,18.3,Scenarios B & D,2025-11-16
Pennsylvania,50-64 years,Overall,2605116.0,19.1,Scenarios B & D,2025-11-23
Pennsylvania,50-64 years,Overall,2605116.0,19.9,Scenarios B & D,2025-11-30
Pennsylvania,50-64 years,Overall,2605116.0,20.6,Scenarios B & D,2025-12-07
Pennsylvania,50-64 years,Overall,2605116.0,21.2,Scenarios B & D,2025-12-14
Pennsylvania,50-64 years,Overall,2605116.0,21.7,Scenarios B & D,2025-12-21
Pennsylvania,50-64 years,Overall,2605116.0,22.2,Scenarios B & D,2025-12-28
Pennsylvania,50-64 years,Overall,2605116.0,22.6,Scenarios B & D,2026-01-04
Pennsylvania,50-64 years,Overall,2605116.0,23.1,Scenarios B & D,2026-01-11
Pennsylvania,50-64 years,Overall,2605116.0,23.4,Scenarios B & D,2026-01-18
Pennsylvania,50-64 years,Overall,2605116.0,23.8,Scenarios B & D,2026-01-25
Pennsylvania,50-64 years,Overall,2605116.0,24.1,Scenarios B & D,2026-02-01
Pennsylvania,50-64 years,Overall,2605116.0,24.5,Scenarios B & D,2026-02-08
Pennsylvania,50-64 years,Overall,2605116.0,24.8,Scenarios B & D,2026-02-15
Pennsylvania,50-64 years,Overall,2605116.0,25.1,Scenarios B & D,2026-02-22
Pennsylvania,50-64 years,Overall,2605116.0,25.5,Scenarios B & D,2026-03-01
Pennsylvania,50-64 years,Overall,2605116.0,25.8,Scenarios B & D,2026-03-08
Pennsylvania,50-64 years,Overall,2605116.0,26.2,Scenarios B & D,2026-03-15
Pennsylvania,50-64 years,Overall,2605116.0,26.5,Scenarios B & D,2026-03-22
Pennsylvania,50-64 years,Overall,2605116.0,26.8,Scenarios B & D,2026-03-29
Pennsylvania,50-64 years,Overall,2605116.0,27.2,Scenarios B & D,2026-04-05
Pennsylvania,50-64 years,Overall,2605116.0,27.5,Scenarios B & D,2026-04-12
Pennsylvania,50-64 years,Overall,2605116.0,27.8,Scenarios B & D,2026-04-19
Pennsylvania,50-64 years,Overall,2605116.0,28.2,Scenarios B & D,2026-04-26
Pennsylvania,6 months-17 years,Overall,2554230.0,0.0,Scenarios B & D,2025-08-03
Pennsylvania,6 months-17 years,Overall,2554230.0,0.0,Scenarios B & D,2025-08-10
Pennsylvania,6 months-17 years,Overall,2554230.0,0.0,Scenarios B & D,2025-08-17
Pennsylvania,6 months-17 years,Overall,2554230.0,0.5,Scenarios B & D,2025-08-24
Pennsylvania,6 months-17 years,Overall,2554230.0,1.2,Scenarios B & D,2025-08-31
Pennsylvania,6 months-17 years,Overall,2554230.0,1.9,Scenarios B & D,2025-09-07
Pennsylvania,6 months-17 years,Overall,2554230.0,2.6,Scenarios B & D,2025-09-14
Pennsylvania,6 months-17 years,Overall,2554230.0,3.3,Scenarios B & D,2025-09-21
Pennsylvania,6 months-17 years,Overall,2554230.0,4.0,Scenarios B & D,2025-09-28
Pennsylvania,6 months-17 years,Overall,2554230.0,4.8,Scenarios B & D,2025-10-05
Pennsylvania,6 months-17 years,Overall,2554230.0,5.5,Scenarios B & D,2025-10-12
Pennsylvania,6 months-17 years,Overall,2554230.0,6.2,Scenarios B & D,2025-10-19
Pennsylvania,6 months-17 years,Overall,2554230.0,6.8,Scenarios B & D,2025-10-26
Pennsylvania,6 months-17 years,Overall,2554230.0,7.5,Scenarios B & D,2025-11-02
Pennsylvania,6 months-17 years,Overall,2554230.0,8.1,Scenarios B & D,2025-11-09
Pennsylvania,6 months-17 years,Overall,2554230.0,8.7,Scenarios B & D,2025-11-16
Pennsylvania,6 months-17 years,Overall,2554230.0,9.3,Scenarios B & D,2025-11-23
Pennsylvania,6 months-17 years,Overall,2554230.0,9.8,Scenarios B & D,2025-11-30
Pennsylvania,6 months-17 years,Overall,2554230.0,10.3,Scenarios B & D,2025-12-07
Pennsylvania,6 months-17 years,Overall,2554230.0,10.7,Scenarios B & D,2025-12-14
Pennsylvania,6 months-17 years,Overall,2554230.0,11.1,Scenarios B & D,2025-12-21
Pennsylvania,6 months-17 years,Overall,2554230.0,11.5,Scenarios B & D,2025-12-28
Pennsylvania,6 months-17 years,Overall,2554230.0,11.8,Scenarios B & D,2026-01-04
Pennsylvania,6 months-17 years,Overall,2554230.0,12.1,Scenarios B & D,2026-01-11
Pennsylvania,6 months-17 years,Overall,2554230.0,12.4,Scenarios B & D,2026-01-18
Pennsylvania,6 months-17 years,Overall,2554230.0,12.7,Scenarios B & D,2026-01-25
Pennsylvania,6 months-17 years,Overall,2554230.0,13.0,Scenarios B & D,2026-02-01
Pennsylvania,6 months-17 years,Overall,2554230.0,13.2,Scenarios B & D,2026-02-08
Pennsylvania,6 months-17 years,Overall,2554230.0,13.4,Scenarios B & D,2026-02-15
Pennsylvania,6 months-17 years,Overall,2554230.0,13.7,Scenarios B & D,2026-02-22
Pennsylvania,6 months-17 years,Overall,2554230.0,13.9,Scenarios B & D,2026-03-01
Pennsylvania,6 months-17 years,Overall,2554230.0,14.1,Scenarios B & D,2026-03-08
Pennsylvania,6 months-17 years,Overall,2554230.0,14.3,Scenarios B & D,2026-03-15
Pennsylvania,6 months-17 years,Overall,2554230.0,14.6,Scenarios B & D,2026-03-22
Pennsylvania,6 months-17 years,Overall,2554230.0,14.8,Scenarios B & D,2026-03-29
Pennsylvania,6 months-17 years,Overall,2554230.0,15.0,Scenarios B & D,2026-04-05
Pennsylvania,6 months-17 years,Overall,2554230.0,15.2,Scenarios B & D,2026-04-12
Pennsylvania,6 months-17 years,Overall,2554230.0,15.5,Scenarios B & D,2026-04-19
Pennsylvania,6 months-17 years,Overall,2554230.0,15.7,Scenarios B & D,2026-04-26
Pennsylvania,65+ years,Overall,2447687.0,0.0,Scenarios B & D,2025-08-03
Pennsylvania,65+ years,Overall,2447687.0,0.0,Scenarios B & D,2025-08-10
Pennsylvania,65+ years,Overall,2447687.0,2.1,Scenarios B & D,2025-08-17
Pennsylvania,65+ years,Overall,2447687.0,4.4,Scenarios B & D,2025-08-24
Pennsylvania,65+ years,Overall,2447687.0,6.8,Scenarios B & D,2025-08-31
Pennsylvania,65+ years,Overall,2447687.0,9.3,Scenarios B & D,2025-09-07
Pennsylvania,65+ years,Overall,2447687.0,11.7,Scenarios B & D,2025-09-14
Pennsylvania,65+ years,Overall,2447687.0,14.2,Scenarios B & D,2025-09-21
Pennsylvania,65+ years,Overall,2447687.0,16.7,Scenarios B & D,2025-09-28
Pennsylvania,65+ years,Overall,2447687.0,19.1,Scenarios B & D,2025-10-05
Pennsylvania,65+ years,Overall,2447687.0,21.5,Scenarios B & D,2025-10-12
Pennsylvania,65+ years,Overall,2447687.0,23.7,Scenarios B & D,2025-10-19
Pennsylvania,65+ years,Overall,2447687.0,25.8,Scenarios B & D,2025-10-26
Pennsylvania,65+ years,Overall,2447687.0,27.8,Scenarios B & D,2025-11-02
Pennsylvania,65+ years,Overall,2447687.0,29.6,Scenarios B & D,2025-11-09
Pennsylvania,65+ years,Overall,2447687.0,31.2,Scenarios B & D,2025-11-16
Pennsylvania,65+ years,Overall,2447687.0,32.7,Scenarios B & D,2025-11-23
Pennsylvania,65+ years,Overall,2447687.0,34.0,Scenarios B & D,2025-11-30
Pennsylvania,65+ years,Overall,2447687.0,35.2,Scenarios B & D,2025-12-07
Pennsylvania,65+ years,Overall,2447687.0,36.2,Scenarios B & D,2025-12-14
Pennsylvania,65+ years,Overall,2447687.0,37.1,Scenarios B & D,2025-12-21
Pennsylvania,65+ years,Overall,2447687.0,37.9,Scenarios B & D,2025-12-28
Pennsylvania,65+ years,Overall,2447687.0,38.6,Scenarios B & D,2026-01-04
Pennsylvania,65+ years,Overall,2447687.0,39.2,Scenarios B & D,2026-01-11
Pennsylvania,65+ years,Overall,2447687.0,39.8,Scenarios B & D,2026-01-18
Pennsylvania,65+ years,Overall,2447687.0,40.4,Scenarios B & D,2026-01-25
Pennsylvania,65+ years,Overall,2447687.0,40.9,Scenarios B & D,2026-02-01
Pennsylvania,65+ years,Overall,2447687.0,41.4,Scenarios B & D,2026-02-08
Pennsylvania,65+ years,Overall,2447687.0,41.9,Scenarios B & D,2026-02-15
Pennsylvania,65+ years,Overall,2447687.0,42.5,Scenarios B & D,2026-02-22
Pennsylvania,65+ years,Overall,2447687.0,43.0,Scenarios B & D,2026-03-01
Pennsylvania,65+ years,Overall,2447687.0,43.5,Scenarios B & D,2026-03-08
Pennsylvania,65+ years,Overall,2447687.0,44.0,Scenarios B & D,2026-03-15
Pennsylvania,65+ years,Overall,2447687.0,44.6,Scenarios B & D,2026-03-22
Pennsylvania,65+ years,Overall,2447687.0,45.1,Scenarios B & D,2026-03-29
Pennsylvania,65+ years,Overall,2447687.0,45.6,Scenarios B & D,2026-04-05
Pennsylvania,65+ years,Overall,2447687.0,46.1,Scenarios B & D,2026-04-12
Pennsylvania,65+ years,Overall,2447687.0,46.7,Scenarios B & D,2026-04-19
Pennsylvania,65+ years,Overall,2447687.0,47.2,Scenarios B & D,2026-04-26
Rhode Island,18-49 years,Overall,439908.0,0.0,Scenarios B & D,2025-08-03
Rhode Island,18-49 years,Overall,439908.0,0.0,Scenarios B & D,2025-08-10
Rhode Island,18-49 years,Overall,439908.0,0.4,Scenarios B & D,2025-08-17
Rhode Island,18-49 years,Overall,439908.0,1.3,Scenarios B & D,2025-08-24
Rhode Island,18-49 years,Overall,439908.0,2.2,Scenarios B & D,2025-08-31
Rhode Island,18-49 years,Overall,439908.0,3.2,Scenarios B & D,2025-09-07
Rhode Island,18-49 years,Overall,439908.0,4.1,Scenarios B & D,2025-09-14
Rhode Island,18-49 years,Overall,439908.0,5.1,Scenarios B & D,2025-09-21
Rhode Island,18-49 years,Overall,439908.0,6.1,Scenarios B & D,2025-09-28
Rhode Island,18-49 years,Overall,439908.0,7.1,Scenarios B & D,2025-10-05
Rhode Island,18-49 years,Overall,439908.0,8.1,Scenarios B & D,2025-10-12
Rhode Island,18-49 years,Overall,439908.0,9.1,Scenarios B & D,2025-10-19
Rhode Island,18-49 years,Overall,439908.0,10.1,Scenarios B & D,2025-10-26
Rhode Island,18-49 years,Overall,439908.0,11.0,Scenarios B & D,2025-11-02
Rhode Island,18-49 years,Overall,439908.0,11.8,Scenarios B & D,2025-11-09
Rhode Island,18-49 years,Overall,439908.0,12.5,Scenarios B & D,2025-11-16
Rhode Island,18-49 years,Overall,439908.0,13.2,Scenarios B & D,2025-11-23
Rhode Island,18-49 years,Overall,439908.0,13.7,Scenarios B & D,2025-11-30
Rhode Island,18-49 years,Overall,439908.0,14.2,Scenarios B & D,2025-12-07
Rhode Island,18-49 years,Overall,439908.0,14.6,Scenarios B & D,2025-12-14
Rhode Island,18-49 years,Overall,439908.0,14.9,Scenarios B & D,2025-12-21
Rhode Island,18-49 years,Overall,439908.0,15.1,Scenarios B & D,2025-12-28
Rhode Island,18-49 years,Overall,439908.0,15.3,Scenarios B & D,2026-01-04
Rhode Island,18-49 years,Overall,439908.0,15.5,Scenarios B & D,2026-01-11
Rhode Island,18-49 years,Overall,439908.0,15.7,Scenarios B & D,2026-01-18
Rhode Island,18-49 years,Overall,439908.0,15.9,Scenarios B & D,2026-01-25
Rhode Island,18-49 years,Overall,439908.0,16.0,Scenarios B & D,2026-02-01
Rhode Island,18-49 years,Overall,439908.0,16.1,Scenarios B & D,2026-02-08
Rhode Island,18-49 years,Overall,439908.0,16.3,Scenarios B & D,2026-02-15
Rhode Island,18-49 years,Overall,439908.0,16.4,Scenarios B & D,2026-02-22
Rhode Island,18-49 years,Overall,439908.0,16.6,Scenarios B & D,2026-03-01
Rhode Island,18-49 years,Overall,439908.0,16.7,Scenarios B & D,2026-03-08
Rhode Island,18-49 years,Overall,439908.0,16.8,Scenarios B & D,2026-03-15
Rhode Island,18-49 years,Overall,439908.0,17.0,Scenarios B & D,2026-03-22
Rhode Island,18-49 years,Overall,439908.0,17.1,Scenarios B & D,2026-03-29
Rhode Island,18-49 years,Overall,439908.0,17.2,Scenarios B & D,2026-04-05
Rhode Island,18-49 years,Overall,439908.0,17.4,Scenarios B & D,2026-04-12
Rhode Island,18-49 years,Overall,439908.0,17.5,Scenarios B & D,2026-04-19
Rhode Island,18-49 years,Overall,439908.0,17.7,Scenarios B & D,2026-04-26
Rhode Island,50-64 years,Overall,218471.0,0.0,Scenarios B & D,2025-08-03
Rhode Island,50-64 years,Overall,218471.0,0.0,Scenarios B & D,2025-08-10
Rhode Island,50-64 years,Overall,218471.0,1.1,Scenarios B & D,2025-08-17
Rhode Island,50-64 years,Overall,218471.0,3.4,Scenarios B & D,2025-08-24
Rhode Island,50-64 years,Overall,218471.0,5.8,Scenarios B & D,2025-08-31
Rhode Island,50-64 years,Overall,218471.0,8.3,Scenarios B & D,2025-09-07
Rhode Island,50-64 years,Overall,218471.0,10.8,Scenarios B & D,2025-09-14
Rhode Island,50-64 years,Overall,218471.0,13.4,Scenarios B & D,2025-09-21
Rhode Island,50-64 years,Overall,218471.0,16.0,Scenarios B & D,2025-09-28
Rhode Island,50-64 years,Overall,218471.0,18.6,Scenarios B & D,2025-10-05
Rhode Island,50-64 years,Overall,218471.0,21.1,Scenarios B & D,2025-10-12
Rhode Island,50-64 years,Overall,218471.0,23.5,Scenarios B & D,2025-10-19
Rhode Island,50-64 years,Overall,218471.0,25.7,Scenarios B & D,2025-10-26
Rhode Island,50-64 years,Overall,218471.0,27.7,Scenarios B & D,2025-11-02
Rhode Island,50-64 years,Overall,218471.0,29.6,Scenarios B & D,2025-11-09
Rhode Island,50-64 years,Overall,218471.0,31.3,Scenarios B & D,2025-11-16
Rhode Island,50-64 years,Overall,218471.0,32.9,Scenarios B & D,2025-11-23
Rhode Island,50-64 years,Overall,218471.0,34.2,Scenarios B & D,2025-11-30
Rhode Island,50-64 years,Overall,218471.0,35.4,Scenarios B & D,2025-12-07
Rhode Island,50-64 years,Overall,218471.0,36.4,Scenarios B & D,2025-12-14
Rhode Island,50-64 years,Overall,218471.0,37.3,Scenarios B & D,2025-12-21
Rhode Island,50-64 years,Overall,218471.0,37.9,Scenarios B & D,2025-12-28
Rhode Island,50-64 years,Overall,218471.0,38.5,Scenarios B & D,2026-01-04
Rhode Island,50-64 years,Overall,218471.0,39.0,Scenarios B & D,2026-01-11
Rhode Island,50-64 years,Overall,218471.0,39.4,Scenarios B & D,2026-01-18
Rhode Island,50-64 years,Overall,218471.0,39.8,Scenarios B & D,2026-01-25
Rhode Island,50-64 years,Overall,218471.0,40.1,Scenarios B & D,2026-02-01
Rhode Island,50-64 years,Overall,218471.0,40.4,Scenarios B & D,2026-02-08
Rhode Island,50-64 years,Overall,218471.0,40.8,Scenarios B & D,2026-02-15
Rhode Island,50-64 years,Overall,218471.0,41.1,Scenarios B & D,2026-02-22
Rhode Island,50-64 years,Overall,218471.0,41.4,Scenarios B & D,2026-03-01
Rhode Island,50-64 years,Overall,218471.0,41.7,Scenarios B & D,2026-03-08
Rhode Island,50-64 years,Overall,218471.0,42.0,Scenarios B & D,2026-03-15
Rhode Island,50-64 years,Overall,218471.0,42.3,Scenarios B & D,2026-03-22
Rhode Island,50-64 years,Overall,218471.0,42.6,Scenarios B & D,2026-03-29
Rhode Island,50-64 years,Overall,218471.0,42.9,Scenarios B & D,2026-04-05
Rhode Island,50-64 years,Overall,218471.0,43.2,Scenarios B & D,2026-04-12
Rhode Island,50-64 years,Overall,218471.0,43.5,Scenarios B & D,2026-04-19
Rhode Island,50-64 years,Overall,218471.0,43.9,Scenarios B & D,2026-04-26
Rhode Island,6 months-17 years,Overall,196637.0,0.0,Scenarios B & D,2025-08-03
Rhode Island,6 months-17 years,Overall,196637.0,0.0,Scenarios B & D,2025-08-10
Rhode Island,6 months-17 years,Overall,196637.0,0.0,Scenarios B & D,2025-08-17
Rhode Island,6 months-17 years,Overall,196637.0,0.7,Scenarios B & D,2025-08-24
Rhode Island,6 months-17 years,Overall,196637.0,1.8,Scenarios B & D,2025-08-31
Rhode Island,6 months-17 years,Overall,196637.0,2.8,Scenarios B & D,2025-09-07
Rhode Island,6 months-17 years,Overall,196637.0,3.9,Scenarios B & D,2025-09-14
Rhode Island,6 months-17 years,Overall,196637.0,4.9,Scenarios B & D,2025-09-21
Rhode Island,6 months-17 years,Overall,196637.0,6.0,Scenarios B & D,2025-09-28
Rhode Island,6 months-17 years,Overall,196637.0,7.1,Scenarios B & D,2025-10-05
Rhode Island,6 months-17 years,Overall,196637.0,8.1,Scenarios B & D,2025-10-12
Rhode Island,6 months-17 years,Overall,196637.0,9.2,Scenarios B & D,2025-10-19
Rhode Island,6 months-17 years,Overall,196637.0,10.2,Scenarios B & D,2025-10-26
Rhode Island,6 months-17 years,Overall,196637.0,11.1,Scenarios B & D,2025-11-02
Rhode Island,6 months-17 years,Overall,196637.0,12.0,Scenarios B & D,2025-11-09
Rhode Island,6 months-17 years,Overall,196637.0,12.9,Scenarios B & D,2025-11-16
Rhode Island,6 months-17 years,Overall,196637.0,13.7,Scenarios B & D,2025-11-23
Rhode Island,6 months-17 years,Overall,196637.0,14.5,Scenarios B & D,2025-11-30
Rhode Island,6 months-17 years,Overall,196637.0,15.2,Scenarios B & D,2025-12-07
Rhode Island,6 months-17 years,Overall,196637.0,15.8,Scenarios B & D,2025-12-14
Rhode Island,6 months-17 years,Overall,196637.0,16.4,Scenarios B & D,2025-12-21
Rhode Island,6 months-17 years,Overall,196637.0,16.9,Scenarios B & D,2025-12-28
Rhode Island,6 months-17 years,Overall,196637.0,17.4,Scenarios B & D,2026-01-04
Rhode Island,6 months-17 years,Overall,196637.0,17.8,Scenarios B & D,2026-01-11
Rhode Island,6 months-17 years,Overall,196637.0,18.2,Scenarios B & D,2026-01-18
Rhode Island,6 months-17 years,Overall,196637.0,18.6,Scenarios B & D,2026-01-25
Rhode Island,6 months-17 years,Overall,196637.0,18.9,Scenarios B & D,2026-02-01
Rhode Island,6 months-17 years,Overall,196637.0,19.2,Scenarios B & D,2026-02-08
Rhode Island,6 months-17 years,Overall,196637.0,19.5,Scenarios B & D,2026-02-15
Rhode Island,6 months-17 years,Overall,196637.0,19.8,Scenarios B & D,2026-02-22
Rhode Island,6 months-17 years,Overall,196637.0,20.1,Scenarios B & D,2026-03-01
Rhode Island,6 months-17 years,Overall,196637.0,20.4,Scenarios B & D,2026-03-08
Rhode Island,6 months-17 years,Overall,196637.0,20.7,Scenarios B & D,2026-03-15
Rhode Island,6 months-17 years,Overall,196637.0,21.0,Scenarios B & D,2026-03-22
Rhode Island,6 months-17 years,Overall,196637.0,21.3,Scenarios B & D,2026-03-29
Rhode Island,6 months-17 years,Overall,196637.0,21.6,Scenarios B & D,2026-04-05
Rhode Island,6 months-17 years,Overall,196637.0,21.9,Scenarios B & D,2026-04-12
Rhode Island,6 months-17 years,Overall,196637.0,22.2,Scenarios B & D,2026-04-19
Rhode Island,6 months-17 years,Overall,196637.0,22.4,Scenarios B & D,2026-04-26
Rhode Island,65+ years,Overall,192477.0,0.0,Scenarios B & D,2025-08-03
Rhode Island,65+ years,Overall,192477.0,0.0,Scenarios B & D,2025-08-10
Rhode Island,65+ years,Overall,192477.0,1.1,Scenarios B & D,2025-08-17
Rhode Island,65+ years,Overall,192477.0,3.5,Scenarios B & D,2025-08-24
Rhode Island,65+ years,Overall,192477.0,5.9,Scenarios B & D,2025-08-31
Rhode Island,65+ years,Overall,192477.0,8.3,Scenarios B & D,2025-09-07
Rhode Island,65+ years,Overall,192477.0,10.9,Scenarios B & D,2025-09-14
Rhode Island,65+ years,Overall,192477.0,13.5,Scenarios B & D,2025-09-21
Rhode Island,65+ years,Overall,192477.0,16.1,Scenarios B & D,2025-09-28
Rhode Island,65+ years,Overall,192477.0,18.8,Scenarios B & D,2025-10-05
Rhode Island,65+ years,Overall,192477.0,21.4,Scenarios B & D,2025-10-12
Rhode Island,65+ years,Overall,192477.0,23.9,Scenarios B & D,2025-10-19
Rhode Island,65+ years,Overall,192477.0,26.4,Scenarios B & D,2025-10-26
Rhode Island,65+ years,Overall,192477.0,28.8,Scenarios B & D,2025-11-02
Rhode Island,65+ years,Overall,192477.0,31.0,Scenarios B & D,2025-11-09
Rhode Island,65+ years,Overall,192477.0,33.0,Scenarios B & D,2025-11-16
Rhode Island,65+ years,Overall,192477.0,34.9,Scenarios B & D,2025-11-23
Rhode Island,65+ years,Overall,192477.0,36.6,Scenarios B & D,2025-11-30
Rhode Island,65+ years,Overall,192477.0,38.1,Scenarios B & D,2025-12-07
Rhode Island,65+ years,Overall,192477.0,39.5,Scenarios B & D,2025-12-14
Rhode Island,65+ years,Overall,192477.0,40.7,Scenarios B & D,2025-12-21
Rhode Island,65+ years,Overall,192477.0,41.8,Scenarios B & D,2025-12-28
Rhode Island,65+ years,Overall,192477.0,42.8,Scenarios B & D,2026-01-04
Rhode Island,65+ years,Overall,192477.0,43.7,Scenarios B & D,2026-01-11
Rhode Island,65+ years,Overall,192477.0,44.6,Scenarios B & D,2026-01-18
Rhode Island,65+ years,Overall,192477.0,45.5,Scenarios B & D,2026-01-25
Rhode Island,65+ years,Overall,192477.0,46.3,Scenarios B & D,2026-02-01
Rhode Island,65+ years,Overall,192477.0,47.1,Scenarios B & D,2026-02-08
Rhode Island,65+ years,Overall,192477.0,47.9,Scenarios B & D,2026-02-15
Rhode Island,65+ years,Overall,192477.0,48.7,Scenarios B & D,2026-02-22
Rhode Island,65+ years,Overall,192477.0,49.6,Scenarios B & D,2026-03-01
Rhode Island,65+ years,Overall,192477.0,50.4,Scenarios B & D,2026-03-08
Rhode Island,65+ years,Overall,192477.0,51.2,Scenarios B & D,2026-03-15
Rhode Island,65+ years,Overall,192477.0,52.0,Scenarios B & D,2026-03-22
Rhode Island,65+ years,Overall,192477.0,52.8,Scenarios B & D,2026-03-29
Rhode Island,65+ years,Overall,192477.0,53.6,Scenarios B & D,2026-04-05
Rhode Island,65+ years,Overall,192477.0,54.4,Scenarios B & D,2026-04-12
Rhode Island,65+ years,Overall,192477.0,55.2,Scenarios B & D,2026-04-19
Rhode Island,65+ years,Overall,192477.0,56.0,Scenarios B & D,2026-04-26
South Carolina,18-49 years,Overall,2061529.0,0.0,Scenarios B & D,2025-08-03
South Carolina,18-49 years,Overall,2061529.0,0.1,Scenarios B & D,2025-08-10
South Carolina,18-49 years,Overall,2061529.0,0.4,Scenarios B & D,2025-08-17
South Carolina,18-49 years,Overall,2061529.0,0.8,Scenarios B & D,2025-08-24
South Carolina,18-49 years,Overall,2061529.0,1.2,Scenarios B & D,2025-08-31
South Carolina,18-49 years,Overall,2061529.0,1.7,Scenarios B & D,2025-09-07
South Carolina,18-49 years,Overall,2061529.0,2.1,Scenarios B & D,2025-09-14
South Carolina,18-49 years,Overall,2061529.0,2.5,Scenarios B & D,2025-09-21
South Carolina,18-49 years,Overall,2061529.0,2.9,Scenarios B & D,2025-09-28
South Carolina,18-49 years,Overall,2061529.0,3.3,Scenarios B & D,2025-10-05
South Carolina,18-49 years,Overall,2061529.0,3.7,Scenarios B & D,2025-10-12
South Carolina,18-49 years,Overall,2061529.0,4.0,Scenarios B & D,2025-10-19
South Carolina,18-49 years,Overall,2061529.0,4.4,Scenarios B & D,2025-10-26
South Carolina,18-49 years,Overall,2061529.0,4.8,Scenarios B & D,2025-11-02
South Carolina,18-49 years,Overall,2061529.0,5.1,Scenarios B & D,2025-11-09
South Carolina,18-49 years,Overall,2061529.0,5.4,Scenarios B & D,2025-11-16
South Carolina,18-49 years,Overall,2061529.0,5.7,Scenarios B & D,2025-11-23
South Carolina,18-49 years,Overall,2061529.0,5.9,Scenarios B & D,2025-11-30
South Carolina,18-49 years,Overall,2061529.0,6.2,Scenarios B & D,2025-12-07
South Carolina,18-49 years,Overall,2061529.0,6.4,Scenarios B & D,2025-12-14
South Carolina,18-49 years,Overall,2061529.0,6.6,Scenarios B & D,2025-12-21
South Carolina,18-49 years,Overall,2061529.0,6.8,Scenarios B & D,2025-12-28
South Carolina,18-49 years,Overall,2061529.0,6.9,Scenarios B & D,2026-01-04
South Carolina,18-49 years,Overall,2061529.0,7.1,Scenarios B & D,2026-01-11
South Carolina,18-49 years,Overall,2061529.0,7.3,Scenarios B & D,2026-01-18
South Carolina,18-49 years,Overall,2061529.0,7.4,Scenarios B & D,2026-01-25
South Carolina,18-49 years,Overall,2061529.0,7.6,Scenarios B & D,2026-02-01
South Carolina,18-49 years,Overall,2061529.0,7.7,Scenarios B & D,2026-02-08
South Carolina,18-49 years,Overall,2061529.0,7.9,Scenarios B & D,2026-02-15
South Carolina,18-49 years,Overall,2061529.0,8.1,Scenarios B & D,2026-02-22
South Carolina,18-49 years,Overall,2061529.0,8.2,Scenarios B & D,2026-03-01
South Carolina,18-49 years,Overall,2061529.0,8.4,Scenarios B & D,2026-03-08
South Carolina,18-49 years,Overall,2061529.0,8.5,Scenarios B & D,2026-03-15
South Carolina,18-49 years,Overall,2061529.0,8.7,Scenarios B & D,2026-03-22
South Carolina,18-49 years,Overall,2061529.0,8.8,Scenarios B & D,2026-03-29
South Carolina,18-49 years,Overall,2061529.0,9.0,Scenarios B & D,2026-04-05
South Carolina,18-49 years,Overall,2061529.0,9.2,Scenarios B & D,2026-04-12
South Carolina,18-49 years,Overall,2061529.0,9.3,Scenarios B & D,2026-04-19
South Carolina,18-49 years,Overall,2061529.0,9.5,Scenarios B & D,2026-04-26
South Carolina,50-64 years,Overall,1020779.0,0.0,Scenarios B & D,2025-08-03
South Carolina,50-64 years,Overall,1020779.0,0.0,Scenarios B & D,2025-08-10
South Carolina,50-64 years,Overall,1020779.0,0.5,Scenarios B & D,2025-08-17
South Carolina,50-64 years,Overall,1020779.0,1.5,Scenarios B & D,2025-08-24
South Carolina,50-64 years,Overall,1020779.0,2.4,Scenarios B & D,2025-08-31
South Carolina,50-64 years,Overall,1020779.0,3.4,Scenarios B & D,2025-09-07
South Carolina,50-64 years,Overall,1020779.0,4.4,Scenarios B & D,2025-09-14
South Carolina,50-64 years,Overall,1020779.0,5.4,Scenarios B & D,2025-09-21
South Carolina,50-64 years,Overall,1020779.0,6.5,Scenarios B & D,2025-09-28
South Carolina,50-64 years,Overall,1020779.0,7.5,Scenarios B & D,2025-10-05
South Carolina,50-64 years,Overall,1020779.0,8.5,Scenarios B & D,2025-10-12
South Carolina,50-64 years,Overall,1020779.0,9.5,Scenarios B & D,2025-10-19
South Carolina,50-64 years,Overall,1020779.0,10.4,Scenarios B & D,2025-10-26
South Carolina,50-64 years,Overall,1020779.0,11.3,Scenarios B & D,2025-11-02
South Carolina,50-64 years,Overall,1020779.0,12.1,Scenarios B & D,2025-11-09
South Carolina,50-64 years,Overall,1020779.0,12.9,Scenarios B & D,2025-11-16
South Carolina,50-64 years,Overall,1020779.0,13.5,Scenarios B & D,2025-11-23
South Carolina,50-64 years,Overall,1020779.0,14.2,Scenarios B & D,2025-11-30
South Carolina,50-64 years,Overall,1020779.0,14.7,Scenarios B & D,2025-12-07
South Carolina,50-64 years,Overall,1020779.0,15.2,Scenarios B & D,2025-12-14
South Carolina,50-64 years,Overall,1020779.0,15.7,Scenarios B & D,2025-12-21
South Carolina,50-64 years,Overall,1020779.0,16.1,Scenarios B & D,2025-12-28
South Carolina,50-64 years,Overall,1020779.0,16.5,Scenarios B & D,2026-01-04
South Carolina,50-64 years,Overall,1020779.0,16.9,Scenarios B & D,2026-01-11
South Carolina,50-64 years,Overall,1020779.0,17.2,Scenarios B & D,2026-01-18
South Carolina,50-64 years,Overall,1020779.0,17.6,Scenarios B & D,2026-01-25
South Carolina,50-64 years,Overall,1020779.0,17.9,Scenarios B & D,2026-02-01
South Carolina,50-64 years,Overall,1020779.0,18.2,Scenarios B & D,2026-02-08
South Carolina,50-64 years,Overall,1020779.0,18.5,Scenarios B & D,2026-02-15
South Carolina,50-64 years,Overall,1020779.0,18.9,Scenarios B & D,2026-02-22
South Carolina,50-64 years,Overall,1020779.0,19.2,Scenarios B & D,2026-03-01
South Carolina,50-64 years,Overall,1020779.0,19.5,Scenarios B & D,2026-03-08
South Carolina,50-64 years,Overall,1020779.0,19.8,Scenarios B & D,2026-03-15
South Carolina,50-64 years,Overall,1020779.0,20.2,Scenarios B & D,2026-03-22
South Carolina,50-64 years,Overall,1020779.0,20.5,Scenarios B & D,2026-03-29
South Carolina,50-64 years,Overall,1020779.0,20.8,Scenarios B & D,2026-04-05
South Carolina,50-64 years,Overall,1020779.0,21.2,Scenarios B & D,2026-04-12
South Carolina,50-64 years,Overall,1020779.0,21.5,Scenarios B & D,2026-04-19
South Carolina,50-64 years,Overall,1020779.0,21.8,Scenarios B & D,2026-04-26
South Carolina,6 months-17 years,Overall,1089446.0,0.0,Scenarios B & D,2025-08-03
South Carolina,6 months-17 years,Overall,1089446.0,0.0,Scenarios B & D,2025-08-10
South Carolina,6 months-17 years,Overall,1089446.0,0.0,Scenarios B & D,2025-08-17
South Carolina,6 months-17 years,Overall,1089446.0,0.2,Scenarios B & D,2025-08-24
South Carolina,6 months-17 years,Overall,1089446.0,0.5,Scenarios B & D,2025-08-31
South Carolina,6 months-17 years,Overall,1089446.0,0.8,Scenarios B & D,2025-09-07
South Carolina,6 months-17 years,Overall,1089446.0,1.0,Scenarios B & D,2025-09-14
South Carolina,6 months-17 years,Overall,1089446.0,1.3,Scenarios B & D,2025-09-21
South Carolina,6 months-17 years,Overall,1089446.0,1.5,Scenarios B & D,2025-09-28
South Carolina,6 months-17 years,Overall,1089446.0,1.8,Scenarios B & D,2025-10-05
South Carolina,6 months-17 years,Overall,1089446.0,2.1,Scenarios B & D,2025-10-12
South Carolina,6 months-17 years,Overall,1089446.0,2.3,Scenarios B & D,2025-10-19
South Carolina,6 months-17 years,Overall,1089446.0,2.6,Scenarios B & D,2025-10-26
South Carolina,6 months-17 years,Overall,1089446.0,2.8,Scenarios B & D,2025-11-02
South Carolina,6 months-17 years,Overall,1089446.0,3.0,Scenarios B & D,2025-11-09
South Carolina,6 months-17 years,Overall,1089446.0,3.2,Scenarios B & D,2025-11-16
South Carolina,6 months-17 years,Overall,1089446.0,3.5,Scenarios B & D,2025-11-23
South Carolina,6 months-17 years,Overall,1089446.0,3.7,Scenarios B & D,2025-11-30
South Carolina,6 months-17 years,Overall,1089446.0,3.9,Scenarios B & D,2025-12-07
South Carolina,6 months-17 years,Overall,1089446.0,4.1,Scenarios B & D,2025-12-14
South Carolina,6 months-17 years,Overall,1089446.0,4.3,Scenarios B & D,2025-12-21
South Carolina,6 months-17 years,Overall,1089446.0,4.5,Scenarios B & D,2025-12-28
South Carolina,6 months-17 years,Overall,1089446.0,4.7,Scenarios B & D,2026-01-04
South Carolina,6 months-17 years,Overall,1089446.0,4.9,Scenarios B & D,2026-01-11
South Carolina,6 months-17 years,Overall,1089446.0,5.1,Scenarios B & D,2026-01-18
South Carolina,6 months-17 years,Overall,1089446.0,5.3,Scenarios B & D,2026-01-25
South Carolina,6 months-17 years,Overall,1089446.0,5.5,Scenarios B & D,2026-02-01
South Carolina,6 months-17 years,Overall,1089446.0,5.7,Scenarios B & D,2026-02-08
South Carolina,6 months-17 years,Overall,1089446.0,5.9,Scenarios B & D,2026-02-15
South Carolina,6 months-17 years,Overall,1089446.0,6.1,Scenarios B & D,2026-02-22
South Carolina,6 months-17 years,Overall,1089446.0,6.3,Scenarios B & D,2026-03-01
South Carolina,6 months-17 years,Overall,1089446.0,6.5,Scenarios B & D,2026-03-08
South Carolina,6 months-17 years,Overall,1089446.0,6.7,Scenarios B & D,2026-03-15
South Carolina,6 months-17 years,Overall,1089446.0,6.9,Scenarios B & D,2026-03-22
South Carolina,6 months-17 years,Overall,1089446.0,7.1,Scenarios B & D,2026-03-29
South Carolina,6 months-17 years,Overall,1089446.0,7.4,Scenarios B & D,2026-04-05
South Carolina,6 months-17 years,Overall,1089446.0,7.6,Scenarios B & D,2026-04-12
South Carolina,6 months-17 years,Overall,1089446.0,7.8,Scenarios B & D,2026-04-19
South Carolina,6 months-17 years,Overall,1089446.0,8.0,Scenarios B & D,2026-04-26
South Carolina,65+ years,Overall,976375.0,0.0,Scenarios B & D,2025-08-03
South Carolina,65+ years,Overall,976375.0,0.1,Scenarios B & D,2025-08-10
South Carolina,65+ years,Overall,976375.0,2.3,Scenarios B & D,2025-08-17
South Carolina,65+ years,Overall,976375.0,4.5,Scenarios B & D,2025-08-24
South Carolina,65+ years,Overall,976375.0,6.8,Scenarios B & D,2025-08-31
South Carolina,65+ years,Overall,976375.0,9.0,Scenarios B & D,2025-09-07
South Carolina,65+ years,Overall,976375.0,11.3,Scenarios B & D,2025-09-14
South Carolina,65+ years,Overall,976375.0,13.6,Scenarios B & D,2025-09-21
South Carolina,65+ years,Overall,976375.0,15.9,Scenarios B & D,2025-09-28
South Carolina,65+ years,Overall,976375.0,18.1,Scenarios B & D,2025-10-05
South Carolina,65+ years,Overall,976375.0,20.3,Scenarios B & D,2025-10-12
South Carolina,65+ years,Overall,976375.0,22.3,Scenarios B & D,2025-10-19
South Carolina,65+ years,Overall,976375.0,24.2,Scenarios B & D,2025-10-26
South Carolina,65+ years,Overall,976375.0,26.0,Scenarios B & D,2025-11-02
South Carolina,65+ years,Overall,976375.0,27.7,Scenarios B & D,2025-11-09
South Carolina,65+ years,Overall,976375.0,29.1,Scenarios B & D,2025-11-16
South Carolina,65+ years,Overall,976375.0,30.4,Scenarios B & D,2025-11-23
South Carolina,65+ years,Overall,976375.0,31.6,Scenarios B & D,2025-11-30
South Carolina,65+ years,Overall,976375.0,32.5,Scenarios B & D,2025-12-07
South Carolina,65+ years,Overall,976375.0,33.3,Scenarios B & D,2025-12-14
South Carolina,65+ years,Overall,976375.0,34.0,Scenarios B & D,2025-12-21
South Carolina,65+ years,Overall,976375.0,34.6,Scenarios B & D,2025-12-28
South Carolina,65+ years,Overall,976375.0,35.1,Scenarios B & D,2026-01-04
South Carolina,65+ years,Overall,976375.0,35.5,Scenarios B & D,2026-01-11
South Carolina,65+ years,Overall,976375.0,35.8,Scenarios B & D,2026-01-18
South Carolina,65+ years,Overall,976375.0,36.2,Scenarios B & D,2026-01-25
South Carolina,65+ years,Overall,976375.0,36.5,Scenarios B & D,2026-02-01
South Carolina,65+ years,Overall,976375.0,36.8,Scenarios B & D,2026-02-08
South Carolina,65+ years,Overall,976375.0,37.1,Scenarios B & D,2026-02-15
South Carolina,65+ years,Overall,976375.0,37.4,Scenarios B & D,2026-02-22
South Carolina,65+ years,Overall,976375.0,37.7,Scenarios B & D,2026-03-01
South Carolina,65+ years,Overall,976375.0,38.0,Scenarios B & D,2026-03-08
South Carolina,65+ years,Overall,976375.0,38.3,Scenarios B & D,2026-03-15
South Carolina,65+ years,Overall,976375.0,38.6,Scenarios B & D,2026-03-22
South Carolina,65+ years,Overall,976375.0,38.8,Scenarios B & D,2026-03-29
South Carolina,65+ years,Overall,976375.0,39.1,Scenarios B & D,2026-04-05
South Carolina,65+ years,Overall,976375.0,39.4,Scenarios B & D,2026-04-12
South Carolina,65+ years,Overall,976375.0,39.7,Scenarios B & D,2026-04-19
South Carolina,65+ years,Overall,976375.0,40.0,Scenarios B & D,2026-04-26
South Dakota,18-49 years,Overall,349194.0,0.0,Scenarios B & D,2025-08-03
South Dakota,18-49 years,Overall,349194.0,0.0,Scenarios B & D,2025-08-10
South Dakota,18-49 years,Overall,349194.0,0.1,Scenarios B & D,2025-08-17
South Dakota,18-49 years,Overall,349194.0,0.5,Scenarios B & D,2025-08-24
South Dakota,18-49 years,Overall,349194.0,0.8,Scenarios B & D,2025-08-31
South Dakota,18-49 years,Overall,349194.0,1.2,Scenarios B & D,2025-09-07
South Dakota,18-49 years,Overall,349194.0,1.6,Scenarios B & D,2025-09-14
South Dakota,18-49 years,Overall,349194.0,2.0,Scenarios B & D,2025-09-21
South Dakota,18-49 years,Overall,349194.0,2.4,Scenarios B & D,2025-09-28
South Dakota,18-49 years,Overall,349194.0,2.8,Scenarios B & D,2025-10-05
South Dakota,18-49 years,Overall,349194.0,3.3,Scenarios B & D,2025-10-12
South Dakota,18-49 years,Overall,349194.0,3.7,Scenarios B & D,2025-10-19
South Dakota,18-49 years,Overall,349194.0,4.2,Scenarios B & D,2025-10-26
South Dakota,18-49 years,Overall,349194.0,4.6,Scenarios B & D,2025-11-02
South Dakota,18-49 years,Overall,349194.0,5.1,Scenarios B & D,2025-11-09
South Dakota,18-49 years,Overall,349194.0,5.6,Scenarios B & D,2025-11-16
South Dakota,18-49 years,Overall,349194.0,6.0,Scenarios B & D,2025-11-23
South Dakota,18-49 years,Overall,349194.0,6.5,Scenarios B & D,2025-11-30
South Dakota,18-49 years,Overall,349194.0,6.9,Scenarios B & D,2025-12-07
South Dakota,18-49 years,Overall,349194.0,7.3,Scenarios B & D,2025-12-14
South Dakota,18-49 years,Overall,349194.0,7.7,Scenarios B & D,2025-12-21
South Dakota,18-49 years,Overall,349194.0,8.1,Scenarios B & D,2025-12-28
South Dakota,18-49 years,Overall,349194.0,8.4,Scenarios B & D,2026-01-04
South Dakota,18-49 years,Overall,349194.0,8.7,Scenarios B & D,2026-01-11
South Dakota,18-49 years,Overall,349194.0,9.1,Scenarios B & D,2026-01-18
South Dakota,18-49 years,Overall,349194.0,9.4,Scenarios B & D,2026-01-25
South Dakota,18-49 years,Overall,349194.0,9.8,Scenarios B & D,2026-02-01
South Dakota,18-49 years,Overall,349194.0,10.1,Scenarios B & D,2026-02-08
South Dakota,18-49 years,Overall,349194.0,10.4,Scenarios B & D,2026-02-15
South Dakota,18-49 years,Overall,349194.0,10.8,Scenarios B & D,2026-02-22
South Dakota,18-49 years,Overall,349194.0,11.1,Scenarios B & D,2026-03-01
South Dakota,18-49 years,Overall,349194.0,11.4,Scenarios B & D,2026-03-08
South Dakota,18-49 years,Overall,349194.0,11.8,Scenarios B & D,2026-03-15
South Dakota,18-49 years,Overall,349194.0,12.1,Scenarios B & D,2026-03-22
South Dakota,18-49 years,Overall,349194.0,12.5,Scenarios B & D,2026-03-29
South Dakota,18-49 years,Overall,349194.0,12.8,Scenarios B & D,2026-04-05
South Dakota,18-49 years,Overall,349194.0,13.1,Scenarios B & D,2026-04-12
South Dakota,18-49 years,Overall,349194.0,13.5,Scenarios B & D,2026-04-19
South Dakota,18-49 years,Overall,349194.0,13.8,Scenarios B & D,2026-04-26
South Dakota,50-64 years,Overall,164405.0,0.0,Scenarios B & D,2025-08-03
South Dakota,50-64 years,Overall,164405.0,0.0,Scenarios B & D,2025-08-10
South Dakota,50-64 years,Overall,164405.0,0.3,Scenarios B & D,2025-08-17
South Dakota,50-64 years,Overall,164405.0,1.4,Scenarios B & D,2025-08-24
South Dakota,50-64 years,Overall,164405.0,2.5,Scenarios B & D,2025-08-31
South Dakota,50-64 years,Overall,164405.0,3.7,Scenarios B & D,2025-09-07
South Dakota,50-64 years,Overall,164405.0,4.9,Scenarios B & D,2025-09-14
South Dakota,50-64 years,Overall,164405.0,6.2,Scenarios B & D,2025-09-21
South Dakota,50-64 years,Overall,164405.0,7.5,Scenarios B & D,2025-09-28
South Dakota,50-64 years,Overall,164405.0,8.9,Scenarios B & D,2025-10-05
South Dakota,50-64 years,Overall,164405.0,10.2,Scenarios B & D,2025-10-12
South Dakota,50-64 years,Overall,164405.0,11.6,Scenarios B & D,2025-10-19
South Dakota,50-64 years,Overall,164405.0,12.9,Scenarios B & D,2025-10-26
South Dakota,50-64 years,Overall,164405.0,14.2,Scenarios B & D,2025-11-02
South Dakota,50-64 years,Overall,164405.0,15.5,Scenarios B & D,2025-11-09
South Dakota,50-64 years,Overall,164405.0,16.6,Scenarios B & D,2025-11-16
South Dakota,50-64 years,Overall,164405.0,17.6,Scenarios B & D,2025-11-23
South Dakota,50-64 years,Overall,164405.0,18.6,Scenarios B & D,2025-11-30
South Dakota,50-64 years,Overall,164405.0,19.4,Scenarios B & D,2025-12-07
South Dakota,50-64 years,Overall,164405.0,20.2,Scenarios B & D,2025-12-14
South Dakota,50-64 years,Overall,164405.0,20.8,Scenarios B & D,2025-12-21
South Dakota,50-64 years,Overall,164405.0,21.4,Scenarios B & D,2025-12-28
South Dakota,50-64 years,Overall,164405.0,22.0,Scenarios B & D,2026-01-04
South Dakota,50-64 years,Overall,164405.0,22.5,Scenarios B & D,2026-01-11
South Dakota,50-64 years,Overall,164405.0,23.0,Scenarios B & D,2026-01-18
South Dakota,50-64 years,Overall,164405.0,23.4,Scenarios B & D,2026-01-25
South Dakota,50-64 years,Overall,164405.0,23.9,Scenarios B & D,2026-02-01
South Dakota,50-64 years,Overall,164405.0,24.3,Scenarios B & D,2026-02-08
South Dakota,50-64 years,Overall,164405.0,24.8,Scenarios B & D,2026-02-15
South Dakota,50-64 years,Overall,164405.0,25.2,Scenarios B & D,2026-02-22
South Dakota,50-64 years,Overall,164405.0,25.6,Scenarios B & D,2026-03-01
South Dakota,50-64 years,Overall,164405.0,26.1,Scenarios B & D,2026-03-08
South Dakota,50-64 years,Overall,164405.0,26.5,Scenarios B & D,2026-03-15
South Dakota,50-64 years,Overall,164405.0,27.0,Scenarios B & D,2026-03-22
South Dakota,50-64 years,Overall,164405.0,27.4,Scenarios B & D,2026-03-29
South Dakota,50-64 years,Overall,164405.0,27.9,Scenarios B & D,2026-04-05
South Dakota,50-64 years,Overall,164405.0,28.3,Scenarios B & D,2026-04-12
South Dakota,50-64 years,Overall,164405.0,28.7,Scenarios B & D,2026-04-19
South Dakota,50-64 years,Overall,164405.0,29.2,Scenarios B & D,2026-04-26
South Dakota,6 months-17 years,Overall,212574.0,0.0,Scenarios B & D,2025-08-03
South Dakota,6 months-17 years,Overall,212574.0,0.0,Scenarios B & D,2025-08-10
South Dakota,6 months-17 years,Overall,212574.0,0.0,Scenarios B & D,2025-08-17
South Dakota,6 months-17 years,Overall,212574.0,0.3,Scenarios B & D,2025-08-24
South Dakota,6 months-17 years,Overall,212574.0,0.9,Scenarios B & D,2025-08-31
South Dakota,6 months-17 years,Overall,212574.0,1.4,Scenarios B & D,2025-09-07
South Dakota,6 months-17 years,Overall,212574.0,2.0,Scenarios B & D,2025-09-14
South Dakota,6 months-17 years,Overall,212574.0,2.5,Scenarios B & D,2025-09-21
South Dakota,6 months-17 years,Overall,212574.0,3.1,Scenarios B & D,2025-09-28
South Dakota,6 months-17 years,Overall,212574.0,3.7,Scenarios B & D,2025-10-05
South Dakota,6 months-17 years,Overall,212574.0,4.3,Scenarios B & D,2025-10-12
South Dakota,6 months-17 years,Overall,212574.0,4.8,Scenarios B & D,2025-10-19
South Dakota,6 months-17 years,Overall,212574.0,5.4,Scenarios B & D,2025-10-26
South Dakota,6 months-17 years,Overall,212574.0,5.9,Scenarios B & D,2025-11-02
South Dakota,6 months-17 years,Overall,212574.0,6.4,Scenarios B & D,2025-11-09
South Dakota,6 months-17 years,Overall,212574.0,6.9,Scenarios B & D,2025-11-16
South Dakota,6 months-17 years,Overall,212574.0,7.4,Scenarios B & D,2025-11-23
South Dakota,6 months-17 years,Overall,212574.0,7.8,Scenarios B & D,2025-11-30
South Dakota,6 months-17 years,Overall,212574.0,8.2,Scenarios B & D,2025-12-07
South Dakota,6 months-17 years,Overall,212574.0,8.5,Scenarios B & D,2025-12-14
South Dakota,6 months-17 years,Overall,212574.0,8.9,Scenarios B & D,2025-12-21
South Dakota,6 months-17 years,Overall,212574.0,9.2,Scenarios B & D,2025-12-28
South Dakota,6 months-17 years,Overall,212574.0,9.5,Scenarios B & D,2026-01-04
South Dakota,6 months-17 years,Overall,212574.0,9.8,Scenarios B & D,2026-01-11
South Dakota,6 months-17 years,Overall,212574.0,10.0,Scenarios B & D,2026-01-18
South Dakota,6 months-17 years,Overall,212574.0,10.2,Scenarios B & D,2026-01-25
South Dakota,6 months-17 years,Overall,212574.0,10.4,Scenarios B & D,2026-02-01
South Dakota,6 months-17 years,Overall,212574.0,10.6,Scenarios B & D,2026-02-08
South Dakota,6 months-17 years,Overall,212574.0,10.8,Scenarios B & D,2026-02-15
South Dakota,6 months-17 years,Overall,212574.0,11.0,Scenarios B & D,2026-02-22
South Dakota,6 months-17 years,Overall,212574.0,11.2,Scenarios B & D,2026-03-01
South Dakota,6 months-17 years,Overall,212574.0,11.4,Scenarios B & D,2026-03-08
South Dakota,6 months-17 years,Overall,212574.0,11.5,Scenarios B & D,2026-03-15
South Dakota,6 months-17 years,Overall,212574.0,11.7,Scenarios B & D,2026-03-22
South Dakota,6 months-17 years,Overall,212574.0,11.9,Scenarios B & D,2026-03-29
South Dakota,6 months-17 years,Overall,212574.0,12.1,Scenarios B & D,2026-04-05
South Dakota,6 months-17 years,Overall,212574.0,12.2,Scenarios B & D,2026-04-12
South Dakota,6 months-17 years,Overall,212574.0,12.4,Scenarios B & D,2026-04-19
South Dakota,6 months-17 years,Overall,212574.0,12.6,Scenarios B & D,2026-04-26
South Dakota,65+ years,Overall,157177.0,0.0,Scenarios B & D,2025-08-03
South Dakota,65+ years,Overall,157177.0,0.0,Scenarios B & D,2025-08-10
South Dakota,65+ years,Overall,157177.0,1.7,Scenarios B & D,2025-08-17
South Dakota,65+ years,Overall,157177.0,4.0,Scenarios B & D,2025-08-24
South Dakota,65+ years,Overall,157177.0,6.3,Scenarios B & D,2025-08-31
South Dakota,65+ years,Overall,157177.0,8.7,Scenarios B & D,2025-09-07
South Dakota,65+ years,Overall,157177.0,11.2,Scenarios B & D,2025-09-14
South Dakota,65+ years,Overall,157177.0,13.6,Scenarios B & D,2025-09-21
South Dakota,65+ years,Overall,157177.0,16.1,Scenarios B & D,2025-09-28
South Dakota,65+ years,Overall,157177.0,18.6,Scenarios B & D,2025-10-05
South Dakota,65+ years,Overall,157177.0,21.0,Scenarios B & D,2025-10-12
South Dakota,65+ years,Overall,157177.0,23.4,Scenarios B & D,2025-10-19
South Dakota,65+ years,Overall,157177.0,25.6,Scenarios B & D,2025-10-26
South Dakota,65+ years,Overall,157177.0,27.8,Scenarios B & D,2025-11-02
South Dakota,65+ years,Overall,157177.0,29.8,Scenarios B & D,2025-11-09
South Dakota,65+ years,Overall,157177.0,31.6,Scenarios B & D,2025-11-16
South Dakota,65+ years,Overall,157177.0,33.2,Scenarios B & D,2025-11-23
South Dakota,65+ years,Overall,157177.0,34.7,Scenarios B & D,2025-11-30
South Dakota,65+ years,Overall,157177.0,36.0,Scenarios B & D,2025-12-07
South Dakota,65+ years,Overall,157177.0,37.1,Scenarios B & D,2025-12-14
South Dakota,65+ years,Overall,157177.0,38.1,Scenarios B & D,2025-12-21
South Dakota,65+ years,Overall,157177.0,39.0,Scenarios B & D,2025-12-28
South Dakota,65+ years,Overall,157177.0,39.9,Scenarios B & D,2026-01-04
South Dakota,65+ years,Overall,157177.0,40.6,Scenarios B & D,2026-01-11
South Dakota,65+ years,Overall,157177.0,41.4,Scenarios B & D,2026-01-18
South Dakota,65+ years,Overall,157177.0,42.1,Scenarios B & D,2026-01-25
South Dakota,65+ years,Overall,157177.0,42.7,Scenarios B & D,2026-02-01
South Dakota,65+ years,Overall,157177.0,43.4,Scenarios B & D,2026-02-08
South Dakota,65+ years,Overall,157177.0,44.1,Scenarios B & D,2026-02-15
South Dakota,65+ years,Overall,157177.0,44.7,Scenarios B & D,2026-02-22
South Dakota,65+ years,Overall,157177.0,45.4,Scenarios B & D,2026-03-01
South Dakota,65+ years,Overall,157177.0,46.1,Scenarios B & D,2026-03-08
South Dakota,65+ years,Overall,157177.0,46.7,Scenarios B & D,2026-03-15
South Dakota,65+ years,Overall,157177.0,47.4,Scenarios B & D,2026-03-22
South Dakota,65+ years,Overall,157177.0,48.1,Scenarios B & D,2026-03-29
South Dakota,65+ years,Overall,157177.0,48.7,Scenarios B & D,2026-04-05
South Dakota,65+ years,Overall,157177.0,49.4,Scenarios B & D,2026-04-12
South Dakota,65+ years,Overall,157177.0,50.1,Scenarios B & D,2026-04-19
South Dakota,65+ years,Overall,157177.0,50.7,Scenarios B & D,2026-04-26
Tennessee,18-49 years,Overall,2837672.0,0.0,Scenarios B & D,2025-08-03
Tennessee,18-49 years,Overall,2837672.0,0.0,Scenarios B & D,2025-08-10
Tennessee,18-49 years,Overall,2837672.0,0.2,Scenarios B & D,2025-08-17
Tennessee,18-49 years,Overall,2837672.0,0.6,Scenarios B & D,2025-08-24
Tennessee,18-49 years,Overall,2837672.0,1.0,Scenarios B & D,2025-08-31
Tennessee,18-49 years,Overall,2837672.0,1.4,Scenarios B & D,2025-09-07
Tennessee,18-49 years,Overall,2837672.0,1.8,Scenarios B & D,2025-09-14
Tennessee,18-49 years,Overall,2837672.0,2.3,Scenarios B & D,2025-09-21
Tennessee,18-49 years,Overall,2837672.0,2.7,Scenarios B & D,2025-09-28
Tennessee,18-49 years,Overall,2837672.0,3.2,Scenarios B & D,2025-10-05
Tennessee,18-49 years,Overall,2837672.0,3.7,Scenarios B & D,2025-10-12
Tennessee,18-49 years,Overall,2837672.0,4.1,Scenarios B & D,2025-10-19
Tennessee,18-49 years,Overall,2837672.0,4.5,Scenarios B & D,2025-10-26
Tennessee,18-49 years,Overall,2837672.0,4.9,Scenarios B & D,2025-11-02
Tennessee,18-49 years,Overall,2837672.0,5.3,Scenarios B & D,2025-11-09
Tennessee,18-49 years,Overall,2837672.0,5.6,Scenarios B & D,2025-11-16
Tennessee,18-49 years,Overall,2837672.0,5.8,Scenarios B & D,2025-11-23
Tennessee,18-49 years,Overall,2837672.0,6.0,Scenarios B & D,2025-11-30
Tennessee,18-49 years,Overall,2837672.0,6.1,Scenarios B & D,2025-12-07
Tennessee,18-49 years,Overall,2837672.0,6.3,Scenarios B & D,2025-12-14
Tennessee,18-49 years,Overall,2837672.0,6.3,Scenarios B & D,2025-12-21
Tennessee,18-49 years,Overall,2837672.0,6.4,Scenarios B & D,2025-12-28
Tennessee,18-49 years,Overall,2837672.0,6.5,Scenarios B & D,2026-01-04
Tennessee,18-49 years,Overall,2837672.0,6.5,Scenarios B & D,2026-01-11
Tennessee,18-49 years,Overall,2837672.0,6.6,Scenarios B & D,2026-01-18
Tennessee,18-49 years,Overall,2837672.0,6.6,Scenarios B & D,2026-01-25
Tennessee,18-49 years,Overall,2837672.0,6.7,Scenarios B & D,2026-02-01
Tennessee,18-49 years,Overall,2837672.0,6.7,Scenarios B & D,2026-02-08
Tennessee,18-49 years,Overall,2837672.0,6.8,Scenarios B & D,2026-02-15
Tennessee,18-49 years,Overall,2837672.0,6.8,Scenarios B & D,2026-02-22
Tennessee,18-49 years,Overall,2837672.0,6.9,Scenarios B & D,2026-03-01
Tennessee,18-49 years,Overall,2837672.0,6.9,Scenarios B & D,2026-03-08
Tennessee,18-49 years,Overall,2837672.0,7.0,Scenarios B & D,2026-03-15
Tennessee,18-49 years,Overall,2837672.0,7.0,Scenarios B & D,2026-03-22
Tennessee,18-49 years,Overall,2837672.0,7.1,Scenarios B & D,2026-03-29
Tennessee,18-49 years,Overall,2837672.0,7.1,Scenarios B & D,2026-04-05
Tennessee,18-49 years,Overall,2837672.0,7.2,Scenarios B & D,2026-04-12
Tennessee,18-49 years,Overall,2837672.0,7.2,Scenarios B & D,2026-04-19
Tennessee,18-49 years,Overall,2837672.0,7.3,Scenarios B & D,2026-04-26
Tennessee,50-64 years,Overall,1334868.0,0.0,Scenarios B & D,2025-08-03
Tennessee,50-64 years,Overall,1334868.0,0.0,Scenarios B & D,2025-08-10
Tennessee,50-64 years,Overall,1334868.0,0.5,Scenarios B & D,2025-08-17
Tennessee,50-64 years,Overall,1334868.0,1.4,Scenarios B & D,2025-08-24
Tennessee,50-64 years,Overall,1334868.0,2.4,Scenarios B & D,2025-08-31
Tennessee,50-64 years,Overall,1334868.0,3.3,Scenarios B & D,2025-09-07
Tennessee,50-64 years,Overall,1334868.0,4.3,Scenarios B & D,2025-09-14
Tennessee,50-64 years,Overall,1334868.0,5.3,Scenarios B & D,2025-09-21
Tennessee,50-64 years,Overall,1334868.0,6.4,Scenarios B & D,2025-09-28
Tennessee,50-64 years,Overall,1334868.0,7.4,Scenarios B & D,2025-10-05
Tennessee,50-64 years,Overall,1334868.0,8.3,Scenarios B & D,2025-10-12
Tennessee,50-64 years,Overall,1334868.0,9.3,Scenarios B & D,2025-10-19
Tennessee,50-64 years,Overall,1334868.0,10.2,Scenarios B & D,2025-10-26
Tennessee,50-64 years,Overall,1334868.0,11.0,Scenarios B & D,2025-11-02
Tennessee,50-64 years,Overall,1334868.0,11.8,Scenarios B & D,2025-11-09
Tennessee,50-64 years,Overall,1334868.0,12.6,Scenarios B & D,2025-11-16
Tennessee,50-64 years,Overall,1334868.0,13.2,Scenarios B & D,2025-11-23
Tennessee,50-64 years,Overall,1334868.0,13.9,Scenarios B & D,2025-11-30
Tennessee,50-64 years,Overall,1334868.0,14.5,Scenarios B & D,2025-12-07
Tennessee,50-64 years,Overall,1334868.0,15.1,Scenarios B & D,2025-12-14
Tennessee,50-64 years,Overall,1334868.0,15.6,Scenarios B & D,2025-12-21
Tennessee,50-64 years,Overall,1334868.0,16.1,Scenarios B & D,2025-12-28
Tennessee,50-64 years,Overall,1334868.0,16.7,Scenarios B & D,2026-01-04
Tennessee,50-64 years,Overall,1334868.0,17.2,Scenarios B & D,2026-01-11
Tennessee,50-64 years,Overall,1334868.0,17.7,Scenarios B & D,2026-01-18
Tennessee,50-64 years,Overall,1334868.0,18.2,Scenarios B & D,2026-01-25
Tennessee,50-64 years,Overall,1334868.0,18.7,Scenarios B & D,2026-02-01
Tennessee,50-64 years,Overall,1334868.0,19.2,Scenarios B & D,2026-02-08
Tennessee,50-64 years,Overall,1334868.0,19.7,Scenarios B & D,2026-02-15
Tennessee,50-64 years,Overall,1334868.0,20.2,Scenarios B & D,2026-02-22
Tennessee,50-64 years,Overall,1334868.0,20.7,Scenarios B & D,2026-03-01
Tennessee,50-64 years,Overall,1334868.0,21.3,Scenarios B & D,2026-03-08
Tennessee,50-64 years,Overall,1334868.0,21.8,Scenarios B & D,2026-03-15
Tennessee,50-64 years,Overall,1334868.0,22.3,Scenarios B & D,2026-03-22
Tennessee,50-64 years,Overall,1334868.0,22.8,Scenarios B & D,2026-03-29
Tennessee,50-64 years,Overall,1334868.0,23.3,Scenarios B & D,2026-04-05
Tennessee,50-64 years,Overall,1334868.0,23.8,Scenarios B & D,2026-04-12
Tennessee,50-64 years,Overall,1334868.0,24.3,Scenarios B & D,2026-04-19
Tennessee,50-64 years,Overall,1334868.0,24.8,Scenarios B & D,2026-04-26
Tennessee,6 months-17 years,Overall,1473454.0,0.0,Scenarios B & D,2025-08-03
Tennessee,6 months-17 years,Overall,1473454.0,0.0,Scenarios B & D,2025-08-10
Tennessee,6 months-17 years,Overall,1473454.0,0.2,Scenarios B & D,2025-08-17
Tennessee,6 months-17 years,Overall,1473454.0,0.6,Scenarios B & D,2025-08-24
Tennessee,6 months-17 years,Overall,1473454.0,1.0,Scenarios B & D,2025-08-31
Tennessee,6 months-17 years,Overall,1473454.0,1.4,Scenarios B & D,2025-09-07
Tennessee,6 months-17 years,Overall,1473454.0,1.8,Scenarios B & D,2025-09-14
Tennessee,6 months-17 years,Overall,1473454.0,2.2,Scenarios B & D,2025-09-21
Tennessee,6 months-17 years,Overall,1473454.0,2.6,Scenarios B & D,2025-09-28
Tennessee,6 months-17 years,Overall,1473454.0,3.0,Scenarios B & D,2025-10-05
Tennessee,6 months-17 years,Overall,1473454.0,3.4,Scenarios B & D,2025-10-12
Tennessee,6 months-17 years,Overall,1473454.0,3.7,Scenarios B & D,2025-10-19
Tennessee,6 months-17 years,Overall,1473454.0,4.0,Scenarios B & D,2025-10-26
Tennessee,6 months-17 years,Overall,1473454.0,4.3,Scenarios B & D,2025-11-02
Tennessee,6 months-17 years,Overall,1473454.0,4.6,Scenarios B & D,2025-11-09
Tennessee,6 months-17 years,Overall,1473454.0,4.8,Scenarios B & D,2025-11-16
Tennessee,6 months-17 years,Overall,1473454.0,5.1,Scenarios B & D,2025-11-23
Tennessee,6 months-17 years,Overall,1473454.0,5.2,Scenarios B & D,2025-11-30
Tennessee,6 months-17 years,Overall,1473454.0,5.4,Scenarios B & D,2025-12-07
Tennessee,6 months-17 years,Overall,1473454.0,5.6,Scenarios B & D,2025-12-14
Tennessee,6 months-17 years,Overall,1473454.0,5.7,Scenarios B & D,2025-12-21
Tennessee,6 months-17 years,Overall,1473454.0,5.8,Scenarios B & D,2025-12-28
Tennessee,6 months-17 years,Overall,1473454.0,5.9,Scenarios B & D,2026-01-04
Tennessee,6 months-17 years,Overall,1473454.0,6.0,Scenarios B & D,2026-01-11
Tennessee,6 months-17 years,Overall,1473454.0,6.1,Scenarios B & D,2026-01-18
Tennessee,6 months-17 years,Overall,1473454.0,6.2,Scenarios B & D,2026-01-25
Tennessee,6 months-17 years,Overall,1473454.0,6.2,Scenarios B & D,2026-02-01
Tennessee,6 months-17 years,Overall,1473454.0,6.3,Scenarios B & D,2026-02-08
Tennessee,6 months-17 years,Overall,1473454.0,6.3,Scenarios B & D,2026-02-15
Tennessee,6 months-17 years,Overall,1473454.0,6.4,Scenarios B & D,2026-02-22
Tennessee,6 months-17 years,Overall,1473454.0,6.4,Scenarios B & D,2026-03-01
Tennessee,6 months-17 years,Overall,1473454.0,6.4,Scenarios B & D,2026-03-08
Tennessee,6 months-17 years,Overall,1473454.0,6.5,Scenarios B & D,2026-03-15
Tennessee,6 months-17 years,Overall,1473454.0,6.5,Scenarios B & D,2026-03-22
Tennessee,6 months-17 years,Overall,1473454.0,6.6,Scenarios B & D,2026-03-29
Tennessee,6 months-17 years,Overall,1473454.0,6.6,Scenarios B & D,2026-04-05
Tennessee,6 months-17 years,Overall,1473454.0,6.6,Scenarios B & D,2026-04-12
Tennessee,6 months-17 years,Overall,1473454.0,6.7,Scenarios B & D,2026-04-19
Tennessee,6 months-17 years,Overall,1473454.0,6.7,Scenarios B & D,2026-04-26
Tennessee,65+ years,Overall,1180543.0,0.0,Scenarios B & D,2025-08-03
Tennessee,65+ years,Overall,1180543.0,0.4,Scenarios B & D,2025-08-10
Tennessee,65+ years,Overall,1180543.0,2.3,Scenarios B & D,2025-08-17
Tennessee,65+ years,Overall,1180543.0,4.1,Scenarios B & D,2025-08-24
Tennessee,65+ years,Overall,1180543.0,6.0,Scenarios B & D,2025-08-31
Tennessee,65+ years,Overall,1180543.0,7.9,Scenarios B & D,2025-09-07
Tennessee,65+ years,Overall,1180543.0,9.8,Scenarios B & D,2025-09-14
Tennessee,65+ years,Overall,1180543.0,11.7,Scenarios B & D,2025-09-21
Tennessee,65+ years,Overall,1180543.0,13.6,Scenarios B & D,2025-09-28
Tennessee,65+ years,Overall,1180543.0,15.5,Scenarios B & D,2025-10-05
Tennessee,65+ years,Overall,1180543.0,17.4,Scenarios B & D,2025-10-12
Tennessee,65+ years,Overall,1180543.0,19.3,Scenarios B & D,2025-10-19
Tennessee,65+ years,Overall,1180543.0,21.1,Scenarios B & D,2025-10-26
Tennessee,65+ years,Overall,1180543.0,23.0,Scenarios B & D,2025-11-02
Tennessee,65+ years,Overall,1180543.0,24.7,Scenarios B & D,2025-11-09
Tennessee,65+ years,Overall,1180543.0,26.3,Scenarios B & D,2025-11-16
Tennessee,65+ years,Overall,1180543.0,27.8,Scenarios B & D,2025-11-23
Tennessee,65+ years,Overall,1180543.0,29.2,Scenarios B & D,2025-11-30
Tennessee,65+ years,Overall,1180543.0,30.3,Scenarios B & D,2025-12-07
Tennessee,65+ years,Overall,1180543.0,31.3,Scenarios B & D,2025-12-14
Tennessee,65+ years,Overall,1180543.0,32.1,Scenarios B & D,2025-12-21
Tennessee,65+ years,Overall,1180543.0,32.7,Scenarios B & D,2025-12-28
Tennessee,65+ years,Overall,1180543.0,33.2,Scenarios B & D,2026-01-04
Tennessee,65+ years,Overall,1180543.0,33.6,Scenarios B & D,2026-01-11
Tennessee,65+ years,Overall,1180543.0,33.9,Scenarios B & D,2026-01-18
Tennessee,65+ years,Overall,1180543.0,34.2,Scenarios B & D,2026-01-25
Tennessee,65+ years,Overall,1180543.0,34.4,Scenarios B & D,2026-02-01
Tennessee,65+ years,Overall,1180543.0,34.7,Scenarios B & D,2026-02-08
Tennessee,65+ years,Overall,1180543.0,34.9,Scenarios B & D,2026-02-15
Tennessee,65+ years,Overall,1180543.0,35.2,Scenarios B & D,2026-02-22
Tennessee,65+ years,Overall,1180543.0,35.4,Scenarios B & D,2026-03-01
Tennessee,65+ years,Overall,1180543.0,35.7,Scenarios B & D,2026-03-08
Tennessee,65+ years,Overall,1180543.0,35.9,Scenarios B & D,2026-03-15
Tennessee,65+ years,Overall,1180543.0,36.2,Scenarios B & D,2026-03-22
Tennessee,65+ years,Overall,1180543.0,36.4,Scenarios B & D,2026-03-29
Tennessee,65+ years,Overall,1180543.0,36.7,Scenarios B & D,2026-04-05
Tennessee,65+ years,Overall,1180543.0,36.9,Scenarios B & D,2026-04-12
Tennessee,65+ years,Overall,1180543.0,37.1,Scenarios B & D,2026-04-19
Tennessee,65+ years,Overall,1180543.0,37.4,Scenarios B & D,2026-04-26
Texas,18-49 years,Overall,12914190.0,0.0,Scenarios B & D,2025-08-03
Texas,18-49 years,Overall,12914190.0,0.0,Scenarios B & D,2025-08-10
Texas,18-49 years,Overall,12914190.0,0.5,Scenarios B & D,2025-08-17
Texas,18-49 years,Overall,12914190.0,1.0,Scenarios B & D,2025-08-24
Texas,18-49 years,Overall,12914190.0,1.5,Scenarios B & D,2025-08-31
Texas,18-49 years,Overall,12914190.0,2.1,Scenarios B & D,2025-09-07
Texas,18-49 years,Overall,12914190.0,2.6,Scenarios B & D,2025-09-14
Texas,18-49 years,Overall,12914190.0,3.2,Scenarios B & D,2025-09-21
Texas,18-49 years,Overall,12914190.0,3.7,Scenarios B & D,2025-09-28
Texas,18-49 years,Overall,12914190.0,4.3,Scenarios B & D,2025-10-05
Texas,18-49 years,Overall,12914190.0,4.8,Scenarios B & D,2025-10-12
Texas,18-49 years,Overall,12914190.0,5.2,Scenarios B & D,2025-10-19
Texas,18-49 years,Overall,12914190.0,5.7,Scenarios B & D,2025-10-26
Texas,18-49 years,Overall,12914190.0,6.1,Scenarios B & D,2025-11-02
Texas,18-49 years,Overall,12914190.0,6.4,Scenarios B & D,2025-11-09
Texas,18-49 years,Overall,12914190.0,6.7,Scenarios B & D,2025-11-16
Texas,18-49 years,Overall,12914190.0,7.0,Scenarios B & D,2025-11-23
Texas,18-49 years,Overall,12914190.0,7.3,Scenarios B & D,2025-11-30
Texas,18-49 years,Overall,12914190.0,7.5,Scenarios B & D,2025-12-07
Texas,18-49 years,Overall,12914190.0,7.7,Scenarios B & D,2025-12-14
Texas,18-49 years,Overall,12914190.0,7.9,Scenarios B & D,2025-12-21
Texas,18-49 years,Overall,12914190.0,8.1,Scenarios B & D,2025-12-28
Texas,18-49 years,Overall,12914190.0,8.2,Scenarios B & D,2026-01-04
Texas,18-49 years,Overall,12914190.0,8.4,Scenarios B & D,2026-01-11
Texas,18-49 years,Overall,12914190.0,8.5,Scenarios B & D,2026-01-18
Texas,18-49 years,Overall,12914190.0,8.6,Scenarios B & D,2026-01-25
Texas,18-49 years,Overall,12914190.0,8.7,Scenarios B & D,2026-02-01
Texas,18-49 years,Overall,12914190.0,8.9,Scenarios B & D,2026-02-08
Texas,18-49 years,Overall,12914190.0,9.0,Scenarios B & D,2026-02-15
Texas,18-49 years,Overall,12914190.0,9.1,Scenarios B & D,2026-02-22
Texas,18-49 years,Overall,12914190.0,9.2,Scenarios B & D,2026-03-01
Texas,18-49 years,Overall,12914190.0,9.3,Scenarios B & D,2026-03-08
Texas,18-49 years,Overall,12914190.0,9.4,Scenarios B & D,2026-03-15
Texas,18-49 years,Overall,12914190.0,9.5,Scenarios B & D,2026-03-22
Texas,18-49 years,Overall,12914190.0,9.7,Scenarios B & D,2026-03-29
Texas,18-49 years,Overall,12914190.0,9.8,Scenarios B & D,2026-04-05
Texas,18-49 years,Overall,12914190.0,9.9,Scenarios B & D,2026-04-12
Texas,18-49 years,Overall,12914190.0,10.0,Scenarios B & D,2026-04-19
Texas,18-49 years,Overall,12914190.0,10.1,Scenarios B & D,2026-04-26
Texas,50-64 years,Overall,5023507.0,0.0,Scenarios B & D,2025-08-03
Texas,50-64 years,Overall,5023507.0,0.0,Scenarios B & D,2025-08-10
Texas,50-64 years,Overall,5023507.0,0.7,Scenarios B & D,2025-08-17
Texas,50-64 years,Overall,5023507.0,1.5,Scenarios B & D,2025-08-24
Texas,50-64 years,Overall,5023507.0,2.4,Scenarios B & D,2025-08-31
Texas,50-64 years,Overall,5023507.0,3.3,Scenarios B & D,2025-09-07
Texas,50-64 years,Overall,5023507.0,4.2,Scenarios B & D,2025-09-14
Texas,50-64 years,Overall,5023507.0,5.1,Scenarios B & D,2025-09-21
Texas,50-64 years,Overall,5023507.0,6.0,Scenarios B & D,2025-09-28
Texas,50-64 years,Overall,5023507.0,6.8,Scenarios B & D,2025-10-05
Texas,50-64 years,Overall,5023507.0,7.7,Scenarios B & D,2025-10-12
Texas,50-64 years,Overall,5023507.0,8.5,Scenarios B & D,2025-10-19
Texas,50-64 years,Overall,5023507.0,9.2,Scenarios B & D,2025-10-26
Texas,50-64 years,Overall,5023507.0,9.9,Scenarios B & D,2025-11-02
Texas,50-64 years,Overall,5023507.0,10.6,Scenarios B & D,2025-11-09
Texas,50-64 years,Overall,5023507.0,11.2,Scenarios B & D,2025-11-16
Texas,50-64 years,Overall,5023507.0,11.7,Scenarios B & D,2025-11-23
Texas,50-64 years,Overall,5023507.0,12.2,Scenarios B & D,2025-11-30
Texas,50-64 years,Overall,5023507.0,12.7,Scenarios B & D,2025-12-07
Texas,50-64 years,Overall,5023507.0,13.1,Scenarios B & D,2025-12-14
Texas,50-64 years,Overall,5023507.0,13.5,Scenarios B & D,2025-12-21
Texas,50-64 years,Overall,5023507.0,13.8,Scenarios B & D,2025-12-28
Texas,50-64 years,Overall,5023507.0,14.2,Scenarios B & D,2026-01-04
Texas,50-64 years,Overall,5023507.0,14.5,Scenarios B & D,2026-01-11
Texas,50-64 years,Overall,5023507.0,14.8,Scenarios B & D,2026-01-18
Texas,50-64 years,Overall,5023507.0,15.1,Scenarios B & D,2026-01-25
Texas,50-64 years,Overall,5023507.0,15.4,Scenarios B & D,2026-02-01
Texas,50-64 years,Overall,5023507.0,15.7,Scenarios B & D,2026-02-08
Texas,50-64 years,Overall,5023507.0,16.0,Scenarios B & D,2026-02-15
Texas,50-64 years,Overall,5023507.0,16.4,Scenarios B & D,2026-02-22
Texas,50-64 years,Overall,5023507.0,16.7,Scenarios B & D,2026-03-01
Texas,50-64 years,Overall,5023507.0,17.0,Scenarios B & D,2026-03-08
Texas,50-64 years,Overall,5023507.0,17.3,Scenarios B & D,2026-03-15
Texas,50-64 years,Overall,5023507.0,17.6,Scenarios B & D,2026-03-22
Texas,50-64 years,Overall,5023507.0,17.9,Scenarios B & D,2026-03-29
Texas,50-64 years,Overall,5023507.0,18.2,Scenarios B & D,2026-04-05
Texas,50-64 years,Overall,5023507.0,18.5,Scenarios B & D,2026-04-12
Texas,50-64 years,Overall,5023507.0,18.8,Scenarios B & D,2026-04-19
Texas,50-64 years,Overall,5023507.0,19.1,Scenarios B & D,2026-04-26
Texas,6 months-17 years,Overall,7246534.0,0.0,Scenarios B & D,2025-08-03
Texas,6 months-17 years,Overall,7246534.0,0.0,Scenarios B & D,2025-08-10
Texas,6 months-17 years,Overall,7246534.0,0.0,Scenarios B & D,2025-08-17
Texas,6 months-17 years,Overall,7246534.0,0.2,Scenarios B & D,2025-08-24
Texas,6 months-17 years,Overall,7246534.0,0.7,Scenarios B & D,2025-08-31
Texas,6 months-17 years,Overall,7246534.0,1.2,Scenarios B & D,2025-09-07
Texas,6 months-17 years,Overall,7246534.0,1.7,Scenarios B & D,2025-09-14
Texas,6 months-17 years,Overall,7246534.0,2.2,Scenarios B & D,2025-09-21
Texas,6 months-17 years,Overall,7246534.0,2.7,Scenarios B & D,2025-09-28
Texas,6 months-17 years,Overall,7246534.0,3.2,Scenarios B & D,2025-10-05
Texas,6 months-17 years,Overall,7246534.0,3.8,Scenarios B & D,2025-10-12
Texas,6 months-17 years,Overall,7246534.0,4.3,Scenarios B & D,2025-10-19
Texas,6 months-17 years,Overall,7246534.0,4.8,Scenarios B & D,2025-10-26
Texas,6 months-17 years,Overall,7246534.0,5.3,Scenarios B & D,2025-11-02
Texas,6 months-17 years,Overall,7246534.0,5.7,Scenarios B & D,2025-11-09
Texas,6 months-17 years,Overall,7246534.0,6.2,Scenarios B & D,2025-11-16
Texas,6 months-17 years,Overall,7246534.0,6.7,Scenarios B & D,2025-11-23
Texas,6 months-17 years,Overall,7246534.0,7.1,Scenarios B & D,2025-11-30
Texas,6 months-17 years,Overall,7246534.0,7.5,Scenarios B & D,2025-12-07
Texas,6 months-17 years,Overall,7246534.0,7.9,Scenarios B & D,2025-12-14
Texas,6 months-17 years,Overall,7246534.0,8.3,Scenarios B & D,2025-12-21
Texas,6 months-17 years,Overall,7246534.0,8.6,Scenarios B & D,2025-12-28
Texas,6 months-17 years,Overall,7246534.0,8.9,Scenarios B & D,2026-01-04
Texas,6 months-17 years,Overall,7246534.0,9.3,Scenarios B & D,2026-01-11
Texas,6 months-17 years,Overall,7246534.0,9.6,Scenarios B & D,2026-01-18
Texas,6 months-17 years,Overall,7246534.0,9.8,Scenarios B & D,2026-01-25
Texas,6 months-17 years,Overall,7246534.0,10.1,Scenarios B & D,2026-02-01
Texas,6 months-17 years,Overall,7246534.0,10.4,Scenarios B & D,2026-02-08
Texas,6 months-17 years,Overall,7246534.0,10.6,Scenarios B & D,2026-02-15
Texas,6 months-17 years,Overall,7246534.0,10.9,Scenarios B & D,2026-02-22
Texas,6 months-17 years,Overall,7246534.0,11.2,Scenarios B & D,2026-03-01
Texas,6 months-17 years,Overall,7246534.0,11.4,Scenarios B & D,2026-03-08
Texas,6 months-17 years,Overall,7246534.0,11.7,Scenarios B & D,2026-03-15
Texas,6 months-17 years,Overall,7246534.0,11.9,Scenarios B & D,2026-03-22
Texas,6 months-17 years,Overall,7246534.0,12.2,Scenarios B & D,2026-03-29
Texas,6 months-17 years,Overall,7246534.0,12.4,Scenarios B & D,2026-04-05
Texas,6 months-17 years,Overall,7246534.0,12.7,Scenarios B & D,2026-04-12
Texas,6 months-17 years,Overall,7246534.0,12.9,Scenarios B & D,2026-04-19
Texas,6 months-17 years,Overall,7246534.0,13.2,Scenarios B & D,2026-04-26
Texas,65+ years,Overall,3873683.0,0.0,Scenarios B & D,2025-08-03
Texas,65+ years,Overall,3873683.0,0.7,Scenarios B & D,2025-08-10
Texas,65+ years,Overall,3873683.0,2.8,Scenarios B & D,2025-08-17
Texas,65+ years,Overall,3873683.0,4.9,Scenarios B & D,2025-08-24
Texas,65+ years,Overall,3873683.0,7.0,Scenarios B & D,2025-08-31
Texas,65+ years,Overall,3873683.0,9.2,Scenarios B & D,2025-09-07
Texas,65+ years,Overall,3873683.0,11.3,Scenarios B & D,2025-09-14
Texas,65+ years,Overall,3873683.0,13.4,Scenarios B & D,2025-09-21
Texas,65+ years,Overall,3873683.0,15.5,Scenarios B & D,2025-09-28
Texas,65+ years,Overall,3873683.0,17.4,Scenarios B & D,2025-10-05
Texas,65+ years,Overall,3873683.0,19.3,Scenarios B & D,2025-10-12
Texas,65+ years,Overall,3873683.0,21.1,Scenarios B & D,2025-10-19
Texas,65+ years,Overall,3873683.0,22.7,Scenarios B & D,2025-10-26
Texas,65+ years,Overall,3873683.0,24.2,Scenarios B & D,2025-11-02
Texas,65+ years,Overall,3873683.0,25.6,Scenarios B & D,2025-11-09
Texas,65+ years,Overall,3873683.0,26.8,Scenarios B & D,2025-11-16
Texas,65+ years,Overall,3873683.0,27.8,Scenarios B & D,2025-11-23
Texas,65+ years,Overall,3873683.0,28.7,Scenarios B & D,2025-11-30
Texas,65+ years,Overall,3873683.0,29.5,Scenarios B & D,2025-12-07
Texas,65+ years,Overall,3873683.0,30.2,Scenarios B & D,2025-12-14
Texas,65+ years,Overall,3873683.0,30.8,Scenarios B & D,2025-12-21
Texas,65+ years,Overall,3873683.0,31.3,Scenarios B & D,2025-12-28
Texas,65+ years,Overall,3873683.0,31.8,Scenarios B & D,2026-01-04
Texas,65+ years,Overall,3873683.0,32.3,Scenarios B & D,2026-01-11
Texas,65+ years,Overall,3873683.0,32.8,Scenarios B & D,2026-01-18
Texas,65+ years,Overall,3873683.0,33.2,Scenarios B & D,2026-01-25
Texas,65+ years,Overall,3873683.0,33.7,Scenarios B & D,2026-02-01
Texas,65+ years,Overall,3873683.0,34.1,Scenarios B & D,2026-02-08
Texas,65+ years,Overall,3873683.0,34.6,Scenarios B & D,2026-02-15
Texas,65+ years,Overall,3873683.0,35.0,Scenarios B & D,2026-02-22
Texas,65+ years,Overall,3873683.0,35.4,Scenarios B & D,2026-03-01
Texas,65+ years,Overall,3873683.0,35.9,Scenarios B & D,2026-03-08
Texas,65+ years,Overall,3873683.0,36.3,Scenarios B & D,2026-03-15
Texas,65+ years,Overall,3873683.0,36.8,Scenarios B & D,2026-03-22
Texas,65+ years,Overall,3873683.0,37.2,Scenarios B & D,2026-03-29
Texas,65+ years,Overall,3873683.0,37.6,Scenarios B & D,2026-04-05
Texas,65+ years,Overall,3873683.0,38.1,Scenarios B & D,2026-04-12
Texas,65+ years,Overall,3873683.0,38.5,Scenarios B & D,2026-04-19
Texas,65+ years,Overall,3873683.0,38.9,Scenarios B & D,2026-04-26
Utah,18-49 years,Overall,1474068.0,0.0,Scenarios B & D,2025-08-03
Utah,18-49 years,Overall,1474068.0,0.0,Scenarios B & D,2025-08-10
Utah,18-49 years,Overall,1474068.0,0.1,Scenarios B & D,2025-08-17
Utah,18-49 years,Overall,1474068.0,0.8,Scenarios B & D,2025-08-24
Utah,18-49 years,Overall,1474068.0,1.4,Scenarios B & D,2025-08-31
Utah,18-49 years,Overall,1474068.0,2.1,Scenarios B & D,2025-09-07
Utah,18-49 years,Overall,1474068.0,2.9,Scenarios B & D,2025-09-14
Utah,18-49 years,Overall,1474068.0,3.6,Scenarios B & D,2025-09-21
Utah,18-49 years,Overall,1474068.0,4.4,Scenarios B & D,2025-09-28
Utah,18-49 years,Overall,1474068.0,5.1,Scenarios B & D,2025-10-05
Utah,18-49 years,Overall,1474068.0,5.9,Scenarios B & D,2025-10-12
Utah,18-49 years,Overall,1474068.0,6.7,Scenarios B & D,2025-10-19
Utah,18-49 years,Overall,1474068.0,7.4,Scenarios B & D,2025-10-26
Utah,18-49 years,Overall,1474068.0,8.1,Scenarios B & D,2025-11-02
Utah,18-49 years,Overall,1474068.0,8.8,Scenarios B & D,2025-11-09
Utah,18-49 years,Overall,1474068.0,9.4,Scenarios B & D,2025-11-16
Utah,18-49 years,Overall,1474068.0,10.0,Scenarios B & D,2025-11-23
Utah,18-49 years,Overall,1474068.0,10.4,Scenarios B & D,2025-11-30
Utah,18-49 years,Overall,1474068.0,10.8,Scenarios B & D,2025-12-07
Utah,18-49 years,Overall,1474068.0,11.2,Scenarios B & D,2025-12-14
Utah,18-49 years,Overall,1474068.0,11.5,Scenarios B & D,2025-12-21
Utah,18-49 years,Overall,1474068.0,11.8,Scenarios B & D,2025-12-28
Utah,18-49 years,Overall,1474068.0,12.0,Scenarios B & D,2026-01-04
Utah,18-49 years,Overall,1474068.0,12.2,Scenarios B & D,2026-01-11
Utah,18-49 years,Overall,1474068.0,12.4,Scenarios B & D,2026-01-18
Utah,18-49 years,Overall,1474068.0,12.6,Scenarios B & D,2026-01-25
Utah,18-49 years,Overall,1474068.0,12.8,Scenarios B & D,2026-02-01
Utah,18-49 years,Overall,1474068.0,13.0,Scenarios B & D,2026-02-08
Utah,18-49 years,Overall,1474068.0,13.2,Scenarios B & D,2026-02-15
Utah,18-49 years,Overall,1474068.0,13.4,Scenarios B & D,2026-02-22
Utah,18-49 years,Overall,1474068.0,13.6,Scenarios B & D,2026-03-01
Utah,18-49 years,Overall,1474068.0,13.8,Scenarios B & D,2026-03-08
Utah,18-49 years,Overall,1474068.0,14.0,Scenarios B & D,2026-03-15
Utah,18-49 years,Overall,1474068.0,14.2,Scenarios B & D,2026-03-22
Utah,18-49 years,Overall,1474068.0,14.4,Scenarios B & D,2026-03-29
Utah,18-49 years,Overall,1474068.0,14.5,Scenarios B & D,2026-04-05
Utah,18-49 years,Overall,1474068.0,14.7,Scenarios B & D,2026-04-12
Utah,18-49 years,Overall,1474068.0,14.9,Scenarios B & D,2026-04-19
Utah,18-49 years,Overall,1474068.0,15.1,Scenarios B & D,2026-04-26
Utah,50-64 years,Overall,460106.0,0.0,Scenarios B & D,2025-08-03
Utah,50-64 years,Overall,460106.0,0.0,Scenarios B & D,2025-08-10
Utah,50-64 years,Overall,460106.0,1.3,Scenarios B & D,2025-08-17
Utah,50-64 years,Overall,460106.0,3.0,Scenarios B & D,2025-08-24
Utah,50-64 years,Overall,460106.0,4.6,Scenarios B & D,2025-08-31
Utah,50-64 years,Overall,460106.0,6.4,Scenarios B & D,2025-09-07
Utah,50-64 years,Overall,460106.0,8.1,Scenarios B & D,2025-09-14
Utah,50-64 years,Overall,460106.0,9.9,Scenarios B & D,2025-09-21
Utah,50-64 years,Overall,460106.0,11.7,Scenarios B & D,2025-09-28
Utah,50-64 years,Overall,460106.0,13.4,Scenarios B & D,2025-10-05
Utah,50-64 years,Overall,460106.0,15.2,Scenarios B & D,2025-10-12
Utah,50-64 years,Overall,460106.0,16.9,Scenarios B & D,2025-10-19
Utah,50-64 years,Overall,460106.0,18.6,Scenarios B & D,2025-10-26
Utah,50-64 years,Overall,460106.0,20.2,Scenarios B & D,2025-11-02
Utah,50-64 years,Overall,460106.0,21.7,Scenarios B & D,2025-11-09
Utah,50-64 years,Overall,460106.0,23.1,Scenarios B & D,2025-11-16
Utah,50-64 years,Overall,460106.0,24.5,Scenarios B & D,2025-11-23
Utah,50-64 years,Overall,460106.0,25.7,Scenarios B & D,2025-11-30
Utah,50-64 years,Overall,460106.0,26.7,Scenarios B & D,2025-12-07
Utah,50-64 years,Overall,460106.0,27.6,Scenarios B & D,2025-12-14
Utah,50-64 years,Overall,460106.0,28.3,Scenarios B & D,2025-12-21
Utah,50-64 years,Overall,460106.0,28.8,Scenarios B & D,2025-12-28
Utah,50-64 years,Overall,460106.0,29.3,Scenarios B & D,2026-01-04
Utah,50-64 years,Overall,460106.0,29.6,Scenarios B & D,2026-01-11
Utah,50-64 years,Overall,460106.0,29.9,Scenarios B & D,2026-01-18
Utah,50-64 years,Overall,460106.0,30.1,Scenarios B & D,2026-01-25
Utah,50-64 years,Overall,460106.0,30.3,Scenarios B & D,2026-02-01
Utah,50-64 years,Overall,460106.0,30.5,Scenarios B & D,2026-02-08
Utah,50-64 years,Overall,460106.0,30.7,Scenarios B & D,2026-02-15
Utah,50-64 years,Overall,460106.0,30.9,Scenarios B & D,2026-02-22
Utah,50-64 years,Overall,460106.0,31.0,Scenarios B & D,2026-03-01
Utah,50-64 years,Overall,460106.0,31.2,Scenarios B & D,2026-03-08
Utah,50-64 years,Overall,460106.0,31.4,Scenarios B & D,2026-03-15
Utah,50-64 years,Overall,460106.0,31.6,Scenarios B & D,2026-03-22
Utah,50-64 years,Overall,460106.0,31.8,Scenarios B & D,2026-03-29
Utah,50-64 years,Overall,460106.0,32.0,Scenarios B & D,2026-04-05
Utah,50-64 years,Overall,460106.0,32.1,Scenarios B & D,2026-04-12
Utah,50-64 years,Overall,460106.0,32.3,Scenarios B & D,2026-04-19
Utah,50-64 years,Overall,460106.0,32.5,Scenarios B & D,2026-04-26
Utah,6 months-17 years,Overall,905560.0,0.0,Scenarios B & D,2025-08-03
Utah,6 months-17 years,Overall,905560.0,0.0,Scenarios B & D,2025-08-10
Utah,6 months-17 years,Overall,905560.0,0.0,Scenarios B & D,2025-08-17
Utah,6 months-17 years,Overall,905560.0,0.1,Scenarios B & D,2025-08-24
Utah,6 months-17 years,Overall,905560.0,0.7,Scenarios B & D,2025-08-31
Utah,6 months-17 years,Overall,905560.0,1.4,Scenarios B & D,2025-09-07
Utah,6 months-17 years,Overall,905560.0,2.0,Scenarios B & D,2025-09-14
Utah,6 months-17 years,Overall,905560.0,2.7,Scenarios B & D,2025-09-21
Utah,6 months-17 years,Overall,905560.0,3.3,Scenarios B & D,2025-09-28
Utah,6 months-17 years,Overall,905560.0,4.0,Scenarios B & D,2025-10-05
Utah,6 months-17 years,Overall,905560.0,4.7,Scenarios B & D,2025-10-12
Utah,6 months-17 years,Overall,905560.0,5.3,Scenarios B & D,2025-10-19
Utah,6 months-17 years,Overall,905560.0,6.0,Scenarios B & D,2025-10-26
Utah,6 months-17 years,Overall,905560.0,6.7,Scenarios B & D,2025-11-02
Utah,6 months-17 years,Overall,905560.0,7.3,Scenarios B & D,2025-11-09
Utah,6 months-17 years,Overall,905560.0,7.9,Scenarios B & D,2025-11-16
Utah,6 months-17 years,Overall,905560.0,8.5,Scenarios B & D,2025-11-23
Utah,6 months-17 years,Overall,905560.0,9.1,Scenarios B & D,2025-11-30
Utah,6 months-17 years,Overall,905560.0,9.6,Scenarios B & D,2025-12-07
Utah,6 months-17 years,Overall,905560.0,10.1,Scenarios B & D,2025-12-14
Utah,6 months-17 years,Overall,905560.0,10.5,Scenarios B & D,2025-12-21
Utah,6 months-17 years,Overall,905560.0,11.0,Scenarios B & D,2025-12-28
Utah,6 months-17 years,Overall,905560.0,11.4,Scenarios B & D,2026-01-04
Utah,6 months-17 years,Overall,905560.0,11.8,Scenarios B & D,2026-01-11
Utah,6 months-17 years,Overall,905560.0,12.1,Scenarios B & D,2026-01-18
Utah,6 months-17 years,Overall,905560.0,12.5,Scenarios B & D,2026-01-25
Utah,6 months-17 years,Overall,905560.0,12.8,Scenarios B & D,2026-02-01
Utah,6 months-17 years,Overall,905560.0,13.1,Scenarios B & D,2026-02-08
Utah,6 months-17 years,Overall,905560.0,13.4,Scenarios B & D,2026-02-15
Utah,6 months-17 years,Overall,905560.0,13.7,Scenarios B & D,2026-02-22
Utah,6 months-17 years,Overall,905560.0,14.0,Scenarios B & D,2026-03-01
Utah,6 months-17 years,Overall,905560.0,14.3,Scenarios B & D,2026-03-08
Utah,6 months-17 years,Overall,905560.0,14.6,Scenarios B & D,2026-03-15
Utah,6 months-17 years,Overall,905560.0,14.9,Scenarios B & D,2026-03-22
Utah,6 months-17 years,Overall,905560.0,15.2,Scenarios B & D,2026-03-29
Utah,6 months-17 years,Overall,905560.0,15.5,Scenarios B & D,2026-04-05
Utah,6 months-17 years,Overall,905560.0,15.8,Scenarios B & D,2026-04-12
Utah,6 months-17 years,Overall,905560.0,16.1,Scenarios B & D,2026-04-19
Utah,6 months-17 years,Overall,905560.0,16.4,Scenarios B & D,2026-04-26
Utah,65+ years,Overall,381593.0,0.0,Scenarios B & D,2025-08-03
Utah,65+ years,Overall,381593.0,0.0,Scenarios B & D,2025-08-10
Utah,65+ years,Overall,381593.0,2.4,Scenarios B & D,2025-08-17
Utah,65+ years,Overall,381593.0,5.0,Scenarios B & D,2025-08-24
Utah,65+ years,Overall,381593.0,7.7,Scenarios B & D,2025-08-31
Utah,65+ years,Overall,381593.0,10.4,Scenarios B & D,2025-09-07
Utah,65+ years,Overall,381593.0,13.1,Scenarios B & D,2025-09-14
Utah,65+ years,Overall,381593.0,15.8,Scenarios B & D,2025-09-21
Utah,65+ years,Overall,381593.0,18.6,Scenarios B & D,2025-09-28
Utah,65+ years,Overall,381593.0,21.2,Scenarios B & D,2025-10-05
Utah,65+ years,Overall,381593.0,23.8,Scenarios B & D,2025-10-12
Utah,65+ years,Overall,381593.0,26.3,Scenarios B & D,2025-10-19
Utah,65+ years,Overall,381593.0,28.6,Scenarios B & D,2025-10-26
Utah,65+ years,Overall,381593.0,30.7,Scenarios B & D,2025-11-02
Utah,65+ years,Overall,381593.0,32.7,Scenarios B & D,2025-11-09
Utah,65+ years,Overall,381593.0,34.5,Scenarios B & D,2025-11-16
Utah,65+ years,Overall,381593.0,36.1,Scenarios B & D,2025-11-23
Utah,65+ years,Overall,381593.0,37.6,Scenarios B & D,2025-11-30
Utah,65+ years,Overall,381593.0,38.8,Scenarios B & D,2025-12-07
Utah,65+ years,Overall,381593.0,39.9,Scenarios B & D,2025-12-14
Utah,65+ years,Overall,381593.0,40.8,Scenarios B & D,2025-12-21
Utah,65+ years,Overall,381593.0,41.6,Scenarios B & D,2025-12-28
Utah,65+ years,Overall,381593.0,42.3,Scenarios B & D,2026-01-04
Utah,65+ years,Overall,381593.0,42.9,Scenarios B & D,2026-01-11
Utah,65+ years,Overall,381593.0,43.5,Scenarios B & D,2026-01-18
Utah,65+ years,Overall,381593.0,44.0,Scenarios B & D,2026-01-25
Utah,65+ years,Overall,381593.0,44.5,Scenarios B & D,2026-02-01
Utah,65+ years,Overall,381593.0,45.0,Scenarios B & D,2026-02-08
Utah,65+ years,Overall,381593.0,45.5,Scenarios B & D,2026-02-15
Utah,65+ years,Overall,381593.0,46.0,Scenarios B & D,2026-02-22
Utah,65+ years,Overall,381593.0,46.5,Scenarios B & D,2026-03-01
Utah,65+ years,Overall,381593.0,47.0,Scenarios B & D,2026-03-08
Utah,65+ years,Overall,381593.0,47.5,Scenarios B & D,2026-03-15
Utah,65+ years,Overall,381593.0,48.0,Scenarios B & D,2026-03-22
Utah,65+ years,Overall,381593.0,48.5,Scenarios B & D,2026-03-29
Utah,65+ years,Overall,381593.0,49.0,Scenarios B & D,2026-04-05
Utah,65+ years,Overall,381593.0,49.5,Scenarios B & D,2026-04-12
Utah,65+ years,Overall,381593.0,50.0,Scenarios B & D,2026-04-19
Utah,65+ years,Overall,381593.0,50.5,Scenarios B & D,2026-04-26
Vermont,18-49 years,Overall,247428.0,0.0,Scenarios B & D,2025-08-03
Vermont,18-49 years,Overall,247428.0,0.0,Scenarios B & D,2025-08-10
Vermont,18-49 years,Overall,247428.0,0.7,Scenarios B & D,2025-08-17
Vermont,18-49 years,Overall,247428.0,2.1,Scenarios B & D,2025-08-24
Vermont,18-49 years,Overall,247428.0,3.4,Scenarios B & D,2025-08-31
Vermont,18-49 years,Overall,247428.0,4.9,Scenarios B & D,2025-09-07
Vermont,18-49 years,Overall,247428.0,6.3,Scenarios B & D,2025-09-14
Vermont,18-49 years,Overall,247428.0,7.8,Scenarios B & D,2025-09-21
Vermont,18-49 years,Overall,247428.0,9.3,Scenarios B & D,2025-09-28
Vermont,18-49 years,Overall,247428.0,10.8,Scenarios B & D,2025-10-05
Vermont,18-49 years,Overall,247428.0,12.3,Scenarios B & D,2025-10-12
Vermont,18-49 years,Overall,247428.0,13.7,Scenarios B & D,2025-10-19
Vermont,18-49 years,Overall,247428.0,15.1,Scenarios B & D,2025-10-26
Vermont,18-49 years,Overall,247428.0,16.4,Scenarios B & D,2025-11-02
Vermont,18-49 years,Overall,247428.0,17.6,Scenarios B & D,2025-11-09
Vermont,18-49 years,Overall,247428.0,18.8,Scenarios B & D,2025-11-16
Vermont,18-49 years,Overall,247428.0,19.9,Scenarios B & D,2025-11-23
Vermont,18-49 years,Overall,247428.0,20.8,Scenarios B & D,2025-11-30
Vermont,18-49 years,Overall,247428.0,21.7,Scenarios B & D,2025-12-07
Vermont,18-49 years,Overall,247428.0,22.6,Scenarios B & D,2025-12-14
Vermont,18-49 years,Overall,247428.0,23.3,Scenarios B & D,2025-12-21
Vermont,18-49 years,Overall,247428.0,24.0,Scenarios B & D,2025-12-28
Vermont,18-49 years,Overall,247428.0,24.6,Scenarios B & D,2026-01-04
Vermont,18-49 years,Overall,247428.0,25.2,Scenarios B & D,2026-01-11
Vermont,18-49 years,Overall,247428.0,25.7,Scenarios B & D,2026-01-18
Vermont,18-49 years,Overall,247428.0,26.3,Scenarios B & D,2026-01-25
Vermont,18-49 years,Overall,247428.0,26.8,Scenarios B & D,2026-02-01
Vermont,18-49 years,Overall,247428.0,27.3,Scenarios B & D,2026-02-08
Vermont,18-49 years,Overall,247428.0,27.9,Scenarios B & D,2026-02-15
Vermont,18-49 years,Overall,247428.0,28.4,Scenarios B & D,2026-02-22
Vermont,18-49 years,Overall,247428.0,28.9,Scenarios B & D,2026-03-01
Vermont,18-49 years,Overall,247428.0,29.4,Scenarios B & D,2026-03-08
Vermont,18-49 years,Overall,247428.0,30.0,Scenarios B & D,2026-03-15
Vermont,18-49 years,Overall,247428.0,30.5,Scenarios B & D,2026-03-22
Vermont,18-49 years,Overall,247428.0,31.0,Scenarios B & D,2026-03-29
Vermont,18-49 years,Overall,247428.0,31.5,Scenarios B & D,2026-04-05
Vermont,18-49 years,Overall,247428.0,32.1,Scenarios B & D,2026-04-12
Vermont,18-49 years,Overall,247428.0,32.6,Scenarios B & D,2026-04-19
Vermont,18-49 years,Overall,247428.0,33.1,Scenarios B & D,2026-04-26
Vermont,50-64 years,Overall,133587.0,0.0,Scenarios B & D,2025-08-03
Vermont,50-64 years,Overall,133587.0,0.0,Scenarios B & D,2025-08-10
Vermont,50-64 years,Overall,133587.0,1.0,Scenarios B & D,2025-08-17
Vermont,50-64 years,Overall,133587.0,3.3,Scenarios B & D,2025-08-24
Vermont,50-64 years,Overall,133587.0,5.6,Scenarios B & D,2025-08-31
Vermont,50-64 years,Overall,133587.0,8.0,Scenarios B & D,2025-09-07
Vermont,50-64 years,Overall,133587.0,10.6,Scenarios B & D,2025-09-14
Vermont,50-64 years,Overall,133587.0,13.1,Scenarios B & D,2025-09-21
Vermont,50-64 years,Overall,133587.0,15.8,Scenarios B & D,2025-09-28
Vermont,50-64 years,Overall,133587.0,18.5,Scenarios B & D,2025-10-05
Vermont,50-64 years,Overall,133587.0,21.2,Scenarios B & D,2025-10-12
Vermont,50-64 years,Overall,133587.0,23.9,Scenarios B & D,2025-10-19
Vermont,50-64 years,Overall,133587.0,26.6,Scenarios B & D,2025-10-26
Vermont,50-64 years,Overall,133587.0,29.3,Scenarios B & D,2025-11-02
Vermont,50-64 years,Overall,133587.0,31.8,Scenarios B & D,2025-11-09
Vermont,50-64 years,Overall,133587.0,34.1,Scenarios B & D,2025-11-16
Vermont,50-64 years,Overall,133587.0,36.3,Scenarios B & D,2025-11-23
Vermont,50-64 years,Overall,133587.0,38.2,Scenarios B & D,2025-11-30
Vermont,50-64 years,Overall,133587.0,39.9,Scenarios B & D,2025-12-07
Vermont,50-64 years,Overall,133587.0,41.4,Scenarios B & D,2025-12-14
Vermont,50-64 years,Overall,133587.0,42.6,Scenarios B & D,2025-12-21
Vermont,50-64 years,Overall,133587.0,43.7,Scenarios B & D,2025-12-28
Vermont,50-64 years,Overall,133587.0,44.7,Scenarios B & D,2026-01-04
Vermont,50-64 years,Overall,133587.0,45.5,Scenarios B & D,2026-01-11
Vermont,50-64 years,Overall,133587.0,46.3,Scenarios B & D,2026-01-18
Vermont,50-64 years,Overall,133587.0,47.0,Scenarios B & D,2026-01-25
Vermont,50-64 years,Overall,133587.0,47.8,Scenarios B & D,2026-02-01
Vermont,50-64 years,Overall,133587.0,48.4,Scenarios B & D,2026-02-08
Vermont,50-64 years,Overall,133587.0,49.1,Scenarios B & D,2026-02-15
Vermont,50-64 years,Overall,133587.0,49.8,Scenarios B & D,2026-02-22
Vermont,50-64 years,Overall,133587.0,50.5,Scenarios B & D,2026-03-01
Vermont,50-64 years,Overall,133587.0,51.2,Scenarios B & D,2026-03-08
Vermont,50-64 years,Overall,133587.0,51.9,Scenarios B & D,2026-03-15
Vermont,50-64 years,Overall,133587.0,52.6,Scenarios B & D,2026-03-22
Vermont,50-64 years,Overall,133587.0,53.3,Scenarios B & D,2026-03-29
Vermont,50-64 years,Overall,133587.0,54.0,Scenarios B & D,2026-04-05
Vermont,50-64 years,Overall,133587.0,54.7,Scenarios B & D,2026-04-12
Vermont,50-64 years,Overall,133587.0,55.4,Scenarios B & D,2026-04-19
Vermont,50-64 years,Overall,133587.0,56.1,Scenarios B & D,2026-04-26
Vermont,6 months-17 years,Overall,110501.0,0.0,Scenarios B & D,2025-08-03
Vermont,6 months-17 years,Overall,110501.0,0.0,Scenarios B & D,2025-08-10
Vermont,6 months-17 years,Overall,110501.0,0.0,Scenarios B & D,2025-08-17
Vermont,6 months-17 years,Overall,110501.0,0.7,Scenarios B & D,2025-08-24
Vermont,6 months-17 years,Overall,110501.0,2.4,Scenarios B & D,2025-08-31
Vermont,6 months-17 years,Overall,110501.0,4.2,Scenarios B & D,2025-09-07
Vermont,6 months-17 years,Overall,110501.0,6.0,Scenarios B & D,2025-09-14
Vermont,6 months-17 years,Overall,110501.0,7.9,Scenarios B & D,2025-09-21
Vermont,6 months-17 years,Overall,110501.0,9.7,Scenarios B & D,2025-09-28
Vermont,6 months-17 years,Overall,110501.0,11.6,Scenarios B & D,2025-10-05
Vermont,6 months-17 years,Overall,110501.0,13.5,Scenarios B & D,2025-10-12
Vermont,6 months-17 years,Overall,110501.0,15.4,Scenarios B & D,2025-10-19
Vermont,6 months-17 years,Overall,110501.0,17.2,Scenarios B & D,2025-10-26
Vermont,6 months-17 years,Overall,110501.0,19.0,Scenarios B & D,2025-11-02
Vermont,6 months-17 years,Overall,110501.0,20.7,Scenarios B & D,2025-11-09
Vermont,6 months-17 years,Overall,110501.0,22.3,Scenarios B & D,2025-11-16
Vermont,6 months-17 years,Overall,110501.0,23.9,Scenarios B & D,2025-11-23
Vermont,6 months-17 years,Overall,110501.0,25.3,Scenarios B & D,2025-11-30
Vermont,6 months-17 years,Overall,110501.0,26.6,Scenarios B & D,2025-12-07
Vermont,6 months-17 years,Overall,110501.0,27.9,Scenarios B & D,2025-12-14
Vermont,6 months-17 years,Overall,110501.0,29.0,Scenarios B & D,2025-12-21
Vermont,6 months-17 years,Overall,110501.0,30.1,Scenarios B & D,2025-12-28
Vermont,6 months-17 years,Overall,110501.0,31.1,Scenarios B & D,2026-01-04
Vermont,6 months-17 years,Overall,110501.0,32.0,Scenarios B & D,2026-01-11
Vermont,6 months-17 years,Overall,110501.0,32.8,Scenarios B & D,2026-01-18
Vermont,6 months-17 years,Overall,110501.0,33.6,Scenarios B & D,2026-01-25
Vermont,6 months-17 years,Overall,110501.0,34.3,Scenarios B & D,2026-02-01
Vermont,6 months-17 years,Overall,110501.0,35.0,Scenarios B & D,2026-02-08
Vermont,6 months-17 years,Overall,110501.0,35.6,Scenarios B & D,2026-02-15
Vermont,6 months-17 years,Overall,110501.0,36.2,Scenarios B & D,2026-02-22
Vermont,6 months-17 years,Overall,110501.0,36.9,Scenarios B & D,2026-03-01
Vermont,6 months-17 years,Overall,110501.0,37.5,Scenarios B & D,2026-03-08
Vermont,6 months-17 years,Overall,110501.0,38.1,Scenarios B & D,2026-03-15
Vermont,6 months-17 years,Overall,110501.0,38.7,Scenarios B & D,2026-03-22
Vermont,6 months-17 years,Overall,110501.0,39.3,Scenarios B & D,2026-03-29
Vermont,6 months-17 years,Overall,110501.0,39.9,Scenarios B & D,2026-04-05
Vermont,6 months-17 years,Overall,110501.0,40.5,Scenarios B & D,2026-04-12
Vermont,6 months-17 years,Overall,110501.0,41.1,Scenarios B & D,2026-04-19
Vermont,6 months-17 years,Overall,110501.0,41.7,Scenarios B & D,2026-04-26
Vermont,65+ years,Overall,128594.0,0.0,Scenarios B & D,2025-08-03
Vermont,65+ years,Overall,128594.0,0.0,Scenarios B & D,2025-08-10
Vermont,65+ years,Overall,128594.0,3.6,Scenarios B & D,2025-08-17
Vermont,65+ years,Overall,128594.0,7.2,Scenarios B & D,2025-08-24
Vermont,65+ years,Overall,128594.0,10.9,Scenarios B & D,2025-08-31
Vermont,65+ years,Overall,128594.0,14.7,Scenarios B & D,2025-09-07
Vermont,65+ years,Overall,128594.0,18.5,Scenarios B & D,2025-09-14
Vermont,65+ years,Overall,128594.0,22.3,Scenarios B & D,2025-09-21
Vermont,65+ years,Overall,128594.0,26.1,Scenarios B & D,2025-09-28
Vermont,65+ years,Overall,128594.0,29.9,Scenarios B & D,2025-10-05
Vermont,65+ years,Overall,128594.0,33.5,Scenarios B & D,2025-10-12
Vermont,65+ years,Overall,128594.0,37.0,Scenarios B & D,2025-10-19
Vermont,65+ years,Overall,128594.0,40.3,Scenarios B & D,2025-10-26
Vermont,65+ years,Overall,128594.0,43.5,Scenarios B & D,2025-11-02
Vermont,65+ years,Overall,128594.0,46.4,Scenarios B & D,2025-11-09
Vermont,65+ years,Overall,128594.0,49.0,Scenarios B & D,2025-11-16
Vermont,65+ years,Overall,128594.0,51.4,Scenarios B & D,2025-11-23
Vermont,65+ years,Overall,128594.0,53.5,Scenarios B & D,2025-11-30
Vermont,65+ years,Overall,128594.0,55.3,Scenarios B & D,2025-12-07
Vermont,65+ years,Overall,128594.0,56.9,Scenarios B & D,2025-12-14
Vermont,65+ years,Overall,128594.0,58.3,Scenarios B & D,2025-12-21
Vermont,65+ years,Overall,128594.0,59.4,Scenarios B & D,2025-12-28
Vermont,65+ years,Overall,128594.0,60.4,Scenarios B & D,2026-01-04
Vermont,65+ years,Overall,128594.0,61.4,Scenarios B & D,2026-01-11
Vermont,65+ years,Overall,128594.0,62.2,Scenarios B & D,2026-01-18
Vermont,65+ years,Overall,128594.0,63.0,Scenarios B & D,2026-01-25
Vermont,65+ years,Overall,128594.0,63.7,Scenarios B & D,2026-02-01
Vermont,65+ years,Overall,128594.0,64.5,Scenarios B & D,2026-02-08
Vermont,65+ years,Overall,128594.0,65.2,Scenarios B & D,2026-02-15
Vermont,65+ years,Overall,128594.0,65.9,Scenarios B & D,2026-02-22
Vermont,65+ years,Overall,128594.0,66.7,Scenarios B & D,2026-03-01
Vermont,65+ years,Overall,128594.0,67.4,Scenarios B & D,2026-03-08
Vermont,65+ years,Overall,128594.0,68.1,Scenarios B & D,2026-03-15
Vermont,65+ years,Overall,128594.0,68.9,Scenarios B & D,2026-03-22
Vermont,65+ years,Overall,128594.0,69.6,Scenarios B & D,2026-03-29
Vermont,65+ years,Overall,128594.0,70.3,Scenarios B & D,2026-04-05
Vermont,65+ years,Overall,128594.0,71.0,Scenarios B & D,2026-04-12
Vermont,65+ years,Overall,128594.0,71.8,Scenarios B & D,2026-04-19
Vermont,65+ years,Overall,128594.0,72.5,Scenarios B & D,2026-04-26
Virginia,18-49 years,Overall,3545202.0,0.0,Scenarios B & D,2025-08-03
Virginia,18-49 years,Overall,3545202.0,0.1,Scenarios B & D,2025-08-10
Virginia,18-49 years,Overall,3545202.0,0.8,Scenarios B & D,2025-08-17
Virginia,18-49 years,Overall,3545202.0,1.6,Scenarios B & D,2025-08-24
Virginia,18-49 years,Overall,3545202.0,2.4,Scenarios B & D,2025-08-31
Virginia,18-49 years,Overall,3545202.0,3.2,Scenarios B & D,2025-09-07
Virginia,18-49 years,Overall,3545202.0,4.0,Scenarios B & D,2025-09-14
Virginia,18-49 years,Overall,3545202.0,4.8,Scenarios B & D,2025-09-21
Virginia,18-49 years,Overall,3545202.0,5.6,Scenarios B & D,2025-09-28
Virginia,18-49 years,Overall,3545202.0,6.3,Scenarios B & D,2025-10-05
Virginia,18-49 years,Overall,3545202.0,7.1,Scenarios B & D,2025-10-12
Virginia,18-49 years,Overall,3545202.0,7.8,Scenarios B & D,2025-10-19
Virginia,18-49 years,Overall,3545202.0,8.4,Scenarios B & D,2025-10-26
Virginia,18-49 years,Overall,3545202.0,9.0,Scenarios B & D,2025-11-02
Virginia,18-49 years,Overall,3545202.0,9.6,Scenarios B & D,2025-11-09
Virginia,18-49 years,Overall,3545202.0,10.1,Scenarios B & D,2025-11-16
Virginia,18-49 years,Overall,3545202.0,10.6,Scenarios B & D,2025-11-23
Virginia,18-49 years,Overall,3545202.0,11.1,Scenarios B & D,2025-11-30
Virginia,18-49 years,Overall,3545202.0,11.5,Scenarios B & D,2025-12-07
Virginia,18-49 years,Overall,3545202.0,11.8,Scenarios B & D,2025-12-14
Virginia,18-49 years,Overall,3545202.0,12.2,Scenarios B & D,2025-12-21
Virginia,18-49 years,Overall,3545202.0,12.4,Scenarios B & D,2025-12-28
Virginia,18-49 years,Overall,3545202.0,12.7,Scenarios B & D,2026-01-04
Virginia,18-49 years,Overall,3545202.0,13.0,Scenarios B & D,2026-01-11
Virginia,18-49 years,Overall,3545202.0,13.2,Scenarios B & D,2026-01-18
Virginia,18-49 years,Overall,3545202.0,13.4,Scenarios B & D,2026-01-25
Virginia,18-49 years,Overall,3545202.0,13.7,Scenarios B & D,2026-02-01
Virginia,18-49 years,Overall,3545202.0,13.9,Scenarios B & D,2026-02-08
Virginia,18-49 years,Overall,3545202.0,14.1,Scenarios B & D,2026-02-15
Virginia,18-49 years,Overall,3545202.0,14.3,Scenarios B & D,2026-02-22
Virginia,18-49 years,Overall,3545202.0,14.6,Scenarios B & D,2026-03-01
Virginia,18-49 years,Overall,3545202.0,14.8,Scenarios B & D,2026-03-08
Virginia,18-49 years,Overall,3545202.0,15.0,Scenarios B & D,2026-03-15
Virginia,18-49 years,Overall,3545202.0,15.3,Scenarios B & D,2026-03-22
Virginia,18-49 years,Overall,3545202.0,15.5,Scenarios B & D,2026-03-29
Virginia,18-49 years,Overall,3545202.0,15.7,Scenarios B & D,2026-04-05
Virginia,18-49 years,Overall,3545202.0,15.9,Scenarios B & D,2026-04-12
Virginia,18-49 years,Overall,3545202.0,16.2,Scenarios B & D,2026-04-19
Virginia,18-49 years,Overall,3545202.0,16.4,Scenarios B & D,2026-04-26
Virginia,50-64 years,Overall,1662706.0,0.0,Scenarios B & D,2025-08-03
Virginia,50-64 years,Overall,1662706.0,0.3,Scenarios B & D,2025-08-10
Virginia,50-64 years,Overall,1662706.0,2.1,Scenarios B & D,2025-08-17
Virginia,50-64 years,Overall,1662706.0,3.9,Scenarios B & D,2025-08-24
Virginia,50-64 years,Overall,1662706.0,5.7,Scenarios B & D,2025-08-31
Virginia,50-64 years,Overall,1662706.0,7.5,Scenarios B & D,2025-09-07
Virginia,50-64 years,Overall,1662706.0,9.3,Scenarios B & D,2025-09-14
Virginia,50-64 years,Overall,1662706.0,11.1,Scenarios B & D,2025-09-21
Virginia,50-64 years,Overall,1662706.0,12.9,Scenarios B & D,2025-09-28
Virginia,50-64 years,Overall,1662706.0,14.7,Scenarios B & D,2025-10-05
Virginia,50-64 years,Overall,1662706.0,16.3,Scenarios B & D,2025-10-12
Virginia,50-64 years,Overall,1662706.0,17.9,Scenarios B & D,2025-10-19
Virginia,50-64 years,Overall,1662706.0,19.3,Scenarios B & D,2025-10-26
Virginia,50-64 years,Overall,1662706.0,20.6,Scenarios B & D,2025-11-02
Virginia,50-64 years,Overall,1662706.0,21.9,Scenarios B & D,2025-11-09
Virginia,50-64 years,Overall,1662706.0,22.9,Scenarios B & D,2025-11-16
Virginia,50-64 years,Overall,1662706.0,23.9,Scenarios B & D,2025-11-23
Virginia,50-64 years,Overall,1662706.0,24.7,Scenarios B & D,2025-11-30
Virginia,50-64 years,Overall,1662706.0,25.5,Scenarios B & D,2025-12-07
Virginia,50-64 years,Overall,1662706.0,26.1,Scenarios B & D,2025-12-14
Virginia,50-64 years,Overall,1662706.0,26.7,Scenarios B & D,2025-12-21
Virginia,50-64 years,Overall,1662706.0,27.2,Scenarios B & D,2025-12-28
Virginia,50-64 years,Overall,1662706.0,27.6,Scenarios B & D,2026-01-04
Virginia,50-64 years,Overall,1662706.0,28.0,Scenarios B & D,2026-01-11
Virginia,50-64 years,Overall,1662706.0,28.4,Scenarios B & D,2026-01-18
Virginia,50-64 years,Overall,1662706.0,28.8,Scenarios B & D,2026-01-25
Virginia,50-64 years,Overall,1662706.0,29.1,Scenarios B & D,2026-02-01
Virginia,50-64 years,Overall,1662706.0,29.5,Scenarios B & D,2026-02-08
Virginia,50-64 years,Overall,1662706.0,29.8,Scenarios B & D,2026-02-15
Virginia,50-64 years,Overall,1662706.0,30.2,Scenarios B & D,2026-02-22
Virginia,50-64 years,Overall,1662706.0,30.5,Scenarios B & D,2026-03-01
Virginia,50-64 years,Overall,1662706.0,30.9,Scenarios B & D,2026-03-08
Virginia,50-64 years,Overall,1662706.0,31.2,Scenarios B & D,2026-03-15
Virginia,50-64 years,Overall,1662706.0,31.6,Scenarios B & D,2026-03-22
Virginia,50-64 years,Overall,1662706.0,31.9,Scenarios B & D,2026-03-29
Virginia,50-64 years,Overall,1662706.0,32.3,Scenarios B & D,2026-04-05
Virginia,50-64 years,Overall,1662706.0,32.6,Scenarios B & D,2026-04-12
Virginia,50-64 years,Overall,1662706.0,32.9,Scenarios B & D,2026-04-19
Virginia,50-64 years,Overall,1662706.0,33.3,Scenarios B & D,2026-04-26
Virginia,6 months-17 years,Overall,1817489.0,0.0,Scenarios B & D,2025-08-03
Virginia,6 months-17 years,Overall,1817489.0,0.0,Scenarios B & D,2025-08-10
Virginia,6 months-17 years,Overall,1817489.0,0.0,Scenarios B & D,2025-08-17
Virginia,6 months-17 years,Overall,1817489.0,0.4,Scenarios B & D,2025-08-24
Virginia,6 months-17 years,Overall,1817489.0,1.2,Scenarios B & D,2025-08-31
Virginia,6 months-17 years,Overall,1817489.0,2.0,Scenarios B & D,2025-09-07
Virginia,6 months-17 years,Overall,1817489.0,2.8,Scenarios B & D,2025-09-14
Virginia,6 months-17 years,Overall,1817489.0,3.6,Scenarios B & D,2025-09-21
Virginia,6 months-17 years,Overall,1817489.0,4.5,Scenarios B & D,2025-09-28
Virginia,6 months-17 years,Overall,1817489.0,5.3,Scenarios B & D,2025-10-05
Virginia,6 months-17 years,Overall,1817489.0,6.1,Scenarios B & D,2025-10-12
Virginia,6 months-17 years,Overall,1817489.0,7.0,Scenarios B & D,2025-10-19
Virginia,6 months-17 years,Overall,1817489.0,7.8,Scenarios B & D,2025-10-26
Virginia,6 months-17 years,Overall,1817489.0,8.6,Scenarios B & D,2025-11-02
Virginia,6 months-17 years,Overall,1817489.0,9.3,Scenarios B & D,2025-11-09
Virginia,6 months-17 years,Overall,1817489.0,10.0,Scenarios B & D,2025-11-16
Virginia,6 months-17 years,Overall,1817489.0,10.7,Scenarios B & D,2025-11-23
Virginia,6 months-17 years,Overall,1817489.0,11.3,Scenarios B & D,2025-11-30
Virginia,6 months-17 years,Overall,1817489.0,11.9,Scenarios B & D,2025-12-07
Virginia,6 months-17 years,Overall,1817489.0,12.5,Scenarios B & D,2025-12-14
Virginia,6 months-17 years,Overall,1817489.0,13.0,Scenarios B & D,2025-12-21
Virginia,6 months-17 years,Overall,1817489.0,13.5,Scenarios B & D,2025-12-28
Virginia,6 months-17 years,Overall,1817489.0,13.9,Scenarios B & D,2026-01-04
Virginia,6 months-17 years,Overall,1817489.0,14.4,Scenarios B & D,2026-01-11
Virginia,6 months-17 years,Overall,1817489.0,14.7,Scenarios B & D,2026-01-18
Virginia,6 months-17 years,Overall,1817489.0,15.1,Scenarios B & D,2026-01-25
Virginia,6 months-17 years,Overall,1817489.0,15.4,Scenarios B & D,2026-02-01
Virginia,6 months-17 years,Overall,1817489.0,15.8,Scenarios B & D,2026-02-08
Virginia,6 months-17 years,Overall,1817489.0,16.1,Scenarios B & D,2026-02-15
Virginia,6 months-17 years,Overall,1817489.0,16.4,Scenarios B & D,2026-02-22
Virginia,6 months-17 years,Overall,1817489.0,16.7,Scenarios B & D,2026-03-01
Virginia,6 months-17 years,Overall,1817489.0,16.9,Scenarios B & D,2026-03-08
Virginia,6 months-17 years,Overall,1817489.0,17.2,Scenarios B & D,2026-03-15
Virginia,6 months-17 years,Overall,1817489.0,17.5,Scenarios B & D,2026-03-22
Virginia,6 months-17 years,Overall,1817489.0,17.8,Scenarios B & D,2026-03-29
Virginia,6 months-17 years,Overall,1817489.0,18.1,Scenarios B & D,2026-04-05
Virginia,6 months-17 years,Overall,1817489.0,18.4,Scenarios B & D,2026-04-12
Virginia,6 months-17 years,Overall,1817489.0,18.7,Scenarios B & D,2026-04-19
Virginia,6 months-17 years,Overall,1817489.0,19.0,Scenarios B & D,2026-04-26
Virginia,65+ years,Overall,1401044.0,0.0,Scenarios B & D,2025-08-03
Virginia,65+ years,Overall,1401044.0,0.6,Scenarios B & D,2025-08-10
Virginia,65+ years,Overall,1401044.0,3.5,Scenarios B & D,2025-08-17
Virginia,65+ years,Overall,1401044.0,6.5,Scenarios B & D,2025-08-24
Virginia,65+ years,Overall,1401044.0,9.5,Scenarios B & D,2025-08-31
Virginia,65+ years,Overall,1401044.0,12.6,Scenarios B & D,2025-09-07
Virginia,65+ years,Overall,1401044.0,15.6,Scenarios B & D,2025-09-14
Virginia,65+ years,Overall,1401044.0,18.7,Scenarios B & D,2025-09-21
Virginia,65+ years,Overall,1401044.0,21.6,Scenarios B & D,2025-09-28
Virginia,65+ years,Overall,1401044.0,24.5,Scenarios B & D,2025-10-05
Virginia,65+ years,Overall,1401044.0,27.2,Scenarios B & D,2025-10-12
Virginia,65+ years,Overall,1401044.0,29.7,Scenarios B & D,2025-10-19
Virginia,65+ years,Overall,1401044.0,31.9,Scenarios B & D,2025-10-26
Virginia,65+ years,Overall,1401044.0,34.0,Scenarios B & D,2025-11-02
Virginia,65+ years,Overall,1401044.0,35.8,Scenarios B & D,2025-11-09
Virginia,65+ years,Overall,1401044.0,37.4,Scenarios B & D,2025-11-16
Virginia,65+ years,Overall,1401044.0,38.9,Scenarios B & D,2025-11-23
Virginia,65+ years,Overall,1401044.0,40.1,Scenarios B & D,2025-11-30
Virginia,65+ years,Overall,1401044.0,41.1,Scenarios B & D,2025-12-07
Virginia,65+ years,Overall,1401044.0,42.0,Scenarios B & D,2025-12-14
Virginia,65+ years,Overall,1401044.0,42.8,Scenarios B & D,2025-12-21
Virginia,65+ years,Overall,1401044.0,43.5,Scenarios B & D,2025-12-28
Virginia,65+ years,Overall,1401044.0,44.2,Scenarios B & D,2026-01-04
Virginia,65+ years,Overall,1401044.0,44.8,Scenarios B & D,2026-01-11
Virginia,65+ years,Overall,1401044.0,45.3,Scenarios B & D,2026-01-18
Virginia,65+ years,Overall,1401044.0,45.8,Scenarios B & D,2026-01-25
Virginia,65+ years,Overall,1401044.0,46.3,Scenarios B & D,2026-02-01
Virginia,65+ years,Overall,1401044.0,46.8,Scenarios B & D,2026-02-08
Virginia,65+ years,Overall,1401044.0,47.3,Scenarios B & D,2026-02-15
Virginia,65+ years,Overall,1401044.0,47.8,Scenarios B & D,2026-02-22
Virginia,65+ years,Overall,1401044.0,48.3,Scenarios B & D,2026-03-01
Virginia,65+ years,Overall,1401044.0,48.8,Scenarios B & D,2026-03-08
Virginia,65+ years,Overall,1401044.0,49.3,Scenarios B & D,2026-03-15
Virginia,65+ years,Overall,1401044.0,49.8,Scenarios B & D,2026-03-22
Virginia,65+ years,Overall,1401044.0,50.3,Scenarios B & D,2026-03-29
Virginia,65+ years,Overall,1401044.0,50.8,Scenarios B & D,2026-04-05
Virginia,65+ years,Overall,1401044.0,51.3,Scenarios B & D,2026-04-12
Virginia,65+ years,Overall,1401044.0,51.7,Scenarios B & D,2026-04-19
Virginia,65+ years,Overall,1401044.0,52.2,Scenarios B & D,2026-04-26
Washington,18-49 years,Overall,3312767.0,0.0,Scenarios B & D,2025-08-03
Washington,18-49 years,Overall,3312767.0,0.0,Scenarios B & D,2025-08-10
Washington,18-49 years,Overall,3312767.0,0.6,Scenarios B & D,2025-08-17
Washington,18-49 years,Overall,3312767.0,1.5,Scenarios B & D,2025-08-24
Washington,18-49 years,Overall,3312767.0,2.4,Scenarios B & D,2025-08-31
Washington,18-49 years,Overall,3312767.0,3.4,Scenarios B & D,2025-09-07
Washington,18-49 years,Overall,3312767.0,4.3,Scenarios B & D,2025-09-14
Washington,18-49 years,Overall,3312767.0,5.3,Scenarios B & D,2025-09-21
Washington,18-49 years,Overall,3312767.0,6.3,Scenarios B & D,2025-09-28
Washington,18-49 years,Overall,3312767.0,7.3,Scenarios B & D,2025-10-05
Washington,18-49 years,Overall,3312767.0,8.3,Scenarios B & D,2025-10-12
Washington,18-49 years,Overall,3312767.0,9.3,Scenarios B & D,2025-10-19
Washington,18-49 years,Overall,3312767.0,10.2,Scenarios B & D,2025-10-26
Washington,18-49 years,Overall,3312767.0,11.2,Scenarios B & D,2025-11-02
Washington,18-49 years,Overall,3312767.0,12.0,Scenarios B & D,2025-11-09
Washington,18-49 years,Overall,3312767.0,12.9,Scenarios B & D,2025-11-16
Washington,18-49 years,Overall,3312767.0,13.6,Scenarios B & D,2025-11-23
Washington,18-49 years,Overall,3312767.0,14.3,Scenarios B & D,2025-11-30
Washington,18-49 years,Overall,3312767.0,14.9,Scenarios B & D,2025-12-07
Washington,18-49 years,Overall,3312767.0,15.5,Scenarios B & D,2025-12-14
Washington,18-49 years,Overall,3312767.0,16.0,Scenarios B & D,2025-12-21
Washington,18-49 years,Overall,3312767.0,16.4,Scenarios B & D,2025-12-28
Washington,18-49 years,Overall,3312767.0,16.9,Scenarios B & D,2026-01-04
Washington,18-49 years,Overall,3312767.0,17.3,Scenarios B & D,2026-01-11
Washington,18-49 years,Overall,3312767.0,17.7,Scenarios B & D,2026-01-18
Washington,18-49 years,Overall,3312767.0,18.1,Scenarios B & D,2026-01-25
Washington,18-49 years,Overall,3312767.0,18.5,Scenarios B & D,2026-02-01
Washington,18-49 years,Overall,3312767.0,18.8,Scenarios B & D,2026-02-08
Washington,18-49 years,Overall,3312767.0,19.2,Scenarios B & D,2026-02-15
Washington,18-49 years,Overall,3312767.0,19.6,Scenarios B & D,2026-02-22
Washington,18-49 years,Overall,3312767.0,20.0,Scenarios B & D,2026-03-01
Washington,18-49 years,Overall,3312767.0,20.3,Scenarios B & D,2026-03-08
Washington,18-49 years,Overall,3312767.0,20.7,Scenarios B & D,2026-03-15
Washington,18-49 years,Overall,3312767.0,21.1,Scenarios B & D,2026-03-22
Washington,18-49 years,Overall,3312767.0,21.5,Scenarios B & D,2026-03-29
Washington,18-49 years,Overall,3312767.0,21.9,Scenarios B & D,2026-04-05
Washington,18-49 years,Overall,3312767.0,22.2,Scenarios B & D,2026-04-12
Washington,18-49 years,Overall,3312767.0,22.6,Scenarios B & D,2026-04-19
Washington,18-49 years,Overall,3312767.0,23.0,Scenarios B & D,2026-04-26
Washington,50-64 years,Overall,1415009.0,0.0,Scenarios B & D,2025-08-03
Washington,50-64 years,Overall,1415009.0,0.0,Scenarios B & D,2025-08-10
Washington,50-64 years,Overall,1415009.0,0.7,Scenarios B & D,2025-08-17
Washington,50-64 years,Overall,1415009.0,2.5,Scenarios B & D,2025-08-24
Washington,50-64 years,Overall,1415009.0,4.3,Scenarios B & D,2025-08-31
Washington,50-64 years,Overall,1415009.0,6.2,Scenarios B & D,2025-09-07
Washington,50-64 years,Overall,1415009.0,8.2,Scenarios B & D,2025-09-14
Washington,50-64 years,Overall,1415009.0,10.3,Scenarios B & D,2025-09-21
Washington,50-64 years,Overall,1415009.0,12.3,Scenarios B & D,2025-09-28
Washington,50-64 years,Overall,1415009.0,14.4,Scenarios B & D,2025-10-05
Washington,50-64 years,Overall,1415009.0,16.4,Scenarios B & D,2025-10-12
Washington,50-64 years,Overall,1415009.0,18.4,Scenarios B & D,2025-10-19
Washington,50-64 years,Overall,1415009.0,20.3,Scenarios B & D,2025-10-26
Washington,50-64 years,Overall,1415009.0,22.1,Scenarios B & D,2025-11-02
Washington,50-64 years,Overall,1415009.0,23.7,Scenarios B & D,2025-11-09
Washington,50-64 years,Overall,1415009.0,25.2,Scenarios B & D,2025-11-16
Washington,50-64 years,Overall,1415009.0,26.5,Scenarios B & D,2025-11-23
Washington,50-64 years,Overall,1415009.0,27.7,Scenarios B & D,2025-11-30
Washington,50-64 years,Overall,1415009.0,28.8,Scenarios B & D,2025-12-07
Washington,50-64 years,Overall,1415009.0,29.8,Scenarios B & D,2025-12-14
Washington,50-64 years,Overall,1415009.0,30.7,Scenarios B & D,2025-12-21
Washington,50-64 years,Overall,1415009.0,31.5,Scenarios B & D,2025-12-28
Washington,50-64 years,Overall,1415009.0,32.3,Scenarios B & D,2026-01-04
Washington,50-64 years,Overall,1415009.0,33.1,Scenarios B & D,2026-01-11
Washington,50-64 years,Overall,1415009.0,33.8,Scenarios B & D,2026-01-18
Washington,50-64 years,Overall,1415009.0,34.5,Scenarios B & D,2026-01-25
Washington,50-64 years,Overall,1415009.0,35.2,Scenarios B & D,2026-02-01
Washington,50-64 years,Overall,1415009.0,35.8,Scenarios B & D,2026-02-08
Washington,50-64 years,Overall,1415009.0,36.5,Scenarios B & D,2026-02-15
Washington,50-64 years,Overall,1415009.0,37.2,Scenarios B & D,2026-02-22
Washington,50-64 years,Overall,1415009.0,37.8,Scenarios B & D,2026-03-01
Washington,50-64 years,Overall,1415009.0,38.5,Scenarios B & D,2026-03-08
Washington,50-64 years,Overall,1415009.0,39.1,Scenarios B & D,2026-03-15
Washington,50-64 years,Overall,1415009.0,39.8,Scenarios B & D,2026-03-22
Washington,50-64 years,Overall,1415009.0,40.5,Scenarios B & D,2026-03-29
Washington,50-64 years,Overall,1415009.0,41.1,Scenarios B & D,2026-04-05
Washington,50-64 years,Overall,1415009.0,41.8,Scenarios B & D,2026-04-12
Washington,50-64 years,Overall,1415009.0,42.4,Scenarios B & D,2026-04-19
Washington,50-64 years,Overall,1415009.0,43.1,Scenarios B & D,2026-04-26
Washington,6 months-17 years,Overall,1622552.0,0.0,Scenarios B & D,2025-08-03
Washington,6 months-17 years,Overall,1622552.0,0.0,Scenarios B & D,2025-08-10
Washington,6 months-17 years,Overall,1622552.0,0.0,Scenarios B & D,2025-08-17
Washington,6 months-17 years,Overall,1622552.0,0.6,Scenarios B & D,2025-08-24
Washington,6 months-17 years,Overall,1622552.0,1.6,Scenarios B & D,2025-08-31
Washington,6 months-17 years,Overall,1622552.0,2.7,Scenarios B & D,2025-09-07
Washington,6 months-17 years,Overall,1622552.0,3.7,Scenarios B & D,2025-09-14
Washington,6 months-17 years,Overall,1622552.0,4.7,Scenarios B & D,2025-09-21
Washington,6 months-17 years,Overall,1622552.0,5.8,Scenarios B & D,2025-09-28
Washington,6 months-17 years,Overall,1622552.0,6.8,Scenarios B & D,2025-10-05
Washington,6 months-17 years,Overall,1622552.0,7.9,Scenarios B & D,2025-10-12
Washington,6 months-17 years,Overall,1622552.0,8.9,Scenarios B & D,2025-10-19
Washington,6 months-17 years,Overall,1622552.0,9.9,Scenarios B & D,2025-10-26
Washington,6 months-17 years,Overall,1622552.0,10.9,Scenarios B & D,2025-11-02
Washington,6 months-17 years,Overall,1622552.0,11.8,Scenarios B & D,2025-11-09
Washington,6 months-17 years,Overall,1622552.0,12.7,Scenarios B & D,2025-11-16
Washington,6 months-17 years,Overall,1622552.0,13.6,Scenarios B & D,2025-11-23
Washington,6 months-17 years,Overall,1622552.0,14.4,Scenarios B & D,2025-11-30
Washington,6 months-17 years,Overall,1622552.0,15.2,Scenarios B & D,2025-12-07
Washington,6 months-17 years,Overall,1622552.0,16.0,Scenarios B & D,2025-12-14
Washington,6 months-17 years,Overall,1622552.0,16.7,Scenarios B & D,2025-12-21
Washington,6 months-17 years,Overall,1622552.0,17.3,Scenarios B & D,2025-12-28
Washington,6 months-17 years,Overall,1622552.0,18.0,Scenarios B & D,2026-01-04
Washington,6 months-17 years,Overall,1622552.0,18.6,Scenarios B & D,2026-01-11
Washington,6 months-17 years,Overall,1622552.0,19.2,Scenarios B & D,2026-01-18
Washington,6 months-17 years,Overall,1622552.0,19.7,Scenarios B & D,2026-01-25
Washington,6 months-17 years,Overall,1622552.0,20.3,Scenarios B & D,2026-02-01
Washington,6 months-17 years,Overall,1622552.0,20.8,Scenarios B & D,2026-02-08
Washington,6 months-17 years,Overall,1622552.0,21.3,Scenarios B & D,2026-02-15
Washington,6 months-17 years,Overall,1622552.0,21.8,Scenarios B & D,2026-02-22
Washington,6 months-17 years,Overall,1622552.0,22.3,Scenarios B & D,2026-03-01
Washington,6 months-17 years,Overall,1622552.0,22.8,Scenarios B & D,2026-03-08
Washington,6 months-17 years,Overall,1622552.0,23.2,Scenarios B & D,2026-03-15
Washington,6 months-17 years,Overall,1622552.0,23.7,Scenarios B & D,2026-03-22
Washington,6 months-17 years,Overall,1622552.0,24.2,Scenarios B & D,2026-03-29
Washington,6 months-17 years,Overall,1622552.0,24.7,Scenarios B & D,2026-04-05
Washington,6 months-17 years,Overall,1622552.0,25.2,Scenarios B & D,2026-04-12
Washington,6 months-17 years,Overall,1622552.0,25.6,Scenarios B & D,2026-04-19
Washington,6 months-17 years,Overall,1622552.0,26.1,Scenarios B & D,2026-04-26
Washington,65+ years,Overall,1247874.0,0.0,Scenarios B & D,2025-08-03
Washington,65+ years,Overall,1247874.0,0.0,Scenarios B & D,2025-08-10
Washington,65+ years,Overall,1247874.0,2.9,Scenarios B & D,2025-08-17
Washington,65+ years,Overall,1247874.0,6.1,Scenarios B & D,2025-08-24
Washington,65+ years,Overall,1247874.0,9.3,Scenarios B & D,2025-08-31
Washington,65+ years,Overall,1247874.0,12.6,Scenarios B & D,2025-09-07
Washington,65+ years,Overall,1247874.0,15.9,Scenarios B & D,2025-09-14
Washington,65+ years,Overall,1247874.0,19.3,Scenarios B & D,2025-09-21
Washington,65+ years,Overall,1247874.0,22.6,Scenarios B & D,2025-09-28
Washington,65+ years,Overall,1247874.0,25.9,Scenarios B & D,2025-10-05
Washington,65+ years,Overall,1247874.0,29.0,Scenarios B & D,2025-10-12
Washington,65+ years,Overall,1247874.0,31.9,Scenarios B & D,2025-10-19
Washington,65+ years,Overall,1247874.0,34.6,Scenarios B & D,2025-10-26
Washington,65+ years,Overall,1247874.0,37.1,Scenarios B & D,2025-11-02
Washington,65+ years,Overall,1247874.0,39.3,Scenarios B & D,2025-11-09
Washington,65+ years,Overall,1247874.0,41.3,Scenarios B & D,2025-11-16
Washington,65+ years,Overall,1247874.0,43.1,Scenarios B & D,2025-11-23
Washington,65+ years,Overall,1247874.0,44.6,Scenarios B & D,2025-11-30
Washington,65+ years,Overall,1247874.0,45.9,Scenarios B & D,2025-12-07
Washington,65+ years,Overall,1247874.0,47.0,Scenarios B & D,2025-12-14
Washington,65+ years,Overall,1247874.0,47.8,Scenarios B & D,2025-12-21
Washington,65+ years,Overall,1247874.0,48.5,Scenarios B & D,2025-12-28
Washington,65+ years,Overall,1247874.0,49.1,Scenarios B & D,2026-01-04
Washington,65+ years,Overall,1247874.0,49.6,Scenarios B & D,2026-01-11
Washington,65+ years,Overall,1247874.0,49.9,Scenarios B & D,2026-01-18
Washington,65+ years,Overall,1247874.0,50.3,Scenarios B & D,2026-01-25
Washington,65+ years,Overall,1247874.0,50.5,Scenarios B & D,2026-02-01
Washington,65+ years,Overall,1247874.0,50.8,Scenarios B & D,2026-02-08
Washington,65+ years,Overall,1247874.0,51.0,Scenarios B & D,2026-02-15
Washington,65+ years,Overall,1247874.0,51.3,Scenarios B & D,2026-02-22
Washington,65+ years,Overall,1247874.0,51.5,Scenarios B & D,2026-03-01
Washington,65+ years,Overall,1247874.0,51.8,Scenarios B & D,2026-03-08
Washington,65+ years,Overall,1247874.0,52.0,Scenarios B & D,2026-03-15
Washington,65+ years,Overall,1247874.0,52.3,Scenarios B & D,2026-03-22
Washington,65+ years,Overall,1247874.0,52.5,Scenarios B & D,2026-03-29
Washington,65+ years,Overall,1247874.0,52.8,Scenarios B & D,2026-04-05
Washington,65+ years,Overall,1247874.0,53.0,Scenarios B & D,2026-04-12
Washington,65+ years,Overall,1247874.0,53.3,Scenarios B & D,2026-04-19
Washington,65+ years,Overall,1247874.0,53.5,Scenarios B & D,2026-04-26
West Virginia,18-49 years,Overall,689960.0,0.0,Scenarios B & D,2025-08-03
West Virginia,18-49 years,Overall,689960.0,0.0,Scenarios B & D,2025-08-10
West Virginia,18-49 years,Overall,689960.0,0.5,Scenarios B & D,2025-08-17
West Virginia,18-49 years,Overall,689960.0,1.0,Scenarios B & D,2025-08-24
West Virginia,18-49 years,Overall,689960.0,1.4,Scenarios B & D,2025-08-31
West Virginia,18-49 years,Overall,689960.0,1.9,Scenarios B & D,2025-09-07
West Virginia,18-49 years,Overall,689960.0,2.4,Scenarios B & D,2025-09-14
West Virginia,18-49 years,Overall,689960.0,2.9,Scenarios B & D,2025-09-21
West Virginia,18-49 years,Overall,689960.0,3.4,Scenarios B & D,2025-09-28
West Virginia,18-49 years,Overall,689960.0,3.8,Scenarios B & D,2025-10-05
West Virginia,18-49 years,Overall,689960.0,4.3,Scenarios B & D,2025-10-12
West Virginia,18-49 years,Overall,689960.0,4.7,Scenarios B & D,2025-10-19
West Virginia,18-49 years,Overall,689960.0,5.1,Scenarios B & D,2025-10-26
West Virginia,18-49 years,Overall,689960.0,5.4,Scenarios B & D,2025-11-02
West Virginia,18-49 years,Overall,689960.0,5.7,Scenarios B & D,2025-11-09
West Virginia,18-49 years,Overall,689960.0,6.0,Scenarios B & D,2025-11-16
West Virginia,18-49 years,Overall,689960.0,6.2,Scenarios B & D,2025-11-23
West Virginia,18-49 years,Overall,689960.0,6.4,Scenarios B & D,2025-11-30
West Virginia,18-49 years,Overall,689960.0,6.6,Scenarios B & D,2025-12-07
West Virginia,18-49 years,Overall,689960.0,6.8,Scenarios B & D,2025-12-14
West Virginia,18-49 years,Overall,689960.0,6.9,Scenarios B & D,2025-12-21
West Virginia,18-49 years,Overall,689960.0,7.1,Scenarios B & D,2025-12-28
West Virginia,18-49 years,Overall,689960.0,7.2,Scenarios B & D,2026-01-04
West Virginia,18-49 years,Overall,689960.0,7.3,Scenarios B & D,2026-01-11
West Virginia,18-49 years,Overall,689960.0,7.3,Scenarios B & D,2026-01-18
West Virginia,18-49 years,Overall,689960.0,7.4,Scenarios B & D,2026-01-25
West Virginia,18-49 years,Overall,689960.0,7.5,Scenarios B & D,2026-02-01
West Virginia,18-49 years,Overall,689960.0,7.5,Scenarios B & D,2026-02-08
West Virginia,18-49 years,Overall,689960.0,7.6,Scenarios B & D,2026-02-15
West Virginia,18-49 years,Overall,689960.0,7.7,Scenarios B & D,2026-02-22
West Virginia,18-49 years,Overall,689960.0,7.7,Scenarios B & D,2026-03-01
West Virginia,18-49 years,Overall,689960.0,7.8,Scenarios B & D,2026-03-08
West Virginia,18-49 years,Overall,689960.0,7.9,Scenarios B & D,2026-03-15
West Virginia,18-49 years,Overall,689960.0,8.0,Scenarios B & D,2026-03-22
West Virginia,18-49 years,Overall,689960.0,8.0,Scenarios B & D,2026-03-29
West Virginia,18-49 years,Overall,689960.0,8.1,Scenarios B & D,2026-04-05
West Virginia,18-49 years,Overall,689960.0,8.2,Scenarios B & D,2026-04-12
West Virginia,18-49 years,Overall,689960.0,8.2,Scenarios B & D,2026-04-19
West Virginia,18-49 years,Overall,689960.0,8.3,Scenarios B & D,2026-04-26
West Virginia,50-64 years,Overall,364021.0,0.0,Scenarios B & D,2025-08-03
West Virginia,50-64 years,Overall,364021.0,0.0,Scenarios B & D,2025-08-10
West Virginia,50-64 years,Overall,364021.0,0.9,Scenarios B & D,2025-08-17
West Virginia,50-64 years,Overall,364021.0,1.8,Scenarios B & D,2025-08-24
West Virginia,50-64 years,Overall,364021.0,2.6,Scenarios B & D,2025-08-31
West Virginia,50-64 years,Overall,364021.0,3.5,Scenarios B & D,2025-09-07
West Virginia,50-64 years,Overall,364021.0,4.4,Scenarios B & D,2025-09-14
West Virginia,50-64 years,Overall,364021.0,5.4,Scenarios B & D,2025-09-21
West Virginia,50-64 years,Overall,364021.0,6.2,Scenarios B & D,2025-09-28
West Virginia,50-64 years,Overall,364021.0,7.1,Scenarios B & D,2025-10-05
West Virginia,50-64 years,Overall,364021.0,8.0,Scenarios B & D,2025-10-12
West Virginia,50-64 years,Overall,364021.0,8.8,Scenarios B & D,2025-10-19
West Virginia,50-64 years,Overall,364021.0,9.6,Scenarios B & D,2025-10-26
West Virginia,50-64 years,Overall,364021.0,10.3,Scenarios B & D,2025-11-02
West Virginia,50-64 years,Overall,364021.0,11.0,Scenarios B & D,2025-11-09
West Virginia,50-64 years,Overall,364021.0,11.6,Scenarios B & D,2025-11-16
West Virginia,50-64 years,Overall,364021.0,12.2,Scenarios B & D,2025-11-23
West Virginia,50-64 years,Overall,364021.0,12.7,Scenarios B & D,2025-11-30
West Virginia,50-64 years,Overall,364021.0,13.2,Scenarios B & D,2025-12-07
West Virginia,50-64 years,Overall,364021.0,13.6,Scenarios B & D,2025-12-14
West Virginia,50-64 years,Overall,364021.0,14.0,Scenarios B & D,2025-12-21
West Virginia,50-64 years,Overall,364021.0,14.4,Scenarios B & D,2025-12-28
West Virginia,50-64 years,Overall,364021.0,14.7,Scenarios B & D,2026-01-04
West Virginia,50-64 years,Overall,364021.0,15.0,Scenarios B & D,2026-01-11
West Virginia,50-64 years,Overall,364021.0,15.3,Scenarios B & D,2026-01-18
West Virginia,50-64 years,Overall,364021.0,15.6,Scenarios B & D,2026-01-25
West Virginia,50-64 years,Overall,364021.0,15.9,Scenarios B & D,2026-02-01
West Virginia,50-64 years,Overall,364021.0,16.2,Scenarios B & D,2026-02-08
West Virginia,50-64 years,Overall,364021.0,16.5,Scenarios B & D,2026-02-15
West Virginia,50-64 years,Overall,364021.0,16.8,Scenarios B & D,2026-02-22
West Virginia,50-64 years,Overall,364021.0,17.0,Scenarios B & D,2026-03-01
West Virginia,50-64 years,Overall,364021.0,17.3,Scenarios B & D,2026-03-08
West Virginia,50-64 years,Overall,364021.0,17.6,Scenarios B & D,2026-03-15
West Virginia,50-64 years,Overall,364021.0,17.9,Scenarios B & D,2026-03-22
West Virginia,50-64 years,Overall,364021.0,18.2,Scenarios B & D,2026-03-29
West Virginia,50-64 years,Overall,364021.0,18.5,Scenarios B & D,2026-04-05
West Virginia,50-64 years,Overall,364021.0,18.7,Scenarios B & D,2026-04-12
West Virginia,50-64 years,Overall,364021.0,19.0,Scenarios B & D,2026-04-19
West Virginia,50-64 years,Overall,364021.0,19.3,Scenarios B & D,2026-04-26
West Virginia,6 months-17 years,Overall,347544.0,0.0,Scenarios B & D,2025-08-03
West Virginia,6 months-17 years,Overall,347544.0,0.0,Scenarios B & D,2025-08-10
West Virginia,6 months-17 years,Overall,347544.0,0.0,Scenarios B & D,2025-08-17
West Virginia,6 months-17 years,Overall,347544.0,0.2,Scenarios B & D,2025-08-24
West Virginia,6 months-17 years,Overall,347544.0,0.5,Scenarios B & D,2025-08-31
West Virginia,6 months-17 years,Overall,347544.0,0.8,Scenarios B & D,2025-09-07
West Virginia,6 months-17 years,Overall,347544.0,1.2,Scenarios B & D,2025-09-14
West Virginia,6 months-17 years,Overall,347544.0,1.5,Scenarios B & D,2025-09-21
West Virginia,6 months-17 years,Overall,347544.0,1.9,Scenarios B & D,2025-09-28
West Virginia,6 months-17 years,Overall,347544.0,2.2,Scenarios B & D,2025-10-05
West Virginia,6 months-17 years,Overall,347544.0,2.5,Scenarios B & D,2025-10-12
West Virginia,6 months-17 years,Overall,347544.0,2.9,Scenarios B & D,2025-10-19
West Virginia,6 months-17 years,Overall,347544.0,3.2,Scenarios B & D,2025-10-26
West Virginia,6 months-17 years,Overall,347544.0,3.5,Scenarios B & D,2025-11-02
West Virginia,6 months-17 years,Overall,347544.0,3.8,Scenarios B & D,2025-11-09
West Virginia,6 months-17 years,Overall,347544.0,4.1,Scenarios B & D,2025-11-16
West Virginia,6 months-17 years,Overall,347544.0,4.4,Scenarios B & D,2025-11-23
West Virginia,6 months-17 years,Overall,347544.0,4.6,Scenarios B & D,2025-11-30
West Virginia,6 months-17 years,Overall,347544.0,4.8,Scenarios B & D,2025-12-07
West Virginia,6 months-17 years,Overall,347544.0,5.0,Scenarios B & D,2025-12-14
West Virginia,6 months-17 years,Overall,347544.0,5.2,Scenarios B & D,2025-12-21
West Virginia,6 months-17 years,Overall,347544.0,5.4,Scenarios B & D,2025-12-28
West Virginia,6 months-17 years,Overall,347544.0,5.6,Scenarios B & D,2026-01-04
West Virginia,6 months-17 years,Overall,347544.0,5.7,Scenarios B & D,2026-01-11
West Virginia,6 months-17 years,Overall,347544.0,5.8,Scenarios B & D,2026-01-18
West Virginia,6 months-17 years,Overall,347544.0,5.9,Scenarios B & D,2026-01-25
West Virginia,6 months-17 years,Overall,347544.0,6.1,Scenarios B & D,2026-02-01
West Virginia,6 months-17 years,Overall,347544.0,6.2,Scenarios B & D,2026-02-08
West Virginia,6 months-17 years,Overall,347544.0,6.3,Scenarios B & D,2026-02-15
West Virginia,6 months-17 years,Overall,347544.0,6.3,Scenarios B & D,2026-02-22
West Virginia,6 months-17 years,Overall,347544.0,6.4,Scenarios B & D,2026-03-01
West Virginia,6 months-17 years,Overall,347544.0,6.5,Scenarios B & D,2026-03-08
West Virginia,6 months-17 years,Overall,347544.0,6.6,Scenarios B & D,2026-03-15
West Virginia,6 months-17 years,Overall,347544.0,6.7,Scenarios B & D,2026-03-22
West Virginia,6 months-17 years,Overall,347544.0,6.8,Scenarios B & D,2026-03-29
West Virginia,6 months-17 years,Overall,347544.0,6.9,Scenarios B & D,2026-04-05
West Virginia,6 months-17 years,Overall,347544.0,7.0,Scenarios B & D,2026-04-12
West Virginia,6 months-17 years,Overall,347544.0,7.1,Scenarios B & D,2026-04-19
West Virginia,6 months-17 years,Overall,347544.0,7.2,Scenarios B & D,2026-04-26
West Virginia,65+ years,Overall,373569.0,0.0,Scenarios B & D,2025-08-03
West Virginia,65+ years,Overall,373569.0,0.4,Scenarios B & D,2025-08-10
West Virginia,65+ years,Overall,373569.0,2.5,Scenarios B & D,2025-08-17
West Virginia,65+ years,Overall,373569.0,4.6,Scenarios B & D,2025-08-24
West Virginia,65+ years,Overall,373569.0,6.7,Scenarios B & D,2025-08-31
West Virginia,65+ years,Overall,373569.0,8.9,Scenarios B & D,2025-09-07
West Virginia,65+ years,Overall,373569.0,11.1,Scenarios B & D,2025-09-14
West Virginia,65+ years,Overall,373569.0,13.2,Scenarios B & D,2025-09-21
West Virginia,65+ years,Overall,373569.0,15.3,Scenarios B & D,2025-09-28
West Virginia,65+ years,Overall,373569.0,17.4,Scenarios B & D,2025-10-05
West Virginia,65+ years,Overall,373569.0,19.4,Scenarios B & D,2025-10-12
West Virginia,65+ years,Overall,373569.0,21.2,Scenarios B & D,2025-10-19
West Virginia,65+ years,Overall,373569.0,22.9,Scenarios B & D,2025-10-26
West Virginia,65+ years,Overall,373569.0,24.5,Scenarios B & D,2025-11-02
West Virginia,65+ years,Overall,373569.0,26.0,Scenarios B & D,2025-11-09
West Virginia,65+ years,Overall,373569.0,27.3,Scenarios B & D,2025-11-16
West Virginia,65+ years,Overall,373569.0,28.6,Scenarios B & D,2025-11-23
West Virginia,65+ years,Overall,373569.0,29.6,Scenarios B & D,2025-11-30
West Virginia,65+ years,Overall,373569.0,30.6,Scenarios B & D,2025-12-07
West Virginia,65+ years,Overall,373569.0,31.5,Scenarios B & D,2025-12-14
West Virginia,65+ years,Overall,373569.0,32.2,Scenarios B & D,2025-12-21
West Virginia,65+ years,Overall,373569.0,32.9,Scenarios B & D,2025-12-28
West Virginia,65+ years,Overall,373569.0,33.5,Scenarios B & D,2026-01-04
West Virginia,65+ years,Overall,373569.0,34.1,Scenarios B & D,2026-01-11
West Virginia,65+ years,Overall,373569.0,34.6,Scenarios B & D,2026-01-18
West Virginia,65+ years,Overall,373569.0,35.1,Scenarios B & D,2026-01-25
West Virginia,65+ years,Overall,373569.0,35.6,Scenarios B & D,2026-02-01
West Virginia,65+ years,Overall,373569.0,36.0,Scenarios B & D,2026-02-08
West Virginia,65+ years,Overall,373569.0,36.5,Scenarios B & D,2026-02-15
West Virginia,65+ years,Overall,373569.0,37.0,Scenarios B & D,2026-02-22
West Virginia,65+ years,Overall,373569.0,37.4,Scenarios B & D,2026-03-01
West Virginia,65+ years,Overall,373569.0,37.9,Scenarios B & D,2026-03-08
West Virginia,65+ years,Overall,373569.0,38.4,Scenarios B & D,2026-03-15
West Virginia,65+ years,Overall,373569.0,38.8,Scenarios B & D,2026-03-22
West Virginia,65+ years,Overall,373569.0,39.3,Scenarios B & D,2026-03-29
West Virginia,65+ years,Overall,373569.0,39.8,Scenarios B & D,2026-04-05
West Virginia,65+ years,Overall,373569.0,40.2,Scenarios B & D,2026-04-12
West Virginia,65+ years,Overall,373569.0,40.7,Scenarios B & D,2026-04-19
West Virginia,65+ years,Overall,373569.0,41.2,Scenarios B & D,2026-04-26
Wisconsin,18-49 years,Overall,2338865.0,0.0,Scenarios B & D,2025-08-03
Wisconsin,18-49 years,Overall,2338865.0,0.0,Scenarios B & D,2025-08-10
Wisconsin,18-49 years,Overall,2338865.0,0.7,Scenarios B & D,2025-08-17
Wisconsin,18-49 years,Overall,2338865.0,1.5,Scenarios B & D,2025-08-24
Wisconsin,18-49 years,Overall,2338865.0,2.4,Scenarios B & D,2025-08-31
Wisconsin,18-49 years,Overall,2338865.0,3.2,Scenarios B & D,2025-09-07
Wisconsin,18-49 years,Overall,2338865.0,4.1,Scenarios B & D,2025-09-14
Wisconsin,18-49 years,Overall,2338865.0,4.9,Scenarios B & D,2025-09-21
Wisconsin,18-49 years,Overall,2338865.0,5.8,Scenarios B & D,2025-09-28
Wisconsin,18-49 years,Overall,2338865.0,6.6,Scenarios B & D,2025-10-05
Wisconsin,18-49 years,Overall,2338865.0,7.4,Scenarios B & D,2025-10-12
Wisconsin,18-49 years,Overall,2338865.0,8.2,Scenarios B & D,2025-10-19
Wisconsin,18-49 years,Overall,2338865.0,8.9,Scenarios B & D,2025-10-26
Wisconsin,18-49 years,Overall,2338865.0,9.5,Scenarios B & D,2025-11-02
Wisconsin,18-49 years,Overall,2338865.0,10.1,Scenarios B & D,2025-11-09
Wisconsin,18-49 years,Overall,2338865.0,10.6,Scenarios B & D,2025-11-16
Wisconsin,18-49 years,Overall,2338865.0,11.1,Scenarios B & D,2025-11-23
Wisconsin,18-49 years,Overall,2338865.0,11.5,Scenarios B & D,2025-11-30
Wisconsin,18-49 years,Overall,2338865.0,11.9,Scenarios B & D,2025-12-07
Wisconsin,18-49 years,Overall,2338865.0,12.3,Scenarios B & D,2025-12-14
Wisconsin,18-49 years,Overall,2338865.0,12.6,Scenarios B & D,2025-12-21
Wisconsin,18-49 years,Overall,2338865.0,13.0,Scenarios B & D,2025-12-28
Wisconsin,18-49 years,Overall,2338865.0,13.3,Scenarios B & D,2026-01-04
Wisconsin,18-49 years,Overall,2338865.0,13.6,Scenarios B & D,2026-01-11
Wisconsin,18-49 years,Overall,2338865.0,13.9,Scenarios B & D,2026-01-18
Wisconsin,18-49 years,Overall,2338865.0,14.2,Scenarios B & D,2026-01-25
Wisconsin,18-49 years,Overall,2338865.0,14.5,Scenarios B & D,2026-02-01
Wisconsin,18-49 years,Overall,2338865.0,14.8,Scenarios B & D,2026-02-08
Wisconsin,18-49 years,Overall,2338865.0,15.1,Scenarios B & D,2026-02-15
Wisconsin,18-49 years,Overall,2338865.0,15.4,Scenarios B & D,2026-02-22
Wisconsin,18-49 years,Overall,2338865.0,15.7,Scenarios B & D,2026-03-01
Wisconsin,18-49 years,Overall,2338865.0,16.0,Scenarios B & D,2026-03-08
Wisconsin,18-49 years,Overall,2338865.0,16.3,Scenarios B & D,2026-03-15
Wisconsin,18-49 years,Overall,2338865.0,16.6,Scenarios B & D,2026-03-22
Wisconsin,18-49 years,Overall,2338865.0,16.9,Scenarios B & D,2026-03-29
Wisconsin,18-49 years,Overall,2338865.0,17.2,Scenarios B & D,2026-04-05
Wisconsin,18-49 years,Overall,2338865.0,17.5,Scenarios B & D,2026-04-12
Wisconsin,18-49 years,Overall,2338865.0,17.8,Scenarios B & D,2026-04-19
Wisconsin,18-49 years,Overall,2338865.0,18.1,Scenarios B & D,2026-04-26
Wisconsin,50-64 years,Overall,1184153.0,0.0,Scenarios B & D,2025-08-03
Wisconsin,50-64 years,Overall,1184153.0,0.0,Scenarios B & D,2025-08-10
Wisconsin,50-64 years,Overall,1184153.0,0.4,Scenarios B & D,2025-08-17
Wisconsin,50-64 years,Overall,1184153.0,1.4,Scenarios B & D,2025-08-24
Wisconsin,50-64 years,Overall,1184153.0,2.4,Scenarios B & D,2025-08-31
Wisconsin,50-64 years,Overall,1184153.0,3.4,Scenarios B & D,2025-09-07
Wisconsin,50-64 years,Overall,1184153.0,4.4,Scenarios B & D,2025-09-14
Wisconsin,50-64 years,Overall,1184153.0,5.4,Scenarios B & D,2025-09-21
Wisconsin,50-64 years,Overall,1184153.0,6.5,Scenarios B & D,2025-09-28
Wisconsin,50-64 years,Overall,1184153.0,7.6,Scenarios B & D,2025-10-05
Wisconsin,50-64 years,Overall,1184153.0,8.6,Scenarios B & D,2025-10-12
Wisconsin,50-64 years,Overall,1184153.0,9.6,Scenarios B & D,2025-10-19
Wisconsin,50-64 years,Overall,1184153.0,10.5,Scenarios B & D,2025-10-26
Wisconsin,50-64 years,Overall,1184153.0,11.5,Scenarios B & D,2025-11-02
Wisconsin,50-64 years,Overall,1184153.0,12.3,Scenarios B & D,2025-11-09
Wisconsin,50-64 years,Overall,1184153.0,13.2,Scenarios B & D,2025-11-16
Wisconsin,50-64 years,Overall,1184153.0,13.9,Scenarios B & D,2025-11-23
Wisconsin,50-64 years,Overall,1184153.0,14.7,Scenarios B & D,2025-11-30
Wisconsin,50-64 years,Overall,1184153.0,15.4,Scenarios B & D,2025-12-07
Wisconsin,50-64 years,Overall,1184153.0,16.2,Scenarios B & D,2025-12-14
Wisconsin,50-64 years,Overall,1184153.0,16.8,Scenarios B & D,2025-12-21
Wisconsin,50-64 years,Overall,1184153.0,17.5,Scenarios B & D,2025-12-28
Wisconsin,50-64 years,Overall,1184153.0,18.2,Scenarios B & D,2026-01-04
Wisconsin,50-64 years,Overall,1184153.0,18.9,Scenarios B & D,2026-01-11
Wisconsin,50-64 years,Overall,1184153.0,19.6,Scenarios B & D,2026-01-18
Wisconsin,50-64 years,Overall,1184153.0,20.3,Scenarios B & D,2026-01-25
Wisconsin,50-64 years,Overall,1184153.0,21.0,Scenarios B & D,2026-02-01
Wisconsin,50-64 years,Overall,1184153.0,21.7,Scenarios B & D,2026-02-08
Wisconsin,50-64 years,Overall,1184153.0,22.3,Scenarios B & D,2026-02-15
Wisconsin,50-64 years,Overall,1184153.0,23.0,Scenarios B & D,2026-02-22
Wisconsin,50-64 years,Overall,1184153.0,23.7,Scenarios B & D,2026-03-01
Wisconsin,50-64 years,Overall,1184153.0,24.4,Scenarios B & D,2026-03-08
Wisconsin,50-64 years,Overall,1184153.0,25.1,Scenarios B & D,2026-03-15
Wisconsin,50-64 years,Overall,1184153.0,25.8,Scenarios B & D,2026-03-22
Wisconsin,50-64 years,Overall,1184153.0,26.5,Scenarios B & D,2026-03-29
Wisconsin,50-64 years,Overall,1184153.0,27.2,Scenarios B & D,2026-04-05
Wisconsin,50-64 years,Overall,1184153.0,27.9,Scenarios B & D,2026-04-12
Wisconsin,50-64 years,Overall,1184153.0,28.6,Scenarios B & D,2026-04-19
Wisconsin,50-64 years,Overall,1184153.0,29.2,Scenarios B & D,2026-04-26
Wisconsin,6 months-17 years,Overall,1227140.0,0.0,Scenarios B & D,2025-08-03
Wisconsin,6 months-17 years,Overall,1227140.0,0.0,Scenarios B & D,2025-08-10
Wisconsin,6 months-17 years,Overall,1227140.0,0.0,Scenarios B & D,2025-08-17
Wisconsin,6 months-17 years,Overall,1227140.0,0.2,Scenarios B & D,2025-08-24
Wisconsin,6 months-17 years,Overall,1227140.0,1.0,Scenarios B & D,2025-08-31
Wisconsin,6 months-17 years,Overall,1227140.0,1.9,Scenarios B & D,2025-09-07
Wisconsin,6 months-17 years,Overall,1227140.0,2.7,Scenarios B & D,2025-09-14
Wisconsin,6 months-17 years,Overall,1227140.0,3.6,Scenarios B & D,2025-09-21
Wisconsin,6 months-17 years,Overall,1227140.0,4.5,Scenarios B & D,2025-09-28
Wisconsin,6 months-17 years,Overall,1227140.0,5.4,Scenarios B & D,2025-10-05
Wisconsin,6 months-17 years,Overall,1227140.0,6.4,Scenarios B & D,2025-10-12
Wisconsin,6 months-17 years,Overall,1227140.0,7.3,Scenarios B & D,2025-10-19
Wisconsin,6 months-17 years,Overall,1227140.0,8.2,Scenarios B & D,2025-10-26
Wisconsin,6 months-17 years,Overall,1227140.0,9.1,Scenarios B & D,2025-11-02
Wisconsin,6 months-17 years,Overall,1227140.0,9.9,Scenarios B & D,2025-11-09
Wisconsin,6 months-17 years,Overall,1227140.0,10.7,Scenarios B & D,2025-11-16
Wisconsin,6 months-17 years,Overall,1227140.0,11.5,Scenarios B & D,2025-11-23
Wisconsin,6 months-17 years,Overall,1227140.0,12.2,Scenarios B & D,2025-11-30
Wisconsin,6 months-17 years,Overall,1227140.0,12.8,Scenarios B & D,2025-12-07
Wisconsin,6 months-17 years,Overall,1227140.0,13.4,Scenarios B & D,2025-12-14
Wisconsin,6 months-17 years,Overall,1227140.0,13.9,Scenarios B & D,2025-12-21
Wisconsin,6 months-17 years,Overall,1227140.0,14.4,Scenarios B & D,2025-12-28
Wisconsin,6 months-17 years,Overall,1227140.0,14.8,Scenarios B & D,2026-01-04
Wisconsin,6 months-17 years,Overall,1227140.0,15.2,Scenarios B & D,2026-01-11
Wisconsin,6 months-17 years,Overall,1227140.0,15.6,Scenarios B & D,2026-01-18
Wisconsin,6 months-17 years,Overall,1227140.0,15.9,Scenarios B & D,2026-01-25
Wisconsin,6 months-17 years,Overall,1227140.0,16.2,Scenarios B & D,2026-02-01
Wisconsin,6 months-17 years,Overall,1227140.0,16.4,Scenarios B & D,2026-02-08
Wisconsin,6 months-17 years,Overall,1227140.0,16.7,Scenarios B & D,2026-02-15
Wisconsin,6 months-17 years,Overall,1227140.0,17.0,Scenarios B & D,2026-02-22
Wisconsin,6 months-17 years,Overall,1227140.0,17.2,Scenarios B & D,2026-03-01
Wisconsin,6 months-17 years,Overall,1227140.0,17.4,Scenarios B & D,2026-03-08
Wisconsin,6 months-17 years,Overall,1227140.0,17.7,Scenarios B & D,2026-03-15
Wisconsin,6 months-17 years,Overall,1227140.0,17.9,Scenarios B & D,2026-03-22
Wisconsin,6 months-17 years,Overall,1227140.0,18.1,Scenarios B & D,2026-03-29
Wisconsin,6 months-17 years,Overall,1227140.0,18.4,Scenarios B & D,2026-04-05
Wisconsin,6 months-17 years,Overall,1227140.0,18.6,Scenarios B & D,2026-04-12
Wisconsin,6 months-17 years,Overall,1227140.0,18.8,Scenarios B & D,2026-04-19
Wisconsin,6 months-17 years,Overall,1227140.0,19.1,Scenarios B & D,2026-04-26
Wisconsin,65+ years,Overall,1047935.0,0.0,Scenarios B & D,2025-08-03
Wisconsin,65+ years,Overall,1047935.0,0.0,Scenarios B & D,2025-08-10
Wisconsin,65+ years,Overall,1047935.0,3.1,Scenarios B & D,2025-08-17
Wisconsin,65+ years,Overall,1047935.0,6.4,Scenarios B & D,2025-08-24
Wisconsin,65+ years,Overall,1047935.0,9.7,Scenarios B & D,2025-08-31
Wisconsin,65+ years,Overall,1047935.0,13.1,Scenarios B & D,2025-09-07
Wisconsin,65+ years,Overall,1047935.0,16.6,Scenarios B & D,2025-09-14
Wisconsin,65+ years,Overall,1047935.0,20.1,Scenarios B & D,2025-09-21
Wisconsin,65+ years,Overall,1047935.0,23.5,Scenarios B & D,2025-09-28
Wisconsin,65+ years,Overall,1047935.0,26.8,Scenarios B & D,2025-10-05
Wisconsin,65+ years,Overall,1047935.0,29.9,Scenarios B & D,2025-10-12
Wisconsin,65+ years,Overall,1047935.0,32.7,Scenarios B & D,2025-10-19
Wisconsin,65+ years,Overall,1047935.0,35.3,Scenarios B & D,2025-10-26
Wisconsin,65+ years,Overall,1047935.0,37.6,Scenarios B & D,2025-11-02
Wisconsin,65+ years,Overall,1047935.0,39.6,Scenarios B & D,2025-11-09
Wisconsin,65+ years,Overall,1047935.0,41.5,Scenarios B & D,2025-11-16
Wisconsin,65+ years,Overall,1047935.0,43.0,Scenarios B & D,2025-11-23
Wisconsin,65+ years,Overall,1047935.0,44.4,Scenarios B & D,2025-11-30
Wisconsin,65+ years,Overall,1047935.0,45.6,Scenarios B & D,2025-12-07
Wisconsin,65+ years,Overall,1047935.0,46.6,Scenarios B & D,2025-12-14
Wisconsin,65+ years,Overall,1047935.0,47.5,Scenarios B & D,2025-12-21
Wisconsin,65+ years,Overall,1047935.0,48.3,Scenarios B & D,2025-12-28
Wisconsin,65+ years,Overall,1047935.0,49.0,Scenarios B & D,2026-01-04
Wisconsin,65+ years,Overall,1047935.0,49.6,Scenarios B & D,2026-01-11
Wisconsin,65+ years,Overall,1047935.0,50.1,Scenarios B & D,2026-01-18
Wisconsin,65+ years,Overall,1047935.0,50.7,Scenarios B & D,2026-01-25
Wisconsin,65+ years,Overall,1047935.0,51.1,Scenarios B & D,2026-02-01
Wisconsin,65+ years,Overall,1047935.0,51.6,Scenarios B & D,2026-02-08
Wisconsin,65+ years,Overall,1047935.0,52.0,Scenarios B & D,2026-02-15
Wisconsin,65+ years,Overall,1047935.0,52.5,Scenarios B & D,2026-02-22
Wisconsin,65+ years,Overall,1047935.0,52.9,Scenarios B & D,2026-03-01
Wisconsin,65+ years,Overall,1047935.0,53.4,Scenarios B & D,2026-03-08
Wisconsin,65+ years,Overall,1047935.0,53.8,Scenarios B & D,2026-03-15
Wisconsin,65+ years,Overall,1047935.0,54.3,Scenarios B & D,2026-03-22
Wisconsin,65+ years,Overall,1047935.0,54.7,Scenarios B & D,2026-03-29
Wisconsin,65+ years,Overall,1047935.0,55.2,Scenarios B & D,2026-04-05
Wisconsin,65+ years,Overall,1047935.0,55.6,Scenarios B & D,2026-04-12
Wisconsin,65+ years,Overall,1047935.0,56.1,Scenarios B & D,2026-04-19
Wisconsin,65+ years,Overall,1047935.0,56.5,Scenarios B & D,2026-04-26
Wyoming,18-49 years,Overall,233516.0,0.0,Scenarios B & D,2025-08-03
Wyoming,18-49 years,Overall,233516.0,0.0,Scenarios B & D,2025-08-10
Wyoming,18-49 years,Overall,233516.0,0.0,Scenarios B & D,2025-08-17
Wyoming,18-49 years,Overall,233516.0,0.5,Scenarios B & D,2025-08-24
Wyoming,18-49 years,Overall,233516.0,0.9,Scenarios B & D,2025-08-31
Wyoming,18-49 years,Overall,233516.0,1.4,Scenarios B & D,2025-09-07
Wyoming,18-49 years,Overall,233516.0,1.9,Scenarios B & D,2025-09-14
Wyoming,18-49 years,Overall,233516.0,2.4,Scenarios B & D,2025-09-21
Wyoming,18-49 years,Overall,233516.0,2.9,Scenarios B & D,2025-09-28
Wyoming,18-49 years,Overall,233516.0,3.5,Scenarios B & D,2025-10-05
Wyoming,18-49 years,Overall,233516.0,4.0,Scenarios B & D,2025-10-12
Wyoming,18-49 years,Overall,233516.0,4.6,Scenarios B & D,2025-10-19
Wyoming,18-49 years,Overall,233516.0,5.1,Scenarios B & D,2025-10-26
Wyoming,18-49 years,Overall,233516.0,5.7,Scenarios B & D,2025-11-02
Wyoming,18-49 years,Overall,233516.0,6.2,Scenarios B & D,2025-11-09
Wyoming,18-49 years,Overall,233516.0,6.7,Scenarios B & D,2025-11-16
Wyoming,18-49 years,Overall,233516.0,7.1,Scenarios B & D,2025-11-23
Wyoming,18-49 years,Overall,233516.0,7.5,Scenarios B & D,2025-11-30
Wyoming,18-49 years,Overall,233516.0,7.9,Scenarios B & D,2025-12-07
Wyoming,18-49 years,Overall,233516.0,8.3,Scenarios B & D,2025-12-14
Wyoming,18-49 years,Overall,233516.0,8.6,Scenarios B & D,2025-12-21
Wyoming,18-49 years,Overall,233516.0,8.9,Scenarios B & D,2025-12-28
Wyoming,18-49 years,Overall,233516.0,9.2,Scenarios B & D,2026-01-04
Wyoming,18-49 years,Overall,233516.0,9.4,Scenarios B & D,2026-01-11
Wyoming,18-49 years,Overall,233516.0,9.7,Scenarios B & D,2026-01-18
Wyoming,18-49 years,Overall,233516.0,9.9,Scenarios B & D,2026-01-25
Wyoming,18-49 years,Overall,233516.0,10.1,Scenarios B & D,2026-02-01
Wyoming,18-49 years,Overall,233516.0,10.4,Scenarios B & D,2026-02-08
Wyoming,18-49 years,Overall,233516.0,10.6,Scenarios B & D,2026-02-15
Wyoming,18-49 years,Overall,233516.0,10.9,Scenarios B & D,2026-02-22
Wyoming,18-49 years,Overall,233516.0,11.1,Scenarios B & D,2026-03-01
Wyoming,18-49 years,Overall,233516.0,11.3,Scenarios B & D,2026-03-08
Wyoming,18-49 years,Overall,233516.0,11.6,Scenarios B & D,2026-03-15
Wyoming,18-49 years,Overall,233516.0,11.8,Scenarios B & D,2026-03-22
Wyoming,18-49 years,Overall,233516.0,12.0,Scenarios B & D,2026-03-29
Wyoming,18-49 years,Overall,233516.0,12.3,Scenarios B & D,2026-04-05
Wyoming,18-49 years,Overall,233516.0,12.5,Scenarios B & D,2026-04-12
Wyoming,18-49 years,Overall,233516.0,12.7,Scenarios B & D,2026-04-19
Wyoming,18-49 years,Overall,233516.0,13.0,Scenarios B & D,2026-04-26
Wyoming,50-64 years,Overall,108846.0,0.0,Scenarios B & D,2025-08-03
Wyoming,50-64 years,Overall,108846.0,0.0,Scenarios B & D,2025-08-10
Wyoming,50-64 years,Overall,108846.0,0.6,Scenarios B & D,2025-08-17
Wyoming,50-64 years,Overall,108846.0,1.3,Scenarios B & D,2025-08-24
Wyoming,50-64 years,Overall,108846.0,2.0,Scenarios B & D,2025-08-31
Wyoming,50-64 years,Overall,108846.0,2.7,Scenarios B & D,2025-09-07
Wyoming,50-64 years,Overall,108846.0,3.4,Scenarios B & D,2025-09-14
Wyoming,50-64 years,Overall,108846.0,4.1,Scenarios B & D,2025-09-21
Wyoming,50-64 years,Overall,108846.0,4.9,Scenarios B & D,2025-09-28
Wyoming,50-64 years,Overall,108846.0,5.6,Scenarios B & D,2025-10-05
Wyoming,50-64 years,Overall,108846.0,6.3,Scenarios B & D,2025-10-12
Wyoming,50-64 years,Overall,108846.0,7.0,Scenarios B & D,2025-10-19
Wyoming,50-64 years,Overall,108846.0,7.6,Scenarios B & D,2025-10-26
Wyoming,50-64 years,Overall,108846.0,8.3,Scenarios B & D,2025-11-02
Wyoming,50-64 years,Overall,108846.0,8.9,Scenarios B & D,2025-11-09
Wyoming,50-64 years,Overall,108846.0,9.4,Scenarios B & D,2025-11-16
Wyoming,50-64 years,Overall,108846.0,9.9,Scenarios B & D,2025-11-23
Wyoming,50-64 years,Overall,108846.0,10.4,Scenarios B & D,2025-11-30
Wyoming,50-64 years,Overall,108846.0,10.8,Scenarios B & D,2025-12-07
Wyoming,50-64 years,Overall,108846.0,11.2,Scenarios B & D,2025-12-14
Wyoming,50-64 years,Overall,108846.0,11.5,Scenarios B & D,2025-12-21
Wyoming,50-64 years,Overall,108846.0,11.8,Scenarios B & D,2025-12-28
Wyoming,50-64 years,Overall,108846.0,12.0,Scenarios B & D,2026-01-04
Wyoming,50-64 years,Overall,108846.0,12.2,Scenarios B & D,2026-01-11
Wyoming,50-64 years,Overall,108846.0,12.4,Scenarios B & D,2026-01-18
Wyoming,50-64 years,Overall,108846.0,12.5,Scenarios B & D,2026-01-25
Wyoming,50-64 years,Overall,108846.0,12.6,Scenarios B & D,2026-02-01
Wyoming,50-64 years,Overall,108846.0,12.8,Scenarios B & D,2026-02-08
Wyoming,50-64 years,Overall,108846.0,12.9,Scenarios B & D,2026-02-15
Wyoming,50-64 years,Overall,108846.0,13.0,Scenarios B & D,2026-02-22
Wyoming,50-64 years,Overall,108846.0,13.2,Scenarios B & D,2026-03-01
Wyoming,50-64 years,Overall,108846.0,13.3,Scenarios B & D,2026-03-08
Wyoming,50-64 years,Overall,108846.0,13.5,Scenarios B & D,2026-03-15
Wyoming,50-64 years,Overall,108846.0,13.6,Scenarios B & D,2026-03-22
Wyoming,50-64 years,Overall,108846.0,13.7,Scenarios B & D,2026-03-29
Wyoming,50-64 years,Overall,108846.0,13.9,Scenarios B & D,2026-04-05
Wyoming,50-64 years,Overall,108846.0,14.0,Scenarios B & D,2026-04-12
Wyoming,50-64 years,Overall,108846.0,14.1,Scenarios B & D,2026-04-19
Wyoming,50-64 years,Overall,108846.0,14.3,Scenarios B & D,2026-04-26
Wyoming,6 months-17 years,Overall,129930.0,0.0,Scenarios B & D,2025-08-03
Wyoming,6 months-17 years,Overall,129930.0,0.0,Scenarios B & D,2025-08-10
Wyoming,6 months-17 years,Overall,129930.0,0.0,Scenarios B & D,2025-08-17
Wyoming,6 months-17 years,Overall,129930.0,0.0,Scenarios B & D,2025-08-24
Wyoming,6 months-17 years,Overall,129930.0,0.4,Scenarios B & D,2025-08-31
Wyoming,6 months-17 years,Overall,129930.0,0.8,Scenarios B & D,2025-09-07
Wyoming,6 months-17 years,Overall,129930.0,1.2,Scenarios B & D,2025-09-14
Wyoming,6 months-17 years,Overall,129930.0,1.6,Scenarios B & D,2025-09-21
Wyoming,6 months-17 years,Overall,129930.0,2.0,Scenarios B & D,2025-09-28
Wyoming,6 months-17 years,Overall,129930.0,2.5,Scenarios B & D,2025-10-05
Wyoming,6 months-17 years,Overall,129930.0,2.9,Scenarios B & D,2025-10-12
Wyoming,6 months-17 years,Overall,129930.0,3.3,Scenarios B & D,2025-10-19
Wyoming,6 months-17 years,Overall,129930.0,3.8,Scenarios B & D,2025-10-26
Wyoming,6 months-17 years,Overall,129930.0,4.2,Scenarios B & D,2025-11-02
Wyoming,6 months-17 years,Overall,129930.0,4.6,Scenarios B & D,2025-11-09
Wyoming,6 months-17 years,Overall,129930.0,5.0,Scenarios B & D,2025-11-16
Wyoming,6 months-17 years,Overall,129930.0,5.4,Scenarios B & D,2025-11-23
Wyoming,6 months-17 years,Overall,129930.0,5.7,Scenarios B & D,2025-11-30
Wyoming,6 months-17 years,Overall,129930.0,6.1,Scenarios B & D,2025-12-07
Wyoming,6 months-17 years,Overall,129930.0,6.4,Scenarios B & D,2025-12-14
Wyoming,6 months-17 years,Overall,129930.0,6.6,Scenarios B & D,2025-12-21
Wyoming,6 months-17 years,Overall,129930.0,6.9,Scenarios B & D,2025-12-28
Wyoming,6 months-17 years,Overall,129930.0,7.1,Scenarios B & D,2026-01-04
Wyoming,6 months-17 years,Overall,129930.0,7.3,Scenarios B & D,2026-01-11
Wyoming,6 months-17 years,Overall,129930.0,7.5,Scenarios B & D,2026-01-18
Wyoming,6 months-17 years,Overall,129930.0,7.7,Scenarios B & D,2026-01-25
Wyoming,6 months-17 years,Overall,129930.0,7.8,Scenarios B & D,2026-02-01
Wyoming,6 months-17 years,Overall,129930.0,8.0,Scenarios B & D,2026-02-08
Wyoming,6 months-17 years,Overall,129930.0,8.1,Scenarios B & D,2026-02-15
Wyoming,6 months-17 years,Overall,129930.0,8.2,Scenarios B & D,2026-02-22
Wyoming,6 months-17 years,Overall,129930.0,8.3,Scenarios B & D,2026-03-01
Wyoming,6 months-17 years,Overall,129930.0,8.4,Scenarios B & D,2026-03-08
Wyoming,6 months-17 years,Overall,129930.0,8.6,Scenarios B & D,2026-03-15
Wyoming,6 months-17 years,Overall,129930.0,8.7,Scenarios B & D,2026-03-22
Wyoming,6 months-17 years,Overall,129930.0,8.8,Scenarios B & D,2026-03-29
Wyoming,6 months-17 years,Overall,129930.0,8.9,Scenarios B & D,2026-04-05
Wyoming,6 months-17 years,Overall,129930.0,9.0,Scenarios B & D,2026-04-12
Wyoming,6 months-17 years,Overall,129930.0,9.1,Scenarios B & D,2026-04-19
Wyoming,6 months-17 years,Overall,129930.0,9.3,Scenarios B & D,2026-04-26
Wyoming,65+ years,Overall,103776.0,0.0,Scenarios B & D,2025-08-03
Wyoming,65+ years,Overall,103776.0,0.0,Scenarios B & D,2025-08-10
Wyoming,65+ years,Overall,103776.0,1.4,Scenarios B & D,2025-08-17
Wyoming,65+ years,Overall,103776.0,3.5,Scenarios B & D,2025-08-24
Wyoming,65+ years,Overall,103776.0,5.7,Scenarios B & D,2025-08-31
Wyoming,65+ years,Overall,103776.0,7.9,Scenarios B & D,2025-09-07
Wyoming,65+ years,Overall,103776.0,10.2,Scenarios B & D,2025-09-14
Wyoming,65+ years,Overall,103776.0,12.5,Scenarios B & D,2025-09-21
Wyoming,65+ years,Overall,103776.0,14.9,Scenarios B & D,2025-09-28
Wyoming,65+ years,Overall,103776.0,17.2,Scenarios B & D,2025-10-05
Wyoming,65+ years,Overall,103776.0,19.4,Scenarios B & D,2025-10-12
Wyoming,65+ years,Overall,103776.0,21.5,Scenarios B & D,2025-10-19
Wyoming,65+ years,Overall,103776.0,23.5,Scenarios B & D,2025-10-26
Wyoming,65+ years,Overall,103776.0,25.3,Scenarios B & D,2025-11-02
Wyoming,65+ years,Overall,103776.0,27.0,Scenarios B & D,2025-11-09
Wyoming,65+ years,Overall,103776.0,28.6,Scenarios B & D,2025-11-16
Wyoming,65+ years,Overall,103776.0,30.0,Scenarios B & D,2025-11-23
Wyoming,65+ years,Overall,103776.0,31.2,Scenarios B & D,2025-11-30
Wyoming,65+ years,Overall,103776.0,32.2,Scenarios B & D,2025-12-07
Wyoming,65+ years,Overall,103776.0,33.1,Scenarios B & D,2025-12-14
Wyoming,65+ years,Overall,103776.0,33.8,Scenarios B & D,2025-12-21
Wyoming,65+ years,Overall,103776.0,34.4,Scenarios B & D,2025-12-28
Wyoming,65+ years,Overall,103776.0,34.8,Scenarios B & D,2026-01-04
Wyoming,65+ years,Overall,103776.0,35.2,Scenarios B & D,2026-01-11
Wyoming,65+ years,Overall,103776.0,35.6,Scenarios B & D,2026-01-18
Wyoming,65+ years,Overall,103776.0,35.8,Scenarios B & D,2026-01-25
Wyoming,65+ years,Overall,103776.0,36.1,Scenarios B & D,2026-02-01
Wyoming,65+ years,Overall,103776.0,36.4,Scenarios B & D,2026-02-08
Wyoming,65+ years,Overall,103776.0,36.6,Scenarios B & D,2026-02-15
Wyoming,65+ years,Overall,103776.0,36.8,Scenarios B & D,2026-02-22
Wyoming,65+ years,Overall,103776.0,37.1,Scenarios B & D,2026-03-01
Wyoming,65+ years,Overall,103776.0,37.3,Scenarios B & D,2026-03-08
Wyoming,65+ years,Overall,103776.0,37.6,Scenarios B & D,2026-03-15
Wyoming,65+ years,Overall,103776.0,37.8,Scenarios B & D,2026-03-22
Wyoming,65+ years,Overall,103776.0,38.0,Scenarios B & D,2026-03-29
Wyoming,65+ years,Overall,103776.0,38.3,Scenarios B & D,2026-04-05
Wyoming,65+ years,Overall,103776.0,38.5,Scenarios B & D,2026-04-12
Wyoming,65+ years,Overall,103776.0,38.8,Scenarios B & D,2026-04-19
Wyoming,65+ years,Overall,103776.0,39.0,Scenarios B & D,2026-04-26
