location_iso,location_code,target_end_date,epiweek,hospitalizations
US-AL,01,2024-01-06,202401,348.0
US-AL,01,2024-01-13,202402,226.0
US-AL,01,2024-01-20,202403,169.0
US-AL,01,2024-01-27,202404,142.0
US-AL,01,2024-02-03,202405,103.0
US-AL,01,2024-02-10,202406,109.0
US-AL,01,2024-02-17,202407,120.0
US-AL,01,2024-02-24,202408,87.0
US-AL,01,2024-03-02,202409,81.0
US-AL,01,2024-03-09,202410,85.0
US-AL,01,2024-03-16,202411,65.0
US-AL,01,2024-03-23,202412,70.0
US-AL,01,2024-03-30,202413,60.0
US-AL,01,2024-04-06,202414,39.0
US-AL,01,2024-04-13,202415,19.0
US-AL,01,2024-04-20,202416,17.0
US-AL,01,2024-04-27,202417,15.0
US-AL,01,2024-05-04,202418,10.0
US-AL,01,2024-05-11,202419,0.0
US-AL,01,2024-05-18,202420,2.0
US-AL,01,2024-05-25,202421,0.0
US-AL,01,2024-06-01,202422,0.0
US-AL,01,2024-06-08,202423,0.0
US-AL,01,2024-06-15,202424,0.0
US-AL,01,2024-06-22,202425,0.0
US-AL,01,2024-06-29,202426,0.0
US-AL,01,2024-07-06,202427,0.0
US-AL,01,2024-07-13,202428,0.0
US-AL,01,2024-07-20,202429,0.0
US-AL,01,2024-07-27,202430,0.0
US-AL,01,2024-08-03,202431,1.0
US-AL,01,2024-08-10,202432,0.0
US-AL,01,2024-08-17,202433,0.0
US-AL,01,2024-08-24,202434,0.0
US-AL,01,2024-08-31,202435,1.0
US-AL,01,2024-09-07,202436,0.0
US-AL,01,2024-09-14,202437,0.0
US-AL,01,2024-09-21,202438,0.0
US-AL,01,2024-09-28,202439,0.0
US-AL,01,2024-10-05,202440,0.0
US-AL,01,2024-10-12,202441,2.0
US-AL,01,2024-10-19,202442,6.0
US-AL,01,2024-10-26,202443,9.0
US-AL,01,2024-11-02,202444,13.0
US-AL,01,2024-11-09,202445,32.0
US-AL,01,2024-11-16,202446,44.0
US-AL,01,2024-11-23,202447,50.0
US-AL,01,2024-11-30,202448,65.0
US-AL,01,2024-12-07,202449,102.0
US-AL,01,2024-12-14,202450,193.0
US-AL,01,2024-12-21,202451,437.0
US-AL,01,2024-12-28,202452,667.0
US-AL,01,2025-01-04,202501,690.0
US-AL,01,2025-01-11,202502,477.0
US-AL,01,2025-01-18,202503,490.0
US-AL,01,2025-01-25,202504,632.0
US-AL,01,2025-02-01,202505,742.0
US-AL,01,2025-02-08,202506,663.0
US-AL,01,2025-02-15,202507,415.0
US-AL,01,2025-02-22,202508,286.0
US-AL,01,2025-03-01,202509,330.0
US-AL,01,2025-03-08,202510,315.0
US-AL,01,2025-03-15,202511,273.0
US-AL,01,2025-03-22,202512,193.0
US-AL,01,2025-03-29,202513,169.0
US-AL,01,2025-04-05,202514,85.0
US-AL,01,2025-04-12,202515,54.0
US-AL,01,2025-04-19,202516,50.0
US-AL,01,2025-04-26,202517,35.0
US-AL,01,2025-05-03,202518,27.0
US-AL,01,2025-05-10,202519,33.0
US-AL,01,2025-05-17,202520,37.0
US-AL,01,2025-05-24,202521,28.0
US-AL,01,2025-05-31,202522,11.0
US-AL,01,2025-06-07,202523,14.0
US-AL,01,2025-06-14,202524,18.0
US-AL,01,2025-06-21,202525,22.0
US-AL,01,2025-06-28,202526,27.0
US-AL,01,2025-07-05,202527,15.0
US-AL,01,2025-07-12,202528,11.0
US-AL,01,2025-07-19,202529,13.0
US-AL,01,2025-07-26,202530,16.0
US-AL,01,2025-08-02,202531,19.0
US-AL,01,2025-08-09,202532,17.0
US-AL,01,2025-08-16,202533,27.0
US-AL,01,2025-08-23,202534,24.0
US-AL,01,2025-08-30,202535,29.0
US-AL,01,2025-09-06,202536,23.0
US-AL,01,2025-09-13,202537,31.0
US-AL,01,2025-09-20,202538,15.0
US-AL,01,2025-09-27,202539,18.0
US-AL,01,2025-10-04,202540,21.0
US-AL,01,2025-10-11,202541,14.0
US-AL,01,2025-10-18,202542,12.0
US-AL,01,2025-10-25,202543,11.0
US-AL,01,2025-11-01,202544,14.0
US-AL,01,2025-11-08,202545,18.0
US-AL,01,2025-11-15,202546,26.0
US-AK,02,2024-01-06,202401,5.0
US-AK,02,2024-01-13,202402,6.0
US-AK,02,2024-01-20,202403,9.0
US-AK,02,2024-01-27,202404,7.0
US-AK,02,2024-02-03,202405,8.0
US-AK,02,2024-02-10,202406,11.0
US-AK,02,2024-02-17,202407,2.0
US-AK,02,2024-02-24,202408,4.0
US-AK,02,2024-03-02,202409,11.0
US-AK,02,2024-03-09,202410,5.0
US-AK,02,2024-03-16,202411,9.0
US-AK,02,2024-03-23,202412,10.0
US-AK,02,2024-03-30,202413,8.0
US-AK,02,2024-04-06,202414,7.0
US-AK,02,2024-04-13,202415,4.0
US-AK,02,2024-04-20,202416,2.0
US-AK,02,2024-04-27,202417,5.0
US-AK,02,2024-05-04,202418,3.0
US-AK,02,2024-05-11,202419,6.0
US-AK,02,2024-05-18,202420,1.0
US-AK,02,2024-05-25,202421,2.0
US-AK,02,2024-06-01,202422,3.0
US-AK,02,2024-06-08,202423,3.0
US-AK,02,2024-06-15,202424,3.0
US-AK,02,2024-06-22,202425,6.0
US-AK,02,2024-06-29,202426,3.0
US-AK,02,2024-07-06,202427,1.0
US-AK,02,2024-07-13,202428,1.0
US-AK,02,2024-07-20,202429,3.0
US-AK,02,2024-07-27,202430,1.0
US-AK,02,2024-08-03,202431,0.0
US-AK,02,2024-08-10,202432,0.0
US-AK,02,2024-08-17,202433,4.0
US-AK,02,2024-08-24,202434,0.0
US-AK,02,2024-08-31,202435,0.0
US-AK,02,2024-09-07,202436,1.0
US-AK,02,2024-09-14,202437,2.0
US-AK,02,2024-09-21,202438,3.0
US-AK,02,2024-09-28,202439,0.0
US-AK,02,2024-10-05,202440,1.0
US-AK,02,2024-10-12,202441,1.0
US-AK,02,2024-10-19,202442,1.0
US-AK,02,2024-10-26,202443,3.0
US-AK,02,2024-11-02,202444,8.0
US-AK,02,2024-11-09,202445,6.0
US-AK,02,2024-11-16,202446,9.0
US-AK,02,2024-11-23,202447,7.0
US-AK,02,2024-11-30,202448,10.0
US-AK,02,2024-12-07,202449,18.0
US-AK,02,2024-12-14,202450,27.0
US-AK,02,2024-12-21,202451,22.0
US-AK,02,2024-12-28,202452,35.0
US-AK,02,2025-01-04,202501,64.0
US-AK,02,2025-01-11,202502,45.0
US-AK,02,2025-01-18,202503,33.0
US-AK,02,2025-01-25,202504,29.0
US-AK,02,2025-02-01,202505,30.0
US-AK,02,2025-02-08,202506,26.0
US-AK,02,2025-02-15,202507,53.0
US-AK,02,2025-02-22,202508,52.0
US-AK,02,2025-03-01,202509,57.0
US-AK,02,2025-03-08,202510,62.0
US-AK,02,2025-03-15,202511,31.0
US-AK,02,2025-03-22,202512,26.0
US-AK,02,2025-03-29,202513,32.0
US-AK,02,2025-04-05,202514,17.0
US-AK,02,2025-04-12,202515,16.0
US-AK,02,2025-04-19,202516,12.0
US-AK,02,2025-04-26,202517,9.0
US-AK,02,2025-05-03,202518,9.0
US-AK,02,2025-05-10,202519,5.0
US-AK,02,2025-05-17,202520,6.0
US-AK,02,2025-05-24,202521,10.0
US-AK,02,2025-05-31,202522,8.0
US-AK,02,2025-06-07,202523,11.0
US-AK,02,2025-06-14,202524,11.0
US-AK,02,2025-06-21,202525,17.0
US-AK,02,2025-06-28,202526,5.0
US-AK,02,2025-07-05,202527,4.0
US-AK,02,2025-07-12,202528,2.0
US-AK,02,2025-07-19,202529,6.0
US-AK,02,2025-07-26,202530,4.0
US-AK,02,2025-08-02,202531,2.0
US-AK,02,2025-08-09,202532,2.0
US-AK,02,2025-08-16,202533,4.0
US-AK,02,2025-08-23,202534,2.0
US-AK,02,2025-08-30,202535,2.0
US-AK,02,2025-09-06,202536,3.0
US-AK,02,2025-09-13,202537,12.0
US-AK,02,2025-09-20,202538,1.0
US-AK,02,2025-09-27,202539,1.0
US-AK,02,2025-10-04,202540,2.0
US-AK,02,2025-10-11,202541,0.0
US-AK,02,2025-10-18,202542,0.0
US-AK,02,2025-10-25,202543,1.0
US-AK,02,2025-11-01,202544,0.0
US-AK,02,2025-11-08,202545,1.0
US-AK,02,2025-11-15,202546,0.0
US-AZ,04,2024-01-06,202401,907.0
US-AZ,04,2024-01-13,202402,716.0
US-AZ,04,2024-01-20,202403,682.0
US-AZ,04,2024-01-27,202404,616.0
US-AZ,04,2024-02-03,202405,343.0
US-AZ,04,2024-02-10,202406,183.0
US-AZ,04,2024-02-17,202407,204.0
US-AZ,04,2024-02-24,202408,204.0
US-AZ,04,2024-03-02,202409,182.0
US-AZ,04,2024-03-09,202410,125.0
US-AZ,04,2024-03-16,202411,134.0
US-AZ,04,2024-03-23,202412,106.0
US-AZ,04,2024-03-30,202413,97.0
US-AZ,04,2024-04-06,202414,81.0
US-AZ,04,2024-04-13,202415,85.0
US-AZ,04,2024-04-20,202416,79.0
US-AZ,04,2024-04-27,202417,105.0
US-AZ,04,2024-05-04,202418,75.0
US-AZ,04,2024-05-11,202419,73.0
US-AZ,04,2024-05-18,202420,66.0
US-AZ,04,2024-05-25,202421,66.0
US-AZ,04,2024-06-01,202422,68.0
US-AZ,04,2024-06-08,202423,53.0
US-AZ,04,2024-06-15,202424,69.0
US-AZ,04,2024-06-22,202425,44.0
US-AZ,04,2024-06-29,202426,23.0
US-AZ,04,2024-07-06,202427,29.0
US-AZ,04,2024-07-13,202428,29.0
US-AZ,04,2024-07-20,202429,16.0
US-AZ,04,2024-07-27,202430,12.0
US-AZ,04,2024-08-03,202431,10.0
US-AZ,04,2024-08-10,202432,25.0
US-AZ,04,2024-08-17,202433,17.0
US-AZ,04,2024-08-24,202434,25.0
US-AZ,04,2024-08-31,202435,26.0
US-AZ,04,2024-09-07,202436,14.0
US-AZ,04,2024-09-14,202437,24.0
US-AZ,04,2024-09-21,202438,18.0
US-AZ,04,2024-09-28,202439,14.0
US-AZ,04,2024-10-05,202440,40.0
US-AZ,04,2024-10-12,202441,4.0
US-AZ,04,2024-10-19,202442,14.0
US-AZ,04,2024-10-26,202443,187.0
US-AZ,04,2024-11-02,202444,141.0
US-AZ,04,2024-11-09,202445,272.0
US-AZ,04,2024-11-16,202446,356.0
US-AZ,04,2024-11-23,202447,488.0
US-AZ,04,2024-11-30,202448,558.0
US-AZ,04,2024-12-07,202449,882.0
US-AZ,04,2024-12-14,202450,1023.0
US-AZ,04,2024-12-21,202451,1534.0
US-AZ,04,2024-12-28,202452,2340.0
US-AZ,04,2025-01-04,202501,2846.0
US-AZ,04,2025-01-11,202502,1483.0
US-AZ,04,2025-01-18,202503,1077.0
US-AZ,04,2025-01-25,202504,999.0
US-AZ,04,2025-02-01,202505,836.0
US-AZ,04,2025-02-08,202506,836.0
US-AZ,04,2025-02-15,202507,711.0
US-AZ,04,2025-02-22,202508,647.0
US-AZ,04,2025-03-01,202509,657.0
US-AZ,04,2025-03-08,202510,499.0
US-AZ,04,2025-03-15,202511,393.0
US-AZ,04,2025-03-22,202512,346.0
US-AZ,04,2025-03-29,202513,238.0
US-AZ,04,2025-04-05,202514,111.0
US-AZ,04,2025-04-12,202515,93.0
US-AZ,04,2025-04-19,202516,88.0
US-AZ,04,2025-04-26,202517,77.0
US-AZ,04,2025-05-03,202518,80.0
US-AZ,04,2025-05-10,202519,53.0
US-AZ,04,2025-05-17,202520,69.0
US-AZ,04,2025-05-24,202521,38.0
US-AZ,04,2025-05-31,202522,55.0
US-AZ,04,2025-06-07,202523,32.0
US-AZ,04,2025-06-14,202524,35.0
US-AZ,04,2025-06-21,202525,18.0
US-AZ,04,2025-06-28,202526,11.0
US-AZ,04,2025-07-05,202527,24.0
US-AZ,04,2025-07-12,202528,15.0
US-AZ,04,2025-07-19,202529,10.0
US-AZ,04,2025-07-26,202530,6.0
US-AZ,04,2025-08-02,202531,5.0
US-AZ,04,2025-08-09,202532,11.0
US-AZ,04,2025-08-16,202533,18.0
US-AZ,04,2025-08-23,202534,6.0
US-AZ,04,2025-08-30,202535,18.0
US-AZ,04,2025-09-06,202536,5.0
US-AZ,04,2025-09-13,202537,7.0
US-AZ,04,2025-09-20,202538,10.0
US-AZ,04,2025-09-27,202539,10.0
US-AZ,04,2025-10-04,202540,15.0
US-AZ,04,2025-10-11,202541,8.0
US-AZ,04,2025-10-18,202542,9.0
US-AZ,04,2025-10-25,202543,9.0
US-AZ,04,2025-11-01,202544,9.0
US-AZ,04,2025-11-08,202545,14.0
US-AZ,04,2025-11-15,202546,15.0
US-AR,05,2024-01-06,202401,234.0
US-AR,05,2024-01-13,202402,223.0
US-AR,05,2024-01-20,202403,227.0
US-AR,05,2024-01-27,202404,275.0
US-AR,05,2024-02-03,202405,245.0
US-AR,05,2024-02-10,202406,291.0
US-AR,05,2024-02-17,202407,258.0
US-AR,05,2024-02-24,202408,275.0
US-AR,05,2024-03-02,202409,278.0
US-AR,05,2024-03-09,202410,247.0
US-AR,05,2024-03-16,202411,190.0
US-AR,05,2024-03-23,202412,103.0
US-AR,05,2024-03-30,202413,82.0
US-AR,05,2024-04-06,202414,60.0
US-AR,05,2024-04-13,202415,47.0
US-AR,05,2024-04-20,202416,30.0
US-AR,05,2024-04-27,202417,60.0
US-AR,05,2024-05-04,202418,14.0
US-AR,05,2024-05-11,202419,12.0
US-AR,05,2024-05-18,202420,0.0
US-AR,05,2024-05-25,202421,2.0
US-AR,05,2024-06-01,202422,6.0
US-AR,05,2024-06-08,202423,5.0
US-AR,05,2024-06-15,202424,5.0
US-AR,05,2024-06-22,202425,5.0
US-AR,05,2024-06-29,202426,1.0
US-AR,05,2024-07-06,202427,4.0
US-AR,05,2024-07-13,202428,5.0
US-AR,05,2024-07-20,202429,7.0
US-AR,05,2024-07-27,202430,8.0
US-AR,05,2024-08-03,202431,4.0
US-AR,05,2024-08-10,202432,6.0
US-AR,05,2024-08-17,202433,4.0
US-AR,05,2024-08-24,202434,4.0
US-AR,05,2024-08-31,202435,5.0
US-AR,05,2024-09-07,202436,7.0
US-AR,05,2024-09-14,202437,2.0
US-AR,05,2024-09-21,202438,3.0
US-AR,05,2024-09-28,202439,0.0
US-AR,05,2024-10-05,202440,3.0
US-AR,05,2024-10-12,202441,0.0
US-AR,05,2024-10-19,202442,2.0
US-AR,05,2024-10-26,202443,1.0
US-AR,05,2024-11-02,202444,6.0
US-AR,05,2024-11-09,202445,11.0
US-AR,05,2024-11-16,202446,13.0
US-AR,05,2024-11-23,202447,8.0
US-AR,05,2024-11-30,202448,12.0
US-AR,05,2024-12-07,202449,32.0
US-AR,05,2024-12-14,202450,42.0
US-AR,05,2024-12-21,202451,59.0
US-AR,05,2024-12-28,202452,127.0
US-AR,05,2025-01-04,202501,212.0
US-AR,05,2025-01-11,202502,158.0
US-AR,05,2025-01-18,202503,223.0
US-AR,05,2025-01-25,202504,388.0
US-AR,05,2025-02-01,202505,551.0
US-AR,05,2025-02-08,202506,752.0
US-AR,05,2025-02-15,202507,543.0
US-AR,05,2025-02-22,202508,392.0
US-AR,05,2025-03-01,202509,363.0
US-AR,05,2025-03-08,202510,325.0
US-AR,05,2025-03-15,202511,229.0
US-AR,05,2025-03-22,202512,164.0
US-AR,05,2025-03-29,202513,111.0
US-AR,05,2025-04-05,202514,71.0
US-AR,05,2025-04-12,202515,32.0
US-AR,05,2025-04-19,202516,29.0
US-AR,05,2025-04-26,202517,24.0
US-AR,05,2025-05-03,202518,21.0
US-AR,05,2025-05-10,202519,13.0
US-AR,05,2025-05-17,202520,13.0
US-AR,05,2025-05-24,202521,14.0
US-AR,05,2025-05-31,202522,14.0
US-AR,05,2025-06-07,202523,14.0
US-AR,05,2025-06-14,202524,12.0
US-AR,05,2025-06-21,202525,14.0
US-AR,05,2025-06-28,202526,20.0
US-AR,05,2025-07-05,202527,5.0
US-AR,05,2025-07-12,202528,8.0
US-AR,05,2025-07-19,202529,4.0
US-AR,05,2025-07-26,202530,4.0
US-AR,05,2025-08-02,202531,2.0
US-AR,05,2025-08-09,202532,2.0
US-AR,05,2025-08-16,202533,4.0
US-AR,05,2025-08-23,202534,2.0
US-AR,05,2025-08-30,202535,1.0
US-AR,05,2025-09-06,202536,2.0
US-AR,05,2025-09-13,202537,1.0
US-AR,05,2025-09-20,202538,3.0
US-AR,05,2025-09-27,202539,9.0
US-AR,05,2025-10-04,202540,4.0
US-AR,05,2025-10-11,202541,5.0
US-AR,05,2025-10-18,202542,2.0
US-AR,05,2025-10-25,202543,3.0
US-AR,05,2025-11-01,202544,9.0
US-AR,05,2025-11-08,202545,7.0
US-AR,05,2025-11-15,202546,12.0
US-CA,06,2024-01-06,202401,1470.0
US-CA,06,2024-01-13,202402,1075.0
US-CA,06,2024-01-20,202403,1096.0
US-CA,06,2024-01-27,202404,732.0
US-CA,06,2024-02-03,202405,547.0
US-CA,06,2024-02-10,202406,464.0
US-CA,06,2024-02-17,202407,342.0
US-CA,06,2024-02-24,202408,302.0
US-CA,06,2024-03-02,202409,266.0
US-CA,06,2024-03-09,202410,207.0
US-CA,06,2024-03-16,202411,188.0
US-CA,06,2024-03-23,202412,175.0
US-CA,06,2024-03-30,202413,180.0
US-CA,06,2024-04-06,202414,151.0
US-CA,06,2024-04-13,202415,179.0
US-CA,06,2024-04-20,202416,157.0
US-CA,06,2024-04-27,202417,156.0
US-CA,06,2024-05-04,202418,77.0
US-CA,06,2024-05-11,202419,49.0
US-CA,06,2024-05-18,202420,57.0
US-CA,06,2024-05-25,202421,42.0
US-CA,06,2024-06-01,202422,56.0
US-CA,06,2024-06-08,202423,59.0
US-CA,06,2024-06-15,202424,58.0
US-CA,06,2024-06-22,202425,64.0
US-CA,06,2024-06-29,202426,49.0
US-CA,06,2024-07-06,202427,37.0
US-CA,06,2024-07-13,202428,39.0
US-CA,06,2024-07-20,202429,35.0
US-CA,06,2024-07-27,202430,29.0
US-CA,06,2024-08-03,202431,31.0
US-CA,06,2024-08-10,202432,19.0
US-CA,06,2024-08-17,202433,32.0
US-CA,06,2024-08-24,202434,18.0
US-CA,06,2024-08-31,202435,20.0
US-CA,06,2024-09-07,202436,15.0
US-CA,06,2024-09-14,202437,25.0
US-CA,06,2024-09-21,202438,17.0
US-CA,06,2024-09-28,202439,26.0
US-CA,06,2024-10-05,202440,30.0
US-CA,06,2024-10-12,202441,30.0
US-CA,06,2024-10-19,202442,75.0
US-CA,06,2024-10-26,202443,137.0
US-CA,06,2024-11-02,202444,112.0
US-CA,06,2024-11-09,202445,177.0
US-CA,06,2024-11-16,202446,321.0
US-CA,06,2024-11-23,202447,524.0
US-CA,06,2024-11-30,202448,703.0
US-CA,06,2024-12-07,202449,1124.0
US-CA,06,2024-12-14,202450,1515.0
US-CA,06,2024-12-21,202451,2560.0
US-CA,06,2024-12-28,202452,3856.0
US-CA,06,2025-01-04,202501,4011.0
US-CA,06,2025-01-11,202502,3259.0
US-CA,06,2025-01-18,202503,3659.0
US-CA,06,2025-01-25,202504,4094.0
US-CA,06,2025-02-01,202505,4593.0
US-CA,06,2025-02-08,202506,3679.0
US-CA,06,2025-02-15,202507,2801.0
US-CA,06,2025-02-22,202508,2052.0
US-CA,06,2025-03-01,202509,1468.0
US-CA,06,2025-03-08,202510,1073.0
US-CA,06,2025-03-15,202511,997.0
US-CA,06,2025-03-22,202512,707.0
US-CA,06,2025-03-29,202513,595.0
US-CA,06,2025-04-05,202514,453.0
US-CA,06,2025-04-12,202515,421.0
US-CA,06,2025-04-19,202516,355.0
US-CA,06,2025-04-26,202517,254.0
US-CA,06,2025-05-03,202518,238.0
US-CA,06,2025-05-10,202519,177.0
US-CA,06,2025-05-17,202520,171.0
US-CA,06,2025-05-24,202521,185.0
US-CA,06,2025-05-31,202522,190.0
US-CA,06,2025-06-07,202523,149.0
US-CA,06,2025-06-14,202524,158.0
US-CA,06,2025-06-21,202525,122.0
US-CA,06,2025-06-28,202526,98.0
US-CA,06,2025-07-05,202527,86.0
US-CA,06,2025-07-12,202528,105.0
US-CA,06,2025-07-19,202529,73.0
US-CA,06,2025-07-26,202530,67.0
US-CA,06,2025-08-02,202531,71.0
US-CA,06,2025-08-09,202532,66.0
US-CA,06,2025-08-16,202533,73.0
US-CA,06,2025-08-23,202534,71.0
US-CA,06,2025-08-30,202535,90.0
US-CA,06,2025-09-06,202536,89.0
US-CA,06,2025-09-13,202537,88.0
US-CA,06,2025-09-20,202538,80.0
US-CA,06,2025-09-27,202539,101.0
US-CA,06,2025-10-04,202540,91.0
US-CA,06,2025-10-11,202541,94.0
US-CA,06,2025-10-18,202542,101.0
US-CA,06,2025-10-25,202543,99.0
US-CA,06,2025-11-01,202544,136.0
US-CA,06,2025-11-08,202545,146.0
US-CA,06,2025-11-15,202546,139.0
US-CO,08,2024-01-06,202401,308.0
US-CO,08,2024-01-13,202402,286.0
US-CO,08,2024-01-20,202403,197.0
US-CO,08,2024-01-27,202404,229.0
US-CO,08,2024-02-03,202405,196.0
US-CO,08,2024-02-10,202406,196.0
US-CO,08,2024-02-17,202407,137.0
US-CO,08,2024-02-24,202408,129.0
US-CO,08,2024-03-02,202409,93.0
US-CO,08,2024-03-09,202410,80.0
US-CO,08,2024-03-16,202411,96.0
US-CO,08,2024-03-23,202412,97.0
US-CO,08,2024-03-30,202413,68.0
US-CO,08,2024-04-06,202414,49.0
US-CO,08,2024-04-13,202415,55.0
US-CO,08,2024-04-20,202416,26.0
US-CO,08,2024-04-27,202417,23.0
US-CO,08,2024-05-04,202418,23.0
US-CO,08,2024-05-11,202419,12.0
US-CO,08,2024-05-18,202420,6.0
US-CO,08,2024-05-25,202421,11.0
US-CO,08,2024-06-01,202422,10.0
US-CO,08,2024-06-08,202423,4.0
US-CO,08,2024-06-15,202424,3.0
US-CO,08,2024-06-22,202425,3.0
US-CO,08,2024-06-29,202426,3.0
US-CO,08,2024-07-06,202427,3.0
US-CO,08,2024-07-13,202428,1.0
US-CO,08,2024-07-20,202429,3.0
US-CO,08,2024-07-27,202430,6.0
US-CO,08,2024-08-03,202431,6.0
US-CO,08,2024-08-10,202432,5.0
US-CO,08,2024-08-17,202433,0.0
US-CO,08,2024-08-24,202434,0.0
US-CO,08,2024-08-31,202435,0.0
US-CO,08,2024-09-07,202436,1.0
US-CO,08,2024-09-14,202437,0.0
US-CO,08,2024-09-21,202438,0.0
US-CO,08,2024-09-28,202439,3.0
US-CO,08,2024-10-05,202440,3.0
US-CO,08,2024-10-12,202441,0.0
US-CO,08,2024-10-19,202442,2.0
US-CO,08,2024-10-26,202443,14.0
US-CO,08,2024-11-02,202444,25.0
US-CO,08,2024-11-09,202445,20.0
US-CO,08,2024-11-16,202446,29.0
US-CO,08,2024-11-23,202447,31.0
US-CO,08,2024-11-30,202448,67.0
US-CO,08,2024-12-07,202449,90.0
US-CO,08,2024-12-14,202450,129.0
US-CO,08,2024-12-21,202451,179.0
US-CO,08,2024-12-28,202452,475.0
US-CO,08,2025-01-04,202501,760.0
US-CO,08,2025-01-11,202502,499.0
US-CO,08,2025-01-18,202503,441.0
US-CO,08,2025-01-25,202504,456.0
US-CO,08,2025-02-01,202505,543.0
US-CO,08,2025-02-08,202506,622.0
US-CO,08,2025-02-15,202507,583.0
US-CO,08,2025-02-22,202508,484.0
US-CO,08,2025-03-01,202509,381.0
US-CO,08,2025-03-08,202510,311.0
US-CO,08,2025-03-15,202511,215.0
US-CO,08,2025-03-22,202512,162.0
US-CO,08,2025-03-29,202513,121.0
US-CO,08,2025-04-05,202514,86.0
US-CO,08,2025-04-12,202515,62.0
US-CO,08,2025-04-19,202516,40.0
US-CO,08,2025-04-26,202517,42.0
US-CO,08,2025-05-03,202518,30.0
US-CO,08,2025-05-10,202519,36.0
US-CO,08,2025-05-17,202520,19.0
US-CO,08,2025-05-24,202521,15.0
US-CO,08,2025-05-31,202522,19.0
US-CO,08,2025-06-07,202523,20.0
US-CO,08,2025-06-14,202524,17.0
US-CO,08,2025-06-21,202525,4.0
US-CO,08,2025-06-28,202526,4.0
US-CO,08,2025-07-05,202527,5.0
US-CO,08,2025-07-12,202528,8.0
US-CO,08,2025-07-19,202529,4.0
US-CO,08,2025-07-26,202530,2.0
US-CO,08,2025-08-02,202531,3.0
US-CO,08,2025-08-09,202532,5.0
US-CO,08,2025-08-16,202533,3.0
US-CO,08,2025-08-23,202534,0.0
US-CO,08,2025-08-30,202535,4.0
US-CO,08,2025-09-06,202536,3.0
US-CO,08,2025-09-13,202537,1.0
US-CO,08,2025-09-20,202538,4.0
US-CO,08,2025-09-27,202539,9.0
US-CO,08,2025-10-04,202540,8.0
US-CO,08,2025-10-11,202541,6.0
US-CO,08,2025-10-18,202542,7.0
US-CO,08,2025-10-25,202543,9.0
US-CO,08,2025-11-01,202544,18.0
US-CO,08,2025-11-08,202545,28.0
US-CO,08,2025-11-15,202546,44.0
US-CT,09,2024-01-06,202401,167.0
US-CT,09,2024-01-13,202402,159.0
US-CT,09,2024-01-20,202403,128.0
US-CT,09,2024-01-27,202404,156.0
US-CT,09,2024-02-03,202405,111.0
US-CT,09,2024-02-10,202406,142.0
US-CT,09,2024-02-17,202407,119.0
US-CT,09,2024-02-24,202408,171.0
US-CT,09,2024-03-02,202409,212.0
US-CT,09,2024-03-09,202410,165.0
US-CT,09,2024-03-16,202411,99.0
US-CT,09,2024-03-23,202412,83.0
US-CT,09,2024-03-30,202413,89.0
US-CT,09,2024-04-06,202414,88.0
US-CT,09,2024-04-13,202415,62.0
US-CT,09,2024-04-20,202416,57.0
US-CT,09,2024-04-27,202417,64.0
US-CT,09,2024-05-04,202418,34.0
US-CT,09,2024-05-11,202419,22.0
US-CT,09,2024-05-18,202420,10.0
US-CT,09,2024-05-25,202421,6.0
US-CT,09,2024-06-01,202422,4.0
US-CT,09,2024-06-08,202423,5.0
US-CT,09,2024-06-15,202424,2.0
US-CT,09,2024-06-22,202425,3.0
US-CT,09,2024-06-29,202426,1.0
US-CT,09,2024-07-06,202427,7.0
US-CT,09,2024-07-13,202428,3.0
US-CT,09,2024-07-20,202429,2.0
US-CT,09,2024-07-27,202430,1.0
US-CT,09,2024-08-03,202431,3.0
US-CT,09,2024-08-10,202432,0.0
US-CT,09,2024-08-17,202433,2.0
US-CT,09,2024-08-24,202434,1.0
US-CT,09,2024-08-31,202435,0.0
US-CT,09,2024-09-07,202436,2.0
US-CT,09,2024-09-14,202437,2.0
US-CT,09,2024-09-21,202438,0.0
US-CT,09,2024-09-28,202439,0.0
US-CT,09,2024-10-05,202440,4.0
US-CT,09,2024-10-12,202441,0.0
US-CT,09,2024-10-19,202442,5.0
US-CT,09,2024-10-26,202443,6.0
US-CT,09,2024-11-02,202444,10.0
US-CT,09,2024-11-09,202445,4.0
US-CT,09,2024-11-16,202446,5.0
US-CT,09,2024-11-23,202447,4.0
US-CT,09,2024-11-30,202448,11.0
US-CT,09,2024-12-07,202449,13.0
US-CT,09,2024-12-14,202450,24.0
US-CT,09,2024-12-21,202451,45.0
US-CT,09,2024-12-28,202452,148.0
US-CT,09,2025-01-04,202501,306.0
US-CT,09,2025-01-11,202502,258.0
US-CT,09,2025-01-18,202503,251.0
US-CT,09,2025-01-25,202504,385.0
US-CT,09,2025-02-01,202505,493.0
US-CT,09,2025-02-08,202506,538.0
US-CT,09,2025-02-15,202507,499.0
US-CT,09,2025-02-22,202508,372.0
US-CT,09,2025-03-01,202509,278.0
US-CT,09,2025-03-08,202510,187.0
US-CT,09,2025-03-15,202511,153.0
US-CT,09,2025-03-22,202512,118.0
US-CT,09,2025-03-29,202513,77.0
US-CT,09,2025-04-05,202514,53.0
US-CT,09,2025-04-12,202515,40.0
US-CT,09,2025-04-19,202516,34.0
US-CT,09,2025-04-26,202517,53.0
US-CT,09,2025-05-03,202518,25.0
US-CT,09,2025-05-10,202519,9.0
US-CT,09,2025-05-17,202520,17.0
US-CT,09,2025-05-24,202521,14.0
US-CT,09,2025-05-31,202522,16.0
US-CT,09,2025-06-07,202523,8.0
US-CT,09,2025-06-14,202524,4.0
US-CT,09,2025-06-21,202525,4.0
US-CT,09,2025-06-28,202526,1.0
US-CT,09,2025-07-05,202527,2.0
US-CT,09,2025-07-12,202528,5.0
US-CT,09,2025-07-19,202529,4.0
US-CT,09,2025-07-26,202530,4.0
US-CT,09,2025-08-02,202531,5.0
US-CT,09,2025-08-09,202532,9.0
US-CT,09,2025-08-16,202533,7.0
US-CT,09,2025-08-23,202534,4.0
US-CT,09,2025-08-30,202535,6.0
US-CT,09,2025-09-06,202536,6.0
US-CT,09,2025-09-13,202537,10.0
US-CT,09,2025-09-20,202538,8.0
US-CT,09,2025-09-27,202539,7.0
US-CT,09,2025-10-04,202540,8.0
US-CT,09,2025-10-11,202541,2.0
US-CT,09,2025-10-18,202542,3.0
US-CT,09,2025-10-25,202543,9.0
US-CT,09,2025-11-01,202544,7.0
US-CT,09,2025-11-08,202545,16.0
US-CT,09,2025-11-15,202546,10.0
US-DE,10,2024-01-06,202401,48.0
US-DE,10,2024-01-13,202402,34.0
US-DE,10,2024-01-20,202403,32.0
US-DE,10,2024-01-27,202404,28.0
US-DE,10,2024-02-03,202405,25.0
US-DE,10,2024-02-10,202406,25.0
US-DE,10,2024-02-17,202407,36.0
US-DE,10,2024-02-24,202408,24.0
US-DE,10,2024-03-02,202409,33.0
US-DE,10,2024-03-09,202410,26.0
US-DE,10,2024-03-16,202411,18.0
US-DE,10,2024-03-23,202412,16.0
US-DE,10,2024-03-30,202413,15.0
US-DE,10,2024-04-06,202414,19.0
US-DE,10,2024-04-13,202415,7.0
US-DE,10,2024-04-20,202416,8.0
US-DE,10,2024-04-27,202417,2.0
US-DE,10,2024-05-04,202418,4.0
US-DE,10,2024-05-11,202419,1.0
US-DE,10,2024-05-18,202420,1.0
US-DE,10,2024-05-25,202421,1.0
US-DE,10,2024-06-01,202422,0.0
US-DE,10,2024-06-08,202423,1.0
US-DE,10,2024-06-15,202424,0.0
US-DE,10,2024-06-22,202425,0.0
US-DE,10,2024-06-29,202426,1.0
US-DE,10,2024-07-06,202427,0.0
US-DE,10,2024-07-13,202428,0.0
US-DE,10,2024-07-20,202429,0.0
US-DE,10,2024-07-27,202430,0.0
US-DE,10,2024-08-03,202431,0.0
US-DE,10,2024-08-10,202432,0.0
US-DE,10,2024-08-17,202433,0.0
US-DE,10,2024-08-24,202434,0.0
US-DE,10,2024-08-31,202435,0.0
US-DE,10,2024-09-07,202436,1.0
US-DE,10,2024-09-14,202437,0.0
US-DE,10,2024-09-21,202438,0.0
US-DE,10,2024-09-28,202439,0.0
US-DE,10,2024-10-05,202440,0.0
US-DE,10,2024-10-12,202441,0.0
US-DE,10,2024-10-19,202442,0.0
US-DE,10,2024-10-26,202443,0.0
US-DE,10,2024-11-02,202444,0.0
US-DE,10,2024-11-09,202445,1.0
US-DE,10,2024-11-16,202446,4.0
US-DE,10,2024-11-23,202447,7.0
US-DE,10,2024-11-30,202448,5.0
US-DE,10,2024-12-07,202449,15.0
US-DE,10,2024-12-14,202450,15.0
US-DE,10,2024-12-21,202451,43.0
US-DE,10,2024-12-28,202452,96.0
US-DE,10,2025-01-04,202501,185.0
US-DE,10,2025-01-11,202502,108.0
US-DE,10,2025-01-18,202503,94.0
US-DE,10,2025-01-25,202504,117.0
US-DE,10,2025-02-01,202505,198.0
US-DE,10,2025-02-08,202506,231.0
US-DE,10,2025-02-15,202507,230.0
US-DE,10,2025-02-22,202508,164.0
US-DE,10,2025-03-01,202509,125.0
US-DE,10,2025-03-08,202510,81.0
US-DE,10,2025-03-15,202511,64.0
US-DE,10,2025-03-22,202512,48.0
US-DE,10,2025-03-29,202513,34.0
US-DE,10,2025-04-05,202514,24.0
US-DE,10,2025-04-12,202515,14.0
US-DE,10,2025-04-19,202516,10.0
US-DE,10,2025-04-26,202517,4.0
US-DE,10,2025-05-03,202518,10.0
US-DE,10,2025-05-10,202519,5.0
US-DE,10,2025-05-17,202520,0.0
US-DE,10,2025-05-24,202521,1.0
US-DE,10,2025-05-31,202522,0.0
US-DE,10,2025-06-07,202523,0.0
US-DE,10,2025-06-14,202524,5.0
US-DE,10,2025-06-21,202525,3.0
US-DE,10,2025-06-28,202526,1.0
US-DE,10,2025-07-05,202527,3.0
US-DE,10,2025-07-12,202528,2.0
US-DE,10,2025-07-19,202529,1.0
US-DE,10,2025-07-26,202530,0.0
US-DE,10,2025-08-02,202531,0.0
US-DE,10,2025-08-09,202532,0.0
US-DE,10,2025-08-16,202533,0.0
US-DE,10,2025-08-23,202534,0.0
US-DE,10,2025-08-30,202535,2.0
US-DE,10,2025-09-06,202536,0.0
US-DE,10,2025-09-13,202537,0.0
US-DE,10,2025-09-20,202538,2.0
US-DE,10,2025-09-27,202539,0.0
US-DE,10,2025-10-04,202540,1.0
US-DE,10,2025-10-11,202541,7.0
US-DE,10,2025-10-18,202542,1.0
US-DE,10,2025-10-25,202543,0.0
US-DE,10,2025-11-01,202544,3.0
US-DE,10,2025-11-08,202545,2.0
US-DE,10,2025-11-15,202546,2.0
US-DC,11,2024-01-06,202401,55.0
US-DC,11,2024-01-13,202402,37.0
US-DC,11,2024-01-20,202403,26.0
US-DC,11,2024-01-27,202404,21.0
US-DC,11,2024-02-03,202405,20.0
US-DC,11,2024-02-10,202406,14.0
US-DC,11,2024-02-17,202407,19.0
US-DC,11,2024-02-24,202408,18.0
US-DC,11,2024-03-02,202409,15.0
US-DC,11,2024-03-09,202410,36.0
US-DC,11,2024-03-16,202411,14.0
US-DC,11,2024-03-23,202412,20.0
US-DC,11,2024-03-30,202413,18.0
US-DC,11,2024-04-06,202414,23.0
US-DC,11,2024-04-13,202415,17.0
US-DC,11,2024-04-20,202416,14.0
US-DC,11,2024-04-27,202417,8.0
US-DC,11,2024-05-04,202418,5.0
US-DC,11,2024-05-11,202419,4.0
US-DC,11,2024-05-18,202420,2.0
US-DC,11,2024-05-25,202421,2.0
US-DC,11,2024-06-01,202422,0.0
US-DC,11,2024-06-08,202423,0.0
US-DC,11,2024-06-15,202424,0.0
US-DC,11,2024-06-22,202425,0.0
US-DC,11,2024-06-29,202426,2.0
US-DC,11,2024-07-06,202427,0.0
US-DC,11,2024-07-13,202428,1.0
US-DC,11,2024-07-20,202429,2.0
US-DC,11,2024-07-27,202430,1.0
US-DC,11,2024-08-03,202431,1.0
US-DC,11,2024-08-10,202432,1.0
US-DC,11,2024-08-17,202433,0.0
US-DC,11,2024-08-24,202434,0.0
US-DC,11,2024-08-31,202435,1.0
US-DC,11,2024-09-07,202436,0.0
US-DC,11,2024-09-14,202437,1.0
US-DC,11,2024-09-21,202438,0.0
US-DC,11,2024-09-28,202439,2.0
US-DC,11,2024-10-05,202440,0.0
US-DC,11,2024-10-12,202441,0.0
US-DC,11,2024-10-19,202442,0.0
US-DC,11,2024-10-26,202443,0.0
US-DC,11,2024-11-02,202444,1.0
US-DC,11,2024-11-09,202445,2.0
US-DC,11,2024-11-16,202446,1.0
US-DC,11,2024-11-23,202447,8.0
US-DC,11,2024-11-30,202448,5.0
US-DC,11,2024-12-07,202449,2.0
US-DC,11,2024-12-14,202450,4.0
US-DC,11,2024-12-21,202451,16.0
US-DC,11,2024-12-28,202452,38.0
US-DC,11,2025-01-04,202501,96.0
US-DC,11,2025-01-11,202502,44.0
US-DC,11,2025-01-18,202503,58.0
US-DC,11,2025-01-25,202504,207.0
US-DC,11,2025-02-01,202505,197.0
US-DC,11,2025-02-08,202506,259.0
US-DC,11,2025-02-15,202507,83.0
US-DC,11,2025-02-22,202508,102.0
US-DC,11,2025-03-01,202509,120.0
US-DC,11,2025-03-08,202510,103.0
US-DC,11,2025-03-15,202511,81.0
US-DC,11,2025-03-22,202512,67.0
US-DC,11,2025-03-29,202513,69.0
US-DC,11,2025-04-05,202514,28.0
US-DC,11,2025-04-12,202515,8.0
US-DC,11,2025-04-19,202516,7.0
US-DC,11,2025-04-26,202517,7.0
US-DC,11,2025-05-03,202518,4.0
US-DC,11,2025-05-10,202519,6.0
US-DC,11,2025-05-17,202520,2.0
US-DC,11,2025-05-24,202521,2.0
US-DC,11,2025-05-31,202522,5.0
US-DC,11,2025-06-07,202523,4.0
US-DC,11,2025-06-14,202524,2.0
US-DC,11,2025-06-21,202525,1.0
US-DC,11,2025-06-28,202526,2.0
US-DC,11,2025-07-05,202527,0.0
US-DC,11,2025-07-12,202528,0.0
US-DC,11,2025-07-19,202529,2.0
US-DC,11,2025-07-26,202530,0.0
US-DC,11,2025-08-02,202531,0.0
US-DC,11,2025-08-09,202532,2.0
US-DC,11,2025-08-16,202533,1.0
US-DC,11,2025-08-23,202534,0.0
US-DC,11,2025-08-30,202535,1.0
US-DC,11,2025-09-06,202536,0.0
US-DC,11,2025-09-13,202537,0.0
US-DC,11,2025-09-20,202538,0.0
US-DC,11,2025-09-27,202539,1.0
US-DC,11,2025-10-04,202540,6.0
US-DC,11,2025-10-11,202541,3.0
US-DC,11,2025-10-18,202542,2.0
US-DC,11,2025-10-25,202543,3.0
US-DC,11,2025-11-01,202544,0.0
US-DC,11,2025-11-08,202545,0.0
US-DC,11,2025-11-15,202546,1.0
US-FL,12,2024-01-06,202401,1414.0
US-FL,12,2024-01-13,202402,1070.0
US-FL,12,2024-01-20,202403,908.0
US-FL,12,2024-01-27,202404,835.0
US-FL,12,2024-02-03,202405,711.0
US-FL,12,2024-02-10,202406,828.0
US-FL,12,2024-02-17,202407,678.0
US-FL,12,2024-02-24,202408,619.0
US-FL,12,2024-03-02,202409,538.0
US-FL,12,2024-03-09,202410,536.0
US-FL,12,2024-03-16,202411,516.0
US-FL,12,2024-03-23,202412,423.0
US-FL,12,2024-03-30,202413,404.0
US-FL,12,2024-04-06,202414,312.0
US-FL,12,2024-04-13,202415,326.0
US-FL,12,2024-04-20,202416,239.0
US-FL,12,2024-04-27,202417,262.0
US-FL,12,2024-05-04,202418,141.0
US-FL,12,2024-05-11,202419,85.0
US-FL,12,2024-05-18,202420,91.0
US-FL,12,2024-05-25,202421,97.0
US-FL,12,2024-06-01,202422,77.0
US-FL,12,2024-06-08,202423,81.0
US-FL,12,2024-06-15,202424,80.0
US-FL,12,2024-06-22,202425,64.0
US-FL,12,2024-06-29,202426,62.0
US-FL,12,2024-07-06,202427,56.0
US-FL,12,2024-07-13,202428,78.0
US-FL,12,2024-07-20,202429,59.0
US-FL,12,2024-07-27,202430,41.0
US-FL,12,2024-08-03,202431,54.0
US-FL,12,2024-08-10,202432,42.0
US-FL,12,2024-08-17,202433,45.0
US-FL,12,2024-08-24,202434,41.0
US-FL,12,2024-08-31,202435,38.0
US-FL,12,2024-09-07,202436,55.0
US-FL,12,2024-09-14,202437,79.0
US-FL,12,2024-09-21,202438,44.0
US-FL,12,2024-09-28,202439,46.0
US-FL,12,2024-10-05,202440,53.0
US-FL,12,2024-10-12,202441,17.0
US-FL,12,2024-10-19,202442,134.0
US-FL,12,2024-10-26,202443,114.0
US-FL,12,2024-11-02,202444,114.0
US-FL,12,2024-11-09,202445,365.0
US-FL,12,2024-11-16,202446,386.0
US-FL,12,2024-11-23,202447,445.0
US-FL,12,2024-11-30,202448,614.0
US-FL,12,2024-12-07,202449,717.0
US-FL,12,2024-12-14,202450,893.0
US-FL,12,2024-12-21,202451,1264.0
US-FL,12,2024-12-28,202452,2091.0
US-FL,12,2025-01-04,202501,2880.0
US-FL,12,2025-01-11,202502,2458.0
US-FL,12,2025-01-18,202503,2718.0
US-FL,12,2025-01-25,202504,3255.0
US-FL,12,2025-02-01,202505,3800.0
US-FL,12,2025-02-08,202506,3362.0
US-FL,12,2025-02-15,202507,2619.0
US-FL,12,2025-02-22,202508,2082.0
US-FL,12,2025-03-01,202509,1637.0
US-FL,12,2025-03-08,202510,1324.0
US-FL,12,2025-03-15,202511,1111.0
US-FL,12,2025-03-22,202512,925.0
US-FL,12,2025-03-29,202513,727.0
US-FL,12,2025-04-05,202514,591.0
US-FL,12,2025-04-12,202515,409.0
US-FL,12,2025-04-19,202516,343.0
US-FL,12,2025-04-26,202517,268.0
US-FL,12,2025-05-03,202518,241.0
US-FL,12,2025-05-10,202519,239.0
US-FL,12,2025-05-17,202520,219.0
US-FL,12,2025-05-24,202521,215.0
US-FL,12,2025-05-31,202522,232.0
US-FL,12,2025-06-07,202523,212.0
US-FL,12,2025-06-14,202524,227.0
US-FL,12,2025-06-21,202525,217.0
US-FL,12,2025-06-28,202526,193.0
US-FL,12,2025-07-05,202527,181.0
US-FL,12,2025-07-12,202528,177.0
US-FL,12,2025-07-19,202529,167.0
US-FL,12,2025-07-26,202530,167.0
US-FL,12,2025-08-02,202531,149.0
US-FL,12,2025-08-09,202532,125.0
US-FL,12,2025-08-16,202533,137.0
US-FL,12,2025-08-23,202534,120.0
US-FL,12,2025-08-30,202535,183.0
US-FL,12,2025-09-06,202536,181.0
US-FL,12,2025-09-13,202537,144.0
US-FL,12,2025-09-20,202538,141.0
US-FL,12,2025-09-27,202539,176.0
US-FL,12,2025-10-04,202540,134.0
US-FL,12,2025-10-11,202541,163.0
US-FL,12,2025-10-18,202542,185.0
US-FL,12,2025-10-25,202543,202.0
US-FL,12,2025-11-01,202544,219.0
US-FL,12,2025-11-08,202545,264.0
US-FL,12,2025-11-15,202546,348.0
US-GA,13,2024-01-06,202401,758.0
US-GA,13,2024-01-13,202402,627.0
US-GA,13,2024-01-20,202403,486.0
US-GA,13,2024-01-27,202404,455.0
US-GA,13,2024-02-03,202405,354.0
US-GA,13,2024-02-10,202406,308.0
US-GA,13,2024-02-17,202407,259.0
US-GA,13,2024-02-24,202408,192.0
US-GA,13,2024-03-02,202409,203.0
US-GA,13,2024-03-09,202410,156.0
US-GA,13,2024-03-16,202411,102.0
US-GA,13,2024-03-23,202412,81.0
US-GA,13,2024-03-30,202413,64.0
US-GA,13,2024-04-06,202414,60.0
US-GA,13,2024-04-13,202415,57.0
US-GA,13,2024-04-20,202416,40.0
US-GA,13,2024-04-27,202417,35.0
US-GA,13,2024-05-04,202418,16.0
US-GA,13,2024-05-11,202419,7.0
US-GA,13,2024-05-18,202420,6.0
US-GA,13,2024-05-25,202421,3.0
US-GA,13,2024-06-01,202422,5.0
US-GA,13,2024-06-08,202423,2.0
US-GA,13,2024-06-15,202424,1.0
US-GA,13,2024-06-22,202425,2.0
US-GA,13,2024-06-29,202426,4.0
US-GA,13,2024-07-06,202427,4.0
US-GA,13,2024-07-13,202428,0.0
US-GA,13,2024-07-20,202429,0.0
US-GA,13,2024-07-27,202430,1.0
US-GA,13,2024-08-03,202431,3.0
US-GA,13,2024-08-10,202432,2.0
US-GA,13,2024-08-17,202433,2.0
US-GA,13,2024-08-24,202434,2.0
US-GA,13,2024-08-31,202435,3.0
US-GA,13,2024-09-07,202436,0.0
US-GA,13,2024-09-14,202437,3.0
US-GA,13,2024-09-21,202438,5.0
US-GA,13,2024-09-28,202439,2.0
US-GA,13,2024-10-05,202440,1.0
US-GA,13,2024-10-12,202441,0.0
US-GA,13,2024-10-19,202442,5.0
US-GA,13,2024-10-26,202443,8.0
US-GA,13,2024-11-02,202444,14.0
US-GA,13,2024-11-09,202445,42.0
US-GA,13,2024-11-16,202446,44.0
US-GA,13,2024-11-23,202447,48.0
US-GA,13,2024-11-30,202448,56.0
US-GA,13,2024-12-07,202449,88.0
US-GA,13,2024-12-14,202450,215.0
US-GA,13,2024-12-21,202451,397.0
US-GA,13,2024-12-28,202452,800.0
US-GA,13,2025-01-04,202501,1144.0
US-GA,13,2025-01-11,202502,823.0
US-GA,13,2025-01-18,202503,992.0
US-GA,13,2025-01-25,202504,1195.0
US-GA,13,2025-02-01,202505,1373.0
US-GA,13,2025-02-08,202506,1301.0
US-GA,13,2025-02-15,202507,734.0
US-GA,13,2025-02-22,202508,461.0
US-GA,13,2025-03-01,202509,437.0
US-GA,13,2025-03-08,202510,396.0
US-GA,13,2025-03-15,202511,365.0
US-GA,13,2025-03-22,202512,235.0
US-GA,13,2025-03-29,202513,190.0
US-GA,13,2025-04-05,202514,162.0
US-GA,13,2025-04-12,202515,84.0
US-GA,13,2025-04-19,202516,64.0
US-GA,13,2025-04-26,202517,44.0
US-GA,13,2025-05-03,202518,44.0
US-GA,13,2025-05-10,202519,44.0
US-GA,13,2025-05-17,202520,34.0
US-GA,13,2025-05-24,202521,21.0
US-GA,13,2025-05-31,202522,26.0
US-GA,13,2025-06-07,202523,28.0
US-GA,13,2025-06-14,202524,31.0
US-GA,13,2025-06-21,202525,18.0
US-GA,13,2025-06-28,202526,24.0
US-GA,13,2025-07-05,202527,9.0
US-GA,13,2025-07-12,202528,17.0
US-GA,13,2025-07-19,202529,21.0
US-GA,13,2025-07-26,202530,14.0
US-GA,13,2025-08-02,202531,22.0
US-GA,13,2025-08-09,202532,10.0
US-GA,13,2025-08-16,202533,19.0
US-GA,13,2025-08-23,202534,17.0
US-GA,13,2025-08-30,202535,18.0
US-GA,13,2025-09-06,202536,12.0
US-GA,13,2025-09-13,202537,16.0
US-GA,13,2025-09-20,202538,18.0
US-GA,13,2025-09-27,202539,21.0
US-GA,13,2025-10-04,202540,27.0
US-GA,13,2025-10-11,202541,14.0
US-GA,13,2025-10-18,202542,25.0
US-GA,13,2025-10-25,202543,29.0
US-GA,13,2025-11-01,202544,28.0
US-GA,13,2025-11-08,202545,46.0
US-GA,13,2025-11-15,202546,59.0
US-HI,15,2024-01-06,202401,40.0
US-HI,15,2024-01-13,202402,25.0
US-HI,15,2024-01-20,202403,23.0
US-HI,15,2024-01-27,202404,30.0
US-HI,15,2024-02-03,202405,5.0
US-HI,15,2024-02-10,202406,17.0
US-HI,15,2024-02-17,202407,10.0
US-HI,15,2024-02-24,202408,14.0
US-HI,15,2024-03-02,202409,16.0
US-HI,15,2024-03-09,202410,9.0
US-HI,15,2024-03-16,202411,18.0
US-HI,15,2024-03-23,202412,6.0
US-HI,15,2024-03-30,202413,7.0
US-HI,15,2024-04-06,202414,9.0
US-HI,15,2024-04-13,202415,12.0
US-HI,15,2024-04-20,202416,5.0
US-HI,15,2024-04-27,202417,14.0
US-HI,15,2024-05-04,202418,6.0
US-HI,15,2024-05-11,202419,3.0
US-HI,15,2024-05-18,202420,2.0
US-HI,15,2024-05-25,202421,2.0
US-HI,15,2024-06-01,202422,6.0
US-HI,15,2024-06-08,202423,1.0
US-HI,15,2024-06-15,202424,3.0
US-HI,15,2024-06-22,202425,4.0
US-HI,15,2024-06-29,202426,2.0
US-HI,15,2024-07-06,202427,3.0
US-HI,15,2024-07-13,202428,4.0
US-HI,15,2024-07-20,202429,6.0
US-HI,15,2024-07-27,202430,1.0
US-HI,15,2024-08-03,202431,3.0
US-HI,15,2024-08-10,202432,3.0
US-HI,15,2024-08-17,202433,1.0
US-HI,15,2024-08-24,202434,1.0
US-HI,15,2024-08-31,202435,2.0
US-HI,15,2024-09-07,202436,2.0
US-HI,15,2024-09-14,202437,1.0
US-HI,15,2024-09-21,202438,1.0
US-HI,15,2024-09-28,202439,1.0
US-HI,15,2024-10-05,202440,0.0
US-HI,15,2024-10-12,202441,1.0
US-HI,15,2024-10-19,202442,1.0
US-HI,15,2024-10-26,202443,2.0
US-HI,15,2024-11-02,202444,3.0
US-HI,15,2024-11-09,202445,7.0
US-HI,15,2024-11-16,202446,15.0
US-HI,15,2024-11-23,202447,8.0
US-HI,15,2024-11-30,202448,14.0
US-HI,15,2024-12-07,202449,20.0
US-HI,15,2024-12-14,202450,34.0
US-HI,15,2024-12-21,202451,42.0
US-HI,15,2024-12-28,202452,57.0
US-HI,15,2025-01-04,202501,125.0
US-HI,15,2025-01-11,202502,113.0
US-HI,15,2025-01-18,202503,91.0
US-HI,15,2025-01-25,202504,88.0
US-HI,15,2025-02-01,202505,70.0
US-HI,15,2025-02-08,202506,83.0
US-HI,15,2025-02-15,202507,79.0
US-HI,15,2025-02-22,202508,86.0
US-HI,15,2025-03-01,202509,67.0
US-HI,15,2025-03-08,202510,63.0
US-HI,15,2025-03-15,202511,56.0
US-HI,15,2025-03-22,202512,42.0
US-HI,15,2025-03-29,202513,31.0
US-HI,15,2025-04-05,202514,39.0
US-HI,15,2025-04-12,202515,24.0
US-HI,15,2025-04-19,202516,24.0
US-HI,15,2025-04-26,202517,24.0
US-HI,15,2025-05-03,202518,34.0
US-HI,15,2025-05-10,202519,30.0
US-HI,15,2025-05-17,202520,25.0
US-HI,15,2025-05-24,202521,18.0
US-HI,15,2025-05-31,202522,19.0
US-HI,15,2025-06-07,202523,10.0
US-HI,15,2025-06-14,202524,14.0
US-HI,15,2025-06-21,202525,5.0
US-HI,15,2025-06-28,202526,8.0
US-HI,15,2025-07-05,202527,9.0
US-HI,15,2025-07-12,202528,4.0
US-HI,15,2025-07-19,202529,3.0
US-HI,15,2025-07-26,202530,6.0
US-HI,15,2025-08-02,202531,4.0
US-HI,15,2025-08-09,202532,6.0
US-HI,15,2025-08-16,202533,4.0
US-HI,15,2025-08-23,202534,0.0
US-HI,15,2025-08-30,202535,4.0
US-HI,15,2025-09-06,202536,4.0
US-HI,15,2025-09-13,202537,6.0
US-HI,15,2025-09-20,202538,1.0
US-HI,15,2025-09-27,202539,3.0
US-HI,15,2025-10-04,202540,1.0
US-HI,15,2025-10-11,202541,4.0
US-HI,15,2025-10-18,202542,5.0
US-HI,15,2025-10-25,202543,10.0
US-HI,15,2025-11-01,202544,7.0
US-HI,15,2025-11-08,202545,5.0
US-HI,15,2025-11-15,202546,16.0
US-ID,16,2024-01-06,202401,157.0
US-ID,16,2024-01-13,202402,102.0
US-ID,16,2024-01-20,202403,88.0
US-ID,16,2024-01-27,202404,69.0
US-ID,16,2024-02-03,202405,71.0
US-ID,16,2024-02-10,202406,61.0
US-ID,16,2024-02-17,202407,59.0
US-ID,16,2024-02-24,202408,90.0
US-ID,16,2024-03-02,202409,61.0
US-ID,16,2024-03-09,202410,70.0
US-ID,16,2024-03-16,202411,68.0
US-ID,16,2024-03-23,202412,55.0
US-ID,16,2024-03-30,202413,45.0
US-ID,16,2024-04-06,202414,31.0
US-ID,16,2024-04-13,202415,12.0
US-ID,16,2024-04-20,202416,15.0
US-ID,16,2024-04-27,202417,16.0
US-ID,16,2024-05-04,202418,2.0
US-ID,16,2024-05-11,202419,0.0
US-ID,16,2024-05-18,202420,0.0
US-ID,16,2024-05-25,202421,0.0
US-ID,16,2024-06-01,202422,0.0
US-ID,16,2024-06-08,202423,0.0
US-ID,16,2024-06-15,202424,0.0
US-ID,16,2024-06-22,202425,0.0
US-ID,16,2024-06-29,202426,0.0
US-ID,16,2024-07-06,202427,0.0
US-ID,16,2024-07-13,202428,0.0
US-ID,16,2024-07-20,202429,0.0
US-ID,16,2024-07-27,202430,0.0
US-ID,16,2024-08-03,202431,0.0
US-ID,16,2024-08-10,202432,0.0
US-ID,16,2024-08-17,202433,0.0
US-ID,16,2024-08-24,202434,0.0
US-ID,16,2024-08-31,202435,0.0
US-ID,16,2024-09-07,202436,0.0
US-ID,16,2024-09-14,202437,0.0
US-ID,16,2024-09-21,202438,1.0
US-ID,16,2024-09-28,202439,0.0
US-ID,16,2024-10-05,202440,0.0
US-ID,16,2024-10-12,202441,3.0
US-ID,16,2024-10-19,202442,6.0
US-ID,16,2024-10-26,202443,1.0
US-ID,16,2024-11-02,202444,6.0
US-ID,16,2024-11-09,202445,8.0
US-ID,16,2024-11-16,202446,12.0
US-ID,16,2024-11-23,202447,32.0
US-ID,16,2024-11-30,202448,63.0
US-ID,16,2024-12-07,202449,78.0
US-ID,16,2024-12-14,202450,110.0
US-ID,16,2024-12-21,202451,188.0
US-ID,16,2024-12-28,202452,333.0
US-ID,16,2025-01-04,202501,252.0
US-ID,16,2025-01-11,202502,136.0
US-ID,16,2025-01-18,202503,125.0
US-ID,16,2025-01-25,202504,105.0
US-ID,16,2025-02-01,202505,162.0
US-ID,16,2025-02-08,202506,175.0
US-ID,16,2025-02-15,202507,152.0
US-ID,16,2025-02-22,202508,152.0
US-ID,16,2025-03-01,202509,124.0
US-ID,16,2025-03-08,202510,95.0
US-ID,16,2025-03-15,202511,99.0
US-ID,16,2025-03-22,202512,83.0
US-ID,16,2025-03-29,202513,50.0
US-ID,16,2025-04-05,202514,27.0
US-ID,16,2025-04-12,202515,27.0
US-ID,16,2025-04-19,202516,13.0
US-ID,16,2025-04-26,202517,21.0
US-ID,16,2025-05-03,202518,16.0
US-ID,16,2025-05-10,202519,11.0
US-ID,16,2025-05-17,202520,11.0
US-ID,16,2025-05-24,202521,11.0
US-ID,16,2025-05-31,202522,5.0
US-ID,16,2025-06-07,202523,7.0
US-ID,16,2025-06-14,202524,9.0
US-ID,16,2025-06-21,202525,7.0
US-ID,16,2025-06-28,202526,1.0
US-ID,16,2025-07-05,202527,5.0
US-ID,16,2025-07-12,202528,4.0
US-ID,16,2025-07-19,202529,2.0
US-ID,16,2025-07-26,202530,2.0
US-ID,16,2025-08-02,202531,2.0
US-ID,16,2025-08-09,202532,2.0
US-ID,16,2025-08-16,202533,1.0
US-ID,16,2025-08-23,202534,1.0
US-ID,16,2025-08-30,202535,3.0
US-ID,16,2025-09-06,202536,0.0
US-ID,16,2025-09-13,202537,3.0
US-ID,16,2025-09-20,202538,1.0
US-ID,16,2025-09-27,202539,0.0
US-ID,16,2025-10-04,202540,2.0
US-ID,16,2025-10-11,202541,1.0
US-ID,16,2025-10-18,202542,4.0
US-ID,16,2025-10-25,202543,4.0
US-ID,16,2025-11-01,202544,8.0
US-ID,16,2025-11-08,202545,18.0
US-ID,16,2025-11-15,202546,9.0
US-IL,17,2024-01-06,202401,511.0
US-IL,17,2024-01-13,202402,380.0
US-IL,17,2024-01-20,202403,335.0
US-IL,17,2024-01-27,202404,275.0
US-IL,17,2024-02-03,202405,272.0
US-IL,17,2024-02-10,202406,250.0
US-IL,17,2024-02-17,202407,262.0
US-IL,17,2024-02-24,202408,318.0
US-IL,17,2024-03-02,202409,331.0
US-IL,17,2024-03-09,202410,267.0
US-IL,17,2024-03-16,202411,250.0
US-IL,17,2024-03-23,202412,212.0
US-IL,17,2024-03-30,202413,201.0
US-IL,17,2024-04-06,202414,182.0
US-IL,17,2024-04-13,202415,186.0
US-IL,17,2024-04-20,202416,122.0
US-IL,17,2024-04-27,202417,88.0
US-IL,17,2024-05-04,202418,43.0
US-IL,17,2024-05-11,202419,13.0
US-IL,17,2024-05-18,202420,10.0
US-IL,17,2024-05-25,202421,9.0
US-IL,17,2024-06-01,202422,9.0
US-IL,17,2024-06-08,202423,8.0
US-IL,17,2024-06-15,202424,9.0
US-IL,17,2024-06-22,202425,6.0
US-IL,17,2024-06-29,202426,6.0
US-IL,17,2024-07-06,202427,8.0
US-IL,17,2024-07-13,202428,5.0
US-IL,17,2024-07-20,202429,4.0
US-IL,17,2024-07-27,202430,3.0
US-IL,17,2024-08-03,202431,4.0
US-IL,17,2024-08-10,202432,6.0
US-IL,17,2024-08-17,202433,1.0
US-IL,17,2024-08-24,202434,3.0
US-IL,17,2024-08-31,202435,3.0
US-IL,17,2024-09-07,202436,1.0
US-IL,17,2024-09-14,202437,6.0
US-IL,17,2024-09-21,202438,7.0
US-IL,17,2024-09-28,202439,4.0
US-IL,17,2024-10-05,202440,2.0
US-IL,17,2024-10-12,202441,1.0
US-IL,17,2024-10-19,202442,5.0
US-IL,17,2024-10-26,202443,12.0
US-IL,17,2024-11-02,202444,27.0
US-IL,17,2024-11-09,202445,36.0
US-IL,17,2024-11-16,202446,34.0
US-IL,17,2024-11-23,202447,86.0
US-IL,17,2024-11-30,202448,83.0
US-IL,17,2024-12-07,202449,107.0
US-IL,17,2024-12-14,202450,242.0
US-IL,17,2024-12-21,202451,489.0
US-IL,17,2024-12-28,202452,1143.0
US-IL,17,2025-01-04,202501,1595.0
US-IL,17,2025-01-11,202502,1410.0
US-IL,17,2025-01-18,202503,1383.0
US-IL,17,2025-01-25,202504,1728.0
US-IL,17,2025-02-01,202505,2146.0
US-IL,17,2025-02-08,202506,2369.0
US-IL,17,2025-02-15,202507,2064.0
US-IL,17,2025-02-22,202508,1706.0
US-IL,17,2025-03-01,202509,1311.0
US-IL,17,2025-03-08,202510,960.0
US-IL,17,2025-03-15,202511,718.0
US-IL,17,2025-03-22,202512,509.0
US-IL,17,2025-03-29,202513,355.0
US-IL,17,2025-04-05,202514,297.0
US-IL,17,2025-04-12,202515,156.0
US-IL,17,2025-04-19,202516,156.0
US-IL,17,2025-04-26,202517,124.0
US-IL,17,2025-05-03,202518,81.0
US-IL,17,2025-05-10,202519,58.0
US-IL,17,2025-05-17,202520,52.0
US-IL,17,2025-05-24,202521,74.0
US-IL,17,2025-05-31,202522,56.0
US-IL,17,2025-06-07,202523,28.0
US-IL,17,2025-06-14,202524,24.0
US-IL,17,2025-06-21,202525,23.0
US-IL,17,2025-06-28,202526,33.0
US-IL,17,2025-07-05,202527,42.0
US-IL,17,2025-07-12,202528,30.0
US-IL,17,2025-07-19,202529,11.0
US-IL,17,2025-07-26,202530,7.0
US-IL,17,2025-08-02,202531,14.0
US-IL,17,2025-08-09,202532,11.0
US-IL,17,2025-08-16,202533,16.0
US-IL,17,2025-08-23,202534,11.0
US-IL,17,2025-08-30,202535,7.0
US-IL,17,2025-09-06,202536,5.0
US-IL,17,2025-09-13,202537,12.0
US-IL,17,2025-09-20,202538,9.0
US-IL,17,2025-09-27,202539,7.0
US-IL,17,2025-10-04,202540,14.0
US-IL,17,2025-10-11,202541,14.0
US-IL,17,2025-10-18,202542,27.0
US-IL,17,2025-10-25,202543,21.0
US-IL,17,2025-11-01,202544,37.0
US-IL,17,2025-11-08,202545,28.0
US-IL,17,2025-11-15,202546,44.0
US-IN,18,2024-01-06,202401,521.0
US-IN,18,2024-01-13,202402,443.0
US-IN,18,2024-01-20,202403,402.0
US-IN,18,2024-01-27,202404,428.0
US-IN,18,2024-02-03,202405,453.0
US-IN,18,2024-02-10,202406,487.0
US-IN,18,2024-02-17,202407,439.0
US-IN,18,2024-02-24,202408,419.0
US-IN,18,2024-03-02,202409,390.0
US-IN,18,2024-03-09,202410,414.0
US-IN,18,2024-03-16,202411,275.0
US-IN,18,2024-03-23,202412,174.0
US-IN,18,2024-03-30,202413,175.0
US-IN,18,2024-04-06,202414,166.0
US-IN,18,2024-04-13,202415,112.0
US-IN,18,2024-04-20,202416,61.0
US-IN,18,2024-04-27,202417,46.0
US-IN,18,2024-05-04,202418,36.0
US-IN,18,2024-05-11,202419,12.0
US-IN,18,2024-05-18,202420,11.0
US-IN,18,2024-05-25,202421,4.0
US-IN,18,2024-06-01,202422,5.0
US-IN,18,2024-06-08,202423,5.0
US-IN,18,2024-06-15,202424,2.0
US-IN,18,2024-06-22,202425,5.0
US-IN,18,2024-06-29,202426,3.0
US-IN,18,2024-07-06,202427,3.0
US-IN,18,2024-07-13,202428,3.0
US-IN,18,2024-07-20,202429,0.0
US-IN,18,2024-07-27,202430,1.0
US-IN,18,2024-08-03,202431,1.0
US-IN,18,2024-08-10,202432,0.0
US-IN,18,2024-08-17,202433,3.0
US-IN,18,2024-08-24,202434,2.0
US-IN,18,2024-08-31,202435,1.0
US-IN,18,2024-09-07,202436,0.0
US-IN,18,2024-09-14,202437,4.0
US-IN,18,2024-09-21,202438,6.0
US-IN,18,2024-09-28,202439,3.0
US-IN,18,2024-10-05,202440,4.0
US-IN,18,2024-10-12,202441,3.0
US-IN,18,2024-10-19,202442,3.0
US-IN,18,2024-10-26,202443,3.0
US-IN,18,2024-11-02,202444,14.0
US-IN,18,2024-11-09,202445,28.0
US-IN,18,2024-11-16,202446,26.0
US-IN,18,2024-11-23,202447,32.0
US-IN,18,2024-11-30,202448,41.0
US-IN,18,2024-12-07,202449,65.0
US-IN,18,2024-12-14,202450,142.0
US-IN,18,2024-12-21,202451,288.0
US-IN,18,2024-12-28,202452,590.0
US-IN,18,2025-01-04,202501,829.0
US-IN,18,2025-01-11,202502,523.0
US-IN,18,2025-01-18,202503,542.0
US-IN,18,2025-01-25,202504,788.0
US-IN,18,2025-02-01,202505,1295.0
US-IN,18,2025-02-08,202506,1711.0
US-IN,18,2025-02-15,202507,1717.0
US-IN,18,2025-02-22,202508,1649.0
US-IN,18,2025-03-01,202509,1210.0
US-IN,18,2025-03-08,202510,900.0
US-IN,18,2025-03-15,202511,599.0
US-IN,18,2025-03-22,202512,392.0
US-IN,18,2025-03-29,202513,237.0
US-IN,18,2025-04-05,202514,126.0
US-IN,18,2025-04-12,202515,87.0
US-IN,18,2025-04-19,202516,52.0
US-IN,18,2025-04-26,202517,43.0
US-IN,18,2025-05-03,202518,34.0
US-IN,18,2025-05-10,202519,27.0
US-IN,18,2025-05-17,202520,25.0
US-IN,18,2025-05-24,202521,18.0
US-IN,18,2025-05-31,202522,20.0
US-IN,18,2025-06-07,202523,15.0
US-IN,18,2025-06-14,202524,5.0
US-IN,18,2025-06-21,202525,11.0
US-IN,18,2025-06-28,202526,15.0
US-IN,18,2025-07-05,202527,10.0
US-IN,18,2025-07-12,202528,4.0
US-IN,18,2025-07-19,202529,7.0
US-IN,18,2025-07-26,202530,6.0
US-IN,18,2025-08-02,202531,7.0
US-IN,18,2025-08-09,202532,12.0
US-IN,18,2025-08-16,202533,8.0
US-IN,18,2025-08-23,202534,9.0
US-IN,18,2025-08-30,202535,10.0
US-IN,18,2025-09-06,202536,13.0
US-IN,18,2025-09-13,202537,11.0
US-IN,18,2025-09-20,202538,13.0
US-IN,18,2025-09-27,202539,7.0
US-IN,18,2025-10-04,202540,18.0
US-IN,18,2025-10-11,202541,12.0
US-IN,18,2025-10-18,202542,17.0
US-IN,18,2025-10-25,202543,17.0
US-IN,18,2025-11-01,202544,19.0
US-IN,18,2025-11-08,202545,22.0
US-IN,18,2025-11-15,202546,39.0
US-IA,19,2024-01-06,202401,94.0
US-IA,19,2024-01-13,202402,84.0
US-IA,19,2024-01-20,202403,95.0
US-IA,19,2024-01-27,202404,76.0
US-IA,19,2024-02-03,202405,107.0
US-IA,19,2024-02-10,202406,112.0
US-IA,19,2024-02-17,202407,124.0
US-IA,19,2024-02-24,202408,157.0
US-IA,19,2024-03-02,202409,180.0
US-IA,19,2024-03-09,202410,178.0
US-IA,19,2024-03-16,202411,115.0
US-IA,19,2024-03-23,202412,94.0
US-IA,19,2024-03-30,202413,90.0
US-IA,19,2024-04-06,202414,82.0
US-IA,19,2024-04-13,202415,63.0
US-IA,19,2024-04-20,202416,53.0
US-IA,19,2024-04-27,202417,22.0
US-IA,19,2024-05-04,202418,9.0
US-IA,19,2024-05-11,202419,3.0
US-IA,19,2024-05-18,202420,3.0
US-IA,19,2024-05-25,202421,2.0
US-IA,19,2024-06-01,202422,1.0
US-IA,19,2024-06-08,202423,0.0
US-IA,19,2024-06-15,202424,1.0
US-IA,19,2024-06-22,202425,0.0
US-IA,19,2024-06-29,202426,1.0
US-IA,19,2024-07-06,202427,0.0
US-IA,19,2024-07-13,202428,1.0
US-IA,19,2024-07-20,202429,0.0
US-IA,19,2024-07-27,202430,1.0
US-IA,19,2024-08-03,202431,0.0
US-IA,19,2024-08-10,202432,0.0
US-IA,19,2024-08-17,202433,1.0
US-IA,19,2024-08-24,202434,2.0
US-IA,19,2024-08-31,202435,2.0
US-IA,19,2024-09-07,202436,1.0
US-IA,19,2024-09-14,202437,2.0
US-IA,19,2024-09-21,202438,0.0
US-IA,19,2024-09-28,202439,1.0
US-IA,19,2024-10-05,202440,1.0
US-IA,19,2024-10-12,202441,0.0
US-IA,19,2024-10-19,202442,1.0
US-IA,19,2024-10-26,202443,4.0
US-IA,19,2024-11-02,202444,5.0
US-IA,19,2024-11-09,202445,4.0
US-IA,19,2024-11-16,202446,5.0
US-IA,19,2024-11-23,202447,5.0
US-IA,19,2024-11-30,202448,4.0
US-IA,19,2024-12-07,202449,13.0
US-IA,19,2024-12-14,202450,23.0
US-IA,19,2024-12-21,202451,42.0
US-IA,19,2024-12-28,202452,118.0
US-IA,19,2025-01-04,202501,190.0
US-IA,19,2025-01-11,202502,266.0
US-IA,19,2025-01-18,202503,246.0
US-IA,19,2025-01-25,202504,304.0
US-IA,19,2025-02-01,202505,457.0
US-IA,19,2025-02-08,202506,607.0
US-IA,19,2025-02-15,202507,516.0
US-IA,19,2025-02-22,202508,404.0
US-IA,19,2025-03-01,202509,355.0
US-IA,19,2025-03-08,202510,271.0
US-IA,19,2025-03-15,202511,187.0
US-IA,19,2025-03-22,202512,99.0
US-IA,19,2025-03-29,202513,55.0
US-IA,19,2025-04-05,202514,43.0
US-IA,19,2025-04-12,202515,24.0
US-IA,19,2025-04-19,202516,11.0
US-IA,19,2025-04-26,202517,14.0
US-IA,19,2025-05-03,202518,4.0
US-IA,19,2025-05-10,202519,4.0
US-IA,19,2025-05-17,202520,1.0
US-IA,19,2025-05-24,202521,5.0
US-IA,19,2025-05-31,202522,4.0
US-IA,19,2025-06-07,202523,6.0
US-IA,19,2025-06-14,202524,1.0
US-IA,19,2025-06-21,202525,3.0
US-IA,19,2025-06-28,202526,2.0
US-IA,19,2025-07-05,202527,2.0
US-IA,19,2025-07-12,202528,0.0
US-IA,19,2025-07-19,202529,3.0
US-IA,19,2025-07-26,202530,0.0
US-IA,19,2025-08-02,202531,2.0
US-IA,19,2025-08-09,202532,1.0
US-IA,19,2025-08-16,202533,2.0
US-IA,19,2025-08-23,202534,3.0
US-IA,19,2025-08-30,202535,1.0
US-IA,19,2025-09-06,202536,2.0
US-IA,19,2025-09-13,202537,0.0
US-IA,19,2025-09-20,202538,3.0
US-IA,19,2025-09-27,202539,6.0
US-IA,19,2025-10-04,202540,1.0
US-IA,19,2025-10-11,202541,4.0
US-IA,19,2025-10-18,202542,1.0
US-IA,19,2025-10-25,202543,1.0
US-IA,19,2025-11-01,202544,2.0
US-IA,19,2025-11-08,202545,6.0
US-IA,19,2025-11-15,202546,8.0
US-KS,20,2024-01-06,202401,93.0
US-KS,20,2024-01-13,202402,101.0
US-KS,20,2024-01-20,202403,66.0
US-KS,20,2024-01-27,202404,68.0
US-KS,20,2024-02-03,202405,113.0
US-KS,20,2024-02-10,202406,139.0
US-KS,20,2024-02-17,202407,111.0
US-KS,20,2024-02-24,202408,82.0
US-KS,20,2024-03-02,202409,87.0
US-KS,20,2024-03-09,202410,84.0
US-KS,20,2024-03-16,202411,95.0
US-KS,20,2024-03-23,202412,66.0
US-KS,20,2024-03-30,202413,66.0
US-KS,20,2024-04-06,202414,42.0
US-KS,20,2024-04-13,202415,27.0
US-KS,20,2024-04-20,202416,40.0
US-KS,20,2024-04-27,202417,27.0
US-KS,20,2024-05-04,202418,9.0
US-KS,20,2024-05-11,202419,5.0
US-KS,20,2024-05-18,202420,2.0
US-KS,20,2024-05-25,202421,5.0
US-KS,20,2024-06-01,202422,2.0
US-KS,20,2024-06-08,202423,5.0
US-KS,20,2024-06-15,202424,1.0
US-KS,20,2024-06-22,202425,1.0
US-KS,20,2024-06-29,202426,1.0
US-KS,20,2024-07-06,202427,0.0
US-KS,20,2024-07-13,202428,4.0
US-KS,20,2024-07-20,202429,0.0
US-KS,20,2024-07-27,202430,1.0
US-KS,20,2024-08-03,202431,1.0
US-KS,20,2024-08-10,202432,0.0
US-KS,20,2024-08-17,202433,1.0
US-KS,20,2024-08-24,202434,0.0
US-KS,20,2024-08-31,202435,0.0
US-KS,20,2024-09-07,202436,2.0
US-KS,20,2024-09-14,202437,0.0
US-KS,20,2024-09-21,202438,2.0
US-KS,20,2024-09-28,202439,1.0
US-KS,20,2024-10-05,202440,0.0
US-KS,20,2024-10-12,202441,0.0
US-KS,20,2024-10-19,202442,1.0
US-KS,20,2024-10-26,202443,3.0
US-KS,20,2024-11-02,202444,10.0
US-KS,20,2024-11-09,202445,7.0
US-KS,20,2024-11-16,202446,11.0
US-KS,20,2024-11-23,202447,17.0
US-KS,20,2024-11-30,202448,20.0
US-KS,20,2024-12-07,202449,36.0
US-KS,20,2024-12-14,202450,90.0
US-KS,20,2024-12-21,202451,120.0
US-KS,20,2024-12-28,202452,225.0
US-KS,20,2025-01-04,202501,353.0
US-KS,20,2025-01-11,202502,236.0
US-KS,20,2025-01-18,202503,200.0
US-KS,20,2025-01-25,202504,216.0
US-KS,20,2025-02-01,202505,390.0
US-KS,20,2025-02-08,202506,483.0
US-KS,20,2025-02-15,202507,519.0
US-KS,20,2025-02-22,202508,413.0
US-KS,20,2025-03-01,202509,308.0
US-KS,20,2025-03-08,202510,251.0
US-KS,20,2025-03-15,202511,164.0
US-KS,20,2025-03-22,202512,120.0
US-KS,20,2025-03-29,202513,68.0
US-KS,20,2025-04-05,202514,40.0
US-KS,20,2025-04-12,202515,29.0
US-KS,20,2025-04-19,202516,29.0
US-KS,20,2025-04-26,202517,9.0
US-KS,20,2025-05-03,202518,6.0
US-KS,20,2025-05-10,202519,4.0
US-KS,20,2025-05-17,202520,8.0
US-KS,20,2025-05-24,202521,11.0
US-KS,20,2025-05-31,202522,9.0
US-KS,20,2025-06-07,202523,2.0
US-KS,20,2025-06-14,202524,1.0
US-KS,20,2025-06-21,202525,5.0
US-KS,20,2025-06-28,202526,6.0
US-KS,20,2025-07-05,202527,3.0
US-KS,20,2025-07-12,202528,2.0
US-KS,20,2025-07-19,202529,3.0
US-KS,20,2025-07-26,202530,3.0
US-KS,20,2025-08-02,202531,3.0
US-KS,20,2025-08-09,202532,1.0
US-KS,20,2025-08-16,202533,0.0
US-KS,20,2025-08-23,202534,1.0
US-KS,20,2025-08-30,202535,1.0
US-KS,20,2025-09-06,202536,3.0
US-KS,20,2025-09-13,202537,5.0
US-KS,20,2025-09-20,202538,6.0
US-KS,20,2025-09-27,202539,7.0
US-KS,20,2025-10-04,202540,10.0
US-KS,20,2025-10-11,202541,13.0
US-KS,20,2025-10-18,202542,9.0
US-KS,20,2025-10-25,202543,7.0
US-KS,20,2025-11-01,202544,10.0
US-KS,20,2025-11-08,202545,6.0
US-KS,20,2025-11-15,202546,8.0
US-KY,21,2024-01-06,202401,296.0
US-KY,21,2024-01-13,202402,240.0
US-KY,21,2024-01-20,202403,197.0
US-KY,21,2024-01-27,202404,251.0
US-KY,21,2024-02-03,202405,225.0
US-KY,21,2024-02-10,202406,284.0
US-KY,21,2024-02-17,202407,282.0
US-KY,21,2024-02-24,202408,279.0
US-KY,21,2024-03-02,202409,280.0
US-KY,21,2024-03-09,202410,190.0
US-KY,21,2024-03-16,202411,142.0
US-KY,21,2024-03-23,202412,129.0
US-KY,21,2024-03-30,202413,120.0
US-KY,21,2024-04-06,202414,102.0
US-KY,21,2024-04-13,202415,67.0
US-KY,21,2024-04-20,202416,46.0
US-KY,21,2024-04-27,202417,25.0
US-KY,21,2024-05-04,202418,10.0
US-KY,21,2024-05-11,202419,3.0
US-KY,21,2024-05-18,202420,5.0
US-KY,21,2024-05-25,202421,3.0
US-KY,21,2024-06-01,202422,5.0
US-KY,21,2024-06-08,202423,7.0
US-KY,21,2024-06-15,202424,3.0
US-KY,21,2024-06-22,202425,1.0
US-KY,21,2024-06-29,202426,1.0
US-KY,21,2024-07-06,202427,2.0
US-KY,21,2024-07-13,202428,0.0
US-KY,21,2024-07-20,202429,0.0
US-KY,21,2024-07-27,202430,0.0
US-KY,21,2024-08-03,202431,0.0
US-KY,21,2024-08-10,202432,0.0
US-KY,21,2024-08-17,202433,3.0
US-KY,21,2024-08-24,202434,3.0
US-KY,21,2024-08-31,202435,0.0
US-KY,21,2024-09-07,202436,0.0
US-KY,21,2024-09-14,202437,0.0
US-KY,21,2024-09-21,202438,2.0
US-KY,21,2024-09-28,202439,1.0
US-KY,21,2024-10-05,202440,0.0
US-KY,21,2024-10-12,202441,0.0
US-KY,21,2024-10-19,202442,2.0
US-KY,21,2024-10-26,202443,4.0
US-KY,21,2024-11-02,202444,7.0
US-KY,21,2024-11-09,202445,16.0
US-KY,21,2024-11-16,202446,18.0
US-KY,21,2024-11-23,202447,20.0
US-KY,21,2024-11-30,202448,24.0
US-KY,21,2024-12-07,202449,53.0
US-KY,21,2024-12-14,202450,79.0
US-KY,21,2024-12-21,202451,200.0
US-KY,21,2024-12-28,202452,515.0
US-KY,21,2025-01-04,202501,678.0
US-KY,21,2025-01-11,202502,463.0
US-KY,21,2025-01-18,202503,397.0
US-KY,21,2025-01-25,202504,439.0
US-KY,21,2025-02-01,202505,741.0
US-KY,21,2025-02-08,202506,1196.0
US-KY,21,2025-02-15,202507,1203.0
US-KY,21,2025-02-22,202508,896.0
US-KY,21,2025-03-01,202509,774.0
US-KY,21,2025-03-08,202510,633.0
US-KY,21,2025-03-15,202511,494.0
US-KY,21,2025-03-22,202512,372.0
US-KY,21,2025-03-29,202513,267.0
US-KY,21,2025-04-05,202514,175.0
US-KY,21,2025-04-12,202515,88.0
US-KY,21,2025-04-19,202516,49.0
US-KY,21,2025-04-26,202517,39.0
US-KY,21,2025-05-03,202518,21.0
US-KY,21,2025-05-10,202519,19.0
US-KY,21,2025-05-17,202520,15.0
US-KY,21,2025-05-24,202521,18.0
US-KY,21,2025-05-31,202522,21.0
US-KY,21,2025-06-07,202523,20.0
US-KY,21,2025-06-14,202524,19.0
US-KY,21,2025-06-21,202525,13.0
US-KY,21,2025-06-28,202526,12.0
US-KY,21,2025-07-05,202527,11.0
US-KY,21,2025-07-12,202528,8.0
US-KY,21,2025-07-19,202529,9.0
US-KY,21,2025-07-26,202530,16.0
US-KY,21,2025-08-02,202531,5.0
US-KY,21,2025-08-09,202532,2.0
US-KY,21,2025-08-16,202533,6.0
US-KY,21,2025-08-23,202534,4.0
US-KY,21,2025-08-30,202535,7.0
US-KY,21,2025-09-06,202536,8.0
US-KY,21,2025-09-13,202537,19.0
US-KY,21,2025-09-20,202538,14.0
US-KY,21,2025-09-27,202539,17.0
US-KY,21,2025-10-04,202540,15.0
US-KY,21,2025-10-11,202541,23.0
US-KY,21,2025-10-18,202542,19.0
US-KY,21,2025-10-25,202543,14.0
US-KY,21,2025-11-01,202544,12.0
US-KY,21,2025-11-08,202545,19.0
US-KY,21,2025-11-15,202546,19.0
US-LA,22,2024-01-06,202401,304.0
US-LA,22,2024-01-13,202402,252.0
US-LA,22,2024-01-20,202403,141.0
US-LA,22,2024-01-27,202404,130.0
US-LA,22,2024-02-03,202405,123.0
US-LA,22,2024-02-10,202406,97.0
US-LA,22,2024-02-17,202407,85.0
US-LA,22,2024-02-24,202408,94.0
US-LA,22,2024-03-02,202409,77.0
US-LA,22,2024-03-09,202410,55.0
US-LA,22,2024-03-16,202411,40.0
US-LA,22,2024-03-23,202412,33.0
US-LA,22,2024-03-30,202413,47.0
US-LA,22,2024-04-06,202414,32.0
US-LA,22,2024-04-13,202415,30.0
US-LA,22,2024-04-20,202416,24.0
US-LA,22,2024-04-27,202417,17.0
US-LA,22,2024-05-04,202418,9.0
US-LA,22,2024-05-11,202419,8.0
US-LA,22,2024-05-18,202420,3.0
US-LA,22,2024-05-25,202421,9.0
US-LA,22,2024-06-01,202422,6.0
US-LA,22,2024-06-08,202423,5.0
US-LA,22,2024-06-15,202424,4.0
US-LA,22,2024-06-22,202425,4.0
US-LA,22,2024-06-29,202426,5.0
US-LA,22,2024-07-06,202427,5.0
US-LA,22,2024-07-13,202428,0.0
US-LA,22,2024-07-20,202429,5.0
US-LA,22,2024-07-27,202430,2.0
US-LA,22,2024-08-03,202431,7.0
US-LA,22,2024-08-10,202432,5.0
US-LA,22,2024-08-17,202433,8.0
US-LA,22,2024-08-24,202434,9.0
US-LA,22,2024-08-31,202435,1.0
US-LA,22,2024-09-07,202436,3.0
US-LA,22,2024-09-14,202437,1.0
US-LA,22,2024-09-21,202438,4.0
US-LA,22,2024-09-28,202439,4.0
US-LA,22,2024-10-05,202440,5.0
US-LA,22,2024-10-12,202441,0.0
US-LA,22,2024-10-19,202442,13.0
US-LA,22,2024-10-26,202443,23.0
US-LA,22,2024-11-02,202444,27.0
US-LA,22,2024-11-09,202445,83.0
US-LA,22,2024-11-16,202446,79.0
US-LA,22,2024-11-23,202447,77.0
US-LA,22,2024-11-30,202448,135.0
US-LA,22,2024-12-07,202449,163.0
US-LA,22,2024-12-14,202450,252.0
US-LA,22,2024-12-21,202451,423.0
US-LA,22,2024-12-28,202452,590.0
US-LA,22,2025-01-04,202501,713.0
US-LA,22,2025-01-11,202502,446.0
US-LA,22,2025-01-18,202503,477.0
US-LA,22,2025-01-25,202504,521.0
US-LA,22,2025-02-01,202505,620.0
US-LA,22,2025-02-08,202506,494.0
US-LA,22,2025-02-15,202507,387.0
US-LA,22,2025-02-22,202508,330.0
US-LA,22,2025-03-01,202509,359.0
US-LA,22,2025-03-08,202510,398.0
US-LA,22,2025-03-15,202511,327.0
US-LA,22,2025-03-22,202512,230.0
US-LA,22,2025-03-29,202513,178.0
US-LA,22,2025-04-05,202514,121.0
US-LA,22,2025-04-12,202515,76.0
US-LA,22,2025-04-19,202516,66.0
US-LA,22,2025-04-26,202517,60.0
US-LA,22,2025-05-03,202518,41.0
US-LA,22,2025-05-10,202519,31.0
US-LA,22,2025-05-17,202520,40.0
US-LA,22,2025-05-24,202521,29.0
US-LA,22,2025-05-31,202522,33.0
US-LA,22,2025-06-07,202523,32.0
US-LA,22,2025-06-14,202524,33.0
US-LA,22,2025-06-21,202525,36.0
US-LA,22,2025-06-28,202526,25.0
US-LA,22,2025-07-05,202527,21.0
US-LA,22,2025-07-12,202528,19.0
US-LA,22,2025-07-19,202529,20.0
US-LA,22,2025-07-26,202530,16.0
US-LA,22,2025-08-02,202531,24.0
US-LA,22,2025-08-09,202532,18.0
US-LA,22,2025-08-16,202533,21.0
US-LA,22,2025-08-23,202534,20.0
US-LA,22,2025-08-30,202535,22.0
US-LA,22,2025-09-06,202536,19.0
US-LA,22,2025-09-13,202537,17.0
US-LA,22,2025-09-20,202538,22.0
US-LA,22,2025-09-27,202539,23.0
US-LA,22,2025-10-04,202540,30.0
US-LA,22,2025-10-11,202541,32.0
US-LA,22,2025-10-18,202542,37.0
US-LA,22,2025-10-25,202543,51.0
US-LA,22,2025-11-01,202544,40.0
US-LA,22,2025-11-08,202545,74.0
US-LA,22,2025-11-15,202546,86.0
US-ME,23,2024-01-06,202401,58.0
US-ME,23,2024-01-13,202402,47.0
US-ME,23,2024-01-20,202403,40.0
US-ME,23,2024-01-27,202404,34.0
US-ME,23,2024-02-03,202405,64.0
US-ME,23,2024-02-10,202406,77.0
US-ME,23,2024-02-17,202407,86.0
US-ME,23,2024-02-24,202408,67.0
US-ME,23,2024-03-02,202409,64.0
US-ME,23,2024-03-09,202410,50.0
US-ME,23,2024-03-16,202411,33.0
US-ME,23,2024-03-23,202412,26.0
US-ME,23,2024-03-30,202413,23.0
US-ME,23,2024-04-06,202414,24.0
US-ME,23,2024-04-13,202415,15.0
US-ME,23,2024-04-20,202416,16.0
US-ME,23,2024-04-27,202417,14.0
US-ME,23,2024-05-04,202418,9.0
US-ME,23,2024-05-11,202419,8.0
US-ME,23,2024-05-18,202420,3.0
US-ME,23,2024-05-25,202421,5.0
US-ME,23,2024-06-01,202422,5.0
US-ME,23,2024-06-08,202423,1.0
US-ME,23,2024-06-15,202424,3.0
US-ME,23,2024-06-22,202425,1.0
US-ME,23,2024-06-29,202426,1.0
US-ME,23,2024-07-06,202427,0.0
US-ME,23,2024-07-13,202428,4.0
US-ME,23,2024-07-20,202429,2.0
US-ME,23,2024-07-27,202430,0.0
US-ME,23,2024-08-03,202431,2.0
US-ME,23,2024-08-10,202432,3.0
US-ME,23,2024-08-17,202433,1.0
US-ME,23,2024-08-24,202434,5.0
US-ME,23,2024-08-31,202435,3.0
US-ME,23,2024-09-07,202436,3.0
US-ME,23,2024-09-14,202437,0.0
US-ME,23,2024-09-21,202438,1.0
US-ME,23,2024-09-28,202439,3.0
US-ME,23,2024-10-05,202440,0.0
US-ME,23,2024-10-12,202441,0.0
US-ME,23,2024-10-19,202442,0.0
US-ME,23,2024-10-26,202443,0.0
US-ME,23,2024-11-02,202444,0.0
US-ME,23,2024-11-09,202445,1.0
US-ME,23,2024-11-16,202446,0.0
US-ME,23,2024-11-23,202447,0.0
US-ME,23,2024-11-30,202448,2.0
US-ME,23,2024-12-07,202449,2.0
US-ME,23,2024-12-14,202450,2.0
US-ME,23,2024-12-21,202451,10.0
US-ME,23,2024-12-28,202452,31.0
US-ME,23,2025-01-04,202501,88.0
US-ME,23,2025-01-11,202502,92.0
US-ME,23,2025-01-18,202503,86.0
US-ME,23,2025-01-25,202504,109.0
US-ME,23,2025-02-01,202505,151.0
US-ME,23,2025-02-08,202506,205.0
US-ME,23,2025-02-15,202507,267.0
US-ME,23,2025-02-22,202508,266.0
US-ME,23,2025-03-01,202509,205.0
US-ME,23,2025-03-08,202510,200.0
US-ME,23,2025-03-15,202511,115.0
US-ME,23,2025-03-22,202512,83.0
US-ME,23,2025-03-29,202513,59.0
US-ME,23,2025-04-05,202514,55.0
US-ME,23,2025-04-12,202515,40.0
US-ME,23,2025-04-19,202516,23.0
US-ME,23,2025-04-26,202517,16.0
US-ME,23,2025-05-03,202518,10.0
US-ME,23,2025-05-10,202519,3.0
US-ME,23,2025-05-17,202520,2.0
US-ME,23,2025-05-24,202521,2.0
US-ME,23,2025-05-31,202522,1.0
US-ME,23,2025-06-07,202523,0.0
US-ME,23,2025-06-14,202524,2.0
US-ME,23,2025-06-21,202525,2.0
US-ME,23,2025-06-28,202526,0.0
US-ME,23,2025-07-05,202527,1.0
US-ME,23,2025-07-12,202528,1.0
US-ME,23,2025-07-19,202529,1.0
US-ME,23,2025-07-26,202530,1.0
US-ME,23,2025-08-02,202531,0.0
US-ME,23,2025-08-09,202532,0.0
US-ME,23,2025-08-16,202533,0.0
US-ME,23,2025-08-23,202534,1.0
US-ME,23,2025-08-30,202535,1.0
US-ME,23,2025-09-06,202536,1.0
US-ME,23,2025-09-13,202537,2.0
US-ME,23,2025-09-20,202538,0.0
US-ME,23,2025-09-27,202539,0.0
US-ME,23,2025-10-04,202540,1.0
US-ME,23,2025-10-11,202541,1.0
US-ME,23,2025-10-18,202542,3.0
US-ME,23,2025-10-25,202543,3.0
US-ME,23,2025-11-01,202544,2.0
US-ME,23,2025-11-08,202545,3.0
US-ME,23,2025-11-15,202546,4.0
US-MD,24,2024-01-06,202401,322.0
US-MD,24,2024-01-13,202402,245.0
US-MD,24,2024-01-20,202403,198.0
US-MD,24,2024-01-27,202404,171.0
US-MD,24,2024-02-03,202405,113.0
US-MD,24,2024-02-10,202406,111.0
US-MD,24,2024-02-17,202407,123.0
US-MD,24,2024-02-24,202408,118.0
US-MD,24,2024-03-02,202409,176.0
US-MD,24,2024-03-09,202410,170.0
US-MD,24,2024-03-16,202411,114.0
US-MD,24,2024-03-23,202412,75.0
US-MD,24,2024-03-30,202413,76.0
US-MD,24,2024-04-06,202414,88.0
US-MD,24,2024-04-13,202415,55.0
US-MD,24,2024-04-20,202416,38.0
US-MD,24,2024-04-27,202417,20.0
US-MD,24,2024-05-04,202418,10.0
US-MD,24,2024-05-11,202419,5.0
US-MD,24,2024-05-18,202420,0.0
US-MD,24,2024-05-25,202421,0.0
US-MD,24,2024-06-01,202422,5.0
US-MD,24,2024-06-08,202423,3.0
US-MD,24,2024-06-15,202424,0.0
US-MD,24,2024-06-22,202425,0.0
US-MD,24,2024-06-29,202426,2.0
US-MD,24,2024-07-06,202427,1.0
US-MD,24,2024-07-13,202428,0.0
US-MD,24,2024-07-20,202429,0.0
US-MD,24,2024-07-27,202430,0.0
US-MD,24,2024-08-03,202431,1.0
US-MD,24,2024-08-10,202432,0.0
US-MD,24,2024-08-17,202433,2.0
US-MD,24,2024-08-24,202434,2.0
US-MD,24,2024-08-31,202435,0.0
US-MD,24,2024-09-07,202436,0.0
US-MD,24,2024-09-14,202437,3.0
US-MD,24,2024-09-21,202438,5.0
US-MD,24,2024-09-28,202439,1.0
US-MD,24,2024-10-05,202440,1.0
US-MD,24,2024-10-12,202441,0.0
US-MD,24,2024-10-19,202442,2.0
US-MD,24,2024-10-26,202443,0.0
US-MD,24,2024-11-02,202444,4.0
US-MD,24,2024-11-09,202445,9.0
US-MD,24,2024-11-16,202446,11.0
US-MD,24,2024-11-23,202447,16.0
US-MD,24,2024-11-30,202448,21.0
US-MD,24,2024-12-07,202449,37.0
US-MD,24,2024-12-14,202450,73.0
US-MD,24,2024-12-21,202451,131.0
US-MD,24,2024-12-28,202452,195.0
US-MD,24,2025-01-04,202501,457.0
US-MD,24,2025-01-11,202502,372.0
US-MD,24,2025-01-18,202503,466.0
US-MD,24,2025-01-25,202504,611.0
US-MD,24,2025-02-01,202505,810.0
US-MD,24,2025-02-08,202506,1086.0
US-MD,24,2025-02-15,202507,1081.0
US-MD,24,2025-02-22,202508,764.0
US-MD,24,2025-03-01,202509,548.0
US-MD,24,2025-03-08,202510,379.0
US-MD,24,2025-03-15,202511,291.0
US-MD,24,2025-03-22,202512,210.0
US-MD,24,2025-03-29,202513,135.0
US-MD,24,2025-04-05,202514,129.0
US-MD,24,2025-04-12,202515,94.0
US-MD,24,2025-04-19,202516,62.0
US-MD,24,2025-04-26,202517,47.0
US-MD,24,2025-05-03,202518,41.0
US-MD,24,2025-05-10,202519,21.0
US-MD,24,2025-05-17,202520,10.0
US-MD,24,2025-05-24,202521,26.0
US-MD,24,2025-05-31,202522,38.0
US-MD,24,2025-06-07,202523,34.0
US-MD,24,2025-06-14,202524,13.0
US-MD,24,2025-06-21,202525,6.0
US-MD,24,2025-06-28,202526,6.0
US-MD,24,2025-07-05,202527,7.0
US-MD,24,2025-07-12,202528,4.0
US-MD,24,2025-07-19,202529,4.0
US-MD,24,2025-07-26,202530,18.0
US-MD,24,2025-08-02,202531,6.0
US-MD,24,2025-08-09,202532,3.0
US-MD,24,2025-08-16,202533,6.0
US-MD,24,2025-08-23,202534,7.0
US-MD,24,2025-08-30,202535,6.0
US-MD,24,2025-09-06,202536,3.0
US-MD,24,2025-09-13,202537,6.0
US-MD,24,2025-09-20,202538,6.0
US-MD,24,2025-09-27,202539,4.0
US-MD,24,2025-10-04,202540,2.0
US-MD,24,2025-10-11,202541,9.0
US-MD,24,2025-10-18,202542,6.0
US-MD,24,2025-10-25,202543,15.0
US-MD,24,2025-11-01,202544,14.0
US-MD,24,2025-11-08,202545,20.0
US-MD,24,2025-11-15,202546,34.0
US-MA,25,2024-01-06,202401,634.0
US-MA,25,2024-01-13,202402,518.0
US-MA,25,2024-01-20,202403,401.0
US-MA,25,2024-01-27,202404,391.0
US-MA,25,2024-02-03,202405,446.0
US-MA,25,2024-02-10,202406,432.0
US-MA,25,2024-02-17,202407,512.0
US-MA,25,2024-02-24,202408,463.0
US-MA,25,2024-03-02,202409,508.0
US-MA,25,2024-03-09,202410,402.0
US-MA,25,2024-03-16,202411,323.0
US-MA,25,2024-03-23,202412,240.0
US-MA,25,2024-03-30,202413,228.0
US-MA,25,2024-04-06,202414,227.0
US-MA,25,2024-04-13,202415,177.0
US-MA,25,2024-04-20,202416,127.0
US-MA,25,2024-04-27,202417,69.0
US-MA,25,2024-05-04,202418,58.0
US-MA,25,2024-05-11,202419,48.0
US-MA,25,2024-05-18,202420,0.0
US-MA,25,2024-05-25,202421,0.0
US-MA,25,2024-06-01,202422,0.0
US-MA,25,2024-06-08,202423,0.0
US-MA,25,2024-06-15,202424,0.0
US-MA,25,2024-06-22,202425,0.0
US-MA,25,2024-06-29,202426,0.0
US-MA,25,2024-07-06,202427,0.0
US-MA,25,2024-07-13,202428,0.0
US-MA,25,2024-07-20,202429,0.0
US-MA,25,2024-07-27,202430,0.0
US-MA,25,2024-08-03,202431,0.0
US-MA,25,2024-08-10,202432,0.0
US-MA,25,2024-08-17,202433,0.0
US-MA,25,2024-08-24,202434,0.0
US-MA,25,2024-08-31,202435,0.0
US-MA,25,2024-09-07,202436,0.0
US-MA,25,2024-09-14,202437,0.0
US-MA,25,2024-09-21,202438,0.0
US-MA,25,2024-09-28,202439,0.0
US-MA,25,2024-10-05,202440,0.0
US-MA,25,2024-10-12,202441,0.0
US-MA,25,2024-10-19,202442,0.0
US-MA,25,2024-10-26,202443,0.0
US-MA,25,2024-11-02,202444,3.0
US-MA,25,2024-11-09,202445,39.0
US-MA,25,2024-11-16,202446,16.0
US-MA,25,2024-11-23,202447,50.0
US-MA,25,2024-11-30,202448,72.0
US-MA,25,2024-12-07,202449,95.0
US-MA,25,2024-12-14,202450,133.0
US-MA,25,2024-12-21,202451,142.0
US-MA,25,2024-12-28,202452,287.0
US-MA,25,2025-01-04,202501,576.0
US-MA,25,2025-01-11,202502,594.0
US-MA,25,2025-01-18,202503,757.0
US-MA,25,2025-01-25,202504,991.0
US-MA,25,2025-02-01,202505,1347.0
US-MA,25,2025-02-08,202506,1637.0
US-MA,25,2025-02-15,202507,1522.0
US-MA,25,2025-02-22,202508,1381.0
US-MA,25,2025-03-01,202509,1246.0
US-MA,25,2025-03-08,202510,749.0
US-MA,25,2025-03-15,202511,446.0
US-MA,25,2025-03-22,202512,320.0
US-MA,25,2025-03-29,202513,223.0
US-MA,25,2025-04-05,202514,143.0
US-MA,25,2025-04-12,202515,119.0
US-MA,25,2025-04-19,202516,86.0
US-MA,25,2025-04-26,202517,84.0
US-MA,25,2025-05-03,202518,73.0
US-MA,25,2025-05-10,202519,39.0
US-MA,25,2025-05-17,202520,30.0
US-MA,25,2025-05-24,202521,29.0
US-MA,25,2025-05-31,202522,26.0
US-MA,25,2025-06-07,202523,19.0
US-MA,25,2025-06-14,202524,23.0
US-MA,25,2025-06-21,202525,8.0
US-MA,25,2025-06-28,202526,17.0
US-MA,25,2025-07-05,202527,17.0
US-MA,25,2025-07-12,202528,14.0
US-MA,25,2025-07-19,202529,10.0
US-MA,25,2025-07-26,202530,4.0
US-MA,25,2025-08-02,202531,8.0
US-MA,25,2025-08-09,202532,6.0
US-MA,25,2025-08-16,202533,8.0
US-MA,25,2025-08-23,202534,6.0
US-MA,25,2025-08-30,202535,8.0
US-MA,25,2025-09-06,202536,14.0
US-MA,25,2025-09-13,202537,13.0
US-MA,25,2025-09-20,202538,10.0
US-MA,25,2025-09-27,202539,13.0
US-MA,25,2025-10-04,202540,17.0
US-MA,25,2025-10-11,202541,5.0
US-MA,25,2025-10-18,202542,10.0
US-MA,25,2025-10-25,202543,11.0
US-MA,25,2025-11-01,202544,18.0
US-MA,25,2025-11-08,202545,20.0
US-MA,25,2025-11-15,202546,34.0
US-MI,26,2024-01-06,202401,497.0
US-MI,26,2024-01-13,202402,381.0
US-MI,26,2024-01-20,202403,346.0
US-MI,26,2024-01-27,202404,388.0
US-MI,26,2024-02-03,202405,483.0
US-MI,26,2024-02-10,202406,664.0
US-MI,26,2024-02-17,202407,770.0
US-MI,26,2024-02-24,202408,974.0
US-MI,26,2024-03-02,202409,1017.0
US-MI,26,2024-03-09,202410,851.0
US-MI,26,2024-03-16,202411,599.0
US-MI,26,2024-03-23,202412,530.0
US-MI,26,2024-03-30,202413,523.0
US-MI,26,2024-04-06,202414,457.0
US-MI,26,2024-04-13,202415,334.0
US-MI,26,2024-04-20,202416,170.0
US-MI,26,2024-04-27,202417,123.0
US-MI,26,2024-05-04,202418,83.0
US-MI,26,2024-05-11,202419,50.0
US-MI,26,2024-05-18,202420,31.0
US-MI,26,2024-05-25,202421,29.0
US-MI,26,2024-06-01,202422,15.0
US-MI,26,2024-06-08,202423,9.0
US-MI,26,2024-06-15,202424,9.0
US-MI,26,2024-06-22,202425,9.0
US-MI,26,2024-06-29,202426,11.0
US-MI,26,2024-07-06,202427,7.0
US-MI,26,2024-07-13,202428,9.0
US-MI,26,2024-07-20,202429,8.0
US-MI,26,2024-07-27,202430,7.0
US-MI,26,2024-08-03,202431,2.0
US-MI,26,2024-08-10,202432,5.0
US-MI,26,2024-08-17,202433,9.0
US-MI,26,2024-08-24,202434,12.0
US-MI,26,2024-08-31,202435,10.0
US-MI,26,2024-09-07,202436,9.0
US-MI,26,2024-09-14,202437,16.0
US-MI,26,2024-09-21,202438,11.0
US-MI,26,2024-09-28,202439,9.0
US-MI,26,2024-10-05,202440,12.0
US-MI,26,2024-10-12,202441,2.0
US-MI,26,2024-10-19,202442,4.0
US-MI,26,2024-10-26,202443,4.0
US-MI,26,2024-11-02,202444,7.0
US-MI,26,2024-11-09,202445,36.0
US-MI,26,2024-11-16,202446,46.0
US-MI,26,2024-11-23,202447,67.0
US-MI,26,2024-11-30,202448,65.0
US-MI,26,2024-12-07,202449,94.0
US-MI,26,2024-12-14,202450,172.0
US-MI,26,2024-12-21,202451,296.0
US-MI,26,2024-12-28,202452,489.0
US-MI,26,2025-01-04,202501,644.0
US-MI,26,2025-01-11,202502,747.0
US-MI,26,2025-01-18,202503,613.0
US-MI,26,2025-01-25,202504,992.0
US-MI,26,2025-02-01,202505,1379.0
US-MI,26,2025-02-08,202506,1701.0
US-MI,26,2025-02-15,202507,1800.0
US-MI,26,2025-02-22,202508,1789.0
US-MI,26,2025-03-01,202509,1669.0
US-MI,26,2025-03-08,202510,1264.0
US-MI,26,2025-03-15,202511,855.0
US-MI,26,2025-03-22,202512,948.0
US-MI,26,2025-03-29,202513,636.0
US-MI,26,2025-04-05,202514,305.0
US-MI,26,2025-04-12,202515,255.0
US-MI,26,2025-04-19,202516,196.0
US-MI,26,2025-04-26,202517,127.0
US-MI,26,2025-05-03,202518,117.0
US-MI,26,2025-05-10,202519,93.0
US-MI,26,2025-05-17,202520,62.0
US-MI,26,2025-05-24,202521,51.0
US-MI,26,2025-05-31,202522,51.0
US-MI,26,2025-06-07,202523,30.0
US-MI,26,2025-06-14,202524,30.0
US-MI,26,2025-06-21,202525,27.0
US-MI,26,2025-06-28,202526,32.0
US-MI,26,2025-07-05,202527,19.0
US-MI,26,2025-07-12,202528,17.0
US-MI,26,2025-07-19,202529,14.0
US-MI,26,2025-07-26,202530,18.0
US-MI,26,2025-08-02,202531,16.0
US-MI,26,2025-08-09,202532,13.0
US-MI,26,2025-08-16,202533,24.0
US-MI,26,2025-08-23,202534,28.0
US-MI,26,2025-08-30,202535,29.0
US-MI,26,2025-09-06,202536,14.0
US-MI,26,2025-09-13,202537,28.0
US-MI,26,2025-09-20,202538,20.0
US-MI,26,2025-09-27,202539,18.0
US-MI,26,2025-10-04,202540,13.0
US-MI,26,2025-10-11,202541,9.0
US-MI,26,2025-10-18,202542,12.0
US-MI,26,2025-10-25,202543,13.0
US-MI,26,2025-11-01,202544,9.0
US-MI,26,2025-11-08,202545,25.0
US-MI,26,2025-11-15,202546,35.0
US-MN,27,2024-01-06,202401,168.0
US-MN,27,2024-01-13,202402,161.0
US-MN,27,2024-01-20,202403,123.0
US-MN,27,2024-01-27,202404,144.0
US-MN,27,2024-02-03,202405,150.0
US-MN,27,2024-02-10,202406,164.0
US-MN,27,2024-02-17,202407,173.0
US-MN,27,2024-02-24,202408,159.0
US-MN,27,2024-03-02,202409,182.0
US-MN,27,2024-03-09,202410,174.0
US-MN,27,2024-03-16,202411,164.0
US-MN,27,2024-03-23,202412,133.0
US-MN,27,2024-03-30,202413,124.0
US-MN,27,2024-04-06,202414,112.0
US-MN,27,2024-04-13,202415,79.0
US-MN,27,2024-04-20,202416,53.0
US-MN,27,2024-04-27,202417,39.0
US-MN,27,2024-05-04,202418,18.0
US-MN,27,2024-05-11,202419,0.0
US-MN,27,2024-05-18,202420,0.0
US-MN,27,2024-05-25,202421,0.0
US-MN,27,2024-06-01,202422,0.0
US-MN,27,2024-06-08,202423,0.0
US-MN,27,2024-06-15,202424,0.0
US-MN,27,2024-06-22,202425,0.0
US-MN,27,2024-06-29,202426,0.0
US-MN,27,2024-07-06,202427,0.0
US-MN,27,2024-07-13,202428,0.0
US-MN,27,2024-07-20,202429,0.0
US-MN,27,2024-07-27,202430,0.0
US-MN,27,2024-08-03,202431,0.0
US-MN,27,2024-08-10,202432,0.0
US-MN,27,2024-08-17,202433,0.0
US-MN,27,2024-08-24,202434,0.0
US-MN,27,2024-08-31,202435,0.0
US-MN,27,2024-09-07,202436,0.0
US-MN,27,2024-09-14,202437,0.0
US-MN,27,2024-09-21,202438,0.0
US-MN,27,2024-09-28,202439,0.0
US-MN,27,2024-10-05,202440,0.0
US-MN,27,2024-10-12,202441,0.0
US-MN,27,2024-10-19,202442,88.0
US-MN,27,2024-10-26,202443,0.0
US-MN,27,2024-11-02,202444,4.0
US-MN,27,2024-11-09,202445,17.0
US-MN,27,2024-11-16,202446,8.0
US-MN,27,2024-11-23,202447,11.0
US-MN,27,2024-11-30,202448,18.0
US-MN,27,2024-12-07,202449,40.0
US-MN,27,2024-12-14,202450,92.0
US-MN,27,2024-12-21,202451,227.0
US-MN,27,2024-12-28,202452,545.0
US-MN,27,2025-01-04,202501,952.0
US-MN,27,2025-01-11,202502,896.0
US-MN,27,2025-01-18,202503,927.0
US-MN,27,2025-01-25,202504,928.0
US-MN,27,2025-02-01,202505,884.0
US-MN,27,2025-02-08,202506,689.0
US-MN,27,2025-02-15,202507,486.0
US-MN,27,2025-02-22,202508,372.0
US-MN,27,2025-03-01,202509,279.0
US-MN,27,2025-03-08,202510,195.0
US-MN,27,2025-03-15,202511,158.0
US-MN,27,2025-03-22,202512,182.0
US-MN,27,2025-03-29,202513,81.0
US-MN,27,2025-04-05,202514,59.0
US-MN,27,2025-04-12,202515,53.0
US-MN,27,2025-04-19,202516,38.0
US-MN,27,2025-04-26,202517,25.0
US-MN,27,2025-05-03,202518,28.0
US-MN,27,2025-05-10,202519,22.0
US-MN,27,2025-05-17,202520,7.0
US-MN,27,2025-05-24,202521,9.0
US-MN,27,2025-05-31,202522,12.0
US-MN,27,2025-06-07,202523,6.0
US-MN,27,2025-06-14,202524,10.0
US-MN,27,2025-06-21,202525,7.0
US-MN,27,2025-06-28,202526,3.0
US-MN,27,2025-07-05,202527,4.0
US-MN,27,2025-07-12,202528,7.0
US-MN,27,2025-07-19,202529,4.0
US-MN,27,2025-07-26,202530,4.0
US-MN,27,2025-08-02,202531,3.0
US-MN,27,2025-08-09,202532,1.0
US-MN,27,2025-08-16,202533,0.0
US-MN,27,2025-08-23,202534,2.0
US-MN,27,2025-08-30,202535,3.0
US-MN,27,2025-09-06,202536,2.0
US-MN,27,2025-09-13,202537,6.0
US-MN,27,2025-09-20,202538,3.0
US-MN,27,2025-09-27,202539,1.0
US-MN,27,2025-10-04,202540,0.0
US-MN,27,2025-10-11,202541,7.0
US-MN,27,2025-10-18,202542,1.0
US-MN,27,2025-10-25,202543,4.0
US-MN,27,2025-11-01,202544,4.0
US-MN,27,2025-11-08,202545,4.0
US-MN,27,2025-11-15,202546,15.0
US-MS,28,2024-01-06,202401,263.0
US-MS,28,2024-01-13,202402,230.0
US-MS,28,2024-01-20,202403,158.0
US-MS,28,2024-01-27,202404,161.0
US-MS,28,2024-02-03,202405,111.0
US-MS,28,2024-02-10,202406,86.0
US-MS,28,2024-02-17,202407,94.0
US-MS,28,2024-02-24,202408,55.0
US-MS,28,2024-03-02,202409,67.0
US-MS,28,2024-03-09,202410,61.0
US-MS,28,2024-03-16,202411,55.0
US-MS,28,2024-03-23,202412,45.0
US-MS,28,2024-03-30,202413,47.0
US-MS,28,2024-04-06,202414,53.0
US-MS,28,2024-04-13,202415,38.0
US-MS,28,2024-04-20,202416,25.0
US-MS,28,2024-04-27,202417,21.0
US-MS,28,2024-05-04,202418,20.0
US-MS,28,2024-05-11,202419,14.0
US-MS,28,2024-05-18,202420,22.0
US-MS,28,2024-05-25,202421,8.0
US-MS,28,2024-06-01,202422,13.0
US-MS,28,2024-06-08,202423,11.0
US-MS,28,2024-06-15,202424,13.0
US-MS,28,2024-06-22,202425,16.0
US-MS,28,2024-06-29,202426,6.0
US-MS,28,2024-07-06,202427,3.0
US-MS,28,2024-07-13,202428,6.0
US-MS,28,2024-07-20,202429,7.0
US-MS,28,2024-07-27,202430,12.0
US-MS,28,2024-08-03,202431,14.0
US-MS,28,2024-08-10,202432,16.0
US-MS,28,2024-08-17,202433,7.0
US-MS,28,2024-08-24,202434,8.0
US-MS,28,2024-08-31,202435,15.0
US-MS,28,2024-09-07,202436,9.0
US-MS,28,2024-09-14,202437,19.0
US-MS,28,2024-09-21,202438,16.0
US-MS,28,2024-09-28,202439,7.0
US-MS,28,2024-10-05,202440,10.0
US-MS,28,2024-10-12,202441,0.0
US-MS,28,2024-10-19,202442,4.0
US-MS,28,2024-10-26,202443,0.0
US-MS,28,2024-11-02,202444,15.0
US-MS,28,2024-11-09,202445,23.0
US-MS,28,2024-11-16,202446,24.0
US-MS,28,2024-11-23,202447,36.0
US-MS,28,2024-11-30,202448,28.0
US-MS,28,2024-12-07,202449,39.0
US-MS,28,2024-12-14,202450,62.0
US-MS,28,2024-12-21,202451,100.0
US-MS,28,2024-12-28,202452,212.0
US-MS,28,2025-01-04,202501,273.0
US-MS,28,2025-01-11,202502,219.0
US-MS,28,2025-01-18,202503,229.0
US-MS,28,2025-01-25,202504,323.0
US-MS,28,2025-02-01,202505,537.0
US-MS,28,2025-02-08,202506,467.0
US-MS,28,2025-02-15,202507,265.0
US-MS,28,2025-02-22,202508,209.0
US-MS,28,2025-03-01,202509,194.0
US-MS,28,2025-03-08,202510,172.0
US-MS,28,2025-03-15,202511,190.0
US-MS,28,2025-03-22,202512,102.0
US-MS,28,2025-03-29,202513,51.0
US-MS,28,2025-04-05,202514,48.0
US-MS,28,2025-04-12,202515,43.0
US-MS,28,2025-04-19,202516,28.0
US-MS,28,2025-04-26,202517,21.0
US-MS,28,2025-05-03,202518,14.0
US-MS,28,2025-05-10,202519,18.0
US-MS,28,2025-05-17,202520,16.0
US-MS,28,2025-05-24,202521,13.0
US-MS,28,2025-05-31,202522,18.0
US-MS,28,2025-06-07,202523,17.0
US-MS,28,2025-06-14,202524,17.0
US-MS,28,2025-06-21,202525,18.0
US-MS,28,2025-06-28,202526,12.0
US-MS,28,2025-07-05,202527,10.0
US-MS,28,2025-07-12,202528,15.0
US-MS,28,2025-07-19,202529,12.0
US-MS,28,2025-07-26,202530,12.0
US-MS,28,2025-08-02,202531,5.0
US-MS,28,2025-08-09,202532,12.0
US-MS,28,2025-08-16,202533,15.0
US-MS,28,2025-08-23,202534,16.0
US-MS,28,2025-08-30,202535,19.0
US-MS,28,2025-09-06,202536,17.0
US-MS,28,2025-09-13,202537,15.0
US-MS,28,2025-09-20,202538,13.0
US-MS,28,2025-09-27,202539,10.0
US-MS,28,2025-10-04,202540,14.0
US-MS,28,2025-10-11,202541,14.0
US-MS,28,2025-10-18,202542,17.0
US-MS,28,2025-10-25,202543,15.0
US-MS,28,2025-11-01,202544,16.0
US-MS,28,2025-11-08,202545,17.0
US-MS,28,2025-11-15,202546,17.0
US-MO,29,2024-01-06,202401,345.0
US-MO,29,2024-01-13,202402,316.0
US-MO,29,2024-01-20,202403,266.0
US-MO,29,2024-01-27,202404,272.0
US-MO,29,2024-02-03,202405,301.0
US-MO,29,2024-02-10,202406,344.0
US-MO,29,2024-02-17,202407,354.0
US-MO,29,2024-02-24,202408,454.0
US-MO,29,2024-03-02,202409,443.0
US-MO,29,2024-03-09,202410,408.0
US-MO,29,2024-03-16,202411,278.0
US-MO,29,2024-03-23,202412,192.0
US-MO,29,2024-03-30,202413,193.0
US-MO,29,2024-04-06,202414,146.0
US-MO,29,2024-04-13,202415,108.0
US-MO,29,2024-04-20,202416,83.0
US-MO,29,2024-04-27,202417,59.0
US-MO,29,2024-05-04,202418,33.0
US-MO,29,2024-05-11,202419,18.0
US-MO,29,2024-05-18,202420,11.0
US-MO,29,2024-05-25,202421,10.0
US-MO,29,2024-06-01,202422,6.0
US-MO,29,2024-06-08,202423,4.0
US-MO,29,2024-06-15,202424,3.0
US-MO,29,2024-06-22,202425,3.0
US-MO,29,2024-06-29,202426,5.0
US-MO,29,2024-07-06,202427,0.0
US-MO,29,2024-07-13,202428,1.0
US-MO,29,2024-07-20,202429,3.0
US-MO,29,2024-07-27,202430,4.0
US-MO,29,2024-08-03,202431,1.0
US-MO,29,2024-08-10,202432,3.0
US-MO,29,2024-08-17,202433,3.0
US-MO,29,2024-08-24,202434,1.0
US-MO,29,2024-08-31,202435,2.0
US-MO,29,2024-09-07,202436,1.0
US-MO,29,2024-09-14,202437,3.0
US-MO,29,2024-09-21,202438,1.0
US-MO,29,2024-09-28,202439,4.0
US-MO,29,2024-10-05,202440,0.0
US-MO,29,2024-10-12,202441,1.0
US-MO,29,2024-10-19,202442,2.0
US-MO,29,2024-10-26,202443,8.0
US-MO,29,2024-11-02,202444,13.0
US-MO,29,2024-11-09,202445,30.0
US-MO,29,2024-11-16,202446,29.0
US-MO,29,2024-11-23,202447,42.0
US-MO,29,2024-11-30,202448,41.0
US-MO,29,2024-12-07,202449,54.0
US-MO,29,2024-12-14,202450,88.0
US-MO,29,2024-12-21,202451,250.0
US-MO,29,2024-12-28,202452,611.0
US-MO,29,2025-01-04,202501,827.0
US-MO,29,2025-01-11,202502,647.0
US-MO,29,2025-01-18,202503,559.0
US-MO,29,2025-01-25,202504,655.0
US-MO,29,2025-02-01,202505,1039.0
US-MO,29,2025-02-08,202506,1332.0
US-MO,29,2025-02-15,202507,1424.0
US-MO,29,2025-02-22,202508,1376.0
US-MO,29,2025-03-01,202509,861.0
US-MO,29,2025-03-08,202510,692.0
US-MO,29,2025-03-15,202511,440.0
US-MO,29,2025-03-22,202512,370.0
US-MO,29,2025-03-29,202513,189.0
US-MO,29,2025-04-05,202514,130.0
US-MO,29,2025-04-12,202515,99.0
US-MO,29,2025-04-19,202516,100.0
US-MO,29,2025-04-26,202517,66.0
US-MO,29,2025-05-03,202518,59.0
US-MO,29,2025-05-10,202519,49.0
US-MO,29,2025-05-17,202520,53.0
US-MO,29,2025-05-24,202521,42.0
US-MO,29,2025-05-31,202522,44.0
US-MO,29,2025-06-07,202523,33.0
US-MO,29,2025-06-14,202524,41.0
US-MO,29,2025-06-21,202525,39.0
US-MO,29,2025-06-28,202526,33.0
US-MO,29,2025-07-05,202527,11.0
US-MO,29,2025-07-12,202528,12.0
US-MO,29,2025-07-19,202529,12.0
US-MO,29,2025-07-26,202530,13.0
US-MO,29,2025-08-02,202531,8.0
US-MO,29,2025-08-09,202532,8.0
US-MO,29,2025-08-16,202533,8.0
US-MO,29,2025-08-23,202534,12.0
US-MO,29,2025-08-30,202535,6.0
US-MO,29,2025-09-06,202536,7.0
US-MO,29,2025-09-13,202537,12.0
US-MO,29,2025-09-20,202538,16.0
US-MO,29,2025-09-27,202539,18.0
US-MO,29,2025-10-04,202540,19.0
US-MO,29,2025-10-11,202541,24.0
US-MO,29,2025-10-18,202542,24.0
US-MO,29,2025-10-25,202543,24.0
US-MO,29,2025-11-01,202544,25.0
US-MO,29,2025-11-08,202545,18.0
US-MO,29,2025-11-15,202546,25.0
US-MT,30,2024-01-06,202401,129.0
US-MT,30,2024-01-13,202402,114.0
US-MT,30,2024-01-20,202403,81.0
US-MT,30,2024-01-27,202404,115.0
US-MT,30,2024-02-03,202405,85.0
US-MT,30,2024-02-10,202406,82.0
US-MT,30,2024-02-17,202407,24.0
US-MT,30,2024-02-24,202408,22.0
US-MT,30,2024-03-02,202409,27.0
US-MT,30,2024-03-09,202410,28.0
US-MT,30,2024-03-16,202411,35.0
US-MT,30,2024-03-23,202412,21.0
US-MT,30,2024-03-30,202413,29.0
US-MT,30,2024-04-06,202414,7.0
US-MT,30,2024-04-13,202415,9.0
US-MT,30,2024-04-20,202416,6.0
US-MT,30,2024-04-27,202417,3.0
US-MT,30,2024-05-04,202418,0.0
US-MT,30,2024-05-11,202419,2.0
US-MT,30,2024-05-18,202420,1.0
US-MT,30,2024-05-25,202421,1.0
US-MT,30,2024-06-01,202422,2.0
US-MT,30,2024-06-08,202423,0.0
US-MT,30,2024-06-15,202424,2.0
US-MT,30,2024-06-22,202425,2.0
US-MT,30,2024-06-29,202426,0.0
US-MT,30,2024-07-06,202427,0.0
US-MT,30,2024-07-13,202428,1.0
US-MT,30,2024-07-20,202429,0.0
US-MT,30,2024-07-27,202430,1.0
US-MT,30,2024-08-03,202431,0.0
US-MT,30,2024-08-10,202432,0.0
US-MT,30,2024-08-17,202433,0.0
US-MT,30,2024-08-24,202434,0.0
US-MT,30,2024-08-31,202435,0.0
US-MT,30,2024-09-07,202436,0.0
US-MT,30,2024-09-14,202437,2.0
US-MT,30,2024-09-21,202438,0.0
US-MT,30,2024-09-28,202439,1.0
US-MT,30,2024-10-05,202440,0.0
US-MT,30,2024-10-12,202441,0.0
US-MT,30,2024-10-19,202442,2.0
US-MT,30,2024-10-26,202443,0.0
US-MT,30,2024-11-02,202444,0.0
US-MT,30,2024-11-09,202445,0.0
US-MT,30,2024-11-16,202446,4.0
US-MT,30,2024-11-23,202447,1.0
US-MT,30,2024-11-30,202448,2.0
US-MT,30,2024-12-07,202449,2.0
US-MT,30,2024-12-14,202450,6.0
US-MT,30,2024-12-21,202451,27.0
US-MT,30,2024-12-28,202452,60.0
US-MT,30,2025-01-04,202501,71.0
US-MT,30,2025-01-11,202502,65.0
US-MT,30,2025-01-18,202503,80.0
US-MT,30,2025-01-25,202504,68.0
US-MT,30,2025-02-01,202505,109.0
US-MT,30,2025-02-08,202506,161.0
US-MT,30,2025-02-15,202507,159.0
US-MT,30,2025-02-22,202508,208.0
US-MT,30,2025-03-01,202509,191.0
US-MT,30,2025-03-08,202510,159.0
US-MT,30,2025-03-15,202511,125.0
US-MT,30,2025-03-22,202512,91.0
US-MT,30,2025-03-29,202513,59.0
US-MT,30,2025-04-05,202514,32.0
US-MT,30,2025-04-12,202515,34.0
US-MT,30,2025-04-19,202516,22.0
US-MT,30,2025-04-26,202517,11.0
US-MT,30,2025-05-03,202518,6.0
US-MT,30,2025-05-10,202519,0.0
US-MT,30,2025-05-17,202520,0.0
US-MT,30,2025-05-24,202521,2.0
US-MT,30,2025-05-31,202522,4.0
US-MT,30,2025-06-07,202523,2.0
US-MT,30,2025-06-14,202524,1.0
US-MT,30,2025-06-21,202525,2.0
US-MT,30,2025-06-28,202526,1.0
US-MT,30,2025-07-05,202527,2.0
US-MT,30,2025-07-12,202528,3.0
US-MT,30,2025-07-19,202529,2.0
US-MT,30,2025-07-26,202530,0.0
US-MT,30,2025-08-02,202531,0.0
US-MT,30,2025-08-09,202532,1.0
US-MT,30,2025-08-16,202533,1.0
US-MT,30,2025-08-23,202534,0.0
US-MT,30,2025-08-30,202535,3.0
US-MT,30,2025-09-06,202536,5.0
US-MT,30,2025-09-13,202537,1.0
US-MT,30,2025-09-20,202538,0.0
US-MT,30,2025-09-27,202539,0.0
US-MT,30,2025-10-04,202540,6.0
US-MT,30,2025-10-11,202541,2.0
US-MT,30,2025-10-18,202542,5.0
US-MT,30,2025-10-25,202543,6.0
US-MT,30,2025-11-01,202544,1.0
US-MT,30,2025-11-08,202545,1.0
US-MT,30,2025-11-15,202546,4.0
US-NE,31,2024-01-06,202401,50.0
US-NE,31,2024-01-13,202402,55.0
US-NE,31,2024-01-20,202403,35.0
US-NE,31,2024-01-27,202404,47.0
US-NE,31,2024-02-03,202405,47.0
US-NE,31,2024-02-10,202406,54.0
US-NE,31,2024-02-17,202407,54.0
US-NE,31,2024-02-24,202408,84.0
US-NE,31,2024-03-02,202409,95.0
US-NE,31,2024-03-09,202410,86.0
US-NE,31,2024-03-16,202411,69.0
US-NE,31,2024-03-23,202412,60.0
US-NE,31,2024-03-30,202413,51.0
US-NE,31,2024-04-06,202414,54.0
US-NE,31,2024-04-13,202415,45.0
US-NE,31,2024-04-20,202416,27.0
US-NE,31,2024-04-27,202417,17.0
US-NE,31,2024-05-04,202418,5.0
US-NE,31,2024-05-11,202419,1.0
US-NE,31,2024-05-18,202420,2.0
US-NE,31,2024-05-25,202421,0.0
US-NE,31,2024-06-01,202422,0.0
US-NE,31,2024-06-08,202423,1.0
US-NE,31,2024-06-15,202424,0.0
US-NE,31,2024-06-22,202425,0.0
US-NE,31,2024-06-29,202426,0.0
US-NE,31,2024-07-06,202427,0.0
US-NE,31,2024-07-13,202428,0.0
US-NE,31,2024-07-20,202429,0.0
US-NE,31,2024-07-27,202430,0.0
US-NE,31,2024-08-03,202431,0.0
US-NE,31,2024-08-10,202432,0.0
US-NE,31,2024-08-17,202433,0.0
US-NE,31,2024-08-24,202434,1.0
US-NE,31,2024-08-31,202435,1.0
US-NE,31,2024-09-07,202436,0.0
US-NE,31,2024-09-14,202437,0.0
US-NE,31,2024-09-21,202438,1.0
US-NE,31,2024-09-28,202439,1.0
US-NE,31,2024-10-05,202440,0.0
US-NE,31,2024-10-12,202441,0.0
US-NE,31,2024-10-19,202442,0.0
US-NE,31,2024-10-26,202443,1.0
US-NE,31,2024-11-02,202444,2.0
US-NE,31,2024-11-09,202445,4.0
US-NE,31,2024-11-16,202446,6.0
US-NE,31,2024-11-23,202447,5.0
US-NE,31,2024-11-30,202448,11.0
US-NE,31,2024-12-07,202449,13.0
US-NE,31,2024-12-14,202450,19.0
US-NE,31,2024-12-21,202451,78.0
US-NE,31,2024-12-28,202452,131.0
US-NE,31,2025-01-04,202501,211.0
US-NE,31,2025-01-11,202502,171.0
US-NE,31,2025-01-18,202503,128.0
US-NE,31,2025-01-25,202504,182.0
US-NE,31,2025-02-01,202505,308.0
US-NE,31,2025-02-08,202506,319.0
US-NE,31,2025-02-15,202507,311.0
US-NE,31,2025-02-22,202508,297.0
US-NE,31,2025-03-01,202509,197.0
US-NE,31,2025-03-08,202510,153.0
US-NE,31,2025-03-15,202511,80.0
US-NE,31,2025-03-22,202512,58.0
US-NE,31,2025-03-29,202513,37.0
US-NE,31,2025-04-05,202514,14.0
US-NE,31,2025-04-12,202515,16.0
US-NE,31,2025-04-19,202516,13.0
US-NE,31,2025-04-26,202517,12.0
US-NE,31,2025-05-03,202518,3.0
US-NE,31,2025-05-10,202519,10.0
US-NE,31,2025-05-17,202520,5.0
US-NE,31,2025-05-24,202521,2.0
US-NE,31,2025-05-31,202522,2.0
US-NE,31,2025-06-07,202523,4.0
US-NE,31,2025-06-14,202524,0.0
US-NE,31,2025-06-21,202525,0.0
US-NE,31,2025-06-28,202526,0.0
US-NE,31,2025-07-05,202527,1.0
US-NE,31,2025-07-12,202528,1.0
US-NE,31,2025-07-19,202529,2.0
US-NE,31,2025-07-26,202530,2.0
US-NE,31,2025-08-02,202531,1.0
US-NE,31,2025-08-09,202532,0.0
US-NE,31,2025-08-16,202533,1.0
US-NE,31,2025-08-23,202534,2.0
US-NE,31,2025-08-30,202535,5.0
US-NE,31,2025-09-06,202536,3.0
US-NE,31,2025-09-13,202537,3.0
US-NE,31,2025-09-20,202538,3.0
US-NE,31,2025-09-27,202539,3.0
US-NE,31,2025-10-04,202540,1.0
US-NE,31,2025-10-11,202541,5.0
US-NE,31,2025-10-18,202542,0.0
US-NE,31,2025-10-25,202543,3.0
US-NE,31,2025-11-01,202544,1.0
US-NE,31,2025-11-08,202545,2.0
US-NE,31,2025-11-15,202546,1.0
US-NV,32,2024-01-06,202401,143.0
US-NV,32,2024-01-13,202402,145.0
US-NV,32,2024-01-20,202403,78.0
US-NV,32,2024-01-27,202404,67.0
US-NV,32,2024-02-03,202405,58.0
US-NV,32,2024-02-10,202406,35.0
US-NV,32,2024-02-17,202407,51.0
US-NV,32,2024-02-24,202408,43.0
US-NV,32,2024-03-02,202409,49.0
US-NV,32,2024-03-09,202410,43.0
US-NV,32,2024-03-16,202411,30.0
US-NV,32,2024-03-23,202412,39.0
US-NV,32,2024-03-30,202413,26.0
US-NV,32,2024-04-06,202414,35.0
US-NV,32,2024-04-13,202415,23.0
US-NV,32,2024-04-20,202416,26.0
US-NV,32,2024-04-27,202417,21.0
US-NV,32,2024-05-04,202418,10.0
US-NV,32,2024-05-11,202419,1.0
US-NV,32,2024-05-18,202420,2.0
US-NV,32,2024-05-25,202421,0.0
US-NV,32,2024-06-01,202422,1.0
US-NV,32,2024-06-08,202423,0.0
US-NV,32,2024-06-15,202424,0.0
US-NV,32,2024-06-22,202425,1.0
US-NV,32,2024-06-29,202426,1.0
US-NV,32,2024-07-06,202427,1.0
US-NV,32,2024-07-13,202428,0.0
US-NV,32,2024-07-20,202429,0.0
US-NV,32,2024-07-27,202430,0.0
US-NV,32,2024-08-03,202431,0.0
US-NV,32,2024-08-10,202432,0.0
US-NV,32,2024-08-17,202433,0.0
US-NV,32,2024-08-24,202434,0.0
US-NV,32,2024-08-31,202435,0.0
US-NV,32,2024-09-07,202436,0.0
US-NV,32,2024-09-14,202437,0.0
US-NV,32,2024-09-21,202438,0.0
US-NV,32,2024-09-28,202439,1.0
US-NV,32,2024-10-05,202440,1.0
US-NV,32,2024-10-12,202441,0.0
US-NV,32,2024-10-19,202442,5.0
US-NV,32,2024-10-26,202443,5.0
US-NV,32,2024-11-02,202444,11.0
US-NV,32,2024-11-09,202445,25.0
US-NV,32,2024-11-16,202446,43.0
US-NV,32,2024-11-23,202447,48.0
US-NV,32,2024-11-30,202448,61.0
US-NV,32,2024-12-07,202449,81.0
US-NV,32,2024-12-14,202450,113.0
US-NV,32,2024-12-21,202451,208.0
US-NV,32,2024-12-28,202452,255.0
US-NV,32,2025-01-04,202501,387.0
US-NV,32,2025-01-11,202502,260.0
US-NV,32,2025-01-18,202503,189.0
US-NV,32,2025-01-25,202504,196.0
US-NV,32,2025-02-01,202505,178.0
US-NV,32,2025-02-08,202506,222.0
US-NV,32,2025-02-15,202507,147.0
US-NV,32,2025-02-22,202508,123.0
US-NV,32,2025-03-01,202509,97.0
US-NV,32,2025-03-08,202510,79.0
US-NV,32,2025-03-15,202511,88.0
US-NV,32,2025-03-22,202512,81.0
US-NV,32,2025-03-29,202513,70.0
US-NV,32,2025-04-05,202514,41.0
US-NV,32,2025-04-12,202515,48.0
US-NV,32,2025-04-19,202516,41.0
US-NV,32,2025-04-26,202517,29.0
US-NV,32,2025-05-03,202518,19.0
US-NV,32,2025-05-10,202519,20.0
US-NV,32,2025-05-17,202520,16.0
US-NV,32,2025-05-24,202521,26.0
US-NV,32,2025-05-31,202522,15.0
US-NV,32,2025-06-07,202523,12.0
US-NV,32,2025-06-14,202524,16.0
US-NV,32,2025-06-21,202525,12.0
US-NV,32,2025-06-28,202526,10.0
US-NV,32,2025-07-05,202527,8.0
US-NV,32,2025-07-12,202528,4.0
US-NV,32,2025-07-19,202529,9.0
US-NV,32,2025-07-26,202530,6.0
US-NV,32,2025-08-02,202531,14.0
US-NV,32,2025-08-09,202532,4.0
US-NV,32,2025-08-16,202533,7.0
US-NV,32,2025-08-23,202534,3.0
US-NV,32,2025-08-30,202535,3.0
US-NV,32,2025-09-06,202536,5.0
US-NV,32,2025-09-13,202537,8.0
US-NV,32,2025-09-20,202538,9.0
US-NV,32,2025-09-27,202539,4.0
US-NV,32,2025-10-04,202540,5.0
US-NV,32,2025-10-11,202541,3.0
US-NV,32,2025-10-18,202542,10.0
US-NV,32,2025-10-25,202543,10.0
US-NV,32,2025-11-01,202544,6.0
US-NV,32,2025-11-08,202545,13.0
US-NV,32,2025-11-15,202546,17.0
US-NH,33,2024-01-06,202401,46.0
US-NH,33,2024-01-13,202402,47.0
US-NH,33,2024-01-20,202403,30.0
US-NH,33,2024-01-27,202404,24.0
US-NH,33,2024-02-03,202405,37.0
US-NH,33,2024-02-10,202406,43.0
US-NH,33,2024-02-17,202407,41.0
US-NH,33,2024-02-24,202408,33.0
US-NH,33,2024-03-02,202409,39.0
US-NH,33,2024-03-09,202410,33.0
US-NH,33,2024-03-16,202411,38.0
US-NH,33,2024-03-23,202412,25.0
US-NH,33,2024-03-30,202413,17.0
US-NH,33,2024-04-06,202414,16.0
US-NH,33,2024-04-13,202415,14.0
US-NH,33,2024-04-20,202416,12.0
US-NH,33,2024-04-27,202417,4.0
US-NH,33,2024-05-04,202418,3.0
US-NH,33,2024-05-11,202419,0.0
US-NH,33,2024-05-18,202420,0.0
US-NH,33,2024-05-25,202421,0.0
US-NH,33,2024-06-01,202422,0.0
US-NH,33,2024-06-08,202423,0.0
US-NH,33,2024-06-15,202424,0.0
US-NH,33,2024-06-22,202425,0.0
US-NH,33,2024-06-29,202426,0.0
US-NH,33,2024-07-06,202427,0.0
US-NH,33,2024-07-13,202428,0.0
US-NH,33,2024-07-20,202429,0.0
US-NH,33,2024-07-27,202430,0.0
US-NH,33,2024-08-03,202431,0.0
US-NH,33,2024-08-10,202432,0.0
US-NH,33,2024-08-17,202433,0.0
US-NH,33,2024-08-24,202434,0.0
US-NH,33,2024-08-31,202435,0.0
US-NH,33,2024-09-07,202436,0.0
US-NH,33,2024-09-14,202437,0.0
US-NH,33,2024-09-21,202438,0.0
US-NH,33,2024-09-28,202439,0.0
US-NH,33,2024-10-05,202440,0.0
US-NH,33,2024-10-12,202441,0.0
US-NH,33,2024-10-19,202442,0.0
US-NH,33,2024-10-26,202443,0.0
US-NH,33,2024-11-02,202444,1.0
US-NH,33,2024-11-09,202445,5.0
US-NH,33,2024-11-16,202446,6.0
US-NH,33,2024-11-23,202447,11.0
US-NH,33,2024-11-30,202448,14.0
US-NH,33,2024-12-07,202449,16.0
US-NH,33,2024-12-14,202450,22.0
US-NH,33,2024-12-21,202451,24.0
US-NH,33,2024-12-28,202452,53.0
US-NH,33,2025-01-04,202501,108.0
US-NH,33,2025-01-11,202502,90.0
US-NH,33,2025-01-18,202503,86.0
US-NH,33,2025-01-25,202504,144.0
US-NH,33,2025-02-01,202505,174.0
US-NH,33,2025-02-08,202506,203.0
US-NH,33,2025-02-15,202507,205.0
US-NH,33,2025-02-22,202508,212.0
US-NH,33,2025-03-01,202509,190.0
US-NH,33,2025-03-08,202510,145.0
US-NH,33,2025-03-15,202511,79.0
US-NH,33,2025-03-22,202512,53.0
US-NH,33,2025-03-29,202513,34.0
US-NH,33,2025-04-05,202514,17.0
US-NH,33,2025-04-12,202515,22.0
US-NH,33,2025-04-19,202516,22.0
US-NH,33,2025-04-26,202517,9.0
US-NH,33,2025-05-03,202518,6.0
US-NH,33,2025-05-10,202519,8.0
US-NH,33,2025-05-17,202520,3.0
US-NH,33,2025-05-24,202521,1.0
US-NH,33,2025-05-31,202522,3.0
US-NH,33,2025-06-07,202523,1.0
US-NH,33,2025-06-14,202524,2.0
US-NH,33,2025-06-21,202525,2.0
US-NH,33,2025-06-28,202526,0.0
US-NH,33,2025-07-05,202527,1.0
US-NH,33,2025-07-12,202528,3.0
US-NH,33,2025-07-19,202529,1.0
US-NH,33,2025-07-26,202530,3.0
US-NH,33,2025-08-02,202531,3.0
US-NH,33,2025-08-09,202532,3.0
US-NH,33,2025-08-16,202533,5.0
US-NH,33,2025-08-23,202534,0.0
US-NH,33,2025-08-30,202535,2.0
US-NH,33,2025-09-06,202536,0.0
US-NH,33,2025-09-13,202537,0.0
US-NH,33,2025-09-20,202538,1.0
US-NH,33,2025-09-27,202539,0.0
US-NH,33,2025-10-04,202540,4.0
US-NH,33,2025-10-11,202541,4.0
US-NH,33,2025-10-18,202542,2.0
US-NH,33,2025-10-25,202543,0.0
US-NH,33,2025-11-01,202544,2.0
US-NH,33,2025-11-08,202545,0.0
US-NH,33,2025-11-15,202546,4.0
US-NJ,34,2024-01-06,202401,667.0
US-NJ,34,2024-01-13,202402,570.0
US-NJ,34,2024-01-20,202403,441.0
US-NJ,34,2024-01-27,202404,345.0
US-NJ,34,2024-02-03,202405,331.0
US-NJ,34,2024-02-10,202406,323.0
US-NJ,34,2024-02-17,202407,370.0
US-NJ,34,2024-02-24,202408,297.0
US-NJ,34,2024-03-02,202409,343.0
US-NJ,34,2024-03-09,202410,272.0
US-NJ,34,2024-03-16,202411,218.0
US-NJ,34,2024-03-23,202412,180.0
US-NJ,34,2024-03-30,202413,188.0
US-NJ,34,2024-04-06,202414,168.0
US-NJ,34,2024-04-13,202415,130.0
US-NJ,34,2024-04-20,202416,110.0
US-NJ,34,2024-04-27,202417,89.0
US-NJ,34,2024-05-04,202418,81.0
US-NJ,34,2024-05-11,202419,47.0
US-NJ,34,2024-05-18,202420,32.0
US-NJ,34,2024-05-25,202421,37.0
US-NJ,34,2024-06-01,202422,26.0
US-NJ,34,2024-06-08,202423,20.0
US-NJ,34,2024-06-15,202424,25.0
US-NJ,34,2024-06-22,202425,16.0
US-NJ,34,2024-06-29,202426,20.0
US-NJ,34,2024-07-06,202427,21.0
US-NJ,34,2024-07-13,202428,23.0
US-NJ,34,2024-07-20,202429,17.0
US-NJ,34,2024-07-27,202430,17.0
US-NJ,34,2024-08-03,202431,12.0
US-NJ,34,2024-08-10,202432,15.0
US-NJ,34,2024-08-17,202433,10.0
US-NJ,34,2024-08-24,202434,12.0
US-NJ,34,2024-08-31,202435,7.0
US-NJ,34,2024-09-07,202436,12.0
US-NJ,34,2024-09-14,202437,21.0
US-NJ,34,2024-09-21,202438,27.0
US-NJ,34,2024-09-28,202439,8.0
US-NJ,34,2024-10-05,202440,17.0
US-NJ,34,2024-10-12,202441,0.0
US-NJ,34,2024-10-19,202442,0.0
US-NJ,34,2024-10-26,202443,2.0
US-NJ,34,2024-11-02,202444,28.0
US-NJ,34,2024-11-09,202445,30.0
US-NJ,34,2024-11-16,202446,37.0
US-NJ,34,2024-11-23,202447,47.0
US-NJ,34,2024-11-30,202448,67.0
US-NJ,34,2024-12-07,202449,109.0
US-NJ,34,2024-12-14,202450,174.0
US-NJ,34,2024-12-21,202451,335.0
US-NJ,34,2024-12-28,202452,723.0
US-NJ,34,2025-01-04,202501,1326.0
US-NJ,34,2025-01-11,202502,1074.0
US-NJ,34,2025-01-18,202503,1259.0
US-NJ,34,2025-01-25,202504,1591.0
US-NJ,34,2025-02-01,202505,1794.0
US-NJ,34,2025-02-08,202506,1888.0
US-NJ,34,2025-02-15,202507,1517.0
US-NJ,34,2025-02-22,202508,1205.0
US-NJ,34,2025-03-01,202509,938.0
US-NJ,34,2025-03-08,202510,630.0
US-NJ,34,2025-03-15,202511,465.0
US-NJ,34,2025-03-22,202512,345.0
US-NJ,34,2025-03-29,202513,282.0
US-NJ,34,2025-04-05,202514,248.0
US-NJ,34,2025-04-12,202515,161.0
US-NJ,34,2025-04-19,202516,137.0
US-NJ,34,2025-04-26,202517,72.0
US-NJ,34,2025-05-03,202518,70.0
US-NJ,34,2025-05-10,202519,40.0
US-NJ,34,2025-05-17,202520,43.0
US-NJ,34,2025-05-24,202521,25.0
US-NJ,34,2025-05-31,202522,30.0
US-NJ,34,2025-06-07,202523,26.0
US-NJ,34,2025-06-14,202524,24.0
US-NJ,34,2025-06-21,202525,20.0
US-NJ,34,2025-06-28,202526,25.0
US-NJ,34,2025-07-05,202527,23.0
US-NJ,34,2025-07-12,202528,18.0
US-NJ,34,2025-07-19,202529,13.0
US-NJ,34,2025-07-26,202530,10.0
US-NJ,34,2025-08-02,202531,7.0
US-NJ,34,2025-08-09,202532,9.0
US-NJ,34,2025-08-16,202533,12.0
US-NJ,34,2025-08-23,202534,11.0
US-NJ,34,2025-08-30,202535,10.0
US-NJ,34,2025-09-06,202536,14.0
US-NJ,34,2025-09-13,202537,10.0
US-NJ,34,2025-09-20,202538,11.0
US-NJ,34,2025-09-27,202539,19.0
US-NJ,34,2025-10-04,202540,16.0
US-NJ,34,2025-10-11,202541,14.0
US-NJ,34,2025-10-18,202542,30.0
US-NJ,34,2025-10-25,202543,26.0
US-NJ,34,2025-11-01,202544,35.0
US-NJ,34,2025-11-08,202545,47.0
US-NJ,34,2025-11-15,202546,56.0
US-NM,35,2024-01-06,202401,229.0
US-NM,35,2024-01-13,202402,149.0
US-NM,35,2024-01-20,202403,113.0
US-NM,35,2024-01-27,202404,102.0
US-NM,35,2024-02-03,202405,76.0
US-NM,35,2024-02-10,202406,78.0
US-NM,35,2024-02-17,202407,73.0
US-NM,35,2024-02-24,202408,59.0
US-NM,35,2024-03-02,202409,61.0
US-NM,35,2024-03-09,202410,77.0
US-NM,35,2024-03-16,202411,45.0
US-NM,35,2024-03-23,202412,57.0
US-NM,35,2024-03-30,202413,36.0
US-NM,35,2024-04-06,202414,41.0
US-NM,35,2024-04-13,202415,19.0
US-NM,35,2024-04-20,202416,15.0
US-NM,35,2024-04-27,202417,20.0
US-NM,35,2024-05-04,202418,11.0
US-NM,35,2024-05-11,202419,16.0
US-NM,35,2024-05-18,202420,13.0
US-NM,35,2024-05-25,202421,8.0
US-NM,35,2024-06-01,202422,9.0
US-NM,35,2024-06-08,202423,5.0
US-NM,35,2024-06-15,202424,0.0
US-NM,35,2024-06-22,202425,0.0
US-NM,35,2024-06-29,202426,0.0
US-NM,35,2024-07-06,202427,1.0
US-NM,35,2024-07-13,202428,0.0
US-NM,35,2024-07-20,202429,0.0
US-NM,35,2024-07-27,202430,0.0
US-NM,35,2024-08-03,202431,0.0
US-NM,35,2024-08-10,202432,0.0
US-NM,35,2024-08-17,202433,0.0
US-NM,35,2024-08-24,202434,1.0
US-NM,35,2024-08-31,202435,1.0
US-NM,35,2024-09-07,202436,0.0
US-NM,35,2024-09-14,202437,0.0
US-NM,35,2024-09-21,202438,0.0
US-NM,35,2024-09-28,202439,0.0
US-NM,35,2024-10-05,202440,1.0
US-NM,35,2024-10-12,202441,2.0
US-NM,35,2024-10-19,202442,2.0
US-NM,35,2024-10-26,202443,15.0
US-NM,35,2024-11-02,202444,2.0
US-NM,35,2024-11-09,202445,16.0
US-NM,35,2024-11-16,202446,21.0
US-NM,35,2024-11-23,202447,29.0
US-NM,35,2024-11-30,202448,55.0
US-NM,35,2024-12-07,202449,103.0
US-NM,35,2024-12-14,202450,108.0
US-NM,35,2024-12-21,202451,207.0
US-NM,35,2024-12-28,202452,234.0
US-NM,35,2025-01-04,202501,320.0
US-NM,35,2025-01-11,202502,252.0
US-NM,35,2025-01-18,202503,251.0
US-NM,35,2025-01-25,202504,196.0
US-NM,35,2025-02-01,202505,214.0
US-NM,35,2025-02-08,202506,215.0
US-NM,35,2025-02-15,202507,248.0
US-NM,35,2025-02-22,202508,248.0
US-NM,35,2025-03-01,202509,184.0
US-NM,35,2025-03-08,202510,178.0
US-NM,35,2025-03-15,202511,146.0
US-NM,35,2025-03-22,202512,110.0
US-NM,35,2025-03-29,202513,90.0
US-NM,35,2025-04-05,202514,58.0
US-NM,35,2025-04-12,202515,37.0
US-NM,35,2025-04-19,202516,31.0
US-NM,35,2025-04-26,202517,42.0
US-NM,35,2025-05-03,202518,32.0
US-NM,35,2025-05-10,202519,25.0
US-NM,35,2025-05-17,202520,11.0
US-NM,35,2025-05-24,202521,14.0
US-NM,35,2025-05-31,202522,7.0
US-NM,35,2025-06-07,202523,10.0
US-NM,35,2025-06-14,202524,6.0
US-NM,35,2025-06-21,202525,8.0
US-NM,35,2025-06-28,202526,3.0
US-NM,35,2025-07-05,202527,4.0
US-NM,35,2025-07-12,202528,3.0
US-NM,35,2025-07-19,202529,3.0
US-NM,35,2025-07-26,202530,3.0
US-NM,35,2025-08-02,202531,1.0
US-NM,35,2025-08-09,202532,1.0
US-NM,35,2025-08-16,202533,1.0
US-NM,35,2025-08-23,202534,2.0
US-NM,35,2025-08-30,202535,1.0
US-NM,35,2025-09-06,202536,2.0
US-NM,35,2025-09-13,202537,1.0
US-NM,35,2025-09-20,202538,1.0
US-NM,35,2025-09-27,202539,3.0
US-NM,35,2025-10-04,202540,0.0
US-NM,35,2025-10-11,202541,6.0
US-NM,35,2025-10-18,202542,3.0
US-NM,35,2025-10-25,202543,5.0
US-NM,35,2025-11-01,202544,6.0
US-NM,35,2025-11-08,202545,7.0
US-NM,35,2025-11-15,202546,14.0
US-NY,36,2024-01-06,202401,1240.0
US-NY,36,2024-01-13,202402,1024.0
US-NY,36,2024-01-20,202403,851.0
US-NY,36,2024-01-27,202404,884.0
US-NY,36,2024-02-03,202405,764.0
US-NY,36,2024-02-10,202406,765.0
US-NY,36,2024-02-17,202407,780.0
US-NY,36,2024-02-24,202408,782.0
US-NY,36,2024-03-02,202409,764.0
US-NY,36,2024-03-09,202410,593.0
US-NY,36,2024-03-16,202411,411.0
US-NY,36,2024-03-23,202412,355.0
US-NY,36,2024-03-30,202413,391.0
US-NY,36,2024-04-06,202414,408.0
US-NY,36,2024-04-13,202415,365.0
US-NY,36,2024-04-20,202416,216.0
US-NY,36,2024-04-27,202417,164.0
US-NY,36,2024-05-04,202418,132.0
US-NY,36,2024-05-11,202419,52.0
US-NY,36,2024-05-18,202420,28.0
US-NY,36,2024-05-25,202421,20.0
US-NY,36,2024-06-01,202422,12.0
US-NY,36,2024-06-08,202423,10.0
US-NY,36,2024-06-15,202424,10.0
US-NY,36,2024-06-22,202425,7.0
US-NY,36,2024-06-29,202426,6.0
US-NY,36,2024-07-06,202427,4.0
US-NY,36,2024-07-13,202428,1.0
US-NY,36,2024-07-20,202429,14.0
US-NY,36,2024-07-27,202430,1.0
US-NY,36,2024-08-03,202431,0.0
US-NY,36,2024-08-10,202432,3.0
US-NY,36,2024-08-17,202433,1.0
US-NY,36,2024-08-24,202434,2.0
US-NY,36,2024-08-31,202435,0.0
US-NY,36,2024-09-07,202436,0.0
US-NY,36,2024-09-14,202437,2.0
US-NY,36,2024-09-21,202438,3.0
US-NY,36,2024-09-28,202439,5.0
US-NY,36,2024-10-05,202440,7.0
US-NY,36,2024-10-12,202441,0.0
US-NY,36,2024-10-19,202442,5.0
US-NY,36,2024-10-26,202443,8.0
US-NY,36,2024-11-02,202444,15.0
US-NY,36,2024-11-09,202445,55.0
US-NY,36,2024-11-16,202446,63.0
US-NY,36,2024-11-23,202447,103.0
US-NY,36,2024-11-30,202448,145.0
US-NY,36,2024-12-07,202449,275.0
US-NY,36,2024-12-14,202450,432.0
US-NY,36,2024-12-21,202451,736.0
US-NY,36,2024-12-28,202452,1528.0
US-NY,36,2025-01-04,202501,2594.0
US-NY,36,2025-01-11,202502,2249.0
US-NY,36,2025-01-18,202503,2617.0
US-NY,36,2025-01-25,202504,2931.0
US-NY,36,2025-02-01,202505,3128.0
US-NY,36,2025-02-08,202506,2945.0
US-NY,36,2025-02-15,202507,2499.0
US-NY,36,2025-02-22,202508,2040.0
US-NY,36,2025-03-01,202509,1631.0
US-NY,36,2025-03-08,202510,1282.0
US-NY,36,2025-03-15,202511,1111.0
US-NY,36,2025-03-22,202512,897.0
US-NY,36,2025-03-29,202513,612.0
US-NY,36,2025-04-05,202514,508.0
US-NY,36,2025-04-12,202515,396.0
US-NY,36,2025-04-19,202516,283.0
US-NY,36,2025-04-26,202517,209.0
US-NY,36,2025-05-03,202518,157.0
US-NY,36,2025-05-10,202519,105.0
US-NY,36,2025-05-17,202520,63.0
US-NY,36,2025-05-24,202521,50.0
US-NY,36,2025-05-31,202522,41.0
US-NY,36,2025-06-07,202523,27.0
US-NY,36,2025-06-14,202524,29.0
US-NY,36,2025-06-21,202525,27.0
US-NY,36,2025-06-28,202526,22.0
US-NY,36,2025-07-05,202527,22.0
US-NY,36,2025-07-12,202528,24.0
US-NY,36,2025-07-19,202529,19.0
US-NY,36,2025-07-26,202530,19.0
US-NY,36,2025-08-02,202531,13.0
US-NY,36,2025-08-09,202532,12.0
US-NY,36,2025-08-16,202533,14.0
US-NY,36,2025-08-23,202534,21.0
US-NY,36,2025-08-30,202535,17.0
US-NY,36,2025-09-06,202536,19.0
US-NY,36,2025-09-13,202537,15.0
US-NY,36,2025-09-20,202538,9.0
US-NY,36,2025-09-27,202539,27.0
US-NY,36,2025-10-04,202540,22.0
US-NY,36,2025-10-11,202541,23.0
US-NY,36,2025-10-18,202542,30.0
US-NY,36,2025-10-25,202543,31.0
US-NY,36,2025-11-01,202544,58.0
US-NY,36,2025-11-08,202545,76.0
US-NY,36,2025-11-15,202546,174.0
US-NC,37,2024-01-06,202401,779.0
US-NC,37,2024-01-13,202402,505.0
US-NC,37,2024-01-20,202403,310.0
US-NC,37,2024-01-27,202404,308.0
US-NC,37,2024-02-03,202405,255.0
US-NC,37,2024-02-10,202406,174.0
US-NC,37,2024-02-17,202407,179.0
US-NC,37,2024-02-24,202408,160.0
US-NC,37,2024-03-02,202409,160.0
US-NC,37,2024-03-09,202410,132.0
US-NC,37,2024-03-16,202411,94.0
US-NC,37,2024-03-23,202412,83.0
US-NC,37,2024-03-30,202413,88.0
US-NC,37,2024-04-06,202414,77.0
US-NC,37,2024-04-13,202415,55.0
US-NC,37,2024-04-20,202416,23.0
US-NC,37,2024-04-27,202417,13.0
US-NC,37,2024-05-04,202418,8.0
US-NC,37,2024-05-11,202419,0.0
US-NC,37,2024-05-18,202420,0.0
US-NC,37,2024-05-25,202421,0.0
US-NC,37,2024-06-01,202422,0.0
US-NC,37,2024-06-08,202423,0.0
US-NC,37,2024-06-15,202424,0.0
US-NC,37,2024-06-22,202425,0.0
US-NC,37,2024-06-29,202426,0.0
US-NC,37,2024-07-06,202427,1.0
US-NC,37,2024-07-13,202428,0.0
US-NC,37,2024-07-20,202429,2.0
US-NC,37,2024-07-27,202430,0.0
US-NC,37,2024-08-03,202431,0.0
US-NC,37,2024-08-10,202432,1.0
US-NC,37,2024-08-17,202433,0.0
US-NC,37,2024-08-24,202434,0.0
US-NC,37,2024-08-31,202435,0.0
US-NC,37,2024-09-07,202436,0.0
US-NC,37,2024-09-14,202437,0.0
US-NC,37,2024-09-21,202438,0.0
US-NC,37,2024-09-28,202439,0.0
US-NC,37,2024-10-05,202440,0.0
US-NC,37,2024-10-12,202441,77.0
US-NC,37,2024-10-19,202442,48.0
US-NC,37,2024-10-26,202443,47.0
US-NC,37,2024-11-02,202444,14.0
US-NC,37,2024-11-09,202445,27.0
US-NC,37,2024-11-16,202446,38.0
US-NC,37,2024-11-23,202447,31.0
US-NC,37,2024-11-30,202448,43.0
US-NC,37,2024-12-07,202449,65.0
US-NC,37,2024-12-14,202450,173.0
US-NC,37,2024-12-21,202451,292.0
US-NC,37,2024-12-28,202452,611.0
US-NC,37,2025-01-04,202501,942.0
US-NC,37,2025-01-11,202502,833.0
US-NC,37,2025-01-18,202503,1109.0
US-NC,37,2025-01-25,202504,1582.0
US-NC,37,2025-02-01,202505,2082.0
US-NC,37,2025-02-08,202506,2280.0
US-NC,37,2025-02-15,202507,1694.0
US-NC,37,2025-02-22,202508,1174.0
US-NC,37,2025-03-01,202509,918.0
US-NC,37,2025-03-08,202510,822.0
US-NC,37,2025-03-15,202511,667.0
US-NC,37,2025-03-22,202512,434.0
US-NC,37,2025-03-29,202513,301.0
US-NC,37,2025-04-05,202514,188.0
US-NC,37,2025-04-12,202515,98.0
US-NC,37,2025-04-19,202516,60.0
US-NC,37,2025-04-26,202517,50.0
US-NC,37,2025-05-03,202518,39.0
US-NC,37,2025-05-10,202519,28.0
US-NC,37,2025-05-17,202520,18.0
US-NC,37,2025-05-24,202521,19.0
US-NC,37,2025-05-31,202522,18.0
US-NC,37,2025-06-07,202523,25.0
US-NC,37,2025-06-14,202524,18.0
US-NC,37,2025-06-21,202525,22.0
US-NC,37,2025-06-28,202526,23.0
US-NC,37,2025-07-05,202527,15.0
US-NC,37,2025-07-12,202528,12.0
US-NC,37,2025-07-19,202529,12.0
US-NC,37,2025-07-26,202530,14.0
US-NC,37,2025-08-02,202531,12.0
US-NC,37,2025-08-09,202532,12.0
US-NC,37,2025-08-16,202533,11.0
US-NC,37,2025-08-23,202534,11.0
US-NC,37,2025-08-30,202535,11.0
US-NC,37,2025-09-06,202536,11.0
US-NC,37,2025-09-13,202537,7.0
US-NC,37,2025-09-20,202538,19.0
US-NC,37,2025-09-27,202539,19.0
US-NC,37,2025-10-04,202540,19.0
US-NC,37,2025-10-11,202541,22.0
US-NC,37,2025-10-18,202542,23.0
US-NC,37,2025-10-25,202543,22.0
US-NC,37,2025-11-01,202544,27.0
US-NC,37,2025-11-08,202545,43.0
US-NC,37,2025-11-15,202546,76.0
US-ND,38,2024-01-06,202401,52.0
US-ND,38,2024-01-13,202402,32.0
US-ND,38,2024-01-20,202403,41.0
US-ND,38,2024-01-27,202404,48.0
US-ND,38,2024-02-03,202405,40.0
US-ND,38,2024-02-10,202406,31.0
US-ND,38,2024-02-17,202407,29.0
US-ND,38,2024-02-24,202408,25.0
US-ND,38,2024-03-02,202409,22.0
US-ND,38,2024-03-09,202410,21.0
US-ND,38,2024-03-16,202411,29.0
US-ND,38,2024-03-23,202412,20.0
US-ND,38,2024-03-30,202413,31.0
US-ND,38,2024-04-06,202414,19.0
US-ND,38,2024-04-13,202415,18.0
US-ND,38,2024-04-20,202416,15.0
US-ND,38,2024-04-27,202417,7.0
US-ND,38,2024-05-04,202418,4.0
US-ND,38,2024-05-11,202419,0.0
US-ND,38,2024-05-18,202420,1.0
US-ND,38,2024-05-25,202421,0.0
US-ND,38,2024-06-01,202422,0.0
US-ND,38,2024-06-08,202423,0.0
US-ND,38,2024-06-15,202424,0.0
US-ND,38,2024-06-22,202425,1.0
US-ND,38,2024-06-29,202426,0.0
US-ND,38,2024-07-06,202427,0.0
US-ND,38,2024-07-13,202428,0.0
US-ND,38,2024-07-20,202429,0.0
US-ND,38,2024-07-27,202430,1.0
US-ND,38,2024-08-03,202431,0.0
US-ND,38,2024-08-10,202432,0.0
US-ND,38,2024-08-17,202433,0.0
US-ND,38,2024-08-24,202434,0.0
US-ND,38,2024-08-31,202435,0.0
US-ND,38,2024-09-07,202436,0.0
US-ND,38,2024-09-14,202437,0.0
US-ND,38,2024-09-21,202438,0.0
US-ND,38,2024-09-28,202439,1.0
US-ND,38,2024-10-05,202440,0.0
US-ND,38,2024-10-12,202441,1.0
US-ND,38,2024-10-19,202442,0.0
US-ND,38,2024-10-26,202443,0.0
US-ND,38,2024-11-02,202444,2.0
US-ND,38,2024-11-09,202445,0.0
US-ND,38,2024-11-16,202446,1.0
US-ND,38,2024-11-23,202447,3.0
US-ND,38,2024-11-30,202448,1.0
US-ND,38,2024-12-07,202449,2.0
US-ND,38,2024-12-14,202450,5.0
US-ND,38,2024-12-21,202451,8.0
US-ND,38,2024-12-28,202452,22.0
US-ND,38,2025-01-04,202501,56.0
US-ND,38,2025-01-11,202502,38.0
US-ND,38,2025-01-18,202503,61.0
US-ND,38,2025-01-25,202504,89.0
US-ND,38,2025-02-01,202505,104.0
US-ND,38,2025-02-08,202506,127.0
US-ND,38,2025-02-15,202507,85.0
US-ND,38,2025-02-22,202508,65.0
US-ND,38,2025-03-01,202509,47.0
US-ND,38,2025-03-08,202510,32.0
US-ND,38,2025-03-15,202511,36.0
US-ND,38,2025-03-22,202512,24.0
US-ND,38,2025-03-29,202513,25.0
US-ND,38,2025-04-05,202514,14.0
US-ND,38,2025-04-12,202515,12.0
US-ND,38,2025-04-19,202516,14.0
US-ND,38,2025-04-26,202517,11.0
US-ND,38,2025-05-03,202518,9.0
US-ND,38,2025-05-10,202519,5.0
US-ND,38,2025-05-17,202520,7.0
US-ND,38,2025-05-24,202521,3.0
US-ND,38,2025-05-31,202522,1.0
US-ND,38,2025-06-07,202523,5.0
US-ND,38,2025-06-14,202524,4.0
US-ND,38,2025-06-21,202525,3.0
US-ND,38,2025-06-28,202526,1.0
US-ND,38,2025-07-05,202527,4.0
US-ND,38,2025-07-12,202528,0.0
US-ND,38,2025-07-19,202529,1.0
US-ND,38,2025-07-26,202530,0.0
US-ND,38,2025-08-02,202531,2.0
US-ND,38,2025-08-09,202532,4.0
US-ND,38,2025-08-16,202533,3.0
US-ND,38,2025-08-23,202534,0.0
US-ND,38,2025-08-30,202535,1.0
US-ND,38,2025-09-06,202536,2.0
US-ND,38,2025-09-13,202537,4.0
US-ND,38,2025-09-20,202538,2.0
US-ND,38,2025-09-27,202539,0.0
US-ND,38,2025-10-04,202540,3.0
US-ND,38,2025-10-11,202541,3.0
US-ND,38,2025-10-18,202542,1.0
US-ND,38,2025-10-25,202543,2.0
US-ND,38,2025-11-01,202544,2.0
US-ND,38,2025-11-08,202545,5.0
US-ND,38,2025-11-15,202546,1.0
US-OH,39,2024-01-06,202401,562.0
US-OH,39,2024-01-13,202402,542.0
US-OH,39,2024-01-20,202403,505.0
US-OH,39,2024-01-27,202404,590.0
US-OH,39,2024-02-03,202405,590.0
US-OH,39,2024-02-10,202406,602.0
US-OH,39,2024-02-17,202407,609.0
US-OH,39,2024-02-24,202408,655.0
US-OH,39,2024-03-02,202409,637.0
US-OH,39,2024-03-09,202410,622.0
US-OH,39,2024-03-16,202411,357.0
US-OH,39,2024-03-23,202412,299.0
US-OH,39,2024-03-30,202413,242.0
US-OH,39,2024-04-06,202414,264.0
US-OH,39,2024-04-13,202415,193.0
US-OH,39,2024-04-20,202416,110.0
US-OH,39,2024-04-27,202417,78.0
US-OH,39,2024-05-04,202418,46.0
US-OH,39,2024-05-11,202419,9.0
US-OH,39,2024-05-18,202420,12.0
US-OH,39,2024-05-25,202421,11.0
US-OH,39,2024-06-01,202422,5.0
US-OH,39,2024-06-08,202423,3.0
US-OH,39,2024-06-15,202424,2.0
US-OH,39,2024-06-22,202425,6.0
US-OH,39,2024-06-29,202426,2.0
US-OH,39,2024-07-06,202427,6.0
US-OH,39,2024-07-13,202428,2.0
US-OH,39,2024-07-20,202429,3.0
US-OH,39,2024-07-27,202430,2.0
US-OH,39,2024-08-03,202431,2.0
US-OH,39,2024-08-10,202432,4.0
US-OH,39,2024-08-17,202433,5.0
US-OH,39,2024-08-24,202434,3.0
US-OH,39,2024-08-31,202435,1.0
US-OH,39,2024-09-07,202436,2.0
US-OH,39,2024-09-14,202437,4.0
US-OH,39,2024-09-21,202438,3.0
US-OH,39,2024-09-28,202439,1.0
US-OH,39,2024-10-05,202440,0.0
US-OH,39,2024-10-12,202441,1.0
US-OH,39,2024-10-19,202442,10.0
US-OH,39,2024-10-26,202443,229.0
US-OH,39,2024-11-02,202444,15.0
US-OH,39,2024-11-09,202445,22.0
US-OH,39,2024-11-16,202446,38.0
US-OH,39,2024-11-23,202447,40.0
US-OH,39,2024-11-30,202448,53.0
US-OH,39,2024-12-07,202449,90.0
US-OH,39,2024-12-14,202450,151.0
US-OH,39,2024-12-21,202451,304.0
US-OH,39,2024-12-28,202452,719.0
US-OH,39,2025-01-04,202501,1302.0
US-OH,39,2025-01-11,202502,1043.0
US-OH,39,2025-01-18,202503,1146.0
US-OH,39,2025-01-25,202504,1727.0
US-OH,39,2025-02-01,202505,2510.0
US-OH,39,2025-02-08,202506,3253.0
US-OH,39,2025-02-15,202507,3686.0
US-OH,39,2025-02-22,202508,3240.0
US-OH,39,2025-03-01,202509,2594.0
US-OH,39,2025-03-08,202510,1882.0
US-OH,39,2025-03-15,202511,1352.0
US-OH,39,2025-03-22,202512,788.0
US-OH,39,2025-03-29,202513,451.0
US-OH,39,2025-04-05,202514,269.0
US-OH,39,2025-04-12,202515,166.0
US-OH,39,2025-04-19,202516,107.0
US-OH,39,2025-04-26,202517,87.0
US-OH,39,2025-05-03,202518,45.0
US-OH,39,2025-05-10,202519,32.0
US-OH,39,2025-05-17,202520,25.0
US-OH,39,2025-05-24,202521,20.0
US-OH,39,2025-05-31,202522,19.0
US-OH,39,2025-06-07,202523,20.0
US-OH,39,2025-06-14,202524,15.0
US-OH,39,2025-06-21,202525,16.0
US-OH,39,2025-06-28,202526,14.0
US-OH,39,2025-07-05,202527,18.0
US-OH,39,2025-07-12,202528,11.0
US-OH,39,2025-07-19,202529,15.0
US-OH,39,2025-07-26,202530,19.0
US-OH,39,2025-08-02,202531,16.0
US-OH,39,2025-08-09,202532,2.0
US-OH,39,2025-08-16,202533,5.0
US-OH,39,2025-08-23,202534,10.0
US-OH,39,2025-08-30,202535,10.0
US-OH,39,2025-09-06,202536,6.0
US-OH,39,2025-09-13,202537,16.0
US-OH,39,2025-09-20,202538,14.0
US-OH,39,2025-09-27,202539,13.0
US-OH,39,2025-10-04,202540,17.0
US-OH,39,2025-10-11,202541,13.0
US-OH,39,2025-10-18,202542,13.0
US-OH,39,2025-10-25,202543,15.0
US-OH,39,2025-11-01,202544,22.0
US-OH,39,2025-11-08,202545,42.0
US-OH,39,2025-11-15,202546,46.0
US-OK,40,2024-01-06,202401,172.0
US-OK,40,2024-01-13,202402,209.0
US-OK,40,2024-01-20,202403,252.0
US-OK,40,2024-01-27,202404,346.0
US-OK,40,2024-02-03,202405,419.0
US-OK,40,2024-02-10,202406,463.0
US-OK,40,2024-02-17,202407,387.0
US-OK,40,2024-02-24,202408,169.0
US-OK,40,2024-03-02,202409,177.0
US-OK,40,2024-03-09,202410,180.0
US-OK,40,2024-03-16,202411,139.0
US-OK,40,2024-03-23,202412,93.0
US-OK,40,2024-03-30,202413,91.0
US-OK,40,2024-04-06,202414,63.0
US-OK,40,2024-04-13,202415,35.0
US-OK,40,2024-04-20,202416,30.0
US-OK,40,2024-04-27,202417,36.0
US-OK,40,2024-05-04,202418,16.0
US-OK,40,2024-05-11,202419,9.0
US-OK,40,2024-05-18,202420,5.0
US-OK,40,2024-05-25,202421,6.0
US-OK,40,2024-06-01,202422,2.0
US-OK,40,2024-06-08,202423,1.0
US-OK,40,2024-06-15,202424,1.0
US-OK,40,2024-06-22,202425,1.0
US-OK,40,2024-06-29,202426,0.0
US-OK,40,2024-07-06,202427,2.0
US-OK,40,2024-07-13,202428,0.0
US-OK,40,2024-07-20,202429,6.0
US-OK,40,2024-07-27,202430,0.0
US-OK,40,2024-08-03,202431,1.0
US-OK,40,2024-08-10,202432,1.0
US-OK,40,2024-08-17,202433,0.0
US-OK,40,2024-08-24,202434,0.0
US-OK,40,2024-08-31,202435,1.0
US-OK,40,2024-09-07,202436,0.0
US-OK,40,2024-09-14,202437,1.0
US-OK,40,2024-09-21,202438,5.0
US-OK,40,2024-09-28,202439,5.0
US-OK,40,2024-10-05,202440,0.0
US-OK,40,2024-10-12,202441,0.0
US-OK,40,2024-10-19,202442,0.0
US-OK,40,2024-10-26,202443,4.0
US-OK,40,2024-11-02,202444,3.0
US-OK,40,2024-11-09,202445,13.0
US-OK,40,2024-11-16,202446,13.0
US-OK,40,2024-11-23,202447,14.0
US-OK,40,2024-11-30,202448,40.0
US-OK,40,2024-12-07,202449,40.0
US-OK,40,2024-12-14,202450,56.0
US-OK,40,2024-12-21,202451,106.0
US-OK,40,2024-12-28,202452,282.0
US-OK,40,2025-01-04,202501,404.0
US-OK,40,2025-01-11,202502,285.0
US-OK,40,2025-01-18,202503,439.0
US-OK,40,2025-01-25,202504,692.0
US-OK,40,2025-02-01,202505,1114.0
US-OK,40,2025-02-08,202506,1076.0
US-OK,40,2025-02-15,202507,787.0
US-OK,40,2025-02-22,202508,500.0
US-OK,40,2025-03-01,202509,334.0
US-OK,40,2025-03-08,202510,236.0
US-OK,40,2025-03-15,202511,143.0
US-OK,40,2025-03-22,202512,86.0
US-OK,40,2025-03-29,202513,75.0
US-OK,40,2025-04-05,202514,40.0
US-OK,40,2025-04-12,202515,20.0
US-OK,40,2025-04-19,202516,21.0
US-OK,40,2025-04-26,202517,17.0
US-OK,40,2025-05-03,202518,16.0
US-OK,40,2025-05-10,202519,13.0
US-OK,40,2025-05-17,202520,19.0
US-OK,40,2025-05-24,202521,13.0
US-OK,40,2025-05-31,202522,8.0
US-OK,40,2025-06-07,202523,12.0
US-OK,40,2025-06-14,202524,12.0
US-OK,40,2025-06-21,202525,11.0
US-OK,40,2025-06-28,202526,14.0
US-OK,40,2025-07-05,202527,8.0
US-OK,40,2025-07-12,202528,2.0
US-OK,40,2025-07-19,202529,4.0
US-OK,40,2025-07-26,202530,10.0
US-OK,40,2025-08-02,202531,5.0
US-OK,40,2025-08-09,202532,7.0
US-OK,40,2025-08-16,202533,5.0
US-OK,40,2025-08-23,202534,11.0
US-OK,40,2025-08-30,202535,4.0
US-OK,40,2025-09-06,202536,13.0
US-OK,40,2025-09-13,202537,9.0
US-OK,40,2025-09-20,202538,8.0
US-OK,40,2025-09-27,202539,9.0
US-OK,40,2025-10-04,202540,18.0
US-OK,40,2025-10-11,202541,8.0
US-OK,40,2025-10-18,202542,7.0
US-OK,40,2025-10-25,202543,18.0
US-OK,40,2025-11-01,202544,12.0
US-OK,40,2025-11-08,202545,17.0
US-OK,40,2025-11-15,202546,8.0
US-OR,41,2024-01-06,202401,142.0
US-OR,41,2024-01-13,202402,115.0
US-OR,41,2024-01-20,202403,85.0
US-OR,41,2024-01-27,202404,98.0
US-OR,41,2024-02-03,202405,84.0
US-OR,41,2024-02-10,202406,87.0
US-OR,41,2024-02-17,202407,65.0
US-OR,41,2024-02-24,202408,89.0
US-OR,41,2024-03-02,202409,76.0
US-OR,41,2024-03-09,202410,79.0
US-OR,41,2024-03-16,202411,68.0
US-OR,41,2024-03-23,202412,97.0
US-OR,41,2024-03-30,202413,64.0
US-OR,41,2024-04-06,202414,51.0
US-OR,41,2024-04-13,202415,33.0
US-OR,41,2024-04-20,202416,32.0
US-OR,41,2024-04-27,202417,30.0
US-OR,41,2024-05-04,202418,17.0
US-OR,41,2024-05-11,202419,18.0
US-OR,41,2024-05-18,202420,21.0
US-OR,41,2024-05-25,202421,14.0
US-OR,41,2024-06-01,202422,17.0
US-OR,41,2024-06-08,202423,16.0
US-OR,41,2024-06-15,202424,6.0
US-OR,41,2024-06-22,202425,14.0
US-OR,41,2024-06-29,202426,2.0
US-OR,41,2024-07-06,202427,5.0
US-OR,41,2024-07-13,202428,5.0
US-OR,41,2024-07-20,202429,3.0
US-OR,41,2024-07-27,202430,1.0
US-OR,41,2024-08-03,202431,0.0
US-OR,41,2024-08-10,202432,2.0
US-OR,41,2024-08-17,202433,0.0
US-OR,41,2024-08-24,202434,2.0
US-OR,41,2024-08-31,202435,2.0
US-OR,41,2024-09-07,202436,4.0
US-OR,41,2024-09-14,202437,3.0
US-OR,41,2024-09-21,202438,2.0
US-OR,41,2024-09-28,202439,1.0
US-OR,41,2024-10-05,202440,0.0
US-OR,41,2024-10-12,202441,6.0
US-OR,41,2024-10-19,202442,4.0
US-OR,41,2024-10-26,202443,7.0
US-OR,41,2024-11-02,202444,7.0
US-OR,41,2024-11-09,202445,25.0
US-OR,41,2024-11-16,202446,36.0
US-OR,41,2024-11-23,202447,63.0
US-OR,41,2024-11-30,202448,83.0
US-OR,41,2024-12-07,202449,119.0
US-OR,41,2024-12-14,202450,242.0
US-OR,41,2024-12-21,202451,392.0
US-OR,41,2024-12-28,202452,558.0
US-OR,41,2025-01-04,202501,539.0
US-OR,41,2025-01-11,202502,321.0
US-OR,41,2025-01-18,202503,290.0
US-OR,41,2025-01-25,202504,277.0
US-OR,41,2025-02-01,202505,500.0
US-OR,41,2025-02-08,202506,566.0
US-OR,41,2025-02-15,202507,502.0
US-OR,41,2025-02-22,202508,486.0
US-OR,41,2025-03-01,202509,323.0
US-OR,41,2025-03-08,202510,208.0
US-OR,41,2025-03-15,202511,184.0
US-OR,41,2025-03-22,202512,126.0
US-OR,41,2025-03-29,202513,95.0
US-OR,41,2025-04-05,202514,85.0
US-OR,41,2025-04-12,202515,50.0
US-OR,41,2025-04-19,202516,43.0
US-OR,41,2025-04-26,202517,33.0
US-OR,41,2025-05-03,202518,36.0
US-OR,41,2025-05-10,202519,27.0
US-OR,41,2025-05-17,202520,19.0
US-OR,41,2025-05-24,202521,20.0
US-OR,41,2025-05-31,202522,14.0
US-OR,41,2025-06-07,202523,16.0
US-OR,41,2025-06-14,202524,17.0
US-OR,41,2025-06-21,202525,11.0
US-OR,41,2025-06-28,202526,12.0
US-OR,41,2025-07-05,202527,13.0
US-OR,41,2025-07-12,202528,7.0
US-OR,41,2025-07-19,202529,7.0
US-OR,41,2025-07-26,202530,9.0
US-OR,41,2025-08-02,202531,4.0
US-OR,41,2025-08-09,202532,4.0
US-OR,41,2025-08-16,202533,2.0
US-OR,41,2025-08-23,202534,5.0
US-OR,41,2025-08-30,202535,0.0
US-OR,41,2025-09-06,202536,3.0
US-OR,41,2025-09-13,202537,3.0
US-OR,41,2025-09-20,202538,1.0
US-OR,41,2025-09-27,202539,3.0
US-OR,41,2025-10-04,202540,3.0
US-OR,41,2025-10-11,202541,5.0
US-OR,41,2025-10-18,202542,5.0
US-OR,41,2025-10-25,202543,6.0
US-OR,41,2025-11-01,202544,4.0
US-OR,41,2025-11-08,202545,9.0
US-OR,41,2025-11-15,202546,7.0
US-PA,42,2024-01-06,202401,761.0
US-PA,42,2024-01-13,202402,577.0
US-PA,42,2024-01-20,202403,454.0
US-PA,42,2024-01-27,202404,405.0
US-PA,42,2024-02-03,202405,450.0
US-PA,42,2024-02-10,202406,425.0
US-PA,42,2024-02-17,202407,493.0
US-PA,42,2024-02-24,202408,493.0
US-PA,42,2024-03-02,202409,544.0
US-PA,42,2024-03-09,202410,511.0
US-PA,42,2024-03-16,202411,369.0
US-PA,42,2024-03-23,202412,345.0
US-PA,42,2024-03-30,202413,267.0
US-PA,42,2024-04-06,202414,256.0
US-PA,42,2024-04-13,202415,196.0
US-PA,42,2024-04-20,202416,146.0
US-PA,42,2024-04-27,202417,116.0
US-PA,42,2024-05-04,202418,95.0
US-PA,42,2024-05-11,202419,84.0
US-PA,42,2024-05-18,202420,92.0
US-PA,42,2024-05-25,202421,85.0
US-PA,42,2024-06-01,202422,79.0
US-PA,42,2024-06-08,202423,59.0
US-PA,42,2024-06-15,202424,80.0
US-PA,42,2024-06-22,202425,51.0
US-PA,42,2024-06-29,202426,47.0
US-PA,42,2024-07-06,202427,46.0
US-PA,42,2024-07-13,202428,58.0
US-PA,42,2024-07-20,202429,50.0
US-PA,42,2024-07-27,202430,59.0
US-PA,42,2024-08-03,202431,55.0
US-PA,42,2024-08-10,202432,44.0
US-PA,42,2024-08-17,202433,53.0
US-PA,42,2024-08-24,202434,55.0
US-PA,42,2024-08-31,202435,63.0
US-PA,42,2024-09-07,202436,43.0
US-PA,42,2024-09-14,202437,54.0
US-PA,42,2024-09-21,202438,83.0
US-PA,42,2024-09-28,202439,45.0
US-PA,42,2024-10-05,202440,61.0
US-PA,42,2024-10-12,202441,26.0
US-PA,42,2024-10-19,202442,6.0
US-PA,42,2024-10-26,202443,63.0
US-PA,42,2024-11-02,202444,104.0
US-PA,42,2024-11-09,202445,142.0
US-PA,42,2024-11-16,202446,111.0
US-PA,42,2024-11-23,202447,134.0
US-PA,42,2024-11-30,202448,116.0
US-PA,42,2024-12-07,202449,208.0
US-PA,42,2024-12-14,202450,349.0
US-PA,42,2024-12-21,202451,632.0
US-PA,42,2024-12-28,202452,1210.0
US-PA,42,2025-01-04,202501,2032.0
US-PA,42,2025-01-11,202502,2060.0
US-PA,42,2025-01-18,202503,2483.0
US-PA,42,2025-01-25,202504,3182.0
US-PA,42,2025-02-01,202505,3853.0
US-PA,42,2025-02-08,202506,4358.0
US-PA,42,2025-02-15,202507,4571.0
US-PA,42,2025-02-22,202508,3749.0
US-PA,42,2025-03-01,202509,3136.0
US-PA,42,2025-03-08,202510,2429.0
US-PA,42,2025-03-15,202511,1648.0
US-PA,42,2025-03-22,202512,1347.0
US-PA,42,2025-03-29,202513,959.0
US-PA,42,2025-04-05,202514,671.0
US-PA,42,2025-04-12,202515,479.0
US-PA,42,2025-04-19,202516,417.0
US-PA,42,2025-04-26,202517,474.0
US-PA,42,2025-05-03,202518,256.0
US-PA,42,2025-05-10,202519,262.0
US-PA,42,2025-05-17,202520,173.0
US-PA,42,2025-05-24,202521,172.0
US-PA,42,2025-05-31,202522,187.0
US-PA,42,2025-06-07,202523,162.0
US-PA,42,2025-06-14,202524,156.0
US-PA,42,2025-06-21,202525,153.0
US-PA,42,2025-06-28,202526,144.0
US-PA,42,2025-07-05,202527,104.0
US-PA,42,2025-07-12,202528,127.0
US-PA,42,2025-07-19,202529,106.0
US-PA,42,2025-07-26,202530,119.0
US-PA,42,2025-08-02,202531,92.0
US-PA,42,2025-08-09,202532,92.0
US-PA,42,2025-08-16,202533,105.0
US-PA,42,2025-08-23,202534,100.0
US-PA,42,2025-08-30,202535,93.0
US-PA,42,2025-09-06,202536,90.0
US-PA,42,2025-09-13,202537,120.0
US-PA,42,2025-09-20,202538,121.0
US-PA,42,2025-09-27,202539,119.0
US-PA,42,2025-10-04,202540,112.0
US-PA,42,2025-10-11,202541,119.0
US-PA,42,2025-10-18,202542,104.0
US-PA,42,2025-10-25,202543,132.0
US-PA,42,2025-11-01,202544,117.0
US-PA,42,2025-11-08,202545,113.0
US-PA,42,2025-11-15,202546,157.0
US-RI,44,2024-01-06,202401,48.0
US-RI,44,2024-01-13,202402,34.0
US-RI,44,2024-01-20,202403,34.0
US-RI,44,2024-01-27,202404,24.0
US-RI,44,2024-02-03,202405,17.0
US-RI,44,2024-02-10,202406,21.0
US-RI,44,2024-02-17,202407,29.0
US-RI,44,2024-02-24,202408,34.0
US-RI,44,2024-03-02,202409,27.0
US-RI,44,2024-03-09,202410,23.0
US-RI,44,2024-03-16,202411,21.0
US-RI,44,2024-03-23,202412,13.0
US-RI,44,2024-03-30,202413,14.0
US-RI,44,2024-04-06,202414,16.0
US-RI,44,2024-04-13,202415,14.0
US-RI,44,2024-04-20,202416,11.0
US-RI,44,2024-04-27,202417,7.0
US-RI,44,2024-05-04,202418,3.0
US-RI,44,2024-05-11,202419,4.0
US-RI,44,2024-05-18,202420,1.0
US-RI,44,2024-05-25,202421,1.0
US-RI,44,2024-06-01,202422,1.0
US-RI,44,2024-06-08,202423,0.0
US-RI,44,2024-06-15,202424,0.0
US-RI,44,2024-06-22,202425,0.0
US-RI,44,2024-06-29,202426,0.0
US-RI,44,2024-07-06,202427,1.0
US-RI,44,2024-07-13,202428,0.0
US-RI,44,2024-07-20,202429,0.0
US-RI,44,2024-07-27,202430,0.0
US-RI,44,2024-08-03,202431,0.0
US-RI,44,2024-08-10,202432,0.0
US-RI,44,2024-08-17,202433,0.0
US-RI,44,2024-08-24,202434,0.0
US-RI,44,2024-08-31,202435,0.0
US-RI,44,2024-09-07,202436,0.0
US-RI,44,2024-09-14,202437,0.0
US-RI,44,2024-09-21,202438,0.0
US-RI,44,2024-09-28,202439,0.0
US-RI,44,2024-10-05,202440,0.0
US-RI,44,2024-10-12,202441,0.0
US-RI,44,2024-10-19,202442,0.0
US-RI,44,2024-10-26,202443,0.0
US-RI,44,2024-11-02,202444,2.0
US-RI,44,2024-11-09,202445,3.0
US-RI,44,2024-11-16,202446,0.0
US-RI,44,2024-11-23,202447,2.0
US-RI,44,2024-11-30,202448,6.0
US-RI,44,2024-12-07,202449,10.0
US-RI,44,2024-12-14,202450,28.0
US-RI,44,2024-12-21,202451,29.0
US-RI,44,2024-12-28,202452,65.0
US-RI,44,2025-01-04,202501,93.0
US-RI,44,2025-01-11,202502,69.0
US-RI,44,2025-01-18,202503,107.0
US-RI,44,2025-01-25,202504,114.0
US-RI,44,2025-02-01,202505,173.0
US-RI,44,2025-02-08,202506,202.0
US-RI,44,2025-02-15,202507,180.0
US-RI,44,2025-02-22,202508,160.0
US-RI,44,2025-03-01,202509,107.0
US-RI,44,2025-03-08,202510,79.0
US-RI,44,2025-03-15,202511,68.0
US-RI,44,2025-03-22,202512,43.0
US-RI,44,2025-03-29,202513,26.0
US-RI,44,2025-04-05,202514,25.0
US-RI,44,2025-04-12,202515,22.0
US-RI,44,2025-04-19,202516,17.0
US-RI,44,2025-04-26,202517,4.0
US-RI,44,2025-05-03,202518,8.0
US-RI,44,2025-05-10,202519,3.0
US-RI,44,2025-05-17,202520,2.0
US-RI,44,2025-05-24,202521,2.0
US-RI,44,2025-05-31,202522,2.0
US-RI,44,2025-06-07,202523,3.0
US-RI,44,2025-06-14,202524,0.0
US-RI,44,2025-06-21,202525,0.0
US-RI,44,2025-06-28,202526,0.0
US-RI,44,2025-07-05,202527,0.0
US-RI,44,2025-07-12,202528,1.0
US-RI,44,2025-07-19,202529,0.0
US-RI,44,2025-07-26,202530,0.0
US-RI,44,2025-08-02,202531,1.0
US-RI,44,2025-08-09,202532,1.0
US-RI,44,2025-08-16,202533,1.0
US-RI,44,2025-08-23,202534,1.0
US-RI,44,2025-08-30,202535,0.0
US-RI,44,2025-09-06,202536,0.0
US-RI,44,2025-09-13,202537,0.0
US-RI,44,2025-09-20,202538,0.0
US-RI,44,2025-09-27,202539,2.0
US-RI,44,2025-10-04,202540,1.0
US-RI,44,2025-10-11,202541,2.0
US-RI,44,2025-10-18,202542,1.0
US-RI,44,2025-10-25,202543,0.0
US-RI,44,2025-11-01,202544,1.0
US-RI,44,2025-11-08,202545,4.0
US-RI,44,2025-11-15,202546,6.0
US-SC,45,2024-01-06,202401,473.0
US-SC,45,2024-01-13,202402,268.0
US-SC,45,2024-01-20,202403,197.0
US-SC,45,2024-01-27,202404,213.0
US-SC,45,2024-02-03,202405,175.0
US-SC,45,2024-02-10,202406,132.0
US-SC,45,2024-02-17,202407,130.0
US-SC,45,2024-02-24,202408,111.0
US-SC,45,2024-03-02,202409,107.0
US-SC,45,2024-03-09,202410,97.0
US-SC,45,2024-03-16,202411,74.0
US-SC,45,2024-03-23,202412,66.0
US-SC,45,2024-03-30,202413,63.0
US-SC,45,2024-04-06,202414,44.0
US-SC,45,2024-04-13,202415,64.0
US-SC,45,2024-04-20,202416,37.0
US-SC,45,2024-04-27,202417,30.0
US-SC,45,2024-05-04,202418,31.0
US-SC,45,2024-05-11,202419,21.0
US-SC,45,2024-05-18,202420,22.0
US-SC,45,2024-05-25,202421,18.0
US-SC,45,2024-06-01,202422,19.0
US-SC,45,2024-06-08,202423,28.0
US-SC,45,2024-06-15,202424,29.0
US-SC,45,2024-06-22,202425,20.0
US-SC,45,2024-06-29,202426,17.0
US-SC,45,2024-07-06,202427,19.0
US-SC,45,2024-07-13,202428,20.0
US-SC,45,2024-07-20,202429,15.0
US-SC,45,2024-07-27,202430,16.0
US-SC,45,2024-08-03,202431,22.0
US-SC,45,2024-08-10,202432,15.0
US-SC,45,2024-08-17,202433,16.0
US-SC,45,2024-08-24,202434,24.0
US-SC,45,2024-08-31,202435,3.0
US-SC,45,2024-09-07,202436,2.0
US-SC,45,2024-09-14,202437,2.0
US-SC,45,2024-09-21,202438,1.0
US-SC,45,2024-09-28,202439,2.0
US-SC,45,2024-10-05,202440,1.0
US-SC,45,2024-10-12,202441,0.0
US-SC,45,2024-10-19,202442,8.0
US-SC,45,2024-10-26,202443,8.0
US-SC,45,2024-11-02,202444,11.0
US-SC,45,2024-11-09,202445,21.0
US-SC,45,2024-11-16,202446,13.0
US-SC,45,2024-11-23,202447,13.0
US-SC,45,2024-11-30,202448,18.0
US-SC,45,2024-12-07,202449,40.0
US-SC,45,2024-12-14,202450,80.0
US-SC,45,2024-12-21,202451,160.0
US-SC,45,2024-12-28,202452,327.0
US-SC,45,2025-01-04,202501,520.0
US-SC,45,2025-01-11,202502,443.0
US-SC,45,2025-01-18,202503,642.0
US-SC,45,2025-01-25,202504,833.0
US-SC,45,2025-02-01,202505,1287.0
US-SC,45,2025-02-08,202506,1241.0
US-SC,45,2025-02-15,202507,690.0
US-SC,45,2025-02-22,202508,479.0
US-SC,45,2025-03-01,202509,446.0
US-SC,45,2025-03-08,202510,408.0
US-SC,45,2025-03-15,202511,269.0
US-SC,45,2025-03-22,202512,188.0
US-SC,45,2025-03-29,202513,137.0
US-SC,45,2025-04-05,202514,80.0
US-SC,45,2025-04-12,202515,43.0
US-SC,45,2025-04-19,202516,34.0
US-SC,45,2025-04-26,202517,33.0
US-SC,45,2025-05-03,202518,16.0
US-SC,45,2025-05-10,202519,13.0
US-SC,45,2025-05-17,202520,15.0
US-SC,45,2025-05-24,202521,17.0
US-SC,45,2025-05-31,202522,18.0
US-SC,45,2025-06-07,202523,9.0
US-SC,45,2025-06-14,202524,8.0
US-SC,45,2025-06-21,202525,10.0
US-SC,45,2025-06-28,202526,16.0
US-SC,45,2025-07-05,202527,11.0
US-SC,45,2025-07-12,202528,4.0
US-SC,45,2025-07-19,202529,3.0
US-SC,45,2025-07-26,202530,5.0
US-SC,45,2025-08-02,202531,6.0
US-SC,45,2025-08-09,202532,5.0
US-SC,45,2025-08-16,202533,2.0
US-SC,45,2025-08-23,202534,8.0
US-SC,45,2025-08-30,202535,11.0
US-SC,45,2025-09-06,202536,7.0
US-SC,45,2025-09-13,202537,15.0
US-SC,45,2025-09-20,202538,5.0
US-SC,45,2025-09-27,202539,19.0
US-SC,45,2025-10-04,202540,17.0
US-SC,45,2025-10-11,202541,19.0
US-SC,45,2025-10-18,202542,6.0
US-SC,45,2025-10-25,202543,6.0
US-SC,45,2025-11-01,202544,12.0
US-SC,45,2025-11-08,202545,16.0
US-SC,45,2025-11-15,202546,19.0
US-SD,46,2024-01-06,202401,54.0
US-SD,46,2024-01-13,202402,32.0
US-SD,46,2024-01-20,202403,16.0
US-SD,46,2024-01-27,202404,27.0
US-SD,46,2024-02-03,202405,23.0
US-SD,46,2024-02-10,202406,18.0
US-SD,46,2024-02-17,202407,26.0
US-SD,46,2024-02-24,202408,42.0
US-SD,46,2024-03-02,202409,46.0
US-SD,46,2024-03-09,202410,37.0
US-SD,46,2024-03-16,202411,43.0
US-SD,46,2024-03-23,202412,59.0
US-SD,46,2024-03-30,202413,33.0
US-SD,46,2024-04-06,202414,37.0
US-SD,46,2024-04-13,202415,14.0
US-SD,46,2024-04-20,202416,24.0
US-SD,46,2024-04-27,202417,14.0
US-SD,46,2024-05-04,202418,7.0
US-SD,46,2024-05-11,202419,1.0
US-SD,46,2024-05-18,202420,0.0
US-SD,46,2024-05-25,202421,1.0
US-SD,46,2024-06-01,202422,0.0
US-SD,46,2024-06-08,202423,0.0
US-SD,46,2024-06-15,202424,0.0
US-SD,46,2024-06-22,202425,0.0
US-SD,46,2024-06-29,202426,0.0
US-SD,46,2024-07-06,202427,0.0
US-SD,46,2024-07-13,202428,0.0
US-SD,46,2024-07-20,202429,0.0
US-SD,46,2024-07-27,202430,0.0
US-SD,46,2024-08-03,202431,0.0
US-SD,46,2024-08-10,202432,0.0
US-SD,46,2024-08-17,202433,1.0
US-SD,46,2024-08-24,202434,0.0
US-SD,46,2024-08-31,202435,1.0
US-SD,46,2024-09-07,202436,0.0
US-SD,46,2024-09-14,202437,1.0
US-SD,46,2024-09-21,202438,2.0
US-SD,46,2024-09-28,202439,0.0
US-SD,46,2024-10-05,202440,0.0
US-SD,46,2024-10-12,202441,1.0
US-SD,46,2024-10-19,202442,1.0
US-SD,46,2024-10-26,202443,2.0
US-SD,46,2024-11-02,202444,0.0
US-SD,46,2024-11-09,202445,2.0
US-SD,46,2024-11-16,202446,0.0
US-SD,46,2024-11-23,202447,0.0
US-SD,46,2024-11-30,202448,5.0
US-SD,46,2024-12-07,202449,1.0
US-SD,46,2024-12-14,202450,8.0
US-SD,46,2024-12-21,202451,14.0
US-SD,46,2024-12-28,202452,33.0
US-SD,46,2025-01-04,202501,47.0
US-SD,46,2025-01-11,202502,50.0
US-SD,46,2025-01-18,202503,55.0
US-SD,46,2025-01-25,202504,88.0
US-SD,46,2025-02-01,202505,139.0
US-SD,46,2025-02-08,202506,207.0
US-SD,46,2025-02-15,202507,183.0
US-SD,46,2025-02-22,202508,110.0
US-SD,46,2025-03-01,202509,89.0
US-SD,46,2025-03-08,202510,59.0
US-SD,46,2025-03-15,202511,26.0
US-SD,46,2025-03-22,202512,16.0
US-SD,46,2025-03-29,202513,11.0
US-SD,46,2025-04-05,202514,8.0
US-SD,46,2025-04-12,202515,7.0
US-SD,46,2025-04-19,202516,10.0
US-SD,46,2025-04-26,202517,8.0
US-SD,46,2025-05-03,202518,4.0
US-SD,46,2025-05-10,202519,1.0
US-SD,46,2025-05-17,202520,5.0
US-SD,46,2025-05-24,202521,7.0
US-SD,46,2025-05-31,202522,5.0
US-SD,46,2025-06-07,202523,3.0
US-SD,46,2025-06-14,202524,7.0
US-SD,46,2025-06-21,202525,6.0
US-SD,46,2025-06-28,202526,2.0
US-SD,46,2025-07-05,202527,1.0
US-SD,46,2025-07-12,202528,0.0
US-SD,46,2025-07-19,202529,0.0
US-SD,46,2025-07-26,202530,4.0
US-SD,46,2025-08-02,202531,2.0
US-SD,46,2025-08-09,202532,1.0
US-SD,46,2025-08-16,202533,1.0
US-SD,46,2025-08-23,202534,3.0
US-SD,46,2025-08-30,202535,2.0
US-SD,46,2025-09-06,202536,1.0
US-SD,46,2025-09-13,202537,2.0
US-SD,46,2025-09-20,202538,2.0
US-SD,46,2025-09-27,202539,1.0
US-SD,46,2025-10-04,202540,1.0
US-SD,46,2025-10-11,202541,2.0
US-SD,46,2025-10-18,202542,2.0
US-SD,46,2025-10-25,202543,2.0
US-SD,46,2025-11-01,202544,0.0
US-SD,46,2025-11-08,202545,0.0
US-SD,46,2025-11-15,202546,1.0
US-TN,47,2024-01-06,202401,474.0
US-TN,47,2024-01-13,202402,390.0
US-TN,47,2024-01-20,202403,350.0
US-TN,47,2024-01-27,202404,280.0
US-TN,47,2024-02-03,202405,223.0
US-TN,47,2024-02-10,202406,196.0
US-TN,47,2024-02-17,202407,195.0
US-TN,47,2024-02-24,202408,201.0
US-TN,47,2024-03-02,202409,236.0
US-TN,47,2024-03-09,202410,188.0
US-TN,47,2024-03-16,202411,129.0
US-TN,47,2024-03-23,202412,127.0
US-TN,47,2024-03-30,202413,84.0
US-TN,47,2024-04-06,202414,102.0
US-TN,47,2024-04-13,202415,77.0
US-TN,47,2024-04-20,202416,58.0
US-TN,47,2024-04-27,202417,51.0
US-TN,47,2024-05-04,202418,22.0
US-TN,47,2024-05-11,202419,17.0
US-TN,47,2024-05-18,202420,21.0
US-TN,47,2024-05-25,202421,20.0
US-TN,47,2024-06-01,202422,30.0
US-TN,47,2024-06-08,202423,17.0
US-TN,47,2024-06-15,202424,15.0
US-TN,47,2024-06-22,202425,12.0
US-TN,47,2024-06-29,202426,7.0
US-TN,47,2024-07-06,202427,10.0
US-TN,47,2024-07-13,202428,11.0
US-TN,47,2024-07-20,202429,10.0
US-TN,47,2024-07-27,202430,13.0
US-TN,47,2024-08-03,202431,9.0
US-TN,47,2024-08-10,202432,9.0
US-TN,47,2024-08-17,202433,9.0
US-TN,47,2024-08-24,202434,8.0
US-TN,47,2024-08-31,202435,11.0
US-TN,47,2024-09-07,202436,8.0
US-TN,47,2024-09-14,202437,6.0
US-TN,47,2024-09-21,202438,2.0
US-TN,47,2024-09-28,202439,5.0
US-TN,47,2024-10-05,202440,4.0
US-TN,47,2024-10-12,202441,2.0
US-TN,47,2024-10-19,202442,8.0
US-TN,47,2024-10-26,202443,31.0
US-TN,47,2024-11-02,202444,45.0
US-TN,47,2024-11-09,202445,96.0
US-TN,47,2024-11-16,202446,94.0
US-TN,47,2024-11-23,202447,59.0
US-TN,47,2024-11-30,202448,60.0
US-TN,47,2024-12-07,202449,115.0
US-TN,47,2024-12-14,202450,217.0
US-TN,47,2024-12-21,202451,372.0
US-TN,47,2024-12-28,202452,747.0
US-TN,47,2025-01-04,202501,1063.0
US-TN,47,2025-01-11,202502,684.0
US-TN,47,2025-01-18,202503,570.0
US-TN,47,2025-01-25,202504,646.0
US-TN,47,2025-02-01,202505,944.0
US-TN,47,2025-02-08,202506,1067.0
US-TN,47,2025-02-15,202507,699.0
US-TN,47,2025-02-22,202508,546.0
US-TN,47,2025-03-01,202509,526.0
US-TN,47,2025-03-08,202510,479.0
US-TN,47,2025-03-15,202511,461.0
US-TN,47,2025-03-22,202512,308.0
US-TN,47,2025-03-29,202513,219.0
US-TN,47,2025-04-05,202514,150.0
US-TN,47,2025-04-12,202515,100.0
US-TN,47,2025-04-19,202516,59.0
US-TN,47,2025-04-26,202517,65.0
US-TN,47,2025-05-03,202518,46.0
US-TN,47,2025-05-10,202519,32.0
US-TN,47,2025-05-17,202520,50.0
US-TN,47,2025-05-24,202521,36.0
US-TN,47,2025-05-31,202522,35.0
US-TN,47,2025-06-07,202523,35.0
US-TN,47,2025-06-14,202524,45.0
US-TN,47,2025-06-21,202525,33.0
US-TN,47,2025-06-28,202526,19.0
US-TN,47,2025-07-05,202527,13.0
US-TN,47,2025-07-12,202528,33.0
US-TN,47,2025-07-19,202529,34.0
US-TN,47,2025-07-26,202530,23.0
US-TN,47,2025-08-02,202531,17.0
US-TN,47,2025-08-09,202532,32.0
US-TN,47,2025-08-16,202533,23.0
US-TN,47,2025-08-23,202534,25.0
US-TN,47,2025-08-30,202535,25.0
US-TN,47,2025-09-06,202536,28.0
US-TN,47,2025-09-13,202537,36.0
US-TN,47,2025-09-20,202538,40.0
US-TN,47,2025-09-27,202539,41.0
US-TN,47,2025-10-04,202540,26.0
US-TN,47,2025-10-11,202541,26.0
US-TN,47,2025-10-18,202542,40.0
US-TN,47,2025-10-25,202543,22.0
US-TN,47,2025-11-01,202544,34.0
US-TN,47,2025-11-08,202545,56.0
US-TN,47,2025-11-15,202546,38.0
US-TX,48,2024-01-06,202401,2093.0
US-TX,48,2024-01-13,202402,1964.0
US-TX,48,2024-01-20,202403,1682.0
US-TX,48,2024-01-27,202404,1868.0
US-TX,48,2024-02-03,202405,1869.0
US-TX,48,2024-02-10,202406,1500.0
US-TX,48,2024-02-17,202407,1125.0
US-TX,48,2024-02-24,202408,995.0
US-TX,48,2024-03-02,202409,811.0
US-TX,48,2024-03-09,202410,637.0
US-TX,48,2024-03-16,202411,538.0
US-TX,48,2024-03-23,202412,398.0
US-TX,48,2024-03-30,202413,360.0
US-TX,48,2024-04-06,202414,308.0
US-TX,48,2024-04-13,202415,275.0
US-TX,48,2024-04-20,202416,255.0
US-TX,48,2024-04-27,202417,171.0
US-TX,48,2024-05-04,202418,89.0
US-TX,48,2024-05-11,202419,1.0
US-TX,48,2024-05-18,202420,0.0
US-TX,48,2024-05-25,202421,2.0
US-TX,48,2024-06-01,202422,0.0
US-TX,48,2024-06-08,202423,1.0
US-TX,48,2024-06-15,202424,0.0
US-TX,48,2024-06-22,202425,1.0
US-TX,48,2024-06-29,202426,0.0
US-TX,48,2024-07-06,202427,2.0
US-TX,48,2024-07-13,202428,1.0
US-TX,48,2024-07-20,202429,4.0
US-TX,48,2024-07-27,202430,0.0
US-TX,48,2024-08-03,202431,2.0
US-TX,48,2024-08-10,202432,3.0
US-TX,48,2024-08-17,202433,2.0
US-TX,48,2024-08-24,202434,2.0
US-TX,48,2024-08-31,202435,2.0
US-TX,48,2024-09-07,202436,1.0
US-TX,48,2024-09-14,202437,1.0
US-TX,48,2024-09-21,202438,1.0
US-TX,48,2024-09-28,202439,1.0
US-TX,48,2024-10-05,202440,1.0
US-TX,48,2024-10-12,202441,79.0
US-TX,48,2024-10-19,202442,46.0
US-TX,48,2024-10-26,202443,63.0
US-TX,48,2024-11-02,202444,103.0
US-TX,48,2024-11-09,202445,182.0
US-TX,48,2024-11-16,202446,223.0
US-TX,48,2024-11-23,202447,272.0
US-TX,48,2024-11-30,202448,402.0
US-TX,48,2024-12-07,202449,526.0
US-TX,48,2024-12-14,202450,701.0
US-TX,48,2024-12-21,202451,1169.0
US-TX,48,2024-12-28,202452,2076.0
US-TX,48,2025-01-04,202501,2514.0
US-TX,48,2025-01-11,202502,2040.0
US-TX,48,2025-01-18,202503,2435.0
US-TX,48,2025-01-25,202504,3307.0
US-TX,48,2025-02-01,202505,4715.0
US-TX,48,2025-02-08,202506,4241.0
US-TX,48,2025-02-15,202507,2510.0
US-TX,48,2025-02-22,202508,1769.0
US-TX,48,2025-03-01,202509,1548.0
US-TX,48,2025-03-08,202510,1208.0
US-TX,48,2025-03-15,202511,905.0
US-TX,48,2025-03-22,202512,605.0
US-TX,48,2025-03-29,202513,538.0
US-TX,48,2025-04-05,202514,369.0
US-TX,48,2025-04-12,202515,283.0
US-TX,48,2025-04-19,202516,266.0
US-TX,48,2025-04-26,202517,229.0
US-TX,48,2025-05-03,202518,190.0
US-TX,48,2025-05-10,202519,175.0
US-TX,48,2025-05-17,202520,202.0
US-TX,48,2025-05-24,202521,141.0
US-TX,48,2025-05-31,202522,164.0
US-TX,48,2025-06-07,202523,147.0
US-TX,48,2025-06-14,202524,133.0
US-TX,48,2025-06-21,202525,120.0
US-TX,48,2025-06-28,202526,104.0
US-TX,48,2025-07-05,202527,78.0
US-TX,48,2025-07-12,202528,87.0
US-TX,48,2025-07-19,202529,82.0
US-TX,48,2025-07-26,202530,87.0
US-TX,48,2025-08-02,202531,84.0
US-TX,48,2025-08-09,202532,79.0
US-TX,48,2025-08-16,202533,90.0
US-TX,48,2025-08-23,202534,87.0
US-TX,48,2025-08-30,202535,96.0
US-TX,48,2025-09-06,202536,118.0
US-TX,48,2025-09-13,202537,112.0
US-TX,48,2025-09-20,202538,97.0
US-TX,48,2025-09-27,202539,126.0
US-TX,48,2025-10-04,202540,96.0
US-TX,48,2025-10-11,202541,115.0
US-TX,48,2025-10-18,202542,127.0
US-TX,48,2025-10-25,202543,135.0
US-TX,48,2025-11-01,202544,160.0
US-TX,48,2025-11-08,202545,221.0
US-TX,48,2025-11-15,202546,270.0
US-UT,49,2024-01-06,202401,63.0
US-UT,49,2024-01-13,202402,47.0
US-UT,49,2024-01-20,202403,28.0
US-UT,49,2024-01-27,202404,38.0
US-UT,49,2024-02-03,202405,28.0
US-UT,49,2024-02-10,202406,16.0
US-UT,49,2024-02-17,202407,19.0
US-UT,49,2024-02-24,202408,9.0
US-UT,49,2024-03-02,202409,17.0
US-UT,49,2024-03-09,202410,14.0
US-UT,49,2024-03-16,202411,13.0
US-UT,49,2024-03-23,202412,11.0
US-UT,49,2024-03-30,202413,11.0
US-UT,49,2024-04-06,202414,5.0
US-UT,49,2024-04-13,202415,1.0
US-UT,49,2024-04-20,202416,3.0
US-UT,49,2024-04-27,202417,6.0
US-UT,49,2024-05-04,202418,2.0
US-UT,49,2024-05-11,202419,3.0
US-UT,49,2024-05-18,202420,0.0
US-UT,49,2024-05-25,202421,0.0
US-UT,49,2024-06-01,202422,0.0
US-UT,49,2024-06-08,202423,0.0
US-UT,49,2024-06-15,202424,0.0
US-UT,49,2024-06-22,202425,0.0
US-UT,49,2024-06-29,202426,0.0
US-UT,49,2024-07-06,202427,0.0
US-UT,49,2024-07-13,202428,0.0
US-UT,49,2024-07-20,202429,0.0
US-UT,49,2024-07-27,202430,0.0
US-UT,49,2024-08-03,202431,0.0
US-UT,49,2024-08-10,202432,0.0
US-UT,49,2024-08-17,202433,0.0
US-UT,49,2024-08-24,202434,0.0
US-UT,49,2024-08-31,202435,0.0
US-UT,49,2024-09-07,202436,0.0
US-UT,49,2024-09-14,202437,0.0
US-UT,49,2024-09-21,202438,0.0
US-UT,49,2024-09-28,202439,0.0
US-UT,49,2024-10-05,202440,0.0
US-UT,49,2024-10-12,202441,0.0
US-UT,49,2024-10-19,202442,1.0
US-UT,49,2024-10-26,202443,5.0
US-UT,49,2024-11-02,202444,2.0
US-UT,49,2024-11-09,202445,7.0
US-UT,49,2024-11-16,202446,10.0
US-UT,49,2024-11-23,202447,20.0
US-UT,49,2024-11-30,202448,20.0
US-UT,49,2024-12-07,202449,64.0
US-UT,49,2024-12-14,202450,90.0
US-UT,49,2024-12-21,202451,163.0
US-UT,49,2024-12-28,202452,295.0
US-UT,49,2025-01-04,202501,388.0
US-UT,49,2025-01-11,202502,256.0
US-UT,49,2025-01-18,202503,199.0
US-UT,49,2025-01-25,202504,185.0
US-UT,49,2025-02-01,202505,195.0
US-UT,49,2025-02-08,202506,218.0
US-UT,49,2025-02-15,202507,203.0
US-UT,49,2025-02-22,202508,183.0
US-UT,49,2025-03-01,202509,123.0
US-UT,49,2025-03-08,202510,127.0
US-UT,49,2025-03-15,202511,102.0
US-UT,49,2025-03-22,202512,76.0
US-UT,49,2025-03-29,202513,54.0
US-UT,49,2025-04-05,202514,54.0
US-UT,49,2025-04-12,202515,33.0
US-UT,49,2025-04-19,202516,27.0
US-UT,49,2025-04-26,202517,19.0
US-UT,49,2025-05-03,202518,17.0
US-UT,49,2025-05-10,202519,14.0
US-UT,49,2025-05-17,202520,12.0
US-UT,49,2025-05-24,202521,14.0
US-UT,49,2025-05-31,202522,13.0
US-UT,49,2025-06-07,202523,7.0
US-UT,49,2025-06-14,202524,9.0
US-UT,49,2025-06-21,202525,1.0
US-UT,49,2025-06-28,202526,3.0
US-UT,49,2025-07-05,202527,6.0
US-UT,49,2025-07-12,202528,7.0
US-UT,49,2025-07-19,202529,4.0
US-UT,49,2025-07-26,202530,4.0
US-UT,49,2025-08-02,202531,1.0
US-UT,49,2025-08-09,202532,8.0
US-UT,49,2025-08-16,202533,3.0
US-UT,49,2025-08-23,202534,3.0
US-UT,49,2025-08-30,202535,4.0
US-UT,49,2025-09-06,202536,2.0
US-UT,49,2025-09-13,202537,4.0
US-UT,49,2025-09-20,202538,1.0
US-UT,49,2025-09-27,202539,2.0
US-UT,49,2025-10-04,202540,2.0
US-UT,49,2025-10-11,202541,1.0
US-UT,49,2025-10-18,202542,2.0
US-UT,49,2025-10-25,202543,1.0
US-UT,49,2025-11-01,202544,1.0
US-UT,49,2025-11-08,202545,2.0
US-UT,49,2025-11-15,202546,12.0
US-VT,50,2024-01-06,202401,15.0
US-VT,50,2024-01-13,202402,24.0
US-VT,50,2024-01-20,202403,26.0
US-VT,50,2024-01-27,202404,21.0
US-VT,50,2024-02-03,202405,18.0
US-VT,50,2024-02-10,202406,20.0
US-VT,50,2024-02-17,202407,21.0
US-VT,50,2024-02-24,202408,26.0
US-VT,50,2024-03-02,202409,30.0
US-VT,50,2024-03-09,202410,29.0
US-VT,50,2024-03-16,202411,24.0
US-VT,50,2024-03-23,202412,18.0
US-VT,50,2024-03-30,202413,15.0
US-VT,50,2024-04-06,202414,9.0
US-VT,50,2024-04-13,202415,16.0
US-VT,50,2024-04-20,202416,10.0
US-VT,50,2024-04-27,202417,6.0
US-VT,50,2024-05-04,202418,4.0
US-VT,50,2024-05-11,202419,0.0
US-VT,50,2024-05-18,202420,0.0
US-VT,50,2024-05-25,202421,1.0
US-VT,50,2024-06-01,202422,1.0
US-VT,50,2024-06-08,202423,0.0
US-VT,50,2024-06-15,202424,0.0
US-VT,50,2024-06-22,202425,0.0
US-VT,50,2024-06-29,202426,0.0
US-VT,50,2024-07-06,202427,0.0
US-VT,50,2024-07-13,202428,0.0
US-VT,50,2024-07-20,202429,0.0
US-VT,50,2024-07-27,202430,0.0
US-VT,50,2024-08-03,202431,0.0
US-VT,50,2024-08-10,202432,0.0
US-VT,50,2024-08-17,202433,0.0
US-VT,50,2024-08-24,202434,0.0
US-VT,50,2024-08-31,202435,0.0
US-VT,50,2024-09-07,202436,0.0
US-VT,50,2024-09-14,202437,0.0
US-VT,50,2024-09-21,202438,0.0
US-VT,50,2024-09-28,202439,0.0
US-VT,50,2024-10-05,202440,0.0
US-VT,50,2024-10-12,202441,0.0
US-VT,50,2024-10-19,202442,1.0
US-VT,50,2024-10-26,202443,0.0
US-VT,50,2024-11-02,202444,0.0
US-VT,50,2024-11-09,202445,0.0
US-VT,50,2024-11-16,202446,3.0
US-VT,50,2024-11-23,202447,0.0
US-VT,50,2024-11-30,202448,3.0
US-VT,50,2024-12-07,202449,0.0
US-VT,50,2024-12-14,202450,8.0
US-VT,50,2024-12-21,202451,8.0
US-VT,50,2024-12-28,202452,19.0
US-VT,50,2025-01-04,202501,35.0
US-VT,50,2025-01-11,202502,35.0
US-VT,50,2025-01-18,202503,41.0
US-VT,50,2025-01-25,202504,58.0
US-VT,50,2025-02-01,202505,84.0
US-VT,50,2025-02-08,202506,134.0
US-VT,50,2025-02-15,202507,115.0
US-VT,50,2025-02-22,202508,107.0
US-VT,50,2025-03-01,202509,65.0
US-VT,50,2025-03-08,202510,43.0
US-VT,50,2025-03-15,202511,32.0
US-VT,50,2025-03-22,202512,34.0
US-VT,50,2025-03-29,202513,26.0
US-VT,50,2025-04-05,202514,28.0
US-VT,50,2025-04-12,202515,8.0
US-VT,50,2025-04-19,202516,12.0
US-VT,50,2025-04-26,202517,13.0
US-VT,50,2025-05-03,202518,3.0
US-VT,50,2025-05-10,202519,1.0
US-VT,50,2025-05-17,202520,2.0
US-VT,50,2025-05-24,202521,1.0
US-VT,50,2025-05-31,202522,1.0
US-VT,50,2025-06-07,202523,0.0
US-VT,50,2025-06-14,202524,0.0
US-VT,50,2025-06-21,202525,0.0
US-VT,50,2025-06-28,202526,0.0
US-VT,50,2025-07-05,202527,0.0
US-VT,50,2025-07-12,202528,0.0
US-VT,50,2025-07-19,202529,0.0
US-VT,50,2025-07-26,202530,0.0
US-VT,50,2025-08-02,202531,0.0
US-VT,50,2025-08-09,202532,0.0
US-VT,50,2025-08-16,202533,0.0
US-VT,50,2025-08-23,202534,0.0
US-VT,50,2025-08-30,202535,1.0
US-VT,50,2025-09-06,202536,0.0
US-VT,50,2025-09-13,202537,1.0
US-VT,50,2025-09-20,202538,0.0
US-VT,50,2025-09-27,202539,0.0
US-VT,50,2025-10-04,202540,0.0
US-VT,50,2025-10-11,202541,0.0
US-VT,50,2025-10-18,202542,0.0
US-VT,50,2025-10-25,202543,1.0
US-VT,50,2025-11-01,202544,0.0
US-VT,50,2025-11-08,202545,4.0
US-VT,50,2025-11-15,202546,2.0
US-VA,51,2024-01-06,202401,538.0
US-VA,51,2024-01-13,202402,381.0
US-VA,51,2024-01-20,202403,302.0
US-VA,51,2024-01-27,202404,262.0
US-VA,51,2024-02-03,202405,184.0
US-VA,51,2024-02-10,202406,174.0
US-VA,51,2024-02-17,202407,195.0
US-VA,51,2024-02-24,202408,207.0
US-VA,51,2024-03-02,202409,219.0
US-VA,51,2024-03-09,202410,196.0
US-VA,51,2024-03-16,202411,134.0
US-VA,51,2024-03-23,202412,135.0
US-VA,51,2024-03-30,202413,111.0
US-VA,51,2024-04-06,202414,157.0
US-VA,51,2024-04-13,202415,110.0
US-VA,51,2024-04-20,202416,79.0
US-VA,51,2024-04-27,202417,58.0
US-VA,51,2024-05-04,202418,58.0
US-VA,51,2024-05-11,202419,39.0
US-VA,51,2024-05-18,202420,39.0
US-VA,51,2024-05-25,202421,32.0
US-VA,51,2024-06-01,202422,45.0
US-VA,51,2024-06-08,202423,24.0
US-VA,51,2024-06-15,202424,40.0
US-VA,51,2024-06-22,202425,25.0
US-VA,51,2024-06-29,202426,20.0
US-VA,51,2024-07-06,202427,18.0
US-VA,51,2024-07-13,202428,25.0
US-VA,51,2024-07-20,202429,16.0
US-VA,51,2024-07-27,202430,20.0
US-VA,51,2024-08-03,202431,11.0
US-VA,51,2024-08-10,202432,24.0
US-VA,51,2024-08-17,202433,14.0
US-VA,51,2024-08-24,202434,14.0
US-VA,51,2024-08-31,202435,19.0
US-VA,51,2024-09-07,202436,15.0
US-VA,51,2024-09-14,202437,24.0
US-VA,51,2024-09-21,202438,4.0
US-VA,51,2024-09-28,202439,4.0
US-VA,51,2024-10-05,202440,6.0
US-VA,51,2024-10-12,202441,19.0
US-VA,51,2024-10-19,202442,15.0
US-VA,51,2024-10-26,202443,10.0
US-VA,51,2024-11-02,202444,16.0
US-VA,51,2024-11-09,202445,26.0
US-VA,51,2024-11-16,202446,26.0
US-VA,51,2024-11-23,202447,35.0
US-VA,51,2024-11-30,202448,46.0
US-VA,51,2024-12-07,202449,69.0
US-VA,51,2024-12-14,202450,140.0
US-VA,51,2024-12-21,202451,192.0
US-VA,51,2024-12-28,202452,374.0
US-VA,51,2025-01-04,202501,669.0
US-VA,51,2025-01-11,202502,464.0
US-VA,51,2025-01-18,202503,493.0
US-VA,51,2025-01-25,202504,685.0
US-VA,51,2025-02-01,202505,1083.0
US-VA,51,2025-02-08,202506,1315.0
US-VA,51,2025-02-15,202507,1190.0
US-VA,51,2025-02-22,202508,909.0
US-VA,51,2025-03-01,202509,727.0
US-VA,51,2025-03-08,202510,556.0
US-VA,51,2025-03-15,202511,514.0
US-VA,51,2025-03-22,202512,339.0
US-VA,51,2025-03-29,202513,213.0
US-VA,51,2025-04-05,202514,153.0
US-VA,51,2025-04-12,202515,93.0
US-VA,51,2025-04-19,202516,56.0
US-VA,51,2025-04-26,202517,54.0
US-VA,51,2025-05-03,202518,40.0
US-VA,51,2025-05-10,202519,35.0
US-VA,51,2025-05-17,202520,16.0
US-VA,51,2025-05-24,202521,33.0
US-VA,51,2025-05-31,202522,27.0
US-VA,51,2025-06-07,202523,20.0
US-VA,51,2025-06-14,202524,19.0
US-VA,51,2025-06-21,202525,11.0
US-VA,51,2025-06-28,202526,12.0
US-VA,51,2025-07-05,202527,14.0
US-VA,51,2025-07-12,202528,10.0
US-VA,51,2025-07-19,202529,5.0
US-VA,51,2025-07-26,202530,12.0
US-VA,51,2025-08-02,202531,10.0
US-VA,51,2025-08-09,202532,10.0
US-VA,51,2025-08-16,202533,9.0
US-VA,51,2025-08-23,202534,8.0
US-VA,51,2025-08-30,202535,9.0
US-VA,51,2025-09-06,202536,12.0
US-VA,51,2025-09-13,202537,12.0
US-VA,51,2025-09-20,202538,12.0
US-VA,51,2025-09-27,202539,15.0
US-VA,51,2025-10-04,202540,15.0
US-VA,51,2025-10-11,202541,18.0
US-VA,51,2025-10-18,202542,13.0
US-VA,51,2025-10-25,202543,12.0
US-VA,51,2025-11-01,202544,15.0
US-VA,51,2025-11-08,202545,29.0
US-VA,51,2025-11-15,202546,30.0
US-WA,53,2024-01-06,202401,209.0
US-WA,53,2024-01-13,202402,161.0
US-WA,53,2024-01-20,202403,145.0
US-WA,53,2024-01-27,202404,120.0
US-WA,53,2024-02-03,202405,105.0
US-WA,53,2024-02-10,202406,80.0
US-WA,53,2024-02-17,202407,73.0
US-WA,53,2024-02-24,202408,97.0
US-WA,53,2024-03-02,202409,75.0
US-WA,53,2024-03-09,202410,56.0
US-WA,53,2024-03-16,202411,85.0
US-WA,53,2024-03-23,202412,81.0
US-WA,53,2024-03-30,202413,56.0
US-WA,53,2024-04-06,202414,43.0
US-WA,53,2024-04-13,202415,42.0
US-WA,53,2024-04-20,202416,26.0
US-WA,53,2024-04-27,202417,37.0
US-WA,53,2024-05-04,202418,25.0
US-WA,53,2024-05-11,202419,28.0
US-WA,53,2024-05-18,202420,12.0
US-WA,53,2024-05-25,202421,21.0
US-WA,53,2024-06-01,202422,21.0
US-WA,53,2024-06-08,202423,39.0
US-WA,53,2024-06-15,202424,20.0
US-WA,53,2024-06-22,202425,28.0
US-WA,53,2024-06-29,202426,32.0
US-WA,53,2024-07-06,202427,19.0
US-WA,53,2024-07-13,202428,15.0
US-WA,53,2024-07-20,202429,6.0
US-WA,53,2024-07-27,202430,6.0
US-WA,53,2024-08-03,202431,3.0
US-WA,53,2024-08-10,202432,4.0
US-WA,53,2024-08-17,202433,8.0
US-WA,53,2024-08-24,202434,5.0
US-WA,53,2024-08-31,202435,7.0
US-WA,53,2024-09-07,202436,6.0
US-WA,53,2024-09-14,202437,5.0
US-WA,53,2024-09-21,202438,6.0
US-WA,53,2024-09-28,202439,6.0
US-WA,53,2024-10-05,202440,10.0
US-WA,53,2024-10-12,202441,7.0
US-WA,53,2024-10-19,202442,1.0
US-WA,53,2024-10-26,202443,4.0
US-WA,53,2024-11-02,202444,2.0
US-WA,53,2024-11-09,202445,14.0
US-WA,53,2024-11-16,202446,22.0
US-WA,53,2024-11-23,202447,29.0
US-WA,53,2024-11-30,202448,46.0
US-WA,53,2024-12-07,202449,78.0
US-WA,53,2024-12-14,202450,188.0
US-WA,53,2024-12-21,202451,418.0
US-WA,53,2024-12-28,202452,541.0
US-WA,53,2025-01-04,202501,531.0
US-WA,53,2025-01-11,202502,392.0
US-WA,53,2025-01-18,202503,360.0
US-WA,53,2025-01-25,202504,417.0
US-WA,53,2025-02-01,202505,602.0
US-WA,53,2025-02-08,202506,747.0
US-WA,53,2025-02-15,202507,659.0
US-WA,53,2025-02-22,202508,671.0
US-WA,53,2025-03-01,202509,422.0
US-WA,53,2025-03-08,202510,253.0
US-WA,53,2025-03-15,202511,201.0
US-WA,53,2025-03-22,202512,165.0
US-WA,53,2025-03-29,202513,113.0
US-WA,53,2025-04-05,202514,101.0
US-WA,53,2025-04-12,202515,74.0
US-WA,53,2025-04-19,202516,42.0
US-WA,53,2025-04-26,202517,39.0
US-WA,53,2025-05-03,202518,20.0
US-WA,53,2025-05-10,202519,24.0
US-WA,53,2025-05-17,202520,16.0
US-WA,53,2025-05-24,202521,29.0
US-WA,53,2025-05-31,202522,26.0
US-WA,53,2025-06-07,202523,31.0
US-WA,53,2025-06-14,202524,23.0
US-WA,53,2025-06-21,202525,14.0
US-WA,53,2025-06-28,202526,13.0
US-WA,53,2025-07-05,202527,14.0
US-WA,53,2025-07-12,202528,8.0
US-WA,53,2025-07-19,202529,5.0
US-WA,53,2025-07-26,202530,6.0
US-WA,53,2025-08-02,202531,4.0
US-WA,53,2025-08-09,202532,7.0
US-WA,53,2025-08-16,202533,10.0
US-WA,53,2025-08-23,202534,10.0
US-WA,53,2025-08-30,202535,4.0
US-WA,53,2025-09-06,202536,13.0
US-WA,53,2025-09-13,202537,14.0
US-WA,53,2025-09-20,202538,6.0
US-WA,53,2025-09-27,202539,8.0
US-WA,53,2025-10-04,202540,6.0
US-WA,53,2025-10-11,202541,7.0
US-WA,53,2025-10-18,202542,11.0
US-WA,53,2025-10-25,202543,12.0
US-WA,53,2025-11-01,202544,16.0
US-WA,53,2025-11-08,202545,13.0
US-WA,53,2025-11-15,202546,19.0
US-WV,54,2024-01-06,202401,169.0
US-WV,54,2024-01-13,202402,136.0
US-WV,54,2024-01-20,202403,145.0
US-WV,54,2024-01-27,202404,136.0
US-WV,54,2024-02-03,202405,127.0
US-WV,54,2024-02-10,202406,131.0
US-WV,54,2024-02-17,202407,184.0
US-WV,54,2024-02-24,202408,163.0
US-WV,54,2024-03-02,202409,181.0
US-WV,54,2024-03-09,202410,143.0
US-WV,54,2024-03-16,202411,101.0
US-WV,54,2024-03-23,202412,80.0
US-WV,54,2024-03-30,202413,71.0
US-WV,54,2024-04-06,202414,68.0
US-WV,54,2024-04-13,202415,22.0
US-WV,54,2024-04-20,202416,13.0
US-WV,54,2024-04-27,202417,22.0
US-WV,54,2024-05-04,202418,7.0
US-WV,54,2024-05-11,202419,0.0
US-WV,54,2024-05-18,202420,0.0
US-WV,54,2024-05-25,202421,0.0
US-WV,54,2024-06-01,202422,0.0
US-WV,54,2024-06-08,202423,0.0
US-WV,54,2024-06-15,202424,0.0
US-WV,54,2024-06-22,202425,0.0
US-WV,54,2024-06-29,202426,0.0
US-WV,54,2024-07-06,202427,0.0
US-WV,54,2024-07-13,202428,0.0
US-WV,54,2024-07-20,202429,0.0
US-WV,54,2024-07-27,202430,0.0
US-WV,54,2024-08-03,202431,0.0
US-WV,54,2024-08-10,202432,0.0
US-WV,54,2024-08-17,202433,0.0
US-WV,54,2024-08-24,202434,0.0
US-WV,54,2024-08-31,202435,0.0
US-WV,54,2024-09-07,202436,0.0
US-WV,54,2024-09-14,202437,0.0
US-WV,54,2024-09-21,202438,0.0
US-WV,54,2024-09-28,202439,0.0
US-WV,54,2024-10-05,202440,0.0
US-WV,54,2024-10-12,202441,0.0
US-WV,54,2024-10-19,202442,0.0
US-WV,54,2024-10-26,202443,0.0
US-WV,54,2024-11-02,202444,0.0
US-WV,54,2024-11-09,202445,6.0
US-WV,54,2024-11-16,202446,4.0
US-WV,54,2024-11-23,202447,4.0
US-WV,54,2024-11-30,202448,3.0
US-WV,54,2024-12-07,202449,13.0
US-WV,54,2024-12-14,202450,21.0
US-WV,54,2024-12-21,202451,37.0
US-WV,54,2024-12-28,202452,108.0
US-WV,54,2025-01-04,202501,199.0
US-WV,54,2025-01-11,202502,144.0
US-WV,54,2025-01-18,202503,133.0
US-WV,54,2025-01-25,202504,160.0
US-WV,54,2025-02-01,202505,267.0
US-WV,54,2025-02-08,202506,458.0
US-WV,54,2025-02-15,202507,617.0
US-WV,54,2025-02-22,202508,640.0
US-WV,54,2025-03-01,202509,511.0
US-WV,54,2025-03-08,202510,458.0
US-WV,54,2025-03-15,202511,347.0
US-WV,54,2025-03-22,202512,275.0
US-WV,54,2025-03-29,202513,168.0
US-WV,54,2025-04-05,202514,102.0
US-WV,54,2025-04-12,202515,47.0
US-WV,54,2025-04-19,202516,26.0
US-WV,54,2025-04-26,202517,18.0
US-WV,54,2025-05-03,202518,10.0
US-WV,54,2025-05-10,202519,6.0
US-WV,54,2025-05-17,202520,5.0
US-WV,54,2025-05-24,202521,1.0
US-WV,54,2025-05-31,202522,1.0
US-WV,54,2025-06-07,202523,7.0
US-WV,54,2025-06-14,202524,0.0
US-WV,54,2025-06-21,202525,2.0
US-WV,54,2025-06-28,202526,1.0
US-WV,54,2025-07-05,202527,1.0
US-WV,54,2025-07-12,202528,3.0
US-WV,54,2025-07-19,202529,0.0
US-WV,54,2025-07-26,202530,0.0
US-WV,54,2025-08-02,202531,1.0
US-WV,54,2025-08-09,202532,2.0
US-WV,54,2025-08-16,202533,0.0
US-WV,54,2025-08-23,202534,0.0
US-WV,54,2025-08-30,202535,0.0
US-WV,54,2025-09-06,202536,0.0
US-WV,54,2025-09-13,202537,1.0
US-WV,54,2025-09-20,202538,0.0
US-WV,54,2025-09-27,202539,2.0
US-WV,54,2025-10-04,202540,0.0
US-WV,54,2025-10-11,202541,3.0
US-WV,54,2025-10-18,202542,1.0
US-WV,54,2025-10-25,202543,1.0
US-WV,54,2025-11-01,202544,1.0
US-WV,54,2025-11-08,202545,2.0
US-WV,54,2025-11-15,202546,0.0
US-WI,55,2024-01-06,202401,248.0
US-WI,55,2024-01-13,202402,265.0
US-WI,55,2024-01-20,202403,175.0
US-WI,55,2024-01-27,202404,141.0
US-WI,55,2024-02-03,202405,175.0
US-WI,55,2024-02-10,202406,178.0
US-WI,55,2024-02-17,202407,209.0
US-WI,55,2024-02-24,202408,213.0
US-WI,55,2024-03-02,202409,200.0
US-WI,55,2024-03-09,202410,197.0
US-WI,55,2024-03-16,202411,183.0
US-WI,55,2024-03-23,202412,132.0
US-WI,55,2024-03-30,202413,126.0
US-WI,55,2024-04-06,202414,124.0
US-WI,55,2024-04-13,202415,77.0
US-WI,55,2024-04-20,202416,66.0
US-WI,55,2024-04-27,202417,37.0
US-WI,55,2024-05-04,202418,15.0
US-WI,55,2024-05-11,202419,10.0
US-WI,55,2024-05-18,202420,11.0
US-WI,55,2024-05-25,202421,3.0
US-WI,55,2024-06-01,202422,3.0
US-WI,55,2024-06-08,202423,0.0
US-WI,55,2024-06-15,202424,2.0
US-WI,55,2024-06-22,202425,1.0
US-WI,55,2024-06-29,202426,2.0
US-WI,55,2024-07-06,202427,2.0
US-WI,55,2024-07-13,202428,3.0
US-WI,55,2024-07-20,202429,3.0
US-WI,55,2024-07-27,202430,1.0
US-WI,55,2024-08-03,202431,1.0
US-WI,55,2024-08-10,202432,2.0
US-WI,55,2024-08-17,202433,3.0
US-WI,55,2024-08-24,202434,2.0
US-WI,55,2024-08-31,202435,0.0
US-WI,55,2024-09-07,202436,1.0
US-WI,55,2024-09-14,202437,0.0
US-WI,55,2024-09-21,202438,0.0
US-WI,55,2024-09-28,202439,1.0
US-WI,55,2024-10-05,202440,1.0
US-WI,55,2024-10-12,202441,0.0
US-WI,55,2024-10-19,202442,7.0
US-WI,55,2024-10-26,202443,7.0
US-WI,55,2024-11-02,202444,5.0
US-WI,55,2024-11-09,202445,12.0
US-WI,55,2024-11-16,202446,6.0
US-WI,55,2024-11-23,202447,18.0
US-WI,55,2024-11-30,202448,12.0
US-WI,55,2024-12-07,202449,27.0
US-WI,55,2024-12-14,202450,66.0
US-WI,55,2024-12-21,202451,120.0
US-WI,55,2024-12-28,202452,253.0
US-WI,55,2025-01-04,202501,389.0
US-WI,55,2025-01-11,202502,388.0
US-WI,55,2025-01-18,202503,593.0
US-WI,55,2025-01-25,202504,857.0
US-WI,55,2025-02-01,202505,1068.0
US-WI,55,2025-02-08,202506,1153.0
US-WI,55,2025-02-15,202507,1107.0
US-WI,55,2025-02-22,202508,892.0
US-WI,55,2025-03-01,202509,783.0
US-WI,55,2025-03-08,202510,501.0
US-WI,55,2025-03-15,202511,326.0
US-WI,55,2025-03-22,202512,186.0
US-WI,55,2025-03-29,202513,136.0
US-WI,55,2025-04-05,202514,77.0
US-WI,55,2025-04-12,202515,66.0
US-WI,55,2025-04-19,202516,40.0
US-WI,55,2025-04-26,202517,33.0
US-WI,55,2025-05-03,202518,30.0
US-WI,55,2025-05-10,202519,27.0
US-WI,55,2025-05-17,202520,15.0
US-WI,55,2025-05-24,202521,10.0
US-WI,55,2025-05-31,202522,4.0
US-WI,55,2025-06-07,202523,2.0
US-WI,55,2025-06-14,202524,4.0
US-WI,55,2025-06-21,202525,6.0
US-WI,55,2025-06-28,202526,3.0
US-WI,55,2025-07-05,202527,2.0
US-WI,55,2025-07-12,202528,1.0
US-WI,55,2025-07-19,202529,7.0
US-WI,55,2025-07-26,202530,3.0
US-WI,55,2025-08-02,202531,5.0
US-WI,55,2025-08-09,202532,3.0
US-WI,55,2025-08-16,202533,1.0
US-WI,55,2025-08-23,202534,4.0
US-WI,55,2025-08-30,202535,4.0
US-WI,55,2025-09-06,202536,10.0
US-WI,55,2025-09-13,202537,8.0
US-WI,55,2025-09-20,202538,4.0
US-WI,55,2025-09-27,202539,7.0
US-WI,55,2025-10-04,202540,7.0
US-WI,55,2025-10-11,202541,3.0
US-WI,55,2025-10-18,202542,7.0
US-WI,55,2025-10-25,202543,8.0
US-WI,55,2025-11-01,202544,6.0
US-WI,55,2025-11-08,202545,6.0
US-WI,55,2025-11-15,202546,7.0
US-WY,56,2024-01-06,202401,82.0
US-WY,56,2024-01-13,202402,56.0
US-WY,56,2024-01-20,202403,23.0
US-WY,56,2024-01-27,202404,40.0
US-WY,56,2024-02-03,202405,39.0
US-WY,56,2024-02-10,202406,33.0
US-WY,56,2024-02-17,202407,44.0
US-WY,56,2024-02-24,202408,27.0
US-WY,56,2024-03-02,202409,25.0
US-WY,56,2024-03-09,202410,15.0
US-WY,56,2024-03-16,202411,11.0
US-WY,56,2024-03-23,202412,5.0
US-WY,56,2024-03-30,202413,11.0
US-WY,56,2024-04-06,202414,7.0
US-WY,56,2024-04-13,202415,6.0
US-WY,56,2024-04-20,202416,2.0
US-WY,56,2024-04-27,202417,4.0
US-WY,56,2024-05-04,202418,4.0
US-WY,56,2024-05-11,202419,0.0
US-WY,56,2024-05-18,202420,1.0
US-WY,56,2024-05-25,202421,5.0
US-WY,56,2024-06-01,202422,0.0
US-WY,56,2024-06-08,202423,5.0
US-WY,56,2024-06-15,202424,4.0
US-WY,56,2024-06-22,202425,3.0
US-WY,56,2024-06-29,202426,0.0
US-WY,56,2024-07-06,202427,2.0
US-WY,56,2024-07-13,202428,1.0
US-WY,56,2024-07-20,202429,3.0
US-WY,56,2024-07-27,202430,0.0
US-WY,56,2024-08-03,202431,2.0
US-WY,56,2024-08-10,202432,2.0
US-WY,56,2024-08-17,202433,1.0
US-WY,56,2024-08-24,202434,1.0
US-WY,56,2024-08-31,202435,3.0
US-WY,56,2024-09-07,202436,1.0
US-WY,56,2024-09-14,202437,0.0
US-WY,56,2024-09-21,202438,0.0
US-WY,56,2024-09-28,202439,0.0
US-WY,56,2024-10-05,202440,2.0
US-WY,56,2024-10-12,202441,0.0
US-WY,56,2024-10-19,202442,0.0
US-WY,56,2024-10-26,202443,7.0
US-WY,56,2024-11-02,202444,0.0
US-WY,56,2024-11-09,202445,5.0
US-WY,56,2024-11-16,202446,4.0
US-WY,56,2024-11-23,202447,9.0
US-WY,56,2024-11-30,202448,7.0
US-WY,56,2024-12-07,202449,5.0
US-WY,56,2024-12-14,202450,33.0
US-WY,56,2024-12-21,202451,18.0
US-WY,56,2024-12-28,202452,84.0
US-WY,56,2025-01-04,202501,116.0
US-WY,56,2025-01-11,202502,62.0
US-WY,56,2025-01-18,202503,84.0
US-WY,56,2025-01-25,202504,89.0
US-WY,56,2025-02-01,202505,102.0
US-WY,56,2025-02-08,202506,106.0
US-WY,56,2025-02-15,202507,72.0
US-WY,56,2025-02-22,202508,99.0
US-WY,56,2025-03-01,202509,57.0
US-WY,56,2025-03-08,202510,53.0
US-WY,56,2025-03-15,202511,44.0
US-WY,56,2025-03-22,202512,30.0
US-WY,56,2025-03-29,202513,23.0
US-WY,56,2025-04-05,202514,12.0
US-WY,56,2025-04-12,202515,4.0
US-WY,56,2025-04-19,202516,3.0
US-WY,56,2025-04-26,202517,6.0
US-WY,56,2025-05-03,202518,1.0
US-WY,56,2025-05-10,202519,4.0
US-WY,56,2025-05-17,202520,3.0
US-WY,56,2025-05-24,202521,3.0
US-WY,56,2025-05-31,202522,3.0
US-WY,56,2025-06-07,202523,2.0
US-WY,56,2025-06-14,202524,1.0
US-WY,56,2025-06-21,202525,2.0
US-WY,56,2025-06-28,202526,1.0
US-WY,56,2025-07-05,202527,1.0
US-WY,56,2025-07-12,202528,1.0
US-WY,56,2025-07-19,202529,0.0
US-WY,56,2025-07-26,202530,0.0
US-WY,56,2025-08-02,202531,2.0
US-WY,56,2025-08-09,202532,0.0
US-WY,56,2025-08-16,202533,0.0
US-WY,56,2025-08-23,202534,0.0
US-WY,56,2025-08-30,202535,1.0
US-WY,56,2025-09-06,202536,1.0
US-WY,56,2025-09-13,202537,1.0
US-WY,56,2025-09-20,202538,1.0
US-WY,56,2025-09-27,202539,1.0
US-WY,56,2025-10-04,202540,2.0
US-WY,56,2025-10-11,202541,0.0
US-WY,56,2025-10-18,202542,0.0
US-WY,56,2025-10-25,202543,4.0
US-WY,56,2025-11-01,202544,5.0
US-WY,56,2025-11-08,202545,2.0
US-WY,56,2025-11-15,202546,3.0
US,US,2024-01-06,202401,19508.0
US,US,2024-01-13,202402,15889.0
US,US,2024-01-20,202403,13291.0
US,US,2024-01-27,202404,12986.0
US,US,2024-02-03,202405,11957.0
US,US,2024-02-10,202406,11626.0
US,US,2024-02-17,202407,11115.0
US,US,2024-02-24,202408,10856.0
US,US,2024-03-02,202409,10803.0
US,US,2024-03-09,202410,9412.0
US,US,2024-03-16,202411,7321.0
US,US,2024-03-23,202412,6047.0
US,US,2024-03-30,202413,5574.0
US,US,2024-04-06,202414,5068.0
US,US,2024-04-13,202415,4072.0
US,US,2024-04-20,202416,2942.0
US,US,2024-04-27,202417,2420.0
US,US,2024-05-04,202418,1485.0
US,US,2024-05-11,202419,852.0
US,US,2024-05-18,202420,681.0
US,US,2024-05-25,202421,610.0
US,US,2024-06-01,202422,590.0
US,US,2024-06-08,202423,511.0
US,US,2024-06-15,202424,517.0
US,US,2024-06-22,202425,441.0
US,US,2024-06-29,202426,356.0
US,US,2024-07-06,202427,341.0
US,US,2024-07-13,202428,367.0
US,US,2024-07-20,202429,324.0
US,US,2024-07-27,202430,273.0
US,US,2024-08-03,202431,275.0
US,US,2024-08-10,202432,275.0
US,US,2024-08-17,202433,273.0
US,US,2024-08-24,202434,274.0
US,US,2024-08-31,202435,259.0
US,US,2024-09-07,202436,223.0
US,US,2024-09-14,202437,319.0
US,US,2024-09-21,202438,293.0
US,US,2024-09-28,202439,223.0
US,US,2024-10-05,202440,286.0
US,US,2024-10-12,202441,295.0
US,US,2024-10-19,202442,554.0
US,US,2024-10-26,202443,1087.0
US,US,2024-11-02,202444,1001.0
US,US,2024-11-09,202445,2154.0
US,US,2024-11-16,202446,2599.0
US,US,2024-11-23,202447,3272.0
US,US,2024-11-30,202448,4428.0
US,US,2024-12-07,202449,6507.0
US,US,2024-12-14,202450,9580.0
US,US,2024-12-21,202451,16106.0
US,US,2024-12-28,202452,28633.0
US,US,2025-01-04,202501,39615.0
US,US,2025-01-11,202502,31793.0
US,US,2025-01-18,202503,33631.0
US,US,2025-01-25,202504,41361.0
US,US,2025-02-01,202505,52465.0
US,US,2025-02-08,202506,55457.0
US,US,2025-02-15,202507,47749.0
US,US,2025-02-22,202508,39241.0
US,US,2025-03-01,202509,31864.0
US,US,2025-03-08,202510,24643.0
US,US,2025-03-15,202511,18822.0
US,US,2025-03-22,202512,14005.0
US,US,2025-03-29,202513,9951.0
US,US,2025-04-05,202514,6956.0
US,US,2025-04-12,202515,5041.0
US,US,2025-04-19,202516,3958.0
US,US,2025-04-26,202517,3300.0
US,US,2025-05-03,202518,2525.0
US,US,2025-05-10,202519,2171.0
US,US,2025-05-17,202520,1893.0
US,US,2025-05-24,202521,1734.0
US,US,2025-05-31,202522,1838.0
US,US,2025-06-07,202523,1519.0
US,US,2025-06-14,202524,1502.0
US,US,2025-06-21,202525,1351.0
US,US,2025-06-28,202526,1149.0
US,US,2025-07-05,202527,996.0
US,US,2025-07-12,202528,965.0
US,US,2025-07-19,202529,854.0
US,US,2025-07-26,202530,878.0
US,US,2025-08-02,202531,792.0
US,US,2025-08-09,202532,745.0
US,US,2025-08-16,202533,768.0
US,US,2025-08-23,202534,777.0
US,US,2025-08-30,202535,881.0
US,US,2025-09-06,202536,945.0
US,US,2025-09-13,202537,993.0
US,US,2025-09-20,202538,868.0
US,US,2025-09-27,202539,987.0
US,US,2025-10-04,202540,950.0
US,US,2025-10-11,202541,970.0
US,US,2025-10-18,202542,1073.0
US,US,2025-10-25,202543,1136.0
US,US,2025-11-01,202544,1297.0
US,US,2025-11-08,202545,1672.0
US,US,2025-11-15,202546,2170.0
