Geography,Age,Population,Week_Ending_Sat,Coverage
United States,6 Months - 4 Years,17433786,2025-08-16,3.52380505762565
United States,6 Months - 4 Years,17433786,2025-08-23,3.52380505762565
United States,6 Months - 4 Years,17433786,2025-08-30,3.52380505762565
United States,6 Months - 4 Years,17433786,2025-09-06,3.52380505762565
United States,6 Months - 4 Years,17433786,2025-09-13,4.91873189936079
United States,6 Months - 4 Years,17433786,2025-09-20,6.02030098882181
United States,6 Months - 4 Years,17433786,2025-09-27,7.32385819022287
United States,6 Months - 4 Years,17433786,2025-10-04,10.1803110664884
United States,6 Months - 4 Years,17433786,2025-10-11,11.8584561067174
United States,6 Months - 4 Years,17433786,2025-10-18,13.7844253142827
United States,6 Months - 4 Years,17433786,2025-10-25,15.9243794447453
United States,6 Months - 4 Years,17433786,2025-11-01,18.3799387638427
United States,6 Months - 4 Years,17433786,2025-11-08,22.9739216705842
United States,6 Months - 4 Years,17433786,2025-11-15,24.8957737304315
United States,6 Months - 4 Years,17433786,2025-11-22,26.5570906761956
United States,6 Months - 4 Years,17433786,2025-11-29,27.9837057316835
United States,6 Months - 4 Years,17433786,2025-12-06,30.5622440200748
United States,6 Months - 4 Years,17433786,2025-12-13,31.6259264307439
United States,6 Months - 4 Years,17433786,2025-12-20,32.5264183008463
United States,6 Months - 4 Years,17433786,2025-12-27,33.2916268522513
United States,6 Months - 4 Years,17433786,2026-01-03,34.1252734212569
United States,6 Months - 4 Years,17433786,2026-01-10,35.4162528840035
United States,6 Months - 4 Years,17433786,2026-01-17,35.9090651633615
United States,6 Months - 4 Years,17433786,2026-01-24,36.3378048809791
United States,6 Months - 4 Years,17433786,2026-01-31,36.6660071021708
United States,6 Months - 4 Years,17433786,2026-02-07,37.3844914841471
United States,6 Months - 4 Years,17433786,2026-02-14,37.7173211671925
United States,6 Months - 4 Years,17433786,2026-02-21,38.0382222887908
United States,6 Months - 4 Years,17433786,2026-02-28,38.3456494267098
United States,6 Months - 4 Years,17433786,2026-03-07,38.926192240812
United States,6 Months - 4 Years,17433786,2026-03-14,39.1847482598506
United States,6 Months - 4 Years,17433786,2026-03-21,39.4186456942919
United States,6 Months - 4 Years,17433786,2026-03-28,39.6306585803296
United States,6 Months - 4 Years,17433786,2026-04-04,39.8698648814008
United States,6 Months - 4 Years,17433786,2026-04-11,40.2579708656456
United States,6 Months - 4 Years,17433786,2026-04-18,40.4362170200952
United States,6 Months - 4 Years,17433786,2026-04-25,40.6227344253808
United States,6 Months - 4 Years,17433786,2026-05-02,40.793266642228
United States,6 Months - 4 Years,17433786,2026-05-09,41.1397844702486
United States,6 Months - 4 Years,17433786,2026-05-16,41.2697457639404
United States,6 Months - 4 Years,17433786,2026-05-23,41.3644214980674
United States,6 Months - 4 Years,17433786,2026-05-30,41.4411654248173
United States,6 Months - 4 Years,17433786,2026-06-06,41.598749986087
United States,6 Months - 4 Years,17433786,2026-06-13,41.6767872840883
United States,5-12 Years,32585855,2025-08-16,2.93630462860582
United States,5-12 Years,32585855,2025-08-23,2.93630462860582
United States,5-12 Years,32585855,2025-08-30,2.93630462860582
United States,5-12 Years,32585855,2025-09-06,2.93630462860582
United States,5-12 Years,32585855,2025-09-13,4.07021241115635
United States,5-12 Years,32585855,2025-09-20,4.93161164077151
United States,5-12 Years,32585855,2025-09-27,6.04772103618366
United States,5-12 Years,32585855,2025-10-04,8.58630953742421
United States,5-12 Years,32585855,2025-10-11,10.1695725742834
United States,5-12 Years,32585855,2025-10-18,12.0699264426093
United States,5-12 Years,32585855,2025-10-25,14.2493983475049
United States,5-12 Years,32585855,2025-11-01,16.771434258
United States,5-12 Years,32585855,2025-11-08,21.4954341446758
United States,5-12 Years,32585855,2025-11-15,23.419924975297
United States,5-12 Years,32585855,2025-11-22,25.0178172768434
United States,5-12 Years,32585855,2025-11-29,26.32968566538
United States,5-12 Years,32585855,2025-12-06,28.6399824164422
United States,5-12 Years,32585855,2025-12-13,29.5400678710718
United States,5-12 Years,32585855,2025-12-20,30.2597731065837
United States,5-12 Years,32585855,2025-12-27,30.8377952578946
United States,5-12 Years,32585855,2026-01-03,31.4579790496239
United States,5-12 Years,32585855,2026-01-10,32.4024503323945
United States,5-12 Years,32585855,2026-01-17,32.766760567056
United States,5-12 Years,32585855,2026-01-24,33.0916011476315
United States,5-12 Years,32585855,2026-01-31,33.3450096278972
United States,5-12 Years,32585855,2026-02-07,33.8970484492842
United States,5-12 Years,32585855,2026-02-14,34.1523476627225
United States,5-12 Years,32585855,2026-02-21,34.3985795892064
United States,5-12 Years,32585855,2026-02-28,34.6335587644251
United States,5-12 Years,32585855,2026-03-07,35.071446213778
United States,5-12 Years,32585855,2026-03-14,35.2589863011255
United States,5-12 Years,32585855,2026-03-21,35.4230493669804
United States,5-12 Years,32585855,2026-03-28,35.5706760081123
United States,5-12 Years,32585855,2026-04-04,35.7448503438664
United States,5-12 Years,32585855,2026-04-11,36.0357940769312
United States,5-12 Years,32585855,2026-04-18,36.1741712279912
United States,5-12 Years,32585855,2026-04-25,36.3169927844367
United States,5-12 Years,32585855,2026-05-02,36.4420437437214
United States,5-12 Years,32585855,2026-05-09,36.6924686854191
United States,5-12 Years,32585855,2026-05-16,36.7823248394536
United States,5-12 Years,32585855,2026-05-23,36.845037540225
United States,5-12 Years,32585855,2026-05-30,36.8939054067606
United States,5-12 Years,32585855,2026-06-06,36.9939064895645
United States,5-12 Years,32585855,2026-06-13,37.0433994002917
United States,13-17 Years,20933743,2025-08-16,2.39204719853642
United States,13-17 Years,20933743,2025-08-23,2.39204719853642
United States,13-17 Years,20933743,2025-08-30,2.39204719853642
United States,13-17 Years,20933743,2025-09-06,2.39204719853642
United States,13-17 Years,20933743,2025-09-13,3.33945078084066
United States,13-17 Years,20933743,2025-09-20,4.08816547890256
United States,13-17 Years,20933743,2025-09-27,5.05803391439045
United States,13-17 Years,20933743,2025-10-04,7.25555550620075
United States,13-17 Years,20933743,2025-10-11,8.61754281625088
United States,13-17 Years,20933743,2025-10-18,10.2453697923083
United States,13-17 Years,20933743,2025-10-25,12.1074578632397
United States,13-17 Years,20933743,2025-11-01,14.261957065601
United States,13-17 Years,20933743,2025-11-08,18.3043057215802
United States,13-17 Years,20933743,2025-11-15,19.9669747671989
United States,13-17 Years,20933743,2025-11-22,21.3632533776099
United States,13-17 Years,20933743,2025-11-29,22.5174372682278
United States,13-17 Years,20933743,2025-12-06,24.5331004021397
United States,13-17 Years,20933743,2025-12-13,25.2924660686547
United States,13-17 Years,20933743,2025-12-20,25.8728715299414
United States,13-17 Years,20933743,2025-12-27,26.3181141628166
United States,13-17 Years,20933743,2026-01-03,26.7973716094747
United States,13-17 Years,20933743,2026-01-10,27.5262243334119
United States,13-17 Years,20933743,2026-01-17,27.8170451571727
United States,13-17 Years,20933743,2026-01-24,28.0835852136432
United States,13-17 Years,20933743,2026-01-31,28.2941395641898
United States,13-17 Years,20933743,2026-02-07,28.7524524040122
United States,13-17 Years,20933743,2026-02-14,28.9689831600083
United States,13-17 Years,20933743,2026-02-21,29.1829789156169
United States,13-17 Years,20933743,2026-02-28,29.3875543241266
United States,13-17 Years,20933743,2026-03-07,29.7534945404837
United States,13-17 Years,20933743,2026-03-14,29.8875096110507
United States,13-17 Years,20933743,2026-03-21,29.9807807034796
United States,13-17 Years,20933743,2026-03-28,30.045129951565
United States,13-17 Years,20933743,2026-04-04,30.1148595414266
United States,13-17 Years,20933743,2026-04-11,30.2256334092287
United States,13-17 Years,20933743,2026-04-18,30.2796276287575
United States,13-17 Years,20933743,2026-04-25,30.3396769898004
United States,13-17 Years,20933743,2026-05-02,30.3976329042178
United States,13-17 Years,20933743,2026-05-09,30.5131162057237
United States,13-17 Years,20933743,2026-05-16,30.5544262557342
United States,13-17 Years,20933743,2026-05-23,30.5824984265968
United States,13-17 Years,20933743,2026-05-30,30.605035038043
United States,13-17 Years,20933743,2026-06-06,30.6552517954796
United States,13-17 Years,20933743,2026-06-13,30.6823366836835
United States,6 Months - 17 Years,70953385,2025-08-16,2.96048929168702
United States,6 Months - 17 Years,70953385,2025-08-23,2.96048929168702
United States,6 Months - 17 Years,70953385,2025-08-30,2.96048929168702
United States,6 Months - 17 Years,70953385,2025-09-06,2.96048929168702
United States,6 Months - 17 Years,70953385,2025-09-13,4.1003357194344
United States,6 Months - 17 Years,70953385,2025-09-20,4.96218078415095
United States,6 Months - 17 Years,70953385,2025-09-27,6.05509825082571
United States,6 Months - 17 Years,70953385,2025-10-04,8.52398029709258
United States,6 Months - 17 Years,70953385,2025-10-11,10.0472951332983
United States,6 Months - 17 Years,70953385,2025-10-18,11.8597681209876
United States,6 Months - 17 Years,70953385,2025-10-25,13.9263174377196
United States,6 Months - 17 Years,70953385,2025-11-01,16.3164823985036
United States,6 Months - 17 Years,70953385,2025-11-08,20.8011895113045
United States,6 Months - 17 Years,70953385,2025-11-15,22.6467273502707
United States,6 Months - 17 Years,70953385,2025-11-22,24.1981831583106
United States,6 Months - 17 Years,70953385,2025-11-29,25.4874927734278
United States,6 Months - 17 Years,70953385,2025-12-06,27.768747810311
United States,6 Months - 17 Years,70953385,2025-12-13,28.6641063632452
United States,6 Months - 17 Years,70953385,2025-12-20,29.3834995692594
United States,6 Months - 17 Years,70953385,2025-12-27,29.9638620018127
United States,6 Months - 17 Years,70953385,2026-01-03,30.5906879672271
United States,6 Months - 17 Years,70953385,2026-01-10,31.5484501733012
United States,6 Months - 17 Years,70953385,2026-01-17,31.919816206151
United States,6 Months - 17 Years,70953385,2026-01-24,32.2500445653379
United States,6 Months - 17 Years,70953385,2026-01-31,32.5053324760933
United States,6 Months - 17 Years,70953385,2026-02-07,33.0659404857645
United States,6 Months - 17 Years,70953385,2026-02-14,33.3275262263475
United States,6 Months - 17 Years,70953385,2026-02-21,33.5806302578536
United States,6 Months - 17 Years,70953385,2026-02-28,33.8215155381169
United States,6 Months - 17 Years,70953385,2026-03-07,34.2677507553334
United States,6 Months - 17 Years,70953385,2026-03-14,34.4548109517469
United States,6 Months - 17 Years,70953385,2026-03-21,34.6127927619422
United States,6 Months - 17 Years,70953385,2026-03-28,34.7483983539323
United States,6 Months - 17 Years,70953385,2026-04-04,34.9064687774676
United States,6 Months - 17 Years,70953385,2026-04-11,35.1650320376821
United States,6 Months - 17 Years,70953385,2026-04-18,35.2889609334921
United States,6 Months - 17 Years,70953385,2026-04-25,35.4179711728612
United States,6 Months - 17 Years,70953385,2026-05-02,35.5300448926651
United States,6 Months - 17 Years,70953385,2026-05-09,35.7567815302616
United States,6 Months - 17 Years,70953385,2026-05-16,35.8400597923151
United States,6 Months - 17 Years,70953385,2026-05-23,35.8998914187412
United States,6 Months - 17 Years,70953385,2026-05-30,35.9463007623315
United States,6 Months - 17 Years,70953385,2026-06-06,36.036719862639
United States,6 Months - 17 Years,70953385,2026-06-13,36.0786742984087
United States,18-49 Years,137037410,2025-08-16,0.707670616275002
United States,18-49 Years,137037410,2025-08-23,0.707670616275002
United States,18-49 Years,137037410,2025-08-30,0.707670616275002
United States,18-49 Years,137037410,2025-09-06,0.707670616275002
United States,18-49 Years,137037410,2025-09-13,1.04106996959721
United States,18-49 Years,137037410,2025-09-20,1.37780123969024
United States,18-49 Years,137037410,2025-09-27,1.88633232655398
United States,18-49 Years,137037410,2025-10-04,3.099748196579
United States,18-49 Years,137037410,2025-10-11,3.9034938607699
United States,18-49 Years,137037410,2025-10-18,4.90873836298956
United States,18-49 Years,137037410,2025-10-25,6.1020079449434
United States,18-49 Years,137037410,2025-11-01,7.51651685594282
United States,18-49 Years,137037410,2025-11-08,10.2414085652352
United States,18-49 Years,137037410,2025-11-15,11.4060357415161
United States,18-49 Years,137037410,2025-11-22,12.4119870350985
United States,18-49 Years,137037410,2025-11-29,13.2691665648562
United States,18-49 Years,137037410,2025-12-06,14.8013387929152
United States,18-49 Years,137037410,2025-12-13,15.4080550047118
United States,18-49 Years,137037410,2025-12-20,15.895466131305
United States,18-49 Years,137037410,2025-12-27,16.2899181952094
United States,18-49 Years,137037410,2026-01-03,16.7289531955441
United States,18-49 Years,137037410,2026-01-10,17.4141198925586
United States,18-49 Years,137037410,2026-01-17,17.7033040386212
United States,18-49 Years,137037410,2026-01-24,17.9787289912661
United States,18-49 Years,137037410,2026-01-31,18.2053620319227
United States,18-49 Years,137037410,2026-02-07,18.7046366310913
United States,18-49 Years,137037410,2026-02-14,18.9406231508624
United States,18-49 Years,137037410,2026-02-21,19.1689559815933
United States,18-49 Years,137037410,2026-02-28,19.3849859328663
United States,18-49 Years,137037410,2026-03-07,19.7804443588177
United States,18-49 Years,137037410,2026-03-14,19.9380284167052
United States,18-49 Years,137037410,2026-03-21,20.0611080335612
United States,18-49 Years,137037410,2026-03-28,20.1568926966748
United States,18-49 Years,137037410,2026-04-04,20.2605710116908
United States,18-49 Years,137037410,2026-04-11,20.4211286431739
United States,18-49 Years,137037410,2026-04-18,20.4882031902478
United States,18-49 Years,137037410,2026-04-25,20.5529328863016
United States,18-49 Years,137037410,2026-05-02,20.6075459765115
United States,18-49 Years,137037410,2026-05-09,20.7219452981798
United States,18-49 Years,137037410,2026-05-16,20.7710542674743
United States,18-49 Years,137037410,2026-05-23,20.8166591250129
United States,18-49 Years,137037410,2026-05-30,20.8638241364446
United States,18-49 Years,137037410,2026-06-06,20.9664202222644
United States,18-49 Years,137037410,2026-06-13,21.020646162467
United States,50-64 Years,62779537,2025-08-16,0.681631504224886
United States,50-64 Years,62779537,2025-08-23,0.681631504224886
United States,50-64 Years,62779537,2025-08-30,0.681631504224886
United States,50-64 Years,62779537,2025-09-06,0.681631504224886
United States,50-64 Years,62779537,2025-09-13,1.07333153008778
United States,50-64 Years,62779537,2025-09-20,1.54770991833354
United States,50-64 Years,62779537,2025-09-27,2.32623515595739
United States,50-64 Years,62779537,2025-10-04,4.22338716144142
United States,50-64 Years,62779537,2025-10-11,5.51982119530456
United States,50-64 Years,62779537,2025-10-18,7.17451566840221
United States,50-64 Years,62779537,2025-10-25,9.15522393644027
United States,50-64 Years,62779537,2025-11-01,11.4857881308552
United States,50-64 Years,62779537,2025-11-08,15.9025793305792
United States,50-64 Years,62779537,2025-11-15,17.693252772782
United States,50-64 Years,62779537,2025-11-22,19.1497697846901
United States,50-64 Years,62779537,2025-11-29,20.3151838448209
United States,50-64 Years,62779537,2025-12-06,22.3352402768303
United States,50-64 Years,62779537,2025-12-13,23.0889983574717
United States,50-64 Years,62779537,2025-12-20,23.6631070448913
United States,50-64 Years,62779537,2025-12-27,24.1061320181288
United States,50-64 Years,62779537,2026-01-03,24.605662880139
United States,50-64 Years,62779537,2026-01-10,25.3884718843231
United States,50-64 Years,62779537,2026-01-17,25.7470915072481
United States,50-64 Years,62779537,2026-01-24,26.1135711480556
United States,50-64 Years,62779537,2026-01-31,26.4326672995375
United States,50-64 Years,62779537,2026-02-07,27.129951152816
United States,50-64 Years,62779537,2026-02-14,27.4447596897791
United States,50-64 Years,62779537,2026-02-21,27.7282343785303
United States,50-64 Years,62779537,2026-02-28,27.9787193918706
United States,50-64 Years,62779537,2026-03-07,28.4264964697191
United States,50-64 Years,62779537,2026-03-14,28.6026835151596
United States,50-64 Years,62779537,2026-03-21,28.7424406445751
United States,50-64 Years,62779537,2026-03-28,28.8532142445858
United States,50-64 Years,62779537,2026-04-04,28.9711990251643
United States,50-64 Years,62779537,2026-04-11,29.1516972215873
United States,50-64 Years,62779537,2026-04-18,29.2251807151295
United States,50-64 Years,62779537,2026-04-25,29.2950733286919
United States,50-64 Years,62779537,2026-05-02,29.3522576440001
United States,50-64 Years,62779537,2026-05-09,29.4656196559625
United States,50-64 Years,62779537,2026-05-16,29.505139777765
United States,50-64 Years,62779537,2026-05-23,29.532458937206
United States,50-64 Years,62779537,2026-05-30,29.55382320382
United States,50-64 Years,62779537,2026-06-06,29.5979854199076
United States,50-64 Years,62779537,2026-06-13,29.6205794283806
United States,65+ Years,55659365,2025-08-16,1.60538774446525
United States,65+ Years,55659365,2025-08-23,1.60538774446525
United States,65+ Years,55659365,2025-08-30,1.60538774446525
United States,65+ Years,55659365,2025-09-06,1.60538774446525
United States,65+ Years,55659365,2025-09-13,2.738232319306
United States,65+ Years,55659365,2025-09-20,4.28698477430513
United States,65+ Years,55659365,2025-09-27,6.49902067126297
United States,65+ Years,55659365,2025-10-04,11.6602332788687
United States,65+ Years,55659365,2025-10-11,14.981012411388
United States,65+ Years,55659365,2025-10-18,19.0510632562031
United States,65+ Years,55659365,2025-10-25,23.7705017820492
United States,65+ Years,55659365,2025-11-01,29.2152059815257
United States,65+ Years,55659365,2025-11-08,39.3168279628977
United States,65+ Years,55659365,2025-11-15,43.2857783566709
United States,65+ Years,55659365,2025-11-22,46.4387164123676
United States,65+ Years,55659365,2025-11-29,48.9022901757251
United States,65+ Years,55659365,2025-12-06,53.1214999685669
United States,65+ Years,55659365,2025-12-13,54.6573016463424
United States,65+ Years,55659365,2025-12-20,55.7984356436976
United States,65+ Years,55659365,2025-12-27,56.6579280869424
United States,65+ Years,55659365,2026-01-03,57.6376970355596
United States,65+ Years,55659365,2026-01-10,59.1767898401394
United States,65+ Years,55659365,2026-01-17,59.909137330571
United States,65+ Years,55659365,2026-01-24,60.67340001985
United States,65+ Years,55659365,2026-01-31,61.3400130120624
United States,65+ Years,55659365,2026-02-07,62.7862856816859
United States,65+ Years,55659365,2026-02-14,63.4231172321214
United States,65+ Years,55659365,2026-02-21,63.9832200730831
United States,65+ Years,55659365,2026-02-28,64.4734349242917
United States,65+ Years,55659365,2026-03-07,65.3669789099791
United States,65+ Years,55659365,2026-03-14,65.7410371311379
United States,65+ Years,55659365,2026-03-21,66.0619669770457
United States,65+ Years,55659365,2026-03-28,66.3418234215504
United States,65+ Years,55659365,2026-04-04,66.6741134686762
United States,65+ Years,55659365,2026-04-11,67.2196720791243
United States,65+ Years,55659365,2026-04-18,67.4900377845304
United States,65+ Years,55659365,2026-04-25,67.7760223041616
United States,65+ Years,55659365,2026-05-02,68.0241742953481
United States,65+ Years,55659365,2026-05-09,68.5320770858972
United States,65+ Years,55659365,2026-05-16,68.725969742897
United States,65+ Years,55659365,2026-05-23,68.8742584691854
United States,65+ Years,55659365,2026-05-30,68.9965227048267
United States,65+ Years,55659365,2026-06-06,69.2353457728671
United States,65+ Years,55659365,2026-06-13,69.3462431355348
Alabama,6 Months - 4 Years,263797,2025-08-16,2.37855660601722
Alabama,6 Months - 4 Years,263797,2025-08-23,2.37855660601722
Alabama,6 Months - 4 Years,263797,2025-08-30,2.37855660601722
Alabama,6 Months - 4 Years,263797,2025-09-06,2.37855660601722
Alabama,6 Months - 4 Years,263797,2025-09-13,3.31080959375593
Alabama,6 Months - 4 Years,263797,2025-09-20,4.03919669122395
Alabama,6 Months - 4 Years,263797,2025-09-27,4.92608194036676
Alabama,6 Months - 4 Years,263797,2025-10-04,6.90292901894502
Alabama,6 Months - 4 Years,263797,2025-10-11,8.09895107714165
Alabama,6 Months - 4 Years,263797,2025-10-18,9.4989385753816
Alabama,6 Months - 4 Years,263797,2025-10-25,11.0737792779665
Alabama,6 Months - 4 Years,263797,2025-11-01,12.8834109508409
Alabama,6 Months - 4 Years,263797,2025-11-08,16.2620317259014
Alabama,6 Months - 4 Years,263797,2025-11-15,17.6528663608477
Alabama,6 Months - 4 Years,263797,2025-11-22,18.8280721316049
Alabama,6 Months - 4 Years,263797,2025-11-29,19.8078887956549
Alabama,6 Months - 4 Years,263797,2025-12-06,21.5360997683628
Alabama,6 Months - 4 Years,263797,2025-12-13,22.2093588207011
Alabama,6 Months - 4 Years,263797,2025-12-20,22.7453101304701
Alabama,6 Months - 4 Years,263797,2025-12-27,23.1705899517666
Alabama,6 Months - 4 Years,263797,2026-01-03,23.6143527313133
Alabama,6 Months - 4 Years,263797,2026-01-10,24.2761778293929
Alabama,6 Months - 4 Years,263797,2026-01-17,24.5135023790536
Alabama,6 Months - 4 Years,263797,2026-01-24,24.7098582371539
Alabama,6 Months - 4 Years,263797,2026-01-31,24.845402158056
Alabama,6 Months - 4 Years,263797,2026-02-07,25.1138750562107
Alabama,6 Months - 4 Years,263797,2026-02-14,25.2039820804236
Alabama,6 Months - 4 Years,263797,2026-02-21,25.2649039191063
Alabama,6 Months - 4 Years,263797,2026-02-28,25.306708587162
Alabama,6 Months - 4 Years,263797,2026-03-07,25.3807628829496
Alabama,6 Months - 4 Years,263797,2026-03-14,25.4169966298204
Alabama,6 Months - 4 Years,263797,2026-03-21,25.4563654327863
Alabama,6 Months - 4 Years,263797,2026-03-28,25.4967570881735
Alabama,6 Months - 4 Years,263797,2026-04-04,25.5360870490252
Alabama,6 Months - 4 Years,263797,2026-04-11,25.5943546947402
Alabama,6 Months - 4 Years,263797,2026-04-18,25.6065238279813
Alabama,6 Months - 4 Years,263797,2026-04-25,25.61
Alabama,6 Months - 4 Years,263797,2026-05-02,25.61
Alabama,6 Months - 4 Years,263797,2026-05-09,25.61
Alabama,6 Months - 4 Years,263797,2026-05-16,25.61
Alabama,6 Months - 4 Years,263797,2026-05-23,25.61
Alabama,6 Months - 4 Years,263797,2026-05-30,25.61
Alabama,6 Months - 4 Years,263797,2026-06-06,25.61
Alabama,6 Months - 4 Years,263797,2026-06-13,25.61
Alabama,5-12 Years,484424,2025-08-16,2.99482514517823
Alabama,5-12 Years,484424,2025-08-23,2.99482514517823
Alabama,5-12 Years,484424,2025-08-30,2.99482514517823
Alabama,5-12 Years,484424,2025-09-06,2.99482514517823
Alabama,5-12 Years,484424,2025-09-13,4.13998621330949
Alabama,5-12 Years,484424,2025-09-20,4.99639910257722
Alabama,5-12 Years,484424,2025-09-27,6.08449609336244
Alabama,5-12 Years,484424,2025-10-04,8.552438998541
Alabama,5-12 Years,484424,2025-10-11,10.1101449221642
Alabama,5-12 Years,484424,2025-10-18,12.0009354006125
Alabama,5-12 Years,484424,2025-10-25,14.1597625107139
Alabama,5-12 Years,484424,2025-11-01,16.587242495853
Alabama,5-12 Years,484424,2025-11-08,20.910938138505
Alabama,5-12 Years,484424,2025-11-15,22.4316876635204
Alabama,5-12 Years,484424,2025-11-22,23.4947092876117
Alabama,5-12 Years,484424,2025-11-29,24.2222925360848
Alabama,5-12 Years,484424,2025-12-06,25.448689800006
Alabama,5-12 Years,484424,2025-12-13,25.9109886950105
Alabama,5-12 Years,484424,2025-12-20,26.2863050209867
Alabama,5-12 Years,484424,2025-12-27,26.5957393839631
Alabama,5-12 Years,484424,2026-01-03,26.9243351735527
Alabama,5-12 Years,484424,2026-01-10,27.4204555620952
Alabama,5-12 Years,484424,2026-01-17,27.6016337652793
Alabama,5-12 Years,484424,2026-01-24,27.7544093838889
Alabama,5-12 Years,484424,2026-01-31,27.866062820149
Alabama,5-12 Years,484424,2026-02-07,28.1067886141314
Alabama,5-12 Years,484424,2026-02-14,28.2093938311916
Alabama,5-12 Years,484424,2026-02-21,28.3011589978622
Alabama,5-12 Years,484424,2026-02-28,28.3877993400527
Alabama,5-12 Years,484424,2026-03-07,28.5707996607359
Alabama,5-12 Years,484424,2026-03-14,28.6982006761731
Alabama,5-12 Years,484424,2026-03-21,28.8697585211167
Alabama,5-12 Years,484424,2026-03-28,29.0715467332665
Alabama,5-12 Years,484424,2026-04-04,29.2794034203079
Alabama,5-12 Years,484424,2026-04-11,29.6090007021502
Alabama,5-12 Years,484424,2026-04-18,29.6831845020404
Alabama,5-12 Years,484424,2026-04-25,29.705
Alabama,5-12 Years,484424,2026-05-02,29.705
Alabama,5-12 Years,484424,2026-05-09,29.7100157009131
Alabama,5-12 Years,484424,2026-05-16,29.72776170518
Alabama,5-12 Years,484424,2026-05-23,29.7684537180059
Alabama,5-12 Years,484424,2026-05-30,29.8375438745116
Alabama,5-12 Years,484424,2026-06-06,30.0168464001396
Alabama,5-12 Years,484424,2026-06-13,30.128976565978
Alabama,13-17 Years,310917,2025-08-16,1.9997901658157
Alabama,13-17 Years,310917,2025-08-23,1.9997901658157
Alabama,13-17 Years,310917,2025-08-30,1.9997901658157
Alabama,13-17 Years,310917,2025-09-06,1.9997901658157
Alabama,13-17 Years,310917,2025-09-13,2.76220473355157
Alabama,13-17 Years,310917,2025-09-20,3.33077884577704
Alabama,13-17 Years,310917,2025-09-27,4.15622480718489
Alabama,13-17 Years,310917,2025-10-04,6.11494522651483
Alabama,13-17 Years,310917,2025-10-11,7.41068906220008
Alabama,13-17 Years,310917,2025-10-18,9.02618912847445
Alabama,13-17 Years,310917,2025-10-25,10.9213487625693
Alabama,13-17 Years,310917,2025-11-01,13.1184396135355
Alabama,13-17 Years,310917,2025-11-08,17.2128769259813
Alabama,13-17 Years,310917,2025-11-15,18.8273423609845
Alabama,13-17 Years,310917,2025-11-22,20.1084005572517
Alabama,13-17 Years,310917,2025-11-29,21.1013895757277
Alabama,13-17 Years,310917,2025-12-06,22.775558031871
Alabama,13-17 Years,310917,2025-12-13,23.3585214714083
Alabama,13-17 Years,310917,2025-12-20,23.7667632728178
Alabama,13-17 Years,310917,2025-12-27,24.049403649518
Alabama,13-17 Years,310917,2026-01-03,24.3461416343594
Alabama,13-17 Years,310917,2026-01-10,24.784354181956
Alabama,13-17 Years,310917,2026-01-17,24.9637357734504
Alabama,13-17 Years,310917,2026-01-24,25.1321771994368
Alabama,13-17 Years,310917,2026-01-31,25.2596231971925
Alabama,13-17 Years,310917,2026-02-07,25.5094653531558
Alabama,13-17 Years,310917,2026-02-14,25.5900447958034
Alabama,13-17 Years,310917,2026-02-21,25.6393083624739
Alabama,13-17 Years,310917,2026-02-28,25.6682488516367
Alabama,13-17 Years,310917,2026-03-07,25.7173133329956
Alabama,13-17 Years,310917,2026-03-14,25.7384746200778
Alabama,13-17 Years,310917,2026-03-21,25.759405593071
Alabama,13-17 Years,310917,2026-03-28,25.7812085157715
Alabama,13-17 Years,310917,2026-04-04,25.8141028551548
Alabama,13-17 Years,310917,2026-04-11,25.8755192751638
Alabama,13-17 Years,310917,2026-04-18,25.9203603344183
Alabama,13-17 Years,310917,2026-04-25,25.9779045576775
Alabama,13-17 Years,310917,2026-05-02,26.034463646275
Alabama,13-17 Years,310917,2026-05-09,26.148985385533
Alabama,13-17 Years,310917,2026-05-16,26.1898759982039
Alabama,13-17 Years,310917,2026-05-23,26.2154075147314
Alabama,13-17 Years,310917,2026-05-30,26.2298851887151
Alabama,13-17 Years,310917,2026-06-06,26.2514361366149
Alabama,13-17 Years,310917,2026-06-13,26.2553754455526
Alabama,6 Months - 17 Years,1059138,2025-08-16,2.5400974060846
Alabama,6 Months - 17 Years,1059138,2025-08-23,2.5400974060846
Alabama,6 Months - 17 Years,1059138,2025-08-30,2.5400974060846
Alabama,6 Months - 17 Years,1059138,2025-09-06,2.5400974060846
Alabama,6 Months - 17 Years,1059138,2025-09-13,3.50488872401426
Alabama,6 Months - 17 Years,1059138,2025-09-20,4.21798869576427
Alabama,6 Months - 17 Years,1059138,2025-09-27,5.16281313247701
Alabama,6 Months - 17 Years,1059138,2025-10-04,7.33889786446394
Alabama,6 Months - 17 Years,1059138,2025-10-11,8.73104819004643
Alabama,6 Months - 17 Years,1059138,2025-10-18,10.431734216549
Alabama,6 Months - 17 Years,1059138,2025-10-25,12.3917891378549
Alabama,6 Months - 17 Years,1059138,2025-11-01,14.6300830414228
Alabama,6 Months - 17 Years,1059138,2025-11-08,18.7170976031352
Alabama,6 Months - 17 Years,1059138,2025-11-15,20.2567405051169
Alabama,6 Months - 17 Years,1059138,2025-11-22,21.4241621740069
Alabama,6 Months - 17 Years,1059138,2025-11-29,22.2943175056557
Alabama,6 Months - 17 Years,1059138,2025-12-06,23.7702839232897
Alabama,6 Months - 17 Years,1059138,2025-12-13,24.3102461081824
Alabama,6 Months - 17 Years,1059138,2025-12-20,24.7216660792996
Alabama,6 Months - 17 Years,1059138,2025-12-27,25.0374263881755
Alabama,6 Months - 17 Years,1059138,2026-01-03,25.3707173802426
Alabama,6 Months - 17 Years,1059138,2026-01-10,25.8687567827909
Alabama,6 Months - 17 Years,1059138,2026-01-17,26.0583625369482
Alabama,6 Months - 17 Years,1059138,2026-01-24,26.2253861897123
Alabama,6 Months - 17 Years,1059138,2026-01-31,26.3493418498725
Alabama,6 Months - 17 Years,1059138,2026-02-07,26.6069295441095
Alabama,6 Months - 17 Years,1059138,2026-02-14,26.7061831969352
Alabama,6 Months - 17 Years,1059138,2026-02-21,26.7848017920521
Alabama,6 Months - 17 Years,1059138,2026-02-28,26.8498551172285
Alabama,6 Months - 17 Years,1059138,2026-03-07,26.9763753839949
Alabama,6 Months - 17 Years,1059138,2026-03-14,27.0490596910717
Alabama,6 Months - 17 Years,1059138,2026-03-21,27.1364275019931
Alabama,6 Months - 17 Years,1059138,2026-03-28,27.2343051410476
Alabama,6 Months - 17 Years,1059138,2026-04-04,27.3426759517337
Alabama,6 Months - 17 Years,1059138,2026-04-11,27.5186615207024
Alabama,6 Months - 17 Years,1059138,2026-04-18,27.5728149724629
Alabama,6 Months - 17 Years,1059138,2026-04-25,27.6067559767838
Alabama,6 Months - 17 Years,1059138,2026-05-02,27.626704520364
Alabama,6 Months - 17 Years,1059138,2026-05-09,27.6752521694702
Alabama,6 Months - 17 Years,1059138,2026-05-16,27.7045950427701
Alabama,6 Months - 17 Years,1059138,2026-05-23,27.7411332762478
Alabama,6 Months - 17 Years,1059138,2026-05-30,27.7850821575853
Alabama,6 Months - 17 Years,1059138,2026-06-06,27.8820470906922
Alabama,6 Months - 17 Years,1059138,2026-06-13,27.9369714590761
Alabama,18-49 Years,1983487,2025-08-16,0.833992547922326
Alabama,18-49 Years,1983487,2025-08-23,0.833992547922326
Alabama,18-49 Years,1983487,2025-08-30,0.833992547922326
Alabama,18-49 Years,1983487,2025-09-06,0.833992547922326
Alabama,18-49 Years,1983487,2025-09-13,1.13877260768619
Alabama,18-49 Years,1983487,2025-09-20,1.34799849381658
Alabama,18-49 Years,1983487,2025-09-27,1.7693710738065
Alabama,18-49 Years,1983487,2025-10-04,2.85079260192748
Alabama,18-49 Years,1983487,2025-10-11,3.63627363514267
Alabama,18-49 Years,1983487,2025-10-18,4.67514958613754
Alabama,18-49 Years,1983487,2025-10-25,5.94128253840367
Alabama,18-49 Years,1983487,2025-11-01,7.42627424791685
Alabama,18-49 Years,1983487,2025-11-08,10.2054690679478
Alabama,18-49 Years,1983487,2025-11-15,11.276140520974
Alabama,18-49 Years,1983487,2025-11-22,12.0904545611239
Alabama,18-49 Years,1983487,2025-11-29,12.6902585463532
Alabama,18-49 Years,1983487,2025-12-06,13.6756751574778
Alabama,18-49 Years,1983487,2025-12-13,13.9953197428135
Alabama,18-49 Years,1983487,2025-12-20,14.1987950237041
Alabama,18-49 Years,1983487,2025-12-27,14.3244587964505
Alabama,18-49 Years,1983487,2026-01-03,14.4669061055496
Alabama,18-49 Years,1983487,2026-01-10,14.686356277924
Alabama,18-49 Years,1983487,2026-01-17,14.8053823878038
Alabama,18-49 Years,1983487,2026-01-24,14.9421095714102
Alabama,18-49 Years,1983487,2026-01-31,15.0695433869771
Alabama,18-49 Years,1983487,2026-02-07,15.3442859431681
Alabama,18-49 Years,1983487,2026-02-14,15.4602202976745
Alabama,18-49 Years,1983487,2026-02-21,15.5550581752954
Alabama,18-49 Years,1983487,2026-02-28,15.6338567689954
Alabama,18-49 Years,1983487,2026-03-07,15.7837962362297
Alabama,18-49 Years,1983487,2026-03-14,15.8603480583969
Alabama,18-49 Years,1983487,2026-03-21,15.9425859114185
Alabama,18-49 Years,1983487,2026-03-28,16.028372045177
Alabama,18-49 Years,1983487,2026-04-04,16.1267279289916
Alabama,18-49 Years,1983487,2026-04-11,16.2878618895525
Alabama,18-49 Years,1983487,2026-04-18,16.3493335991518
Alabama,18-49 Years,1983487,2026-04-25,16.3992435308642
Alabama,18-49 Years,1983487,2026-05-02,16.4315815925926
Alabama,18-49 Years,1983487,2026-05-09,16.4902785643739
Alabama,18-49 Years,1983487,2026-05-16,16.5045648994709
Alabama,18-49 Years,1983487,2026-05-23,16.5095903280423
Alabama,18-49 Years,1983487,2026-05-30,16.5098634426808
Alabama,18-49 Years,1983487,2026-06-06,16.51
Alabama,18-49 Years,1983487,2026-06-13,16.51
Alabama,50-64 Years,962447,2025-08-16,1.30725923559059
Alabama,50-64 Years,962447,2025-08-23,1.30725923559059
Alabama,50-64 Years,962447,2025-08-30,1.30725923559059
Alabama,50-64 Years,962447,2025-09-06,1.30725923559059
Alabama,50-64 Years,962447,2025-09-13,1.78921337753848
Alabama,50-64 Years,962447,2025-09-20,2.12591462766068
Alabama,50-64 Years,962447,2025-09-27,2.69219028033575
Alabama,50-64 Years,962447,2025-10-04,4.09008026269366
Alabama,50-64 Years,962447,2025-10-11,5.04748930884106
Alabama,50-64 Years,962447,2025-10-18,6.26314619771473
Alabama,50-64 Years,962447,2025-10-25,7.71901597514105
Alabama,50-64 Years,962447,2025-11-01,9.45120935202672
Alabama,50-64 Years,962447,2025-11-08,12.7945850860417
Alabama,50-64 Years,962447,2025-11-15,14.2160684266082
Alabama,50-64 Years,962447,2025-11-22,15.4327681541596
Alabama,50-64 Years,962447,2025-11-29,16.4644746382769
Alabama,50-64 Years,962447,2025-12-06,18.3266914560206
Alabama,50-64 Years,962447,2025-12-13,19.0927664246083
Alabama,50-64 Years,962447,2025-12-20,19.7377864678829
Alabama,50-64 Years,962447,2025-12-27,20.2807737206598
Alabama,50-64 Years,962447,2026-01-03,20.8679693381858
Alabama,50-64 Years,962447,2026-01-10,21.7694844175836
Alabama,50-64 Years,962447,2026-01-17,22.1081314105973
Alabama,50-64 Years,962447,2026-01-24,22.3975172582816
Alabama,50-64 Years,962447,2026-01-31,22.6113803618665
Alabama,50-64 Years,962447,2026-02-07,23.0737538786748
Alabama,50-64 Years,962447,2026-02-14,23.2760350618462
Alabama,50-64 Years,962447,2026-02-21,23.4603655852773
Alabama,50-64 Years,962447,2026-02-28,23.6298559118873
Alabama,50-64 Years,962447,2026-03-07,23.9503432204131
Alabama,50-64 Years,962447,2026-03-14,24.0980119583837
Alabama,50-64 Years,962447,2026-03-21,24.2381770932365
Alabama,50-64 Years,962447,2026-03-28,24.3719385862621
Alabama,50-64 Years,962447,2026-04-04,24.5344421763056
Alabama,50-64 Years,962447,2026-04-11,24.8059802716691
Alabama,50-64 Years,962447,2026-04-18,24.9365246971335
Alabama,50-64 Years,962447,2026-04-25,25.0662338420779
Alabama,50-64 Years,962447,2026-05-02,25.1655091648819
Alabama,50-64 Years,962447,2026-05-09,25.3487474588961
Alabama,50-64 Years,962447,2026-05-16,25.396265226605
Alabama,50-64 Years,962447,2026-05-23,25.4135526046386
Alabama,50-64 Years,962447,2026-05-30,25.4145175348796
Alabama,50-64 Years,962447,2026-06-06,25.415
Alabama,50-64 Years,962447,2026-06-13,25.415
Alabama,65+ Years,874244,2025-08-16,1.24697044848439
Alabama,65+ Years,874244,2025-08-23,1.24697044848439
Alabama,65+ Years,874244,2025-08-30,1.24697044848439
Alabama,65+ Years,874244,2025-09-06,1.24697044848439
Alabama,65+ Years,874244,2025-09-13,2.34997050244434
Alabama,65+ Years,874244,2025-09-20,4.05995288526099
Alabama,65+ Years,874244,2025-09-27,6.26801582721465
Alabama,65+ Years,874244,2025-10-04,11.3062085688619
Alabama,65+ Years,874244,2025-10-11,14.4891350137289
Alabama,65+ Years,874244,2025-10-18,18.3446874495118
Alabama,65+ Years,874244,2025-10-25,22.7610605900459
Alabama,65+ Years,874244,2025-11-01,27.7903396794708
Alabama,65+ Years,874244,2025-11-08,36.9604271833787
Alabama,65+ Years,874244,2025-11-15,40.4325203824083
Alabama,65+ Years,874244,2025-11-22,43.0878591253701
Alabama,65+ Years,874244,2025-11-29,45.0688029094549
Alabama,65+ Years,874244,2025-12-06,48.3511356760949
Alabama,65+ Years,874244,2025-12-13,49.4433564452347
Alabama,65+ Years,874244,2025-12-20,50.1658891000957
Alabama,65+ Years,874244,2025-12-27,50.6402810594161
Alabama,65+ Years,874244,2026-01-03,51.2104340804598
Alabama,65+ Years,874244,2026-01-10,52.1269297894522
Alabama,65+ Years,874244,2026-01-17,52.6851562363899
Alabama,65+ Years,874244,2026-01-24,53.3630416813699
Alabama,65+ Years,874244,2026-01-31,54.0134581572961
Alabama,65+ Years,874244,2026-02-07,55.3761988541326
Alabama,65+ Years,874244,2026-02-14,55.9043799883644
Alabama,65+ Years,874244,2026-02-21,56.2846445090099
Alabama,65+ Years,874244,2026-02-28,56.5567122749749
Alabama,65+ Years,874244,2026-03-07,57.0555721853529
Alabama,65+ Years,874244,2026-03-14,57.3066845964058
Alabama,65+ Years,874244,2026-03-21,57.5816023640843
Alabama,65+ Years,874244,2026-03-28,57.8756859498664
Alabama,65+ Years,874244,2026-04-04,58.2231293449736
Alabama,65+ Years,874244,2026-04-11,58.8009628674679
Alabama,65+ Years,874244,2026-04-18,59.0283146556034
Alabama,65+ Years,874244,2026-04-25,59.2209158941073
Alabama,65+ Years,874244,2026-05-02,59.3653667087949
Alabama,65+ Years,874244,2026-05-09,59.6874746872504
Alabama,65+ Years,874244,2026-05-16,59.840535363694
Alabama,65+ Years,874244,2026-05-23,59.9906713025298
Alabama,65+ Years,874244,2026-05-30,60.1376499344637
Alabama,65+ Years,874244,2026-06-06,60.4240541923391
Alabama,65+ Years,874244,2026-06-13,60.5605267394035
Alaska,6 Months - 4 Years,44896,2025-08-16,0.531475180557576
Alaska,6 Months - 4 Years,44896,2025-08-23,0.531475180557576
Alaska,6 Months - 4 Years,44896,2025-08-30,0.531475180557576
Alaska,6 Months - 4 Years,44896,2025-09-06,0.531475180557576
Alaska,6 Months - 4 Years,44896,2025-09-13,1.64970759805933
Alaska,6 Months - 4 Years,44896,2025-09-20,3.40486234778252
Alaska,6 Months - 4 Years,44896,2025-09-27,5.75412255433185
Alaska,6 Months - 4 Years,44896,2025-10-04,10.7425520945723
Alaska,6 Months - 4 Years,44896,2025-10-11,13.0587804144475
Alaska,6 Months - 4 Years,44896,2025-10-18,15.2575317319788
Alaska,6 Months - 4 Years,44896,2025-10-25,17.3217015283314
Alaska,6 Months - 4 Years,44896,2025-11-01,19.469923365122
Alaska,6 Months - 4 Years,44896,2025-11-08,23.0458754932594
Alaska,6 Months - 4 Years,44896,2025-11-15,24.2995974920978
Alaska,6 Months - 4 Years,44896,2025-11-22,25.2548065411383
Alaska,6 Months - 4 Years,44896,2025-11-29,25.9948662623477
Alaska,6 Months - 4 Years,44896,2025-12-06,27.3144109025532
Alaska,6 Months - 4 Years,44896,2025-12-13,27.8771168940492
Alaska,6 Months - 4 Years,44896,2025-12-20,28.3908667795022
Alaska,6 Months - 4 Years,44896,2025-12-27,28.8688860915312
Alaska,6 Months - 4 Years,44896,2026-01-03,29.4384399080035
Alaska,6 Months - 4 Years,44896,2026-01-10,30.3704850951196
Alaska,6 Months - 4 Years,44896,2026-01-17,30.7866942461495
Alaska,6 Months - 4 Years,44896,2026-01-24,31.196411943031
Alaska,6 Months - 4 Years,44896,2026-01-31,31.5586631290988
Alaska,6 Months - 4 Years,44896,2026-02-07,32.4468785513799
Alaska,6 Months - 4 Years,44896,2026-02-14,33.0085835422884
Alaska,6 Months - 4 Years,44896,2026-02-21,33.6819028608113
Alaska,6 Months - 4 Years,44896,2026-02-28,34.3986214496013
Alaska,6 Months - 4 Years,44896,2026-03-07,35.6919174294952
Alaska,6 Months - 4 Years,44896,2026-03-14,36.1324189879265
Alaska,6 Months - 4 Years,44896,2026-03-21,36.3777362142198
Alaska,6 Months - 4 Years,44896,2026-03-28,36.4781525564979
Alaska,6 Months - 4 Years,44896,2026-04-04,36.5570787268494
Alaska,6 Months - 4 Years,44896,2026-04-11,36.6420312826232
Alaska,6 Months - 4 Years,44896,2026-04-18,36.656321195114
Alaska,6 Months - 4 Years,44896,2026-04-25,36.66
Alaska,6 Months - 4 Years,44896,2026-05-02,36.66
Alaska,6 Months - 4 Years,44896,2026-05-09,36.66
Alaska,6 Months - 4 Years,44896,2026-05-16,36.66
Alaska,6 Months - 4 Years,44896,2026-05-23,36.66
Alaska,6 Months - 4 Years,44896,2026-05-30,36.66
Alaska,6 Months - 4 Years,44896,2026-06-06,36.66
Alaska,6 Months - 4 Years,44896,2026-06-13,36.66
Alaska,5-12 Years,81490,2025-08-16,0.434027409074608
Alaska,5-12 Years,81490,2025-08-23,0.434027409074608
Alaska,5-12 Years,81490,2025-08-30,0.434027409074608
Alaska,5-12 Years,81490,2025-09-06,0.434027409074608
Alaska,5-12 Years,81490,2025-09-13,1.17110860247317
Alaska,5-12 Years,81490,2025-09-20,2.3423160766785
Alaska,5-12 Years,81490,2025-09-27,3.96198409965387
Alaska,5-12 Years,81490,2025-10-04,7.46215286686456
Alaska,5-12 Years,81490,2025-10-11,9.33509681826355
Alaska,5-12 Years,81490,2025-10-18,11.340636764329
Alaska,5-12 Years,81490,2025-10-25,13.4326783629968
Alaska,5-12 Years,81490,2025-11-01,15.7249367308501
Alaska,5-12 Years,81490,2025-11-08,19.7816940409964
Alaska,5-12 Years,81490,2025-11-15,21.3347973179045
Alaska,5-12 Years,81490,2025-11-22,22.584292675226
Alaska,5-12 Years,81490,2025-11-29,23.5631769369708
Alaska,5-12 Years,81490,2025-12-06,25.1708468620088
Alaska,5-12 Years,81490,2025-12-13,25.6767731984327
Alaska,5-12 Years,81490,2025-12-20,25.9774689589011
Alaska,5-12 Years,81490,2025-12-27,26.1439698620695
Alaska,5-12 Years,81490,2026-01-03,26.358796501721
Alaska,5-12 Years,81490,2026-01-10,26.7198604783796
Alaska,5-12 Years,81490,2026-01-17,27.0111082356458
Alaska,5-12 Years,81490,2026-01-24,27.408110143854
Alaska,5-12 Years,81490,2026-01-31,27.8062524378164
Alaska,5-12 Years,81490,2026-02-07,28.5807807138492
Alaska,5-12 Years,81490,2026-02-14,28.8204731536106
Alaska,5-12 Years,81490,2026-02-21,28.9305771348669
Alaska,5-12 Years,81490,2026-02-28,28.9554135632686
Alaska,5-12 Years,81490,2026-03-07,28.9824820610679
Alaska,5-12 Years,81490,2026-03-14,28.987641124607
Alaska,5-12 Years,81490,2026-03-21,28.989603635956
Alaska,5-12 Years,81490,2026-03-28,28.989867878652
Alaska,5-12 Years,81490,2026-04-04,28.99
Alaska,5-12 Years,81490,2026-04-11,28.99
Alaska,5-12 Years,81490,2026-04-18,28.99
Alaska,5-12 Years,81490,2026-04-25,28.99
Alaska,5-12 Years,81490,2026-05-02,28.99
Alaska,5-12 Years,81490,2026-05-09,28.99
Alaska,5-12 Years,81490,2026-05-16,28.99
Alaska,5-12 Years,81490,2026-05-23,28.99
Alaska,5-12 Years,81490,2026-05-30,28.99
Alaska,5-12 Years,81490,2026-06-06,28.99
Alaska,5-12 Years,81490,2026-06-13,28.99
Alaska,13-17 Years,47492,2025-08-16,0.400297966170612
Alaska,13-17 Years,47492,2025-08-23,0.400297966170612
Alaska,13-17 Years,47492,2025-08-30,0.400297966170612
Alaska,13-17 Years,47492,2025-09-06,0.400297966170612
Alaska,13-17 Years,47492,2025-09-13,1.0038139713189
Alaska,13-17 Years,47492,2025-09-20,1.96454971489407
Alaska,13-17 Years,47492,2025-09-27,3.30810477104996
Alaska,13-17 Years,47492,2025-10-04,6.20604067620948
Alaska,13-17 Years,47492,2025-10-11,7.86420639386155
Alaska,13-17 Years,47492,2025-10-18,9.74445945318731
Alaska,13-17 Years,47492,2025-10-25,11.7802406177246
Alaska,13-17 Years,47492,2025-11-01,14.0001457029629
Alaska,13-17 Years,47492,2025-11-08,17.8224910987112
Alaska,13-17 Years,47492,2025-11-15,19.1062583297391
Alaska,13-17 Years,47492,2025-11-22,19.9744454247818
Alaska,13-17 Years,47492,2025-11-29,20.541948389231
Alaska,13-17 Years,47492,2025-12-06,21.4549400152034
Alaska,13-17 Years,47492,2025-12-13,21.753137523116
Alaska,13-17 Years,47492,2025-12-20,21.9559328267071
Alaska,13-17 Years,47492,2025-12-27,22.0950618762172
Alaska,13-17 Years,47492,2026-01-03,22.2443032506039
Alaska,13-17 Years,47492,2026-01-10,22.4666317459516
Alaska,13-17 Years,47492,2026-01-17,22.5606082235111
Alaska,13-17 Years,47492,2026-01-24,22.653106922174
Alaska,13-17 Years,47492,2026-01-31,22.7334292759091
Alaska,13-17 Years,47492,2026-02-07,22.9282291053421
Alaska,13-17 Years,47492,2026-02-14,23.0490063624247
Alaska,13-17 Years,47492,2026-02-21,23.1919556628911
Alaska,13-17 Years,47492,2026-02-28,23.340997035736
Alaska,13-17 Years,47492,2026-03-07,23.6010584123442
Alaska,13-17 Years,47492,2026-03-14,23.6809860583751
Alaska,13-17 Years,47492,2026-03-21,23.7167379842195
Alaska,13-17 Years,47492,2026-03-28,23.7222459947398
Alaska,13-17 Years,47492,2026-04-04,23.725
Alaska,13-17 Years,47492,2026-04-11,23.725
Alaska,13-17 Years,47492,2026-04-18,23.725
Alaska,13-17 Years,47492,2026-04-25,23.725
Alaska,13-17 Years,47492,2026-05-02,23.725
Alaska,13-17 Years,47492,2026-05-09,23.725
Alaska,13-17 Years,47492,2026-05-16,23.725
Alaska,13-17 Years,47492,2026-05-23,23.725
Alaska,13-17 Years,47492,2026-05-30,23.725
Alaska,13-17 Years,47492,2026-06-06,23.725
Alaska,13-17 Years,47492,2026-06-13,23.725
Alaska,6 Months - 17 Years,173878,2025-08-16,2.31464433486953
Alaska,6 Months - 17 Years,173878,2025-08-23,2.31464433486953
Alaska,6 Months - 17 Years,173878,2025-08-30,2.31464433486953
Alaska,6 Months - 17 Years,173878,2025-09-06,2.31464433486953
Alaska,6 Months - 17 Years,173878,2025-09-13,3.35769392872002
Alaska,6 Months - 17 Years,173878,2025-09-20,4.35813601928231
Alaska,6 Months - 17 Years,173878,2025-09-27,5.52751251137653
Alaska,6 Months - 17 Years,173878,2025-10-04,8.08843488253056
Alaska,6 Months - 17 Years,173878,2025-10-11,9.61863083976616
Alaska,6 Months - 17 Years,173878,2025-10-18,11.4036485600786
Alaska,6 Months - 17 Years,173878,2025-10-25,13.3883008359018
Alaska,6 Months - 17 Years,173878,2025-11-01,15.6076091483025
Alaska,6 Months - 17 Years,173878,2025-11-08,19.5707772281472
Alaska,6 Months - 17 Years,173878,2025-11-15,21.0225627974701
Alaska,6 Months - 17 Years,173878,2025-11-22,22.1042791879055
Alaska,6 Months - 17 Years,173878,2025-11-29,22.8922338968359
Alaska,6 Months - 17 Years,173878,2025-12-06,24.1933940551992
Alaska,6 Months - 17 Years,173878,2025-12-13,24.6283462171264
Alaska,6 Months - 17 Years,173878,2025-12-20,24.9214378041331
Alaska,6 Months - 17 Years,173878,2025-12-27,25.1198966945075
Alaska,6 Months - 17 Years,173878,2026-01-03,25.360048082761
Alaska,6 Months - 17 Years,173878,2026-01-10,25.7478228845855
Alaska,6 Months - 17 Years,173878,2026-01-17,25.9816861589931
Alaska,6 Months - 17 Years,173878,2026-01-24,26.2660143712474
Alaska,6 Months - 17 Years,173878,2026-01-31,26.5446314171771
Alaska,6 Months - 17 Years,173878,2026-02-07,27.1521084614517
Alaska,6 Months - 17 Years,173878,2026-02-14,27.4227557493579
Alaska,6 Months - 17 Years,173878,2026-02-21,27.6536415176718
Alaska,6 Months - 17 Years,173878,2026-02-28,27.8404536956207
Alaska,6 Months - 17 Years,173878,2026-03-07,28.1444437153478
Alaska,6 Months - 17 Years,173878,2026-03-14,28.2357209425084
Alaska,6 Months - 17 Years,173878,2026-03-21,28.2841433777756
Alaska,6 Months - 17 Years,173878,2026-03-28,28.3039275748136
Alaska,6 Months - 17 Years,173878,2026-04-04,28.319543307006
Alaska,6 Months - 17 Years,173878,2026-04-11,28.3364572811791
Alaska,6 Months - 17 Years,173878,2026-04-18,28.3392775498022
Alaska,6 Months - 17 Years,173878,2026-04-25,28.34
Alaska,6 Months - 17 Years,173878,2026-05-02,28.34
Alaska,6 Months - 17 Years,173878,2026-05-09,28.34
Alaska,6 Months - 17 Years,173878,2026-05-16,28.34
Alaska,6 Months - 17 Years,173878,2026-05-23,28.34
Alaska,6 Months - 17 Years,173878,2026-05-30,28.34
Alaska,6 Months - 17 Years,173878,2026-06-06,28.34
Alaska,6 Months - 17 Years,173878,2026-06-13,28.34
Alaska,18-49 Years,303483,2025-08-16,1.17377974600353
Alaska,18-49 Years,303483,2025-08-23,1.17377974600353
Alaska,18-49 Years,303483,2025-08-30,1.17377974600353
Alaska,18-49 Years,303483,2025-09-06,1.17377974600353
Alaska,18-49 Years,303483,2025-09-13,1.55019292844439
Alaska,18-49 Years,303483,2025-09-20,1.73056674611402
Alaska,18-49 Years,303483,2025-09-27,2.14313113051118
Alaska,18-49 Years,303483,2025-10-04,3.22516409739693
Alaska,18-49 Years,303483,2025-10-11,4.01336304047803
Alaska,18-49 Years,303483,2025-10-18,5.05180868248164
Alaska,18-49 Years,303483,2025-10-25,6.32938029634665
Alaska,18-49 Years,303483,2025-11-01,7.87183799873596
Alaska,18-49 Years,303483,2025-11-08,10.8927446667357
Alaska,18-49 Years,303483,2025-11-15,12.2022768643621
Alaska,18-49 Years,303483,2025-11-22,13.3354366522651
Alaska,18-49 Years,303483,2025-11-29,14.2981408306345
Alaska,18-49 Years,303483,2025-12-06,16.0086177563529
Alaska,18-49 Years,303483,2025-12-13,16.6718450499673
Alaska,18-49 Years,303483,2025-12-20,17.1886412030104
Alaska,18-49 Years,303483,2025-12-27,17.5909915066492
Alaska,18-49 Years,303483,2026-01-03,18.0300057123754
Alaska,18-49 Years,303483,2026-01-10,18.7016922983188
Alaska,18-49 Years,303483,2026-01-17,18.975753941349
Alaska,18-49 Years,303483,2026-01-24,19.2305616252972
Alaska,18-49 Years,303483,2026-01-31,19.4346773925945
Alaska,18-49 Years,303483,2026-02-07,19.8878312523892
Alaska,18-49 Years,303483,2026-02-14,20.1011824266903
Alaska,18-49 Years,303483,2026-02-21,20.3065861633366
Alaska,18-49 Years,303483,2026-02-28,20.5020708418768
Alaska,18-49 Years,303483,2026-03-07,20.8703614265429
Alaska,18-49 Years,303483,2026-03-14,21.0322319979613
Alaska,18-49 Years,303483,2026-03-21,21.1753105423739
Alaska,18-49 Years,303483,2026-03-28,21.3019545959623
Alaska,18-49 Years,303483,2026-04-04,21.4488588806585
Alaska,18-49 Years,303483,2026-04-11,21.6862881496299
Alaska,18-49 Years,303483,2026-04-18,21.7936970400338
Alaska,18-49 Years,303483,2026-04-25,21.8970000242778
Alaska,18-49 Years,303483,2026-05-02,21.9737669750471
Alaska,18-49 Years,303483,2026-05-09,22.1148720984379
Alaska,18-49 Years,303483,2026-05-16,22.1509089905215
Alaska,18-49 Years,303483,2026-05-23,22.1639174373502
Alaska,18-49 Years,303483,2026-05-30,22.1646391457834
Alaska,18-49 Years,303483,2026-06-06,22.165
Alaska,18-49 Years,303483,2026-06-13,22.165
Alaska,50-64 Years,133634,2025-08-16,0.3958617185878
Alaska,50-64 Years,133634,2025-08-23,0.3958617185878
Alaska,50-64 Years,133634,2025-08-30,0.3958617185878
Alaska,50-64 Years,133634,2025-09-06,0.3958617185878
Alaska,50-64 Years,133634,2025-09-13,0.918197730159168
Alaska,50-64 Years,133634,2025-09-20,1.75239675929031
Alaska,50-64 Years,133634,2025-09-27,2.91468185323464
Alaska,50-64 Years,133634,2025-10-04,5.45056187317964
Alaska,50-64 Years,133634,2025-10-11,6.95172318385017
Alaska,50-64 Years,133634,2025-10-18,8.68847759601964
Alaska,50-64 Years,133634,2025-10-25,10.612255767767
Alaska,50-64 Years,133634,2025-11-01,12.7731409020978
Alaska,50-64 Years,133634,2025-11-08,16.6667142451052
Alaska,50-64 Years,133634,2025-11-15,18.1325258096585
Alaska,50-64 Years,133634,2025-11-22,19.2621783161433
Alaska,50-64 Years,133634,2025-11-29,20.1243131905834
Alaska,50-64 Years,133634,2025-12-06,21.6075371126877
Alaska,50-64 Years,133634,2025-12-13,22.1662857495085
Alaska,50-64 Years,133634,2025-12-20,22.6047425326483
Alaska,50-64 Years,133634,2025-12-27,22.9555722992773
Alaska,50-64 Years,133634,2026-01-03,23.3590937332867
Alaska,50-64 Years,133634,2026-01-10,23.9981851125271
Alaska,50-64 Years,133634,2026-01-17,24.2996502368663
Alaska,50-64 Years,133634,2026-01-24,24.6096204759944
Alaska,50-64 Years,133634,2026-01-31,24.8727164368538
Alaska,50-64 Years,133634,2026-02-07,25.4289548073532
Alaska,50-64 Years,133634,2026-02-14,25.6520254277461
Alaska,50-64 Years,133634,2026-02-21,25.8286672471541
Alaska,50-64 Years,133634,2026-02-28,25.9726016714474
Alaska,50-64 Years,133634,2026-03-07,26.2486487448599
Alaska,50-64 Years,133634,2026-03-14,26.3945013211497
Alaska,50-64 Years,133634,2026-03-21,26.5582911830884
Alaska,50-64 Years,133634,2026-03-28,26.7396094114089
Alaska,50-64 Years,133634,2026-04-04,26.9754453930016
Alaska,50-64 Years,133634,2026-04-11,27.3895290025283
Alaska,50-64 Years,133634,2026-04-18,27.5954603640924
Alaska,50-64 Years,133634,2026-04-25,27.8020243973311
Alaska,50-64 Years,133634,2026-05-02,27.9666655708878
Alaska,50-64 Years,133634,2026-05-09,28.2868324350059
Alaska,50-64 Years,133634,2026-05-16,28.3883710400567
Alaska,50-64 Years,133634,2026-05-23,28.4461680327605
Alaska,50-64 Years,133634,2026-05-30,28.4756284322475
Alaska,50-64 Years,133634,2026-06-06,28.5185702290397
Alaska,50-64 Years,133634,2026-06-13,28.5263563620536
Alaska,65+ Years,95876,2025-08-16,1.52263522060853
Alaska,65+ Years,95876,2025-08-23,1.52263522060853
Alaska,65+ Years,95876,2025-08-30,1.52263522060853
Alaska,65+ Years,95876,2025-09-06,1.52263522060853
Alaska,65+ Years,95876,2025-09-13,2.7005819930211
Alaska,65+ Years,95876,2025-09-20,4.42233802897779
Alaska,65+ Years,95876,2025-09-27,6.5857977169893
Alaska,65+ Years,95876,2025-10-04,11.4709215548459
Alaska,65+ Years,95876,2025-10-11,14.5092260459834
Alaska,65+ Years,95876,2025-10-18,18.1486612905101
Alaska,65+ Years,95876,2025-10-25,22.2870500503947
Alaska,65+ Years,95876,2025-11-01,26.9935988090428
Alaska,65+ Years,95876,2025-11-08,35.5802968838369
Alaska,65+ Years,95876,2025-11-15,38.8585994245349
Alaska,65+ Years,95876,2025-11-22,41.3978553197684
Alaska,65+ Years,95876,2025-11-29,43.3236624943743
Alaska,65+ Years,95876,2025-12-06,46.5511633724285
Alaska,65+ Years,95876,2025-12-13,47.6569379845527
Alaska,65+ Years,95876,2025-12-20,48.4163786443771
Alaska,65+ Years,95876,2025-12-27,48.9408230167862
Alaska,65+ Years,95876,2026-01-03,49.5850201856422
Alaska,65+ Years,95876,2026-01-10,50.6376239800277
Alaska,65+ Years,95876,2026-01-17,51.291841845768
Alaska,65+ Years,95876,2026-01-24,52.0918384206707
Alaska,65+ Years,95876,2026-01-31,52.8619484496733
Alaska,65+ Years,95876,2026-02-07,54.4670347628688
Alaska,65+ Years,95876,2026-02-14,55.0811070342817
Alaska,65+ Years,95876,2026-02-21,55.5138514604871
Alaska,65+ Years,95876,2026-02-28,55.8124950007396
Alaska,65+ Years,95876,2026-03-07,56.3432725776989
Alaska,65+ Years,95876,2026-03-14,56.5841528096822
Alaska,65+ Years,95876,2026-03-21,56.8246883070066
Alaska,65+ Years,95876,2026-03-28,57.0708228886048
Alaska,65+ Years,95876,2026-04-04,57.402708634468
Alaska,65+ Years,95876,2026-04-11,57.9906308940689
Alaska,65+ Years,95876,2026-04-18,58.3354961594319
Alaska,65+ Years,95876,2026-04-25,58.7226056177571
Alaska,65+ Years,95876,2026-05-02,59.051158215409
Alaska,65+ Years,95876,2026-05-09,59.6656360106695
Alaska,65+ Years,95876,2026-05-16,59.8325764846154
Alaska,65+ Years,95876,2026-05-23,59.8947079986171
Alaska,65+ Years,95876,2026-05-30,59.898235999539
Alaska,65+ Years,95876,2026-06-06,59.9
Alaska,65+ Years,95876,2026-06-13,59.9
Arizona,6 Months - 4 Years,384050,2025-08-16,2.76353205846083
Arizona,6 Months - 4 Years,384050,2025-08-23,2.76353205846083
Arizona,6 Months - 4 Years,384050,2025-08-30,2.76353205846083
Arizona,6 Months - 4 Years,384050,2025-09-06,2.76353205846083
Arizona,6 Months - 4 Years,384050,2025-09-13,4.02069959518811
Arizona,6 Months - 4 Years,384050,2025-09-20,5.23770511953431
Arizona,6 Months - 4 Years,384050,2025-09-27,6.5853840158155
Arizona,6 Months - 4 Years,384050,2025-10-04,9.45878896081572
Arizona,6 Months - 4 Years,384050,2025-10-11,11.0846722247575
Arizona,6 Months - 4 Years,384050,2025-10-18,12.8960985771923
Arizona,6 Months - 4 Years,384050,2025-10-25,14.8578000080896
Arizona,6 Months - 4 Years,384050,2025-11-01,17.0758353580267
Arizona,6 Months - 4 Years,384050,2025-11-08,21.145463604656
Arizona,6 Months - 4 Years,384050,2025-11-15,22.7766705799023
Arizona,6 Months - 4 Years,384050,2025-11-22,24.1388056818916
Arizona,6 Months - 4 Years,384050,2025-11-29,25.3061587037413
Arizona,6 Months - 4 Years,384050,2025-12-06,27.5700344572633
Arizona,6 Months - 4 Years,384050,2025-12-13,28.7734121607005
Arizona,6 Months - 4 Years,384050,2025-12-20,30.097511257259
Arizona,6 Months - 4 Years,384050,2025-12-27,31.4748469258297
Arizona,6 Months - 4 Years,384050,2026-01-03,32.910990185246
Arizona,6 Months - 4 Years,384050,2026-01-10,35.1404369639258
Arizona,6 Months - 4 Years,384050,2026-01-17,35.741785276362
Arizona,6 Months - 4 Years,384050,2026-01-24,36.0584804382071
Arizona,6 Months - 4 Years,384050,2026-01-31,36.2087407340559
Arizona,6 Months - 4 Years,384050,2026-02-07,36.5849529509123
Arizona,6 Months - 4 Years,384050,2026-02-14,36.8459268934459
Arizona,6 Months - 4 Years,384050,2026-02-21,37.2009559617102
Arizona,6 Months - 4 Years,384050,2026-02-28,37.6297755390984
Arizona,6 Months - 4 Years,384050,2026-03-07,38.5075538183289
Arizona,6 Months - 4 Years,384050,2026-03-14,38.9182589471472
Arizona,6 Months - 4 Years,384050,2026-03-21,39.2738562562806
Arizona,6 Months - 4 Years,384050,2026-03-28,39.5651880759856
Arizona,6 Months - 4 Years,384050,2026-04-04,39.8341966642274
Arizona,6 Months - 4 Years,384050,2026-04-11,40.2064778332248
Arizona,6 Months - 4 Years,384050,2026-04-18,40.2796376594297
Arizona,6 Months - 4 Years,384050,2026-04-25,40.3
Arizona,6 Months - 4 Years,384050,2026-05-02,40.3
Arizona,6 Months - 4 Years,384050,2026-05-09,40.3
Arizona,6 Months - 4 Years,384050,2026-05-16,40.3
Arizona,6 Months - 4 Years,384050,2026-05-23,40.3
Arizona,6 Months - 4 Years,384050,2026-05-30,40.3
Arizona,6 Months - 4 Years,384050,2026-06-06,40.3
Arizona,6 Months - 4 Years,384050,2026-06-13,40.3
Arizona,5-12 Years,742212,2025-08-16,3.36503355371454
Arizona,5-12 Years,742212,2025-08-23,3.36503355371454
Arizona,5-12 Years,742212,2025-08-30,3.36503355371454
Arizona,5-12 Years,742212,2025-09-06,3.36503355371454
Arizona,5-12 Years,742212,2025-09-13,4.6239312468712
Arizona,5-12 Years,742212,2025-09-20,5.52492896215532
Arizona,5-12 Years,742212,2025-09-27,6.62045708994174
Arizona,5-12 Years,742212,2025-10-04,9.06091155296714
Arizona,5-12 Years,742212,2025-10-11,10.5353531082772
Arizona,5-12 Years,742212,2025-10-18,12.2591228908507
Arizona,5-12 Years,742212,2025-10-25,14.197137897293
Arizona,5-12 Years,742212,2025-11-01,16.4256008472254
Arizona,5-12 Years,742212,2025-11-08,20.5933866038429
Arizona,5-12 Years,742212,2025-11-15,22.3195608841881
Arizona,5-12 Years,742212,2025-11-22,23.7875024362734
Arizona,5-12 Years,742212,2025-11-29,25.0168854680625
Arizona,5-12 Years,742212,2025-12-06,27.178206853784
Arizona,5-12 Years,742212,2025-12-13,27.9986433069156
Arizona,5-12 Years,742212,2025-12-20,28.6262796415926
Arizona,5-12 Years,742212,2025-12-27,29.1103809749786
Arizona,5-12 Years,742212,2026-01-03,29.6717237300806
Arizona,5-12 Years,742212,2026-01-10,30.5645687769286
Arizona,5-12 Years,742212,2026-01-17,31.0105418119847
Arizona,5-12 Years,742212,2026-01-24,31.4838368528584
Arizona,5-12 Years,742212,2026-01-31,31.8829513107021
Arizona,5-12 Years,742212,2026-02-07,32.6793732446993
Arizona,5-12 Years,742212,2026-02-14,32.946854210355
Arizona,5-12 Years,742212,2026-02-21,33.1104093529126
Arizona,5-12 Years,742212,2026-02-28,33.2069056637892
Arizona,5-12 Years,742212,2026-03-07,33.3887691434855
Arizona,5-12 Years,742212,2026-03-14,33.508801495066
Arizona,5-12 Years,742212,2026-03-21,33.6777380597555
Arizona,5-12 Years,742212,2026-03-28,33.8945671951047
Arizona,5-12 Years,742212,2026-04-04,34.1829333950669
Arizona,5-12 Years,742212,2026-04-11,34.70384042505
Arizona,5-12 Years,742212,2026-04-18,34.946996593948
Arizona,5-12 Years,742212,2026-04-25,35.1726398113111
Arizona,5-12 Years,742212,2026-05-02,35.3375618320258
Arizona,5-12 Years,742212,2026-05-09,35.641262022253
Arizona,5-12 Years,742212,2026-05-16,35.7193521950469
Arizona,5-12 Years,742212,2026-05-23,35.7476395231503
Arizona,5-12 Years,742212,2026-05-30,35.7492131743834
Arizona,5-12 Years,742212,2026-06-06,35.75
Arizona,5-12 Years,742212,2026-06-13,35.75
Arizona,13-17 Years,479446,2025-08-16,3.08801527268669
Arizona,13-17 Years,479446,2025-08-23,3.08801527268669
Arizona,13-17 Years,479446,2025-08-30,3.08801527268669
Arizona,13-17 Years,479446,2025-09-06,3.08801527268669
Arizona,13-17 Years,479446,2025-09-13,4.04511534791339
Arizona,13-17 Years,479446,2025-09-20,4.4469195623484
Arizona,13-17 Years,479446,2025-09-27,5.13867425477994
Arizona,13-17 Years,479446,2025-10-04,6.8563667825035
Arizona,13-17 Years,479446,2025-10-11,8.05735554220056
Arizona,13-17 Years,479446,2025-10-18,9.60885088470172
Arizona,13-17 Years,479446,2025-10-25,11.472389004861
Arizona,13-17 Years,479446,2025-11-01,13.650145835801
Arizona,13-17 Years,479446,2025-11-08,17.7257473125927
Arizona,13-17 Years,479446,2025-11-15,19.3179619092449
Arizona,13-17 Years,479446,2025-11-22,20.556328553851
Arizona,13-17 Years,479446,2025-11-29,21.4917626900712
Arizona,13-17 Years,479446,2025-12-06,23.0412320403433
Arizona,13-17 Years,479446,2025-12-13,23.5501025521121
Arizona,13-17 Years,479446,2025-12-20,23.8768505220549
Arizona,13-17 Years,479446,2025-12-27,24.0814039211777
Arizona,13-17 Years,479446,2026-01-03,24.3280963953277
Arizona,13-17 Years,479446,2026-01-10,24.7258390284437
Arizona,13-17 Years,479446,2026-01-17,24.981829288328
Arizona,13-17 Years,479446,2026-01-24,25.2965732758608
Arizona,13-17 Years,479446,2026-01-31,25.5875210041501
Arizona,13-17 Years,479446,2026-02-07,26.1488690107789
Arizona,13-17 Years,479446,2026-02-14,26.3176755374622
Arizona,13-17 Years,479446,2026-02-21,26.3950135881366
Arizona,13-17 Years,479446,2026-02-28,26.4145335155617
Arizona,13-17 Years,479446,2026-03-07,26.4441142421168
Arizona,13-17 Years,479446,2026-03-14,26.4670980943608
Arizona,13-17 Years,479446,2026-03-21,26.5042615623961
Arizona,13-17 Years,479446,2026-03-28,26.5527229825742
Arizona,13-17 Years,479446,2026-04-04,26.6043583778229
Arizona,13-17 Years,479446,2026-04-11,26.6893031846359
Arizona,13-17 Years,479446,2026-04-18,26.7091034322314
Arizona,13-17 Years,479446,2026-04-25,26.715
Arizona,13-17 Years,479446,2026-05-02,26.715
Arizona,13-17 Years,479446,2026-05-09,26.715
Arizona,13-17 Years,479446,2026-05-16,26.715
Arizona,13-17 Years,479446,2026-05-23,26.715
Arizona,13-17 Years,479446,2026-05-30,26.715
Arizona,13-17 Years,479446,2026-06-06,26.715
Arizona,13-17 Years,479446,2026-06-13,26.715
Arizona,6 Months - 17 Years,1605708,2025-08-16,3.1191201117162
Arizona,6 Months - 17 Years,1605708,2025-08-23,3.1191201117162
Arizona,6 Months - 17 Years,1605708,2025-08-30,3.1191201117162
Arizona,6 Months - 17 Years,1605708,2025-09-06,3.1191201117162
Arizona,6 Months - 17 Years,1605708,2025-09-13,4.26284271344967
Arizona,6 Months - 17 Years,1605708,2025-09-20,5.04906982460432
Arizona,6 Months - 17 Years,1605708,2025-09-27,6.05018296287104
Arizona,6 Months - 17 Years,1605708,2025-10-04,8.32202195286896
Arizona,6 Months - 17 Years,1605708,2025-10-11,9.73453836341041
Arizona,6 Months - 17 Years,1605708,2025-10-18,11.4214704970668
Arizona,6 Months - 17 Years,1605708,2025-10-25,13.344743656445
Arizona,6 Months - 17 Years,1605708,2025-11-01,15.5596092507936
Arizona,6 Months - 17 Years,1605708,2025-11-08,19.6811328907748
Arizona,6 Months - 17 Years,1605708,2025-11-15,21.3339943145396
Arizona,6 Months - 17 Years,1605708,2025-11-22,22.6861765576682
Arizona,6 Months - 17 Years,1605708,2025-11-29,23.7884023205116
Arizona,6 Months - 17 Years,1605708,2025-12-06,25.7593246503927
Arizona,6 Months - 17 Years,1605708,2025-12-13,26.5690124317565
Arizona,6 Months - 17 Years,1605708,2025-12-20,27.2601400448465
Arizona,6 Months - 17 Years,1605708,2025-12-27,27.8551091432392
Arizona,6 Months - 17 Years,1605708,2026-01-03,28.5232375405906
Arizona,6 Months - 17 Years,1605708,2026-01-10,29.5755797217906
Arizona,6 Months - 17 Years,1605708,2026-01-17,30.0155906698031
Arizona,6 Months - 17 Years,1605708,2026-01-24,30.4236909098807
Arizona,6 Months - 17 Years,1605708,2026-01-31,30.7380780358057
Arizona,6 Months - 17 Years,1605708,2026-02-07,31.3827148375208
Arizona,6 Months - 17 Years,1605708,2026-02-14,31.6205134868055
Arizona,6 Months - 17 Years,1605708,2026-02-21,31.7953546362467
Arizona,6 Months - 17 Years,1605708,2026-02-28,31.9281529472553
Arizona,6 Months - 17 Years,1605708,2026-03-07,32.1799026701345
Arizona,6 Months - 17 Years,1605708,2026-03-14,32.3188173877749
Arizona,6 Months - 17 Years,1605708,2026-03-21,32.483343210505
Arizona,6 Months - 17 Years,1605708,2026-03-28,32.6697640830854
Arizona,6 Months - 17 Years,1605708,2026-04-04,32.8970916227874
Arizona,6 Months - 17 Years,1605708,2026-04-11,33.2855822577309
Arizona,6 Months - 17 Years,1605708,2026-04-18,33.4489504138342
Arizona,6 Months - 17 Years,1605708,2026-04-25,33.5911188703216
Arizona,6 Months - 17 Years,1605708,2026-05-02,33.689039295432
Arizona,6 Months - 17 Years,1605708,2026-05-09,33.8679948041812
Arizona,6 Months - 17 Years,1605708,2026-05-16,33.9127209919337
Arizona,6 Months - 17 Years,1605708,2026-05-23,33.9286834599491
Arizona,6 Months - 17 Years,1605708,2026-05-30,33.9295611533164
Arizona,6 Months - 17 Years,1605708,2026-06-06,33.93
Arizona,6 Months - 17 Years,1605708,2026-06-13,33.93
Arizona,18-49 Years,3060138,2025-08-16,0.51431750288972
Arizona,18-49 Years,3060138,2025-08-23,0.51431750288972
Arizona,18-49 Years,3060138,2025-08-30,0.51431750288972
Arizona,18-49 Years,3060138,2025-09-06,0.51431750288972
Arizona,18-49 Years,3060138,2025-09-13,0.799620937574885
Arizona,18-49 Years,3060138,2025-09-20,1.13895965610982
Arizona,18-49 Years,3060138,2025-09-27,1.617635218337
Arizona,18-49 Years,3060138,2025-10-04,2.74372078642063
Arizona,18-49 Years,3060138,2025-10-11,3.49039392766941
Arizona,18-49 Years,3060138,2025-10-18,4.42690065514856
Arizona,18-49 Years,3060138,2025-10-25,5.52091844138523
Arizona,18-49 Years,3060138,2025-11-01,6.76292921661107
Arizona,18-49 Years,3060138,2025-11-08,8.99928137671026
Arizona,18-49 Years,3060138,2025-11-15,9.80289389333653
Arizona,18-49 Years,3060138,2025-11-22,10.3746170511819
Arizona,18-49 Years,3060138,2025-11-29,10.7597782706281
Arizona,18-49 Years,3060138,2025-12-06,11.3461558102423
Arizona,18-49 Years,3060138,2025-12-13,11.4958827357713
Arizona,18-49 Years,3060138,2025-12-20,11.5568897526929
Arizona,18-49 Years,3060138,2025-12-27,11.5656299175643
Arizona,18-49 Years,3060138,2026-01-03,11.57
Arizona,18-49 Years,3060138,2026-01-10,11.57
Arizona,18-49 Years,3060138,2026-01-17,11.57
Arizona,18-49 Years,3060138,2026-01-24,11.57
Arizona,18-49 Years,3060138,2026-01-31,11.57
Arizona,18-49 Years,3060138,2026-02-07,11.57
Arizona,18-49 Years,3060138,2026-02-14,11.57
Arizona,18-49 Years,3060138,2026-02-21,11.57
Arizona,18-49 Years,3060138,2026-02-28,11.57
Arizona,18-49 Years,3060138,2026-03-07,11.57
Arizona,18-49 Years,3060138,2026-03-14,11.57
Arizona,18-49 Years,3060138,2026-03-21,11.57
Arizona,18-49 Years,3060138,2026-03-28,11.57
Arizona,18-49 Years,3060138,2026-04-04,11.57
Arizona,18-49 Years,3060138,2026-04-11,11.57
Arizona,18-49 Years,3060138,2026-04-18,11.57
Arizona,18-49 Years,3060138,2026-04-25,11.57
Arizona,18-49 Years,3060138,2026-05-02,11.57
Arizona,18-49 Years,3060138,2026-05-09,11.57
Arizona,18-49 Years,3060138,2026-05-16,11.57
Arizona,18-49 Years,3060138,2026-05-23,11.57
Arizona,18-49 Years,3060138,2026-05-30,11.57
Arizona,18-49 Years,3060138,2026-06-06,11.57
Arizona,18-49 Years,3060138,2026-06-13,11.57
Arizona,50-64 Years,1321248,2025-08-16,0.408835631211286
Arizona,50-64 Years,1321248,2025-08-23,0.408835631211286
Arizona,50-64 Years,1321248,2025-08-30,0.408835631211286
Arizona,50-64 Years,1321248,2025-09-06,0.408835631211286
Arizona,50-64 Years,1321248,2025-09-13,0.892888486962422
Arizona,50-64 Years,1321248,2025-09-20,1.67410651895524
Arizona,50-64 Years,1321248,2025-09-27,2.75262211891726
Arizona,50-64 Years,1321248,2025-10-04,5.16989627309786
Arizona,50-64 Years,1321248,2025-10-11,6.65904844411217
Arizona,50-64 Years,1321248,2025-10-18,8.43169960518071
Arizona,50-64 Years,1321248,2025-10-25,10.4369030868699
Arizona,50-64 Years,1321248,2025-11-01,12.7088310296091
Arizona,50-64 Years,1321248,2025-11-08,16.8474149224353
Arizona,50-64 Years,1321248,2025-11-15,18.4445776221612
Arizona,50-64 Years,1321248,2025-11-22,19.6992307482762
Arizona,50-64 Years,1321248,2025-11-29,20.6395291964786
Arizona,50-64 Years,1321248,2025-12-06,22.1042676702093
Arizona,50-64 Years,1321248,2025-12-13,22.4902357774221
Arizona,50-64 Years,1321248,2025-12-20,22.6501522790893
Arizona,50-64 Years,1321248,2025-12-27,22.6733840930298
Arizona,50-64 Years,1321248,2026-01-03,22.685
Arizona,50-64 Years,1321248,2026-01-10,22.685
Arizona,50-64 Years,1321248,2026-01-17,22.685
Arizona,50-64 Years,1321248,2026-01-24,22.685
Arizona,50-64 Years,1321248,2026-01-31,22.685
Arizona,50-64 Years,1321248,2026-02-07,22.685
Arizona,50-64 Years,1321248,2026-02-14,22.685
Arizona,50-64 Years,1321248,2026-02-21,22.685
Arizona,50-64 Years,1321248,2026-02-28,22.685
Arizona,50-64 Years,1321248,2026-03-07,22.685
Arizona,50-64 Years,1321248,2026-03-14,22.685
Arizona,50-64 Years,1321248,2026-03-21,22.685
Arizona,50-64 Years,1321248,2026-03-28,22.685
Arizona,50-64 Years,1321248,2026-04-04,22.685
Arizona,50-64 Years,1321248,2026-04-11,22.685
Arizona,50-64 Years,1321248,2026-04-18,22.685
Arizona,50-64 Years,1321248,2026-04-25,22.685
Arizona,50-64 Years,1321248,2026-05-02,22.685
Arizona,50-64 Years,1321248,2026-05-09,22.685
Arizona,50-64 Years,1321248,2026-05-16,22.685
Arizona,50-64 Years,1321248,2026-05-23,22.685
Arizona,50-64 Years,1321248,2026-05-30,22.685
Arizona,50-64 Years,1321248,2026-06-06,22.685
Arizona,50-64 Years,1321248,2026-06-13,22.685
Arizona,65+ Years,1373975,2025-08-16,1.77133689539627
Arizona,65+ Years,1373975,2025-08-23,1.77133689539627
Arizona,65+ Years,1373975,2025-08-30,1.77133689539627
Arizona,65+ Years,1373975,2025-09-06,1.77133689539627
Arizona,65+ Years,1373975,2025-09-13,3.12033914964489
Arizona,65+ Years,1373975,2025-09-20,5.07701986662212
Arizona,65+ Years,1373975,2025-09-27,7.52673068133058
Arizona,65+ Years,1373975,2025-10-04,13.0487123877236
Arizona,65+ Years,1373975,2025-10-11,16.4259208883076
Arizona,65+ Years,1373975,2025-10-18,20.4016342882065
Arizona,65+ Years,1373975,2025-10-25,24.90852560445
Arizona,65+ Years,1373975,2025-11-01,30.1463056217535
Arizona,65+ Years,1373975,2025-11-08,40.1626062010176
Arizona,65+ Years,1373975,2025-11-15,44.6162247388929
Arizona,65+ Years,1373975,2025-11-22,48.6528796161144
Arizona,65+ Years,1373975,2025-11-29,52.0938166421069
Arizona,65+ Years,1373975,2025-12-06,57.6549017574531
Arizona,65+ Years,1373975,2025-12-13,59.1974227921062
Arizona,65+ Years,1373975,2025-12-20,59.8538571178952
Arizona,65+ Years,1373975,2025-12-27,59.9512857059651
Arizona,65+ Years,1373975,2026-01-03,60.0
Arizona,65+ Years,1373975,2026-01-10,60.0
Arizona,65+ Years,1373975,2026-01-17,60.0
Arizona,65+ Years,1373975,2026-01-24,60.0
Arizona,65+ Years,1373975,2026-01-31,60.0
Arizona,65+ Years,1373975,2026-02-07,60.0
Arizona,65+ Years,1373975,2026-02-14,60.0
Arizona,65+ Years,1373975,2026-02-21,60.0
Arizona,65+ Years,1373975,2026-02-28,60.0
Arizona,65+ Years,1373975,2026-03-07,60.0
Arizona,65+ Years,1373975,2026-03-14,60.0
Arizona,65+ Years,1373975,2026-03-21,60.0
Arizona,65+ Years,1373975,2026-03-28,60.0
Arizona,65+ Years,1373975,2026-04-04,60.0
Arizona,65+ Years,1373975,2026-04-11,60.0
Arizona,65+ Years,1373975,2026-04-18,60.0
Arizona,65+ Years,1373975,2026-04-25,60.0
Arizona,65+ Years,1373975,2026-05-02,60.0
Arizona,65+ Years,1373975,2026-05-09,60.0
Arizona,65+ Years,1373975,2026-05-16,60.0
Arizona,65+ Years,1373975,2026-05-23,60.0
Arizona,65+ Years,1373975,2026-05-30,60.0
Arizona,65+ Years,1373975,2026-06-06,60.0
Arizona,65+ Years,1373975,2026-06-13,60.0
Arkansas,6 Months - 4 Years,168274,2025-08-16,2.14043723724796
Arkansas,6 Months - 4 Years,168274,2025-08-23,2.14043723724796
Arkansas,6 Months - 4 Years,168274,2025-08-30,2.14043723724796
Arkansas,6 Months - 4 Years,168274,2025-09-06,2.14043723724796
Arkansas,6 Months - 4 Years,168274,2025-09-13,2.73245574106016
Arkansas,6 Months - 4 Years,168274,2025-09-20,2.8568034906541
Arkansas,6 Months - 4 Years,168274,2025-09-27,3.36562154331577
Arkansas,6 Months - 4 Years,168274,2025-10-04,4.79652252888286
Arkansas,6 Months - 4 Years,168274,2025-10-11,5.918750533241
Arkansas,6 Months - 4 Years,168274,2025-10-18,7.46820829480497
Arkansas,6 Months - 4 Years,168274,2025-10-25,9.43519036070264
Arkansas,6 Months - 4 Years,168274,2025-11-01,11.8405665272903
Arkansas,6 Months - 4 Years,168274,2025-11-08,16.5939169776039
Arkansas,6 Months - 4 Years,168274,2025-11-15,18.6534125177839
Arkansas,6 Months - 4 Years,168274,2025-11-22,20.4176663062354
Arkansas,6 Months - 4 Years,168274,2025-11-29,21.8967244704411
Arkansas,6 Months - 4 Years,168274,2025-12-06,24.4989811053315
Arkansas,6 Months - 4 Years,168274,2025-12-13,25.485992689998
Arkansas,6 Months - 4 Years,168274,2025-12-20,26.2366276682965
Arkansas,6 Months - 4 Years,168274,2025-12-27,26.8028902866845
Arkansas,6 Months - 4 Years,168274,2026-01-03,27.3983331178283
Arkansas,6 Months - 4 Years,168274,2026-01-10,28.2858699194941
Arkansas,6 Months - 4 Years,168274,2026-01-17,28.6225620652094
Arkansas,6 Months - 4 Years,168274,2026-01-24,28.9177357293701
Arkansas,6 Months - 4 Years,168274,2026-01-31,29.1351321579996
Arkansas,6 Months - 4 Years,168274,2026-02-07,29.5863703683654
Arkansas,6 Months - 4 Years,168274,2026-02-14,29.7662123528724
Arkansas,6 Months - 4 Years,168274,2026-02-21,29.9145370177861
Arkansas,6 Months - 4 Years,168274,2026-02-28,30.0320971813727
Arkansas,6 Months - 4 Years,168274,2026-03-07,30.2161714450742
Arkansas,6 Months - 4 Years,168274,2026-03-14,30.2651345076168
Arkansas,6 Months - 4 Years,168274,2026-03-21,30.2855343815487
Arkansas,6 Months - 4 Years,168274,2026-03-28,30.2885114605162
Arkansas,6 Months - 4 Years,168274,2026-04-04,30.29
Arkansas,6 Months - 4 Years,168274,2026-04-11,30.29
Arkansas,6 Months - 4 Years,168274,2026-04-18,30.29
Arkansas,6 Months - 4 Years,168274,2026-04-25,30.29
Arkansas,6 Months - 4 Years,168274,2026-05-02,30.29
Arkansas,6 Months - 4 Years,168274,2026-05-09,30.29
Arkansas,6 Months - 4 Years,168274,2026-05-16,30.29
Arkansas,6 Months - 4 Years,168274,2026-05-23,30.29
Arkansas,6 Months - 4 Years,168274,2026-05-30,30.29
Arkansas,6 Months - 4 Years,168274,2026-06-06,30.29
Arkansas,6 Months - 4 Years,168274,2026-06-13,30.29
Arkansas,5-12 Years,312173,2025-08-16,3.56031239354345
Arkansas,5-12 Years,312173,2025-08-23,3.56031239354345
Arkansas,5-12 Years,312173,2025-08-30,3.56031239354345
Arkansas,5-12 Years,312173,2025-09-06,3.56031239354345
Arkansas,5-12 Years,312173,2025-09-13,4.52571337382843
Arkansas,5-12 Years,312173,2025-09-20,4.69138909480798
Arkansas,5-12 Years,312173,2025-09-27,5.36545381099181
Arkansas,5-12 Years,312173,2025-10-04,7.26720741187383
Arkansas,5-12 Years,312173,2025-10-11,8.82811053125368
Arkansas,5-12 Years,312173,2025-10-18,11.0640664384069
Arkansas,5-12 Years,312173,2025-10-25,13.9170007129403
Arkansas,5-12 Years,312173,2025-11-01,17.2859792086717
Arkansas,5-12 Years,312173,2025-11-08,23.5380804036433
Arkansas,5-12 Years,312173,2025-11-15,25.7744973027669
Arkansas,5-12 Years,312173,2025-11-22,27.2912290234723
Arkansas,5-12 Years,312173,2025-11-29,28.2807953640027
Arkansas,5-12 Years,312173,2025-12-06,29.9404797704618
Arkansas,5-12 Years,312173,2025-12-13,30.5718845143078
Arkansas,5-12 Years,312173,2025-12-20,31.0947344303121
Arkansas,5-12 Years,312173,2025-12-27,31.5293057358666
Arkansas,5-12 Years,312173,2026-01-03,31.9562796938919
Arkansas,5-12 Years,312173,2026-01-10,32.5687158242356
Arkansas,5-12 Years,312173,2026-01-17,32.733942796053
Arkansas,5-12 Years,312173,2026-01-24,32.8336993080518
Arkansas,5-12 Years,312173,2026-01-31,32.8905234807899
Arkansas,5-12 Years,312173,2026-02-07,33.0305303615943
Arkansas,5-12 Years,312173,2026-02-14,33.1220317095746
Arkansas,5-12 Years,312173,2026-02-21,33.242336496657
Arkansas,5-12 Years,312173,2026-02-28,33.3872291445257
Arkansas,5-12 Years,312173,2026-03-07,33.6906331200412
Arkansas,5-12 Years,312173,2026-03-14,33.8397869127829
Arkansas,5-12 Years,312173,2026-03-21,33.977140493713
Arkansas,5-12 Years,312173,2026-03-28,34.1017439017267
Arkansas,5-12 Years,312173,2026-04-04,34.2484711591724
Arkansas,5-12 Years,312173,2026-04-11,34.4891330610354
Arkansas,5-12 Years,312173,2026-04-18,34.5981348430092
Arkansas,5-12 Years,312173,2026-04-25,34.7020000242778
Arkansas,5-12 Years,312173,2026-05-02,34.7787669750471
Arkansas,5-12 Years,312173,2026-05-09,34.9198720984379
Arkansas,5-12 Years,312173,2026-05-16,34.9559089905215
Arkansas,5-12 Years,312173,2026-05-23,34.9689174373502
Arkansas,5-12 Years,312173,2026-05-30,34.9696391457834
Arkansas,5-12 Years,312173,2026-06-06,34.97
Arkansas,5-12 Years,312173,2026-06-13,34.97
Arkansas,13-17 Years,201249,2025-08-16,0.760040897408916
Arkansas,13-17 Years,201249,2025-08-23,0.760040897408916
Arkansas,13-17 Years,201249,2025-08-30,0.760040897408916
Arkansas,13-17 Years,201249,2025-09-06,0.760040897408916
Arkansas,13-17 Years,201249,2025-09-13,1.03520712962003
Arkansas,13-17 Years,201249,2025-09-20,1.220340258252
Arkansas,13-17 Years,201249,2025-09-27,1.78907214110865
Arkansas,13-17 Years,201249,2025-10-04,3.34138835368267
Arkansas,13-17 Years,201249,2025-10-11,4.52568125712934
Arkansas,13-17 Years,201249,2025-10-18,6.13169811031368
Arkansas,13-17 Years,201249,2025-10-25,8.13577381235989
Arkansas,13-17 Years,201249,2025-11-01,10.5455835412148
Arkansas,13-17 Years,201249,2025-11-08,15.211901891437
Arkansas,13-17 Years,201249,2025-11-15,17.1573817058628
Arkansas,13-17 Years,201249,2025-11-22,18.7623462653121
Arkansas,13-17 Years,201249,2025-11-29,20.0422847951402
Arkansas,13-17 Years,201249,2025-12-06,22.183591174142
Arkansas,13-17 Years,201249,2025-12-13,22.8884890807085
Arkansas,13-17 Years,201249,2025-12-20,23.3320849941222
Arkansas,13-17 Years,201249,2025-12-27,23.5951158659941
Arkansas,13-17 Years,201249,2026-01-03,23.8734304578059
Arkansas,13-17 Years,201249,2026-01-10,24.2812488590057
Arkansas,13-17 Years,201249,2026-01-17,24.468266055026
Arkansas,13-17 Years,201249,2026-01-24,24.6623042002824
Arkansas,13-17 Years,201249,2026-01-31,24.829058951966
Arkansas,13-17 Years,201249,2026-02-07,25.1889174876335
Arkansas,13-17 Years,201249,2026-02-14,25.3412017292352
Arkansas,13-17 Years,201249,2026-02-21,25.4702195414925
Arkansas,13-17 Years,201249,2026-02-28,25.584177988882
Arkansas,13-17 Years,201249,2026-03-07,25.8163914252204
Arkansas,13-17 Years,201249,2026-03-14,25.9653968894413
Arkansas,13-17 Years,201249,2026-03-21,26.1561844905416
Arkansas,13-17 Years,201249,2026-03-28,26.373698614117
Arkansas,13-17 Years,201249,2026-04-04,26.5949801391299
Arkansas,13-17 Years,201249,2026-04-11,26.9408713480557
Arkansas,13-17 Years,201249,2026-04-18,27.017569886119
Arkansas,13-17 Years,201249,2026-04-25,27.04
Arkansas,13-17 Years,201249,2026-05-02,27.04
Arkansas,13-17 Years,201249,2026-05-09,27.0650785045654
Arkansas,13-17 Years,201249,2026-05-16,27.1538085258998
Arkansas,13-17 Years,201249,2026-05-23,27.3572685900297
Arkansas,13-17 Years,201249,2026-05-30,27.7027193725578
Arkansas,13-17 Years,201249,2026-06-06,28.5992320006978
Arkansas,13-17 Years,201249,2026-06-13,29.1598828298898
Arkansas,6 Months - 17 Years,681696,2025-08-16,2.56169693787201
Arkansas,6 Months - 17 Years,681696,2025-08-23,2.56169693787201
Arkansas,6 Months - 17 Years,681696,2025-08-30,2.56169693787201
Arkansas,6 Months - 17 Years,681696,2025-09-06,2.56169693787201
Arkansas,6 Months - 17 Years,681696,2025-09-13,3.26152491839968
Arkansas,6 Months - 17 Years,681696,2025-09-20,3.39346802967758
Arkansas,6 Months - 17 Years,681696,2025-09-27,3.92579001377031
Arkansas,6 Months - 17 Years,681696,2025-10-04,5.43245850548482
Arkansas,6 Months - 17 Years,681696,2025-10-11,6.67434757207899
Arkansas,6 Months - 17 Years,681696,2025-10-18,8.46550580156636
Arkansas,6 Months - 17 Years,681696,2025-10-25,10.7812803106515
Arkansas,6 Months - 17 Years,681696,2025-11-01,13.5759566338063
Arkansas,6 Months - 17 Years,681696,2025-11-08,18.9381353630441
Arkansas,6 Months - 17 Years,681696,2025-11-15,21.0435195887198
Arkansas,6 Months - 17 Years,681696,2025-11-22,22.6487304346603
Arkansas,6 Months - 17 Years,681696,2025-11-29,23.842168242361
Arkansas,6 Months - 17 Years,681696,2025-12-06,25.8635968066074
Arkansas,6 Months - 17 Years,681696,2025-12-13,26.5942540052393
Arkansas,6 Months - 17 Years,681696,2025-12-20,27.1389606043533
Arkansas,6 Months - 17 Years,681696,2025-12-27,27.5450324366057
Arkansas,6 Months - 17 Years,681696,2026-01-03,27.9626139034323
Arkansas,6 Months - 17 Years,681696,2026-01-10,28.5735624541301
Arkansas,6 Months - 17 Years,681696,2026-01-17,28.7891119761171
Arkansas,6 Months - 17 Years,681696,2026-01-24,28.9684785040557
Arkansas,6 Months - 17 Years,681696,2026-01-31,29.0992165667853
Arkansas,6 Months - 17 Years,681696,2026-02-07,29.3875983396017
Arkansas,6 Months - 17 Years,681696,2026-02-14,29.5211934090797
Arkansas,6 Months - 17 Years,681696,2026-02-21,29.6511414942806
Arkansas,6 Months - 17 Years,681696,2026-02-28,29.778351250235
Arkansas,6 Months - 17 Years,681696,2026-03-07,30.0282895669176
Arkansas,6 Months - 17 Years,681696,2026-03-14,30.1541897949838
Arkansas,6 Months - 17 Years,681696,2026-03-21,30.2828593806594
Arkansas,6 Months - 17 Years,681696,2026-03-28,30.4102550516967
Arkansas,6 Months - 17 Years,681696,2026-04-04,30.5476662386988
Arkansas,6 Months - 17 Years,681696,2026-04-11,30.7633006497223
Arkansas,6 Months - 17 Years,681696,2026-04-18,30.8307345722894
Arkansas,6 Months - 17 Years,681696,2026-04-25,30.8762139447079
Arkansas,6 Months - 17 Years,681696,2026-05-02,30.9059936373014
Arkansas,6 Months - 17 Years,681696,2026-05-09,30.9838555200744
Arkansas,6 Months - 17 Years,681696,2026-05-16,31.0404709651621
Arkansas,6 Months - 17 Years,681696,2026-05-23,31.1206260767294
Arkansas,6 Months - 17 Years,681696,2026-05-30,31.2266870474596
Arkansas,6 Months - 17 Years,681696,2026-06-06,31.4735644914492
Arkansas,6 Months - 17 Years,681696,2026-06-13,31.6197211972961
Arkansas,18-49 Years,1224830,2025-08-16,0.69895658378593
Arkansas,18-49 Years,1224830,2025-08-23,0.69895658378593
Arkansas,18-49 Years,1224830,2025-08-30,0.69895658378593
Arkansas,18-49 Years,1224830,2025-09-06,0.69895658378593
Arkansas,18-49 Years,1224830,2025-09-13,0.913187604985849
Arkansas,18-49 Years,1224830,2025-09-20,0.998993908330319
Arkansas,18-49 Years,1224830,2025-09-27,1.31805260200861
Arkansas,18-49 Years,1224830,2025-10-04,2.2058402448304
Arkansas,18-49 Years,1224830,2025-10-11,2.89515651994491
Arkansas,18-49 Years,1224830,2025-10-18,3.83912850844397
Arkansas,18-49 Years,1224830,2025-10-25,5.02452791606852
Arkansas,18-49 Years,1224830,2025-11-01,6.45363595135638
Arkansas,18-49 Years,1224830,2025-11-08,9.22099286803435
Arkansas,18-49 Years,1224830,2025-11-15,10.3627630165406
Arkansas,18-49 Years,1224830,2025-11-22,11.2925854928332
Arkansas,18-49 Years,1224830,2025-11-29,12.0339596177669
Arkansas,18-49 Years,1224830,2025-12-06,13.3125843889869
Arkansas,18-49 Years,1224830,2025-12-13,13.776377502825
Arkansas,18-49 Years,1224830,2025-12-20,14.1130664369446
Arkansas,18-49 Years,1224830,2025-12-27,14.3596592547214
Arkansas,18-49 Years,1224830,2026-01-03,14.6579497013825
Arkansas,18-49 Years,1224830,2026-01-10,15.142363098224
Arkansas,18-49 Years,1224830,2026-01-17,15.4194982560596
Arkansas,18-49 Years,1224830,2026-01-24,15.742625882663
Arkansas,18-49 Years,1224830,2026-01-31,16.0441327570135
Arkansas,18-49 Years,1224830,2026-02-07,16.6775025477757
Arkansas,18-49 Years,1224830,2026-02-14,16.9257651612494
Arkansas,18-49 Years,1224830,2026-02-21,17.1093743238768
Arkansas,18-49 Years,1224830,2026-02-28,17.2450725636772
Arkansas,18-49 Years,1224830,2026-03-07,17.4938024608062
Arkansas,18-49 Years,1224830,2026-03-14,17.6177769273635
Arkansas,18-49 Years,1224830,2026-03-21,17.7513404240917
Arkansas,18-49 Years,1224830,2026-03-28,17.8900190551858
Arkansas,18-49 Years,1224830,2026-04-04,18.0412817416351
Arkansas,18-49 Years,1224830,2026-04-11,18.2819917125492
Arkansas,18-49 Years,1224830,2026-04-18,18.3615018942156
Arkansas,18-49 Years,1224830,2026-04-25,18.4174020617847
Arkansas,18-49 Years,1224830,2026-05-02,18.4493071974603
Arkansas,18-49 Years,1224830,2026-05-09,18.506635704797
Arkansas,18-49 Years,1224830,2026-05-16,18.5200300554311
Arkansas,18-49 Years,1224830,2026-05-23,18.524632139814
Arkansas,18-49 Years,1224830,2026-05-30,18.524877379938
Arkansas,18-49 Years,1224830,2026-06-06,18.525
Arkansas,18-49 Years,1224830,2026-06-13,18.525
Arkansas,50-64 Years,564414,2025-08-16,0.711723231955
Arkansas,50-64 Years,564414,2025-08-23,0.711723231955
Arkansas,50-64 Years,564414,2025-08-30,0.711723231955
Arkansas,50-64 Years,564414,2025-09-06,0.711723231955
Arkansas,50-64 Years,564414,2025-09-13,0.928878616998285
Arkansas,50-64 Years,564414,2025-09-20,1.01938218631334
Arkansas,50-64 Years,564414,2025-09-27,1.37276931582525
Arkansas,50-64 Years,564414,2025-10-04,2.3868446587808
Arkansas,50-64 Years,564414,2025-10-11,3.27561667316232
Arkansas,50-64 Years,564414,2025-10-18,4.63705156245957
Arkansas,50-64 Years,564414,2025-10-25,6.49061362433182
Arkansas,50-64 Years,564414,2025-11-01,8.82887454386503
Arkansas,50-64 Years,564414,2025-11-08,13.5895334004088
Arkansas,50-64 Years,564414,2025-11-15,15.7388722503139
Arkansas,50-64 Years,564414,2025-11-22,17.6288893901236
Arkansas,50-64 Years,564414,2025-11-29,19.221262629809
Arkansas,50-64 Years,564414,2025-12-06,21.9155748976226
Arkansas,50-64 Years,564414,2025-12-13,22.796859231295
Arkansas,50-64 Years,564414,2025-12-20,23.3263706121839
Arkansas,50-64 Years,564414,2025-12-27,23.6121517235781
Arkansas,50-64 Years,564414,2026-01-03,23.9129843738765
Arkansas,50-64 Years,564414,2026-01-10,24.3490470385197
Arkansas,50-64 Years,564414,2026-01-17,24.5573194965424
Arkansas,50-64 Years,564414,2026-01-24,24.7821019820226
Arkansas,50-64 Years,564414,2026-01-31,24.9878607495385
Arkansas,50-64 Years,564414,2026-02-07,25.4611877926731
Arkansas,50-64 Years,564414,2026-02-14,25.7048227187118
Arkansas,50-64 Years,564414,2026-02-21,25.9532545236372
Arkansas,50-64 Years,564414,2026-02-28,26.1990019445255
Arkansas,50-64 Years,564414,2026-03-07,26.6674496416802
Arkansas,50-64 Years,564414,2026-03-14,26.8771220555007
Arkansas,50-64 Years,564414,2026-03-21,27.062996078898
Arkansas,50-64 Years,564414,2026-03-28,27.2213926905723
Arkansas,50-64 Years,564414,2026-04-04,27.3684807215869
Arkansas,50-64 Years,564414,2026-04-11,27.5734318307784
Arkansas,50-64 Years,564414,2026-04-18,27.6137665446441
Arkansas,50-64 Years,564414,2026-04-25,27.625
Arkansas,50-64 Years,564414,2026-05-02,27.625
Arkansas,50-64 Years,564414,2026-05-09,27.6443462749505
Arkansas,50-64 Years,564414,2026-05-16,27.7127951485513
Arkansas,50-64 Years,564414,2026-05-23,27.8697500551657
Arkansas,50-64 Years,564414,2026-05-30,28.1362406588303
Arkansas,50-64 Years,564414,2026-06-06,28.827836114824
Arkansas,50-64 Years,564414,2026-06-13,29.2603381830578
Arkansas,65+ Years,536306,2025-08-16,0.981593202193767
Arkansas,65+ Years,536306,2025-08-23,0.981593202193767
Arkansas,65+ Years,536306,2025-08-30,0.981593202193767
Arkansas,65+ Years,536306,2025-09-06,0.981593202193767
Arkansas,65+ Years,536306,2025-09-13,1.6485738192928
Arkansas,65+ Years,536306,2025-09-20,2.56410075978931
Arkansas,65+ Years,536306,2025-09-27,4.21902313514783
Arkansas,65+ Years,536306,2025-10-04,8.37324689982533
Arkansas,65+ Years,536306,2025-10-11,11.2942667980748
Arkansas,65+ Years,536306,2025-10-18,15.0733957193235
Arkansas,65+ Years,536306,2025-10-25,19.635611048139
Arkansas,65+ Years,536306,2025-11-01,25.0253148220155
Arkansas,65+ Years,536306,2025-11-08,35.274707153952
Arkansas,65+ Years,536306,2025-11-15,39.4363663681921
Arkansas,65+ Years,536306,2025-11-22,42.8128990379496
Arkansas,65+ Years,536306,2025-11-29,45.5012354808218
Arkansas,65+ Years,536306,2025-12-06,50.1415442695391
Arkansas,65+ Years,536306,2025-12-13,51.8579185617907
Arkansas,65+ Years,536306,2025-12-20,53.1491058151929
Arkansas,65+ Years,536306,2025-12-27,54.1199701594626
Arkansas,65+ Years,536306,2026-01-03,55.1475455888732
Arkansas,65+ Years,536306,2026-01-10,56.6801667082557
Arkansas,65+ Years,536306,2026-01-17,57.2562368736638
Arkansas,65+ Years,536306,2026-01-24,57.7647365143929
Arkansas,65+ Years,536306,2026-01-31,58.173428003065
Arkansas,65+ Years,536306,2026-02-07,59.1907252473676
Arkansas,65+ Years,536306,2026-02-14,59.873189862951
Arkansas,65+ Years,536306,2026-02-21,60.7371743957653
Arkansas,65+ Years,536306,2026-02-28,61.6890075012092
Arkansas,65+ Years,536306,2026-03-07,63.4233146184902
Arkansas,65+ Years,536306,2026-03-14,64.0099279894142
Arkansas,65+ Years,536306,2026-03-21,64.3214496205202
Arkansas,65+ Years,536306,2026-03-28,64.4335613646783
Arkansas,65+ Years,536306,2026-04-04,64.548860918032
Arkansas,65+ Years,536306,2026-04-11,64.7092522545947
Arkansas,65+ Years,536306,2026-04-18,64.8148958941583
Arkansas,65+ Years,536306,2026-04-25,64.9578701133119
Arkansas,65+ Years,536306,2026-05-02,65.1239402239793
Arkansas,65+ Years,536306,2026-05-09,65.5468269932281
Arkansas,65+ Years,536306,2026-05-16,65.819538913773
Arkansas,65+ Years,536306,2026-05-23,66.1530924372385
Arkansas,65+ Years,536306,2026-05-30,66.5540174774232
Arkansas,65+ Years,536306,2026-06-06,67.4559315214121
Arkansas,65+ Years,536306,2026-06-13,67.9764069386511
California,6 Months - 4 Years,2086948,2025-08-16,5.45879332614195
California,6 Months - 4 Years,2086948,2025-08-23,5.45879332614195
California,6 Months - 4 Years,2086948,2025-08-30,5.45879332614195
California,6 Months - 4 Years,2086948,2025-09-06,5.45879332614195
California,6 Months - 4 Years,2086948,2025-09-13,7.40252523973195
California,6 Months - 4 Years,2086948,2025-09-20,8.64704678181388
California,6 Months - 4 Years,2086948,2025-09-27,10.0277257037739
California,6 Months - 4 Years,2086948,2025-10-04,12.9739640278373
California,6 Months - 4 Years,2086948,2025-10-11,14.6319313757365
California,6 Months - 4 Years,2086948,2025-10-18,16.465444810164
California,6 Months - 4 Years,2086948,2025-10-25,18.4492235438207
California,6 Months - 4 Years,2086948,2025-11-01,20.719424581362
California,6 Months - 4 Years,2086948,2025-11-08,24.9959948596801
California,6 Months - 4 Years,2086948,2025-11-15,26.8618025500142
California,6 Months - 4 Years,2086948,2025-11-22,28.5571673952581
California,6 Months - 4 Years,2086948,2025-11-29,30.0885569069505
California,6 Months - 4 Years,2086948,2025-12-06,32.9389247815562
California,6 Months - 4 Years,2086948,2025-12-13,34.1822886440748
California,6 Months - 4 Years,2086948,2025-12-20,35.2847616687085
California,6 Months - 4 Years,2086948,2025-12-27,36.2610939200808
California,6 Months - 4 Years,2086948,2026-01-03,37.3531713288989
California,6 Months - 4 Years,2086948,2026-01-10,39.0760004060836
California,6 Months - 4 Years,2086948,2026-01-17,39.7596485158459
California,6 Months - 4 Years,2086948,2026-01-24,40.3648491256406
California,6 Months - 4 Years,2086948,2026-01-31,40.8259471131416
California,6 Months - 4 Years,2086948,2026-02-07,41.8231743223691
California,6 Months - 4 Years,2086948,2026-02-14,42.2598011475161
California,6 Months - 4 Years,2086948,2026-02-21,42.6539548603606
California,6 Months - 4 Years,2086948,2026-02-28,43.0102965968984
California,6 Months - 4 Years,2086948,2026-03-07,43.6714543023692
California,6 Months - 4 Years,2086948,2026-03-14,43.9621739365486
California,6 Months - 4 Years,2086948,2026-03-21,44.225084519768
California,6 Months - 4 Years,2086948,2026-03-28,44.4639349641724
California,6 Months - 4 Years,2086948,2026-04-04,44.7377711760678
California,6 Months - 4 Years,2086948,2026-04-11,45.1763956378141
California,6 Months - 4 Years,2086948,2026-04-18,45.355736433957
California,6 Months - 4 Years,2086948,2026-04-25,45.5195900128368
California,6 Months - 4 Years,2086948,2026-05-02,45.6546776493241
California,6 Months - 4 Years,2086948,2026-05-09,45.9742997026887
California,6 Months - 4 Years,2086948,2026-05-16,46.1499977180421
California,6 Months - 4 Years,2086948,2026-05-23,46.3452469342419
California,6 Months - 4 Years,2086948,2026-05-30,46.560127360108
California,6 Months - 4 Years,2086948,2026-06-06,47.0144137928284
California,6 Months - 4 Years,2086948,2026-06-13,47.2602256604868
California,5-12 Years,3958033,2025-08-16,3.94037687525846
California,5-12 Years,3958033,2025-08-23,3.94037687525846
California,5-12 Years,3958033,2025-08-30,3.94037687525846
California,5-12 Years,3958033,2025-09-06,3.94037687525846
California,5-12 Years,3958033,2025-09-13,5.42663145086034
California,5-12 Years,3958033,2025-09-20,6.50568512813013
California,5-12 Years,3958033,2025-09-27,7.74952367809647
California,5-12 Years,3958033,2025-10-04,10.4550123097824
California,5-12 Years,3958033,2025-10-11,12.0276607092654
California,5-12 Years,3958033,2025-10-18,13.8124270530642
California,5-12 Years,3958033,2025-10-25,15.7789662868367
California,5-12 Years,3958033,2025-11-01,18.0347466598504
California,5-12 Years,3958033,2025-11-08,22.2659841882351
California,5-12 Years,3958033,2025-11-15,24.0580030726335
California,5-12 Years,3958033,2025-11-22,25.6299277330901
California,5-12 Years,3958033,2025-11-29,27.0052759996509
California,5-12 Years,3958033,2025-12-06,29.5416721423011
California,5-12 Years,3958033,2025-12-13,30.6491935333118
California,5-12 Years,3958033,2025-12-20,31.6434897483505
California,5-12 Years,3958033,2025-12-27,32.5279284762153
California,5-12 Years,3958033,2026-01-03,33.4664353593598
California,5-12 Years,3958033,2026-01-10,34.900530281377
California,5-12 Years,3958033,2026-01-17,35.3790103687356
California,5-12 Years,3958033,2026-01-24,35.7394754996822
California,5-12 Years,3958033,2026-01-31,35.9857965688471
California,5-12 Years,3958033,2026-02-07,36.5558610867888
California,5-12 Years,3958033,2026-02-14,36.866715591381
California,5-12 Years,3958033,2026-02-21,37.2149106410724
California,5-12 Years,3958033,2026-02-28,37.5792205849054
California,5-12 Years,3958033,2026-03-07,38.2598054023114
California,5-12 Years,3958033,2026-03-14,38.5289618005865
California,5-12 Years,3958033,2026-03-21,38.7278345669623
California,5-12 Years,3958033,2026-03-28,38.8689298453949
California,5-12 Years,3958033,2026-04-04,39.0155593986395
California,5-12 Years,3958033,2026-04-11,39.23155881181
California,5-12 Years,3958033,2026-04-18,39.3136309276882
California,5-12 Years,3958033,2026-04-25,39.3857581980506
California,5-12 Years,3958033,2026-05-02,39.4385818523323
California,5-12 Years,3958033,2026-05-09,39.5474613892457
California,5-12 Years,3958033,2026-05-16,39.5897421501903
California,5-12 Years,3958033,2026-05-23,39.6237785279549
California,5-12 Years,3958033,2026-05-30,39.6507964128279
California,5-12 Years,3958033,2026-06-06,39.6946585726526
California,5-12 Years,3958033,2026-06-13,39.70568423088
California,13-17 Years,2522629,2025-08-16,3.49448230735516
California,13-17 Years,2522629,2025-08-23,3.49448230735516
California,13-17 Years,2522629,2025-08-30,3.49448230735516
California,13-17 Years,2522629,2025-09-06,3.49448230735516
California,13-17 Years,2522629,2025-09-13,4.95685044148828
California,13-17 Years,2522629,2025-09-20,6.21958036184573
California,13-17 Years,2522629,2025-09-27,7.56931351656255
California,13-17 Years,2522629,2025-10-04,10.3911913226414
California,13-17 Years,2522629,2025-10-11,11.9374233320934
California,13-17 Years,2522629,2025-10-18,13.6176682417927
California,13-17 Years,2522629,2025-10-25,15.4016687564019
California,13-17 Years,2522629,2025-11-01,17.4023795793758
California,13-17 Years,2522629,2025-11-08,21.0657259569468
California,13-17 Years,2522629,2025-11-15,22.5733338492151
California,13-17 Years,2522629,2025-11-22,23.8733836912438
California,13-17 Years,2522629,2025-11-29,24.9854081543603
California,13-17 Years,2522629,2025-12-06,26.9787654770271
California,13-17 Years,2522629,2025-12-13,27.7809373420709
California,13-17 Years,2522629,2025-12-20,28.4403279042464
California,13-17 Years,2522629,2025-12-27,28.9866275270081
California,13-17 Years,2522629,2026-01-03,29.5982050996973
California,13-17 Years,2522629,2026-01-10,30.5533741621393
California,13-17 Years,2522629,2026-01-17,30.9466394070944
California,13-17 Years,2522629,2026-01-24,31.3145920452784
California,13-17 Years,2522629,2026-01-31,31.6240135318023
California,13-17 Years,2522629,2026-02-07,32.3783157398448
California,13-17 Years,2522629,2026-02-14,32.8503012162054
California,13-17 Years,2522629,2026-02-21,33.4171128478155
California,13-17 Years,2522629,2026-02-28,34.0240716968949
California,13-17 Years,2522629,2026-03-07,35.1296898476056
California,13-17 Years,2522629,2026-03-14,35.5186885452276
California,13-17 Years,2522629,2026-03-21,35.7496336966875
California,13-17 Years,2522629,2026-03-28,35.8598728704826
California,13-17 Years,2522629,2026-04-04,35.9497302029321
California,13-17 Years,2522629,2026-04-11,36.052731831433
California,13-17 Years,2522629,2026-04-18,36.0704013364721
California,13-17 Years,2522629,2026-04-25,36.075
California,13-17 Years,2522629,2026-05-02,36.075
California,13-17 Years,2522629,2026-05-09,36.0771495861056
California,13-17 Years,2522629,2026-05-16,36.0847550165057
California,13-17 Years,2522629,2026-05-23,36.102194450574
California,13-17 Years,2522629,2026-05-30,36.1318045176478
California,13-17 Years,2522629,2026-06-06,36.2086484572027
California,13-17 Years,2522629,2026-06-13,36.256704242562
California,6 Months - 17 Years,8567610,2025-08-16,4.13650091111977
California,6 Months - 17 Years,8567610,2025-08-23,4.13650091111977
California,6 Months - 17 Years,8567610,2025-08-30,4.13650091111977
California,6 Months - 17 Years,8567610,2025-09-06,4.13650091111977
California,6 Months - 17 Years,8567610,2025-09-13,5.71737891492463
California,6 Months - 17 Years,8567610,2025-09-20,6.89276850117844
California,6 Months - 17 Years,8567610,2025-09-27,8.20225453345267
California,6 Months - 17 Years,8567610,2025-10-04,11.0028633996469
California,6 Months - 17 Years,8567610,2025-10-11,12.5893253834116
California,6 Months - 17 Years,8567610,2025-10-18,14.3552231378602
California,6 Months - 17 Years,8567610,2025-10-25,16.271440871225
California,6 Months - 17 Years,8567610,2025-11-01,18.4547494893158
California,6 Months - 17 Years,8567610,2025-11-08,22.5291261473662
California,6 Months - 17 Years,8567610,2025-11-15,24.2568411754013
California,6 Months - 17 Years,8567610,2025-11-22,25.7816677412628
California,6 Months - 17 Years,8567610,2025-11-29,27.1211694077636
California,6 Months - 17 Years,8567610,2025-12-06,29.5816050530339
California,6 Months - 17 Years,8567610,2025-12-13,30.6358123741323
California,6 Months - 17 Years,8567610,2025-12-20,31.5608384048029
California,6 Months - 17 Years,8567610,2025-12-27,32.3704279136923
California,6 Months - 17 Years,8567610,2026-01-03,33.2518699260636
California,6 Months - 17 Years,8567610,2026-01-10,34.616630389952
California,6 Months - 17 Years,8567610,2026-01-17,35.1166867897125
California,6 Months - 17 Years,8567610,2026-01-24,35.5321618362428
California,6 Months - 17 Years,8567610,2026-01-31,35.8411498740203
California,6 Months - 17 Years,8567610,2026-02-07,36.555020030734
California,6 Months - 17 Years,8567610,2026-02-14,36.9394306026862
California,6 Months - 17 Years,8567610,2026-02-21,37.360397603275
California,6 Months - 17 Years,8567610,2026-02-28,37.7926628055848
California,6 Months - 17 Years,8567610,2026-03-07,38.5926912988692
California,6 Months - 17 Years,8567610,2026-03-14,38.9040518450037
California,6 Months - 17 Years,8567610,2026-03-21,39.1304945926042
California,6 Months - 17 Years,8567610,2026-03-28,39.2878992364969
California,6 Months - 17 Years,8567610,2026-04-04,39.448288723924
California,6 Months - 17 Years,8567610,2026-04-11,39.6805211507398
California,6 Months - 17 Years,8567610,2026-04-18,39.7630830460114
California,6 Months - 17 Years,8567610,2026-04-25,39.8324762893496
California,6 Months - 17 Years,8567610,2026-05-02,39.8840992465885
California,6 Months - 17 Years,8567610,2026-05-09,40.0003503558621
California,6 Months - 17 Years,8567610,2026-05-16,40.0572220027365
California,6 Months - 17 Years,8567610,2026-05-23,40.1151968226375
California,6 Months - 17 Years,8567610,2026-05-30,40.1740364737614
California,6 Months - 17 Years,8567610,2026-06-06,40.2911887974658
California,6 Months - 17 Years,8567610,2026-06-13,40.3492258422864
California,18-49 Years,17225750,2025-08-16,0.818489215029943
California,18-49 Years,17225750,2025-08-23,0.818489215029943
California,18-49 Years,17225750,2025-08-30,0.818489215029943
California,18-49 Years,17225750,2025-09-06,0.818489215029943
California,18-49 Years,17225750,2025-09-13,1.23248076476858
California,18-49 Years,17225750,2025-09-20,1.68486236583967
California,18-49 Years,17225750,2025-09-27,2.26475230234374
California,18-49 Years,17225750,2025-10-04,3.58379311419444
California,18-49 Years,17225750,2025-10-11,4.39847500868189
California,18-49 Years,17225750,2025-10-18,5.36322730933942
California,18-49 Years,17225750,2025-10-25,6.46368772338936
California,18-49 Years,17225750,2025-11-01,7.75119229868575
California,18-49 Years,17225750,2025-11-08,10.2167243284756
California,18-49 Years,17225750,2025-11-15,11.2888301387165
California,18-49 Years,17225750,2025-11-22,12.2432758444176
California,18-49 Years,17225750,2025-11-29,13.0856724294461
California,18-49 Years,17225750,2025-12-06,14.6313244028885
California,18-49 Years,17225750,2025-12-13,15.2821683728664
California,18-49 Years,17225750,2025-12-20,15.8386029504
California,18-49 Years,17225750,2025-12-27,16.3158558548415
California,18-49 Years,17225750,2026-01-03,16.8527882130692
California,18-49 Years,17225750,2026-01-10,17.6990416773539
California,18-49 Years,17225750,2026-01-17,18.0486748241537
California,18-49 Years,17225750,2026-01-24,18.3712914387313
California,18-49 Years,17225750,2026-01-31,18.6274934278061
California,18-49 Years,17225750,2026-02-07,19.1907525264637
California,18-49 Years,17225750,2026-02-14,19.4491820920896
California,18-49 Years,17225750,2026-02-21,19.6914548469765
California,18-49 Years,17225750,2026-02-28,19.9158812140814
California,18-49 Years,17225750,2026-03-07,20.332051326661
California,18-49 Years,17225750,2026-03-14,20.5152642298995
California,18-49 Years,17225750,2026-03-21,20.6799410268586
California,18-49 Years,17225750,2026-03-28,20.823088226045
California,18-49 Years,17225750,2026-04-04,20.9564367213069
California,18-49 Years,17225750,2026-04-11,21.1429742722897
California,18-49 Years,17225750,2026-04-18,21.1797497920654
California,18-49 Years,17225750,2026-04-25,21.19
California,18-49 Years,17225750,2026-05-02,21.19
California,18-49 Years,17225750,2026-05-09,21.1928661148075
California,18-49 Years,17225750,2026-05-16,21.2030066886743
California,18-49 Years,17225750,2026-05-23,21.226259267432
California,18-49 Years,17225750,2026-05-30,21.2657393568637
California,18-49 Years,17225750,2026-06-06,21.3681979429369
California,18-49 Years,17225750,2026-06-13,21.432272323416
California,50-64 Years,7219051,2025-08-16,0.915033054561998
California,50-64 Years,7219051,2025-08-23,0.915033054561998
California,50-64 Years,7219051,2025-08-30,0.915033054561998
California,50-64 Years,7219051,2025-09-06,0.915033054561998
California,50-64 Years,7219051,2025-09-13,1.38873818926822
California,50-64 Years,7219051,2025-09-20,1.91938890600162
California,50-64 Years,7219051,2025-09-27,2.69246978414339
California,50-64 Years,7219051,2025-10-04,4.52855399870914
California,50-64 Years,7219051,2025-10-11,5.73480650056211
California,50-64 Years,7219051,2025-10-18,7.22784097488379
California,50-64 Years,7219051,2025-10-25,8.9794858490556
California,50-64 Years,7219051,2025-11-01,11.0340819227544
California,50-64 Years,7219051,2025-11-08,14.9428249339123
California,50-64 Years,7219051,2025-11-15,16.5762474823095
California,50-64 Years,7219051,2025-11-22,17.9573326972718
California,50-64 Years,7219051,2025-11-29,19.1019940037711
California,50-64 Years,7219051,2025-12-06,21.0932462054699
California,50-64 Years,7219051,2025-12-13,21.8194615870305
California,50-64 Years,7219051,2025-12-20,22.3440060318114
California,50-64 Years,7219051,2025-12-27,22.7265160167483
California,50-64 Years,7219051,2026-01-03,23.2096490401513
California,50-64 Years,7219051,2026-01-10,24.0145881011675
California,50-64 Years,7219051,2026-01-17,24.5248811975984
California,50-64 Years,7219051,2026-01-24,25.1573393256831
California,50-64 Years,7219051,2026-01-31,25.7840443532795
California,50-64 Years,7219051,2026-02-07,27.1313593493258
California,50-64 Years,7219051,2026-02-14,27.6997565727936
California,50-64 Years,7219051,2026-02-21,28.1521757384487
California,50-64 Years,7219051,2026-02-28,28.5022338666859
California,50-64 Years,7219051,2026-03-07,29.1028176021341
California,50-64 Years,7219051,2026-03-14,29.3310163762204
California,50-64 Years,7219051,2026-03-21,29.5118929650036
California,50-64 Years,7219051,2026-03-28,29.6543131304945
California,50-64 Years,7219051,2026-04-04,29.7939286214455
California,50-64 Years,7219051,2026-04-11,29.9932087044601
California,50-64 Years,7219051,2026-04-18,30.050961523227
California,50-64 Years,7219051,2026-04-25,30.0894413021189
California,50-64 Years,7219051,2026-05-02,30.1105505788126
California,50-64 Years,7219051,2026-05-09,30.1482612569195
California,50-64 Years,7219051,2026-05-16,30.1568594894277
California,50-64 Years,7219051,2026-05-23,30.1597702911845
California,50-64 Years,7219051,2026-05-30,30.1599234303948
California,50-64 Years,7219051,2026-06-06,30.16
California,50-64 Years,7219051,2026-06-13,30.16
California,65+ Years,5976166,2025-08-16,2.47151612784428
California,65+ Years,5976166,2025-08-23,2.47151612784428
California,65+ Years,5976166,2025-08-30,2.47151612784428
California,65+ Years,5976166,2025-09-06,2.47151612784428
California,65+ Years,5976166,2025-09-13,3.90091355123983
California,65+ Years,5976166,2025-09-20,5.65331426110769
California,65+ Years,5976166,2025-09-27,7.85147665573766
California,65+ Years,5976166,2025-10-04,12.8114703533144
California,65+ Years,5976166,2025-10-11,15.8896745178389
California,65+ Years,5976166,2025-10-18,19.5697278158433
California,65+ Years,5976166,2025-10-25,23.7516093386784
California,65+ Years,5976166,2025-11-01,28.5151221880003
California,65+ Years,5976166,2025-11-08,37.2129274901958
California,65+ Years,5976166,2025-11-15,40.518409060503
California,65+ Years,5976166,2025-11-22,43.0665702368512
California,65+ Years,5976166,2025-11-29,45.0309365405321
California,65+ Years,5976166,2025-12-06,48.5192197186972
California,65+ Years,5976166,2025-12-13,49.9607370911066
California,65+ Years,5976166,2025-12-20,51.2186171852828
California,65+ Years,5976166,2025-12-27,52.3410494039119
California,65+ Years,5976166,2026-01-03,53.6908930513898
California,65+ Years,5976166,2026-01-10,55.9067319506615
California,65+ Years,5976166,2026-01-17,56.9778847190925
California,65+ Years,5976166,2026-01-24,58.0870386593224
California,65+ Years,5976166,2026-01-31,59.0526378087855
California,65+ Years,5976166,2026-02-07,61.1584606111964
California,65+ Years,5976166,2026-02-14,62.0915052622357
California,65+ Years,5976166,2026-02-21,62.9128730062902
California,65+ Years,5976166,2026-02-28,63.6314693970993
California,65+ Years,5976166,2026-03-07,64.9428222354879
California,65+ Years,5976166,2026-03-14,65.4877230310416
California,65+ Years,5976166,2026-03-21,65.949184688221
California,65+ Years,5976166,2026-03-28,66.3522474879799
California,65+ Years,5976166,2026-04-04,66.8920625359804
California,65+ Years,5976166,2026-04-11,67.8337245968079
California,65+ Years,5976166,2026-04-18,68.4378894310297
California,65+ Years,5976166,2026-04-25,69.1667344327339
California,65+ Years,5976166,2026-05-02,69.8399056830927
California,65+ Years,5976166,2026-05-09,71.1762451153462
California,65+ Years,5976166,2026-05-16,71.6260439703507
California,65+ Years,5976166,2026-05-23,71.888841196069
California,65+ Years,5976166,2026-05-30,72.0244963056752
California,65+ Years,5976166,2026-06-06,72.2231402059857
California,65+ Years,5976166,2026-06-13,72.2592126987989
Colorado,6 Months - 4 Years,293045,2025-08-16,3.20979125593886
Colorado,6 Months - 4 Years,293045,2025-08-23,3.20979125593886
Colorado,6 Months - 4 Years,293045,2025-08-30,3.20979125593886
Colorado,6 Months - 4 Years,293045,2025-09-06,3.20979125593886
Colorado,6 Months - 4 Years,293045,2025-09-13,4.78517609121857
Colorado,6 Months - 4 Years,293045,2025-09-20,6.4455763569217
Colorado,6 Months - 4 Years,293045,2025-09-27,8.26912336349826
Colorado,6 Months - 4 Years,293045,2025-10-04,12.1400416490218
Colorado,6 Months - 4 Years,293045,2025-10-11,14.3147590032241
Colorado,6 Months - 4 Years,293045,2025-10-18,16.7243314709183
Colorado,6 Months - 4 Years,293045,2025-10-25,19.3226532041786
Colorado,6 Months - 4 Years,293045,2025-11-01,22.2556764333875
Colorado,6 Months - 4 Years,293045,2025-11-08,27.6547567972358
Colorado,6 Months - 4 Years,293045,2025-11-15,29.876967635561
Colorado,6 Months - 4 Years,293045,2025-11-22,31.7830472872188
Colorado,6 Months - 4 Years,293045,2025-11-29,33.4030623937057
Colorado,6 Months - 4 Years,293045,2025-12-06,36.2991964482655
Colorado,6 Months - 4 Years,293045,2025-12-13,37.4695650283735
Colorado,6 Months - 4 Years,293045,2025-12-20,38.4406839925882
Colorado,6 Months - 4 Years,293045,2025-12-27,39.2429006593504
Colorado,6 Months - 4 Years,293045,2026-01-03,40.0747145383806
Colorado,6 Months - 4 Years,293045,2026-01-10,41.3139278333171
Colorado,6 Months - 4 Years,293045,2026-01-17,41.7208581886111
Colorado,6 Months - 4 Years,293045,2026-01-24,42.0295425267421
Colorado,6 Months - 4 Years,293045,2026-01-31,42.2443725083756
Colorado,6 Months - 4 Years,293045,2026-02-07,42.7547341995547
Colorado,6 Months - 4 Years,293045,2026-02-14,43.0520197712864
Colorado,6 Months - 4 Years,293045,2026-02-21,43.4039642474975
Colorado,6 Months - 4 Years,293045,2026-02-28,43.7933818487694
Colorado,6 Months - 4 Years,293045,2026-03-07,44.5639637118946
Colorado,6 Months - 4 Years,293045,2026-03-14,44.9177030040222
Colorado,6 Months - 4 Years,293045,2026-03-21,45.2284362614667
Colorado,6 Months - 4 Years,293045,2026-03-28,45.4888185989265
Colorado,6 Months - 4 Years,293045,2026-04-04,45.7301208755959
Colorado,6 Months - 4 Years,293045,2026-04-11,46.0655676010188
Colorado,6 Months - 4 Years,293045,2026-04-18,46.1316054285606
Colorado,6 Months - 4 Years,293045,2026-04-25,46.15
Colorado,6 Months - 4 Years,293045,2026-05-02,46.15
Colorado,6 Months - 4 Years,293045,2026-05-09,46.15
Colorado,6 Months - 4 Years,293045,2026-05-16,46.15
Colorado,6 Months - 4 Years,293045,2026-05-23,46.15
Colorado,6 Months - 4 Years,293045,2026-05-30,46.15
Colorado,6 Months - 4 Years,293045,2026-06-06,46.15
Colorado,6 Months - 4 Years,293045,2026-06-13,46.15
Colorado,5-12 Years,559843,2025-08-16,3.15656581581793
Colorado,5-12 Years,559843,2025-08-23,3.15656581581793
Colorado,5-12 Years,559843,2025-08-30,3.15656581581793
Colorado,5-12 Years,559843,2025-09-06,3.15656581581793
Colorado,5-12 Years,559843,2025-09-13,4.36949962186152
Colorado,5-12 Years,559843,2025-09-20,5.28559092558538
Colorado,5-12 Years,559843,2025-09-27,6.480848731567
Colorado,5-12 Years,559843,2025-10-04,9.21759670095269
Colorado,5-12 Years,559843,2025-10-11,10.9253219997009
Colorado,5-12 Years,559843,2025-10-18,12.963288181275
Colorado,5-12 Years,559843,2025-10-25,15.2989833513617
Colorado,5-12 Years,559843,2025-11-01,18.0309185129752
Colorado,5-12 Years,559843,2025-11-08,23.272590444813
Colorado,5-12 Years,559843,2025-11-15,25.581427459199
Colorado,5-12 Years,559843,2025-11-22,27.6528830541148
Colorado,5-12 Years,559843,2025-11-29,29.4382448461829
Colorado,5-12 Years,559843,2025-12-06,32.4751454242319
Colorado,5-12 Years,559843,2025-12-13,33.4815741173125
Colorado,5-12 Years,559843,2025-12-20,34.099064593132
Colorado,5-12 Years,559843,2025-12-27,34.446781330361
Colorado,5-12 Years,559843,2026-01-03,34.8307390757935
Colorado,5-12 Years,559843,2026-01-10,35.4081263068315
Colorado,5-12 Years,559843,2026-01-17,35.7138287675641
Colorado,5-12 Years,559843,2026-01-24,36.0658861191094
Colorado,5-12 Years,559843,2026-01-31,36.4080889105397
Colorado,5-12 Years,559843,2026-02-07,37.204298309362
Colorado,5-12 Years,559843,2026-02-14,37.6253322723396
Colorado,5-12 Years,559843,2026-02-21,38.0590506944945
Colorado,5-12 Years,559843,2026-02-28,38.4882934116883
Colorado,5-12 Years,559843,2026-03-07,39.296331225641
Colorado,5-12 Years,559843,2026-03-14,39.6339119292872
Colorado,5-12 Years,559843,2026-03-21,39.9064767844292
Colorado,5-12 Years,559843,2026-03-28,40.1226360604637
Colorado,5-12 Years,559843,2026-04-04,40.3522952918954
Colorado,5-12 Years,559843,2026-04-11,40.6987311049241
Colorado,5-12 Years,559843,2026-04-18,40.8235074624706
Colorado,5-12 Years,559843,2026-04-25,40.9279640526356
Colorado,5-12 Years,559843,2026-05-02,41.0094499318577
Colorado,5-12 Years,559843,2026-05-09,41.2106132846329
Colorado,5-12 Years,559843,2026-05-16,41.3349587967848
Colorado,5-12 Years,559843,2026-05-23,41.4893524684803
Colorado,5-12 Years,559843,2026-05-30,41.6753576346573
Colorado,5-12 Years,559843,2026-06-06,42.0885322062008
Colorado,5-12 Years,559843,2026-06-13,42.3241430159547
Colorado,13-17 Years,365606,2025-08-16,2.75796104868737
Colorado,13-17 Years,365606,2025-08-23,2.75796104868737
Colorado,13-17 Years,365606,2025-08-30,2.75796104868737
Colorado,13-17 Years,365606,2025-09-06,2.75796104868737
Colorado,13-17 Years,365606,2025-09-13,3.75419965284481
Colorado,13-17 Years,365606,2025-09-20,4.41856232126824
Colorado,13-17 Years,365606,2025-09-27,5.3712402404674
Colorado,13-17 Years,365606,2025-10-04,7.62288655750651
Colorado,13-17 Years,365606,2025-10-11,9.09045266371653
Colorado,13-17 Years,365606,2025-10-18,10.8962098412568
Colorado,13-17 Years,365606,2025-10-25,13.0084963520307
Colorado,13-17 Years,365606,2025-11-01,15.4900232538695
Colorado,13-17 Years,365606,2025-11-08,20.2351524817452
Colorado,13-17 Years,365606,2025-11-15,22.2573280565621
Colorado,13-17 Years,365606,2025-11-22,24.0031916222556
Colorado,13-17 Years,365606,2025-11-29,25.4704418981961
Colorado,13-17 Years,365606,2025-12-06,28.0068458502678
Colorado,13-17 Years,365606,2025-12-13,28.9268256118701
Colorado,13-17 Years,365606,2025-12-20,29.5904800846464
Colorado,13-17 Years,365606,2025-12-27,30.0551539516093
Colorado,13-17 Years,365606,2026-01-03,30.4904116243521
Colorado,13-17 Years,365606,2026-01-10,31.0819542783311
Colorado,13-17 Years,365606,2026-01-17,31.232106548564
Colorado,13-17 Years,365606,2026-01-24,31.3192806397055
Colorado,13-17 Years,365606,2026-01-31,31.3668489999858
Colorado,13-17 Years,365606,2026-02-07,31.4826160912128
Colorado,13-17 Years,365606,2026-02-14,31.5586031458222
Colorado,13-17 Years,365606,2026-02-21,31.6561542864823
Colorado,13-17 Years,365606,2026-02-28,31.7632837423216
Colorado,13-17 Years,365606,2026-03-07,31.9529292131352
Colorado,13-17 Years,365606,2026-03-14,32.0121438232386
Colorado,13-17 Years,365606,2026-03-21,32.038808531791
Colorado,13-17 Years,365606,2026-03-28,32.0429361772637
Colorado,13-17 Years,365606,2026-04-04,32.0504503137367
Colorado,13-17 Years,365606,2026-04-11,32.0668012549468
Colorado,13-17 Years,365606,2026-04-18,32.1031649333269
Colorado,13-17 Years,365606,2026-04-25,32.1686958387767
Colorado,13-17 Years,365606,2026-05-02,32.2507895864522
Colorado,13-17 Years,365606,2026-05-09,32.4243813995286
Colorado,13-17 Years,365606,2026-05-16,32.493631349938
Colorado,13-17 Years,365606,2026-05-23,32.5401816848191
Colorado,13-17 Years,365606,2026-05-30,32.5687182506061
Colorado,13-17 Years,365606,2026-06-06,32.6120794592946
Colorado,13-17 Years,365606,2026-06-13,32.6200631315102
Colorado,6 Months - 17 Years,1218494,2025-08-16,3.03522585093947
Colorado,6 Months - 17 Years,1218494,2025-08-23,3.03522585093947
Colorado,6 Months - 17 Years,1218494,2025-08-30,3.03522585093947
Colorado,6 Months - 17 Years,1218494,2025-09-06,3.03522585093947
Colorado,6 Months - 17 Years,1218494,2025-09-13,4.27023095666664
Colorado,6 Months - 17 Years,1218494,2025-09-20,5.29833074041356
Colorado,6 Months - 17 Years,1218494,2025-09-27,6.57896498908879
Colorado,6 Months - 17 Years,1218494,2025-10-04,9.45993641511966
Colorado,6 Months - 17 Years,1218494,2025-10-11,11.2189960066203
Colorado,6 Months - 17 Years,1218494,2025-10-18,13.288274332275
Colorado,6 Months - 17 Years,1218494,2025-10-25,15.6309225060614
Colorado,6 Months - 17 Years,1218494,2025-11-01,18.3471053182828
Colorado,6 Months - 17 Years,1218494,2025-11-08,23.4967885033552
Colorado,6 Months - 17 Years,1218494,2025-11-15,25.707708284901
Colorado,6 Months - 17 Years,1218494,2025-11-22,27.6515432127702
Colorado,6 Months - 17 Years,1218494,2025-11-29,29.3131650949275
Colorado,6 Months - 17 Years,1218494,2025-12-06,32.1923604746615
Colorado,6 Months - 17 Years,1218494,2025-12-13,33.2234171644413
Colorado,6 Months - 17 Years,1218494,2025-12-20,33.9455236068333
Colorado,6 Months - 17 Years,1218494,2025-12-27,34.4392823467006
Colorado,6 Months - 17 Years,1218494,2026-01-03,34.9579687608291
Colorado,6 Months - 17 Years,1218494,2026-01-10,35.7218426469345
Colorado,6 Months - 17 Years,1218494,2026-01-17,36.0252013685044
Colorado,6 Months - 17 Years,1218494,2026-01-24,36.3074440252004
Colorado,6 Months - 17 Years,1218494,2026-01-31,36.538396438551
Colorado,6 Months - 17 Years,1218494,2026-02-07,37.07727513196
Colorado,6 Months - 17 Years,1218494,2026-02-14,37.3715272051885
Colorado,6 Months - 17 Years,1218494,2026-02-21,37.6942900589995
Colorado,6 Months - 17 Years,1218494,2026-02-28,38.0294764974764
Colorado,6 Months - 17 Years,1218494,2026-03-07,38.6664402156103
Colorado,6 Months - 17 Years,1218494,2026-03-14,38.9320964007579
Colorado,6 Months - 17 Years,1218494,2026-03-21,39.1430100337318
Colorado,6 Months - 17 Years,1218494,2026-03-28,39.3065003052968
Colorado,6 Months - 17 Years,1218494,2026-04-04,39.4795861843909
Colorado,6 Months - 17 Years,1218494,2026-04-11,39.7397166775745
Colorado,6 Months - 17 Years,1218494,2026-04-18,39.8348931454496
Colorado,6 Months - 17 Years,1218494,2026-04-25,39.9155935799234
Colorado,6 Months - 17 Years,1218494,2026-05-02,39.977338073524
Colorado,6 Months - 17 Years,1218494,2026-05-09,40.1212601143112
Colorado,6 Months - 17 Years,1218494,2026-05-16,40.1979654099239
Colorado,6 Months - 17 Years,1218494,2026-05-23,40.2820513739525
Colorado,6 Months - 17 Years,1218494,2026-05-30,40.3733072566103
Colorado,6 Months - 17 Years,1218494,2026-06-06,40.5636979570661
Colorado,6 Months - 17 Years,1218494,2026-06-13,40.6649592283112
Colorado,18-49 Years,2592373,2025-08-16,0.794891726863451
Colorado,18-49 Years,2592373,2025-08-23,0.794891726863451
Colorado,18-49 Years,2592373,2025-08-30,0.794891726863451
Colorado,18-49 Years,2592373,2025-09-06,0.794891726863451
Colorado,18-49 Years,2592373,2025-09-13,1.14780641214559
Colorado,18-49 Years,2592373,2025-09-20,1.48251053381269
Colorado,18-49 Years,2592373,2025-09-27,2.05623715993392
Colorado,18-49 Years,2592373,2025-10-04,3.47917423140688
Colorado,18-49 Years,2592373,2025-10-11,4.46573454960881
Colorado,18-49 Years,2592373,2025-10-18,5.73083286940047
Colorado,18-49 Years,2592373,2025-10-25,7.24946811600438
Colorado,18-49 Years,2592373,2025-11-01,9.04087590439392
Colorado,18-49 Years,2592373,2025-11-08,12.448797008836
Colorado,18-49 Years,2592373,2025-11-15,13.8433722275028
Colorado,18-49 Years,2592373,2025-11-22,14.9867493864037
Colorado,18-49 Years,2592373,2025-11-29,15.9034626503873
Colorado,18-49 Years,2592373,2025-12-06,17.4742641942326
Colorado,18-49 Years,2592373,2025-12-13,18.0350604354697
Colorado,18-49 Years,2592373,2025-12-20,18.4345706612116
Colorado,18-49 Years,2592373,2025-12-27,18.7182420501267
Colorado,18-49 Years,2592373,2026-01-03,19.0366858283161
Colorado,18-49 Years,2592373,2026-01-10,19.5282842363798
Colorado,18-49 Years,2592373,2026-01-17,19.7612377373576
Colorado,18-49 Years,2592373,2026-01-24,20.006069633864
Colorado,18-49 Years,2592373,2026-01-31,20.2234972429138
Colorado,18-49 Years,2592373,2026-02-07,20.7098600923822
Colorado,18-49 Years,2592373,2026-02-14,20.939587415206
Colorado,18-49 Years,2592373,2026-02-21,21.1564286366755
Colorado,18-49 Years,2592373,2026-02-28,21.3616593269626
Colorado,18-49 Years,2592373,2026-03-07,21.7597512760898
Colorado,18-49 Years,2592373,2026-03-14,21.9507078048775
Colorado,18-49 Years,2592373,2026-03-21,22.1366641165675
Colorado,18-49 Years,2592373,2026-03-28,22.3176215122517
Colorado,18-49 Years,2592373,2026-04-04,22.5376351903276
Colorado,18-49 Years,2592373,2026-04-11,22.9061290210347
Colorado,18-49 Years,2592373,2026-04-18,23.0780414255378
Colorado,18-49 Years,2592373,2026-04-25,23.2457104029466
Colorado,18-49 Years,2592373,2026-05-02,23.3763476436977
Colorado,18-49 Years,2592373,2026-05-09,23.6321413216941
Colorado,18-49 Years,2592373,2026-05-16,23.7155307230469
Colorado,18-49 Years,2592373,2026-05-23,23.7663240199409
Colorado,18-49 Years,2592373,2026-05-30,23.7952998541364
Colorado,18-49 Years,2592373,2026-06-06,23.8382114657134
Colorado,18-49 Years,2592373,2026-06-13,23.8460451378066
Colorado,50-64 Years,1052994,2025-08-16,0.798896002301523
Colorado,50-64 Years,1052994,2025-08-23,0.798896002301523
Colorado,50-64 Years,1052994,2025-08-30,0.798896002301523
Colorado,50-64 Years,1052994,2025-09-06,0.798896002301523
Colorado,50-64 Years,1052994,2025-09-13,1.28497330658452
Colorado,50-64 Years,1052994,2025-09-20,1.90601225398222
Colorado,50-64 Years,1052994,2025-09-27,2.88488840640941
Colorado,50-64 Years,1052994,2025-10-04,5.2623050010881
Colorado,50-64 Years,1052994,2025-10-11,6.87304224615156
Colorado,50-64 Years,1052994,2025-10-18,8.9094891891257
Colorado,50-64 Years,1052994,2025-10-25,11.3285585325935
Colorado,50-64 Years,1052994,2025-11-01,14.1652518981051
Colorado,50-64 Years,1052994,2025-11-08,19.5303530476123
Colorado,50-64 Years,1052994,2025-11-15,21.711150596339
Colorado,50-64 Years,1052994,2025-11-22,23.4927606671977
Colorado,50-64 Years,1052994,2025-11-29,24.9162575333106
Colorado,50-64 Years,1052994,2025-12-06,27.3507990882341
Colorado,50-64 Years,1052994,2025-12-13,28.2221554045767
Colorado,50-64 Years,1052994,2025-12-20,28.8483036234964
Colorado,50-64 Years,1052994,2025-12-27,29.2944165668176
Colorado,50-64 Years,1052994,2026-01-03,29.7674857455926
Colorado,50-64 Years,1052994,2026-01-10,30.4722760451207
Colorado,50-64 Years,1052994,2026-01-17,30.7601426174841
Colorado,50-64 Years,1052994,2026-01-24,31.029952265762
Colorado,50-64 Years,1052994,2026-01-31,31.2389374884078
Colorado,50-64 Years,1052994,2026-02-07,31.6693554289829
Colorado,50-64 Years,1052994,2026-02-14,31.83182420091
Colorado,50-64 Years,1052994,2026-02-21,31.9554029004122
Colorado,50-64 Years,1052994,2026-02-28,32.0507839649813
Colorado,50-64 Years,1052994,2026-03-07,32.2226839127495
Colorado,50-64 Years,1052994,2026-03-14,32.302658283229
Colorado,50-64 Years,1052994,2026-03-21,32.3833238980185
Colorado,50-64 Years,1052994,2026-03-28,32.4623877000355
Colorado,50-64 Years,1052994,2026-04-04,32.5434527913206
Colorado,50-64 Years,1052994,2026-04-11,32.6663618780971
Colorado,50-64 Years,1052994,2026-04-18,32.6995154801748
Colorado,50-64 Years,1052994,2026-04-25,32.7178752729406
Colorado,50-64 Years,1052994,2026-05-02,32.7276234002012
Colorado,50-64 Years,1052994,2026-05-09,32.7537544545677
Colorado,50-64 Years,1052994,2026-05-16,32.7742250735461
Colorado,50-64 Years,1052994,2026-05-23,32.804868555764
Colorado,50-64 Years,1052994,2026-05-30,32.8468576117504
Colorado,50-64 Years,1052994,2026-06-06,32.9461180858157
Colorado,50-64 Years,1052994,2026-06-13,33.0054855392001
Colorado,65+ Years,876387,2025-08-16,1.37989403322965
Colorado,65+ Years,876387,2025-08-23,1.37989403322965
Colorado,65+ Years,876387,2025-08-30,1.37989403322965
Colorado,65+ Years,876387,2025-09-06,1.37989403322965
Colorado,65+ Years,876387,2025-09-13,2.79168754348365
Colorado,65+ Years,876387,2025-09-20,5.00676093329961
Colorado,65+ Years,876387,2025-09-27,7.93637530908402
Colorado,65+ Years,876387,2025-10-04,14.4712630129883
Colorado,65+ Years,876387,2025-10-11,18.4776757887075
Colorado,65+ Years,876387,2025-10-18,23.2344873868236
Colorado,65+ Years,876387,2025-10-25,28.5979889025859
Colorado,65+ Years,876387,2025-11-01,34.6468822345236
Colorado,65+ Years,876387,2025-11-08,45.552403969503
Colorado,65+ Years,876387,2025-11-15,49.6037513216616
Colorado,65+ Years,876387,2025-11-22,52.6541321559376
Colorado,65+ Years,876387,2025-11-29,54.9017905030512
Colorado,65+ Years,876387,2025-12-06,58.6415058238601
Colorado,65+ Years,876387,2025-12-13,59.9201943981258
Colorado,65+ Years,876387,2025-12-20,60.8085286710831
Colorado,65+ Years,876387,2025-12-27,61.4292147451137
Colorado,65+ Years,876387,2026-01-03,62.1390592938543
Colorado,65+ Years,876387,2026-01-10,63.2463015759536
Colorado,65+ Years,876387,2026-01-17,63.8088474127753
Colorado,65+ Years,876387,2026-01-24,64.4277236139994
Colorado,65+ Years,876387,2026-01-31,64.9923437002571
Colorado,65+ Years,876387,2026-02-07,66.2355189690729
Colorado,65+ Years,876387,2026-02-14,66.7979563843279
Colorado,65+ Years,876387,2026-02-21,67.2998762446883
Colorado,65+ Years,876387,2026-02-28,67.7463423759966
Colorado,65+ Years,876387,2026-03-07,68.5769663250936
Colorado,65+ Years,876387,2026-03-14,68.9415102544279
Colorado,65+ Years,876387,2026-03-21,69.26902015353
Colorado,65+ Years,876387,2026-03-28,69.5679539763131
Colorado,65+ Years,876387,2026-04-04,69.9375510256048
Colorado,65+ Years,876387,2026-04-11,70.5567147684708
Colorado,65+ Years,876387,2026-04-18,70.8722715855754
Colorado,65+ Years,876387,2026-04-25,71.2055953531133
Colorado,65+ Years,876387,2026-05-02,71.490470076306
Colorado,65+ Years,876387,2026-05-09,72.0807496763557
Colorado,65+ Years,876387,2026-05-16,72.3107333162182
Colorado,65+ Years,876387,2026-05-23,72.4853626003194
Colorado,65+ Years,876387,2026-05-30,72.6137097725033
Colorado,65+ Years,876387,2026-06-06,72.8140133843597
Colorado,65+ Years,876387,2026-06-13,72.8526009627562
Connecticut,6 Months - 4 Years,162475,2025-08-16,4.35645655819253
Connecticut,6 Months - 4 Years,162475,2025-08-23,4.35645655819253
Connecticut,6 Months - 4 Years,162475,2025-08-30,4.35645655819253
Connecticut,6 Months - 4 Years,162475,2025-09-06,4.35645655819253
Connecticut,6 Months - 4 Years,162475,2025-09-13,5.81377874288594
Connecticut,6 Months - 4 Years,162475,2025-09-20,6.61210106021946
Connecticut,6 Months - 4 Years,162475,2025-09-27,7.84071706894199
Connecticut,6 Months - 4 Years,162475,2025-10-04,10.8044743037956
Connecticut,6 Months - 4 Years,162475,2025-10-11,12.7662394102931
Connecticut,6 Months - 4 Years,162475,2025-10-18,15.1969243953768
Connecticut,6 Months - 4 Years,162475,2025-10-25,18.0724184655152
Connecticut,6 Months - 4 Years,162475,2025-11-01,21.5129528194957
Connecticut,6 Months - 4 Years,162475,2025-11-08,28.2504339941851
Connecticut,6 Months - 4 Years,162475,2025-11-15,31.2569815128816
Connecticut,6 Months - 4 Years,162475,2025-11-22,33.9753203466953
Connecticut,6 Months - 4 Years,162475,2025-11-29,36.4219261703809
Connecticut,6 Months - 4 Years,162475,2025-12-06,41.0162972889705
Connecticut,6 Months - 4 Years,162475,2025-12-13,43.0910657479821
Connecticut,6 Months - 4 Years,162475,2025-12-20,45.0008815790559
Connecticut,6 Months - 4 Years,162475,2025-12-27,46.7243783622057
Connecticut,6 Months - 4 Years,162475,2026-01-03,48.5067566073822
Connecticut,6 Months - 4 Years,162475,2026-01-10,51.1971400525671
Connecticut,6 Months - 4 Years,162475,2026-01-17,52.0149637710311
Connecticut,6 Months - 4 Years,162475,2026-01-24,52.5639719869275
Connecticut,6 Months - 4 Years,162475,2026-01-31,52.8922686836317
Connecticut,6 Months - 4 Years,162475,2026-02-07,53.6046125823458
Connecticut,6 Months - 4 Years,162475,2026-02-14,53.9341223547094
Connecticut,6 Months - 4 Years,162475,2026-02-21,54.2607627030113
Connecticut,6 Months - 4 Years,162475,2026-02-28,54.5663991449448
Connecticut,6 Months - 4 Years,162475,2026-03-07,55.0819620373441
Connecticut,6 Months - 4 Years,162475,2026-03-14,55.2410815948033
Connecticut,6 Months - 4 Years,162475,2026-03-21,55.3236845556833
Connecticut,6 Months - 4 Years,162475,2026-03-28,55.3554714234906
Connecticut,6 Months - 4 Years,162475,2026-04-04,55.4246958355897
Connecticut,6 Months - 4 Years,162475,2026-04-11,55.5773960581961
Connecticut,6 Months - 4 Years,162475,2026-04-18,55.8244490524783
Connecticut,6 Months - 4 Years,162475,2026-04-25,56.2331796058358
Connecticut,6 Months - 4 Years,162475,2026-05-02,56.6956516804542
Connecticut,6 Months - 4 Years,162475,2026-05-09,57.5917171316121
Connecticut,6 Months - 4 Years,162475,2026-05-16,57.8641339077541
Connecticut,6 Months - 4 Years,162475,2026-05-23,57.9706104636184
Connecticut,6 Months - 4 Years,162475,2026-05-30,57.9768701545395
Connecticut,6 Months - 4 Years,162475,2026-06-06,57.98
Connecticut,6 Months - 4 Years,162475,2026-06-13,57.98
Connecticut,5-12 Years,317076,2025-08-16,2.69483364690432
Connecticut,5-12 Years,317076,2025-08-23,2.69483364690432
Connecticut,5-12 Years,317076,2025-08-30,2.69483364690432
Connecticut,5-12 Years,317076,2025-09-06,2.69483364690432
Connecticut,5-12 Years,317076,2025-09-13,3.72344784465745
Connecticut,5-12 Years,317076,2025-09-20,4.49390403097866
Connecticut,5-12 Years,317076,2025-09-27,5.82660712363699
Connecticut,5-12 Years,317076,2025-10-04,9.13940176251592
Connecticut,5-12 Years,317076,2025-10-11,11.4562565380261
Connecticut,5-12 Years,317076,2025-10-18,14.448870615859
Connecticut,5-12 Years,317076,2025-10-25,18.0451841245539
Connecticut,5-12 Years,317076,2025-11-01,22.2542520208475
Connecticut,5-12 Years,317076,2025-11-08,30.1424266479677
Connecticut,5-12 Years,317076,2025-11-15,33.2249547198266
Connecticut,5-12 Years,317076,2025-11-22,35.6232653191313
Connecticut,5-12 Years,317076,2025-11-29,37.4525832501087
Connecticut,5-12 Years,317076,2025-12-06,40.5712519212957
Connecticut,5-12 Years,317076,2025-12-13,41.7243768739991
Connecticut,5-12 Years,317076,2025-12-20,42.610301751655
Connecticut,5-12 Years,317076,2025-12-27,43.2838518646347
Connecticut,5-12 Years,317076,2026-01-03,43.9186966060283
Connecticut,5-12 Years,317076,2026-01-10,44.7931370842406
Connecticut,5-12 Years,317076,2026-01-17,45.0034364354985
Connecticut,5-12 Years,317076,2026-01-24,45.1128058324464
Connecticut,5-12 Years,317076,2026-01-31,45.1675597021984
Connecticut,5-12 Years,317076,2026-02-07,45.3313021067419
Connecticut,5-12 Years,317076,2026-02-14,45.514684553116
Connecticut,5-12 Years,317076,2026-02-21,45.8225032142359
Connecticut,5-12 Years,317076,2026-02-28,46.2264505606593
Connecticut,5-12 Years,317076,2026-03-07,47.0469545713289
Connecticut,5-12 Years,317076,2026-03-14,47.381263006257
Connecticut,5-12 Years,317076,2026-03-21,47.6045635790616
Connecticut,5-12 Years,317076,2026-03-28,47.7325741546981
Connecticut,5-12 Years,317076,2026-04-04,47.8515374845947
Connecticut,5-12 Years,317076,2026-04-11,48.0097776557266
Connecticut,5-12 Years,317076,2026-04-18,48.0581063589965
Connecticut,5-12 Years,317076,2026-04-25,48.093619761302
Connecticut,5-12 Years,317076,2026-05-02,48.1148416430112
Connecticut,5-12 Years,317076,2026-05-09,48.1529082617202
Connecticut,5-12 Years,317076,2026-05-16,48.1617385013427
Connecticut,5-12 Years,317076,2026-05-23,48.164759415851
Connecticut,5-12 Years,317076,2026-05-30,48.1649198052837
Connecticut,5-12 Years,317076,2026-06-06,48.165
Connecticut,5-12 Years,317076,2026-06-13,48.165
Connecticut,13-17 Years,222285,2025-08-16,0.677595177031177
Connecticut,13-17 Years,222285,2025-08-23,0.677595177031177
Connecticut,13-17 Years,222285,2025-08-30,0.677595177031177
Connecticut,13-17 Years,222285,2025-09-06,0.677595177031177
Connecticut,13-17 Years,222285,2025-09-13,1.08796200559014
Connecticut,13-17 Years,222285,2025-09-20,1.61149031070457
Connecticut,13-17 Years,222285,2025-09-27,2.62450032635983
Connecticut,13-17 Years,222285,2025-10-04,5.20359006541832
Connecticut,13-17 Years,222285,2025-10-11,7.04103208350267
Connecticut,13-17 Years,222285,2025-10-18,9.43576323457562
Connecticut,13-17 Years,222285,2025-10-25,12.3451016930796
Connecticut,13-17 Years,222285,2025-11-01,15.8012941660429
Connecticut,13-17 Years,222285,2025-11-08,22.4252937801463
Connecticut,13-17 Years,222285,2025-11-15,25.1659232800623
Connecticut,13-17 Years,222285,2025-11-22,27.4300617406913
Connecticut,13-17 Years,222285,2025-11-29,29.253859411904
Connecticut,13-17 Years,222285,2025-12-06,32.3717839196619
Connecticut,13-17 Years,222285,2025-12-13,33.4872082113077
Connecticut,13-17 Years,222285,2025-12-20,34.2877335419591
Connecticut,13-17 Years,222285,2025-12-27,34.8492511985882
Connecticut,13-17 Years,222285,2026-01-03,35.3868439348463
Connecticut,13-17 Years,222285,2026-01-10,36.1290743685098
Connecticut,13-17 Years,222285,2026-01-17,36.3344781771757
Connecticut,13-17 Years,222285,2026-01-24,36.4687795836697
Connecticut,13-17 Years,222285,2026-01-31,36.5533743468154
Connecticut,13-17 Years,222285,2026-02-07,36.7766878577614
Connecticut,13-17 Years,222285,2026-02-14,36.9562909056492
Connecticut,13-17 Years,222285,2026-02-21,37.2174904075668
Connecticut,13-17 Years,222285,2026-02-28,37.5391634691889
Connecticut,13-17 Years,222285,2026-03-07,38.1849101289368
Connecticut,13-17 Years,222285,2026-03-14,38.4594459447633
Connecticut,13-17 Years,222285,2026-03-21,38.6647436241155
Connecticut,13-17 Years,222285,2026-03-28,38.8053949219465
Connecticut,13-17 Years,222285,2026-04-04,38.9297582123009
Connecticut,13-17 Years,222285,2026-04-11,39.0916629103106
Connecticut,13-17 Years,222285,2026-04-18,39.1218146559676
Connecticut,13-17 Years,222285,2026-04-25,39.13
Connecticut,13-17 Years,222285,2026-05-02,39.13
Connecticut,13-17 Years,222285,2026-05-09,39.13
Connecticut,13-17 Years,222285,2026-05-16,39.13
Connecticut,13-17 Years,222285,2026-05-23,39.13
Connecticut,13-17 Years,222285,2026-05-30,39.13
Connecticut,13-17 Years,222285,2026-06-06,39.13
Connecticut,13-17 Years,222285,2026-06-13,39.13
Connecticut,6 Months - 17 Years,701836,2025-08-16,2.86967980811332
Connecticut,6 Months - 17 Years,701836,2025-08-23,2.86967980811332
Connecticut,6 Months - 17 Years,701836,2025-08-30,2.86967980811332
Connecticut,6 Months - 17 Years,701836,2025-09-06,2.86967980811332
Connecticut,6 Months - 17 Years,701836,2025-09-13,3.85196907234511
Connecticut,6 Months - 17 Years,701836,2025-09-20,4.42741557902867
Connecticut,6 Months - 17 Years,701836,2025-09-27,5.53753794006463
Connecticut,6 Months - 17 Years,701836,2025-10-04,8.36220904535787
Connecticut,6 Months - 17 Years,701836,2025-10-11,10.3743672237356
Connecticut,6 Months - 17 Years,701836,2025-10-18,12.9970078756338
Connecticut,6 Months - 17 Years,701836,2025-10-25,16.1823860190022
Connecticut,6 Months - 17 Years,701836,2025-11-01,19.9635507131482
Connecticut,6 Months - 17 Years,701836,2025-11-08,27.1903746897709
Connecticut,6 Months - 17 Years,701836,2025-11-15,30.1448343485559
Connecticut,6 Months - 17 Years,701836,2025-11-22,32.5556228985234
Connecticut,6 Months - 17 Years,701836,2025-11-29,34.4961969310665
Connecticut,6 Months - 17 Years,701836,2025-12-06,37.9063028625899
Connecticut,6 Months - 17 Years,701836,2025-12-13,39.2498642455666
Connecticut,6 Months - 17 Years,701836,2025-12-20,40.3453753294237
Connecticut,6 Months - 17 Years,701836,2025-12-27,41.2308876315443
Connecticut,6 Months - 17 Years,701836,2026-01-03,42.1051628612952
Connecticut,6 Months - 17 Years,701836,2026-01-10,43.3615635238867
Connecticut,6 Months - 17 Years,701836,2026-01-17,43.7123193355285
Connecticut,6 Months - 17 Years,701836,2026-01-24,43.934267111522
Connecticut,6 Months - 17 Years,701836,2026-01-31,44.067114159129
Connecticut,6 Months - 17 Years,701836,2026-02-07,44.4011046115733
Connecticut,6 Months - 17 Years,701836,2026-02-14,44.6364975906244
Connecticut,6 Months - 17 Years,701836,2026-02-21,44.9533984203648
Connecticut,6 Months - 17 Years,701836,2026-02-28,45.3225301173156
Connecticut,6 Months - 17 Years,701836,2026-03-07,46.030372810236
Connecticut,6 Months - 17 Years,701836,2026-03-14,46.3003475829664
Connecticut,6 Months - 17 Years,701836,2026-03-21,46.4748172607485
Connecticut,6 Months - 17 Years,701836,2026-03-28,46.5746442759503
Connecticut,6 Months - 17 Years,701836,2026-04-04,46.6913757114177
Connecticut,6 Months - 17 Years,701836,2026-04-11,46.8756888471572
Connecticut,6 Months - 17 Years,701836,2026-04-18,46.9920467048331
Connecticut,6 Months - 17 Years,701836,2026-04-25,47.1322209473305
Connecticut,6 Months - 17 Years,701836,2026-05-02,47.2565056394488
Connecticut,6 Months - 17 Years,701836,2026-05-09,47.4897826709404
Connecticut,6 Months - 17 Years,701836,2026-05-16,47.5539342744644
Connecticut,6 Months - 17 Years,701836,2026-05-23,47.5779462269182
Connecticut,6 Months - 17 Years,701836,2026-05-30,47.5793154089727
Connecticut,6 Months - 17 Years,701836,2026-06-06,47.58
Connecticut,6 Months - 17 Years,701836,2026-06-13,47.58
Connecticut,18-49 Years,1427008,2025-08-16,0.429813902029956
Connecticut,18-49 Years,1427008,2025-08-23,0.429813902029956
Connecticut,18-49 Years,1427008,2025-08-30,0.429813902029956
Connecticut,18-49 Years,1427008,2025-09-06,0.429813902029956
Connecticut,18-49 Years,1427008,2025-09-13,0.806201407074357
Connecticut,18-49 Years,1427008,2025-09-20,1.38753225524951
Connecticut,18-49 Years,1427008,2025-09-27,2.14544000851342
Connecticut,18-49 Years,1427008,2025-10-04,3.88031738317309
Connecticut,18-49 Years,1427008,2025-10-11,4.96242215702781
Connecticut,18-49 Years,1427008,2025-10-18,6.25338264952147
Connecticut,18-49 Years,1427008,2025-10-25,7.73265131304812
Connecticut,18-49 Years,1427008,2025-11-01,9.4628661447993
Connecticut,18-49 Years,1427008,2025-11-08,12.7671068674676
Connecticut,18-49 Years,1427008,2025-11-15,14.1865440790095
Connecticut,18-49 Years,1427008,2025-11-22,15.4330065562875
Connecticut,18-49 Years,1427008,2025-11-29,16.5199079903455
Connecticut,18-49 Years,1427008,2025-12-06,18.5073542906432
Connecticut,18-49 Years,1427008,2025-12-13,19.3385385099795
Connecticut,18-49 Years,1427008,2025-12-20,20.0455687214267
Connecticut,18-49 Years,1427008,2025-12-27,20.6531177074259
Connecticut,18-49 Years,1427008,2026-01-03,21.3633883510156
Connecticut,18-49 Years,1427008,2026-01-10,22.5090208267185
Connecticut,18-49 Years,1427008,2026-01-17,23.038942199249
Connecticut,18-49 Years,1427008,2026-01-24,23.5696225821698
Connecticut,18-49 Years,1427008,2026-01-31,24.011081455172
Connecticut,18-49 Years,1427008,2026-02-07,24.945406063274
Connecticut,18-49 Years,1427008,2026-02-14,25.3305230245822
Connecticut,18-49 Years,1427008,2026-02-21,25.6467263299978
Connecticut,18-49 Years,1427008,2026-02-28,25.9002815279829
Connecticut,18-49 Years,1427008,2026-03-07,26.326997670077
Connecticut,18-49 Years,1427008,2026-03-14,26.4733835346555
Connecticut,18-49 Years,1427008,2026-03-21,26.5728681168228
Connecticut,18-49 Years,1427008,2026-03-28,26.6399532680036
Connecticut,18-49 Years,1427008,2026-04-04,26.7201286053035
Connecticut,18-49 Years,1427008,2026-04-11,26.849137197709
Connecticut,18-49 Years,1427008,2026-04-18,26.9266080441736
Connecticut,18-49 Years,1427008,2026-04-25,27.0174027828133
Connecticut,18-49 Years,1427008,2026-05-02,27.0961705137833
Connecticut,18-49 Years,1427008,2026-05-09,27.2436000349515
Connecticut,18-49 Years,1427008,2026-05-16,27.2837592588773
Connecticut,18-49 Years,1427008,2026-05-23,27.2987242030452
Connecticut,18-49 Years,1427008,2026-05-30,27.2995747343484
Connecticut,18-49 Years,1427008,2026-06-06,27.3
Connecticut,18-49 Years,1427008,2026-06-13,27.3
Connecticut,50-64 Years,758140,2025-08-16,0.584051135866793
Connecticut,50-64 Years,758140,2025-08-23,0.584051135866793
Connecticut,50-64 Years,758140,2025-08-30,0.584051135866793
Connecticut,50-64 Years,758140,2025-09-06,0.584051135866793
Connecticut,50-64 Years,758140,2025-09-13,0.985868691065936
Connecticut,50-64 Years,758140,2025-09-20,1.54104632999276
Connecticut,50-64 Years,758140,2025-09-27,2.47487796517322
Connecticut,50-64 Years,758140,2025-10-04,4.78053793634673
Connecticut,50-64 Years,758140,2025-10-11,6.37140108574839
Connecticut,50-64 Years,758140,2025-10-18,8.40544030318261
Connecticut,50-64 Years,758140,2025-10-25,10.8418011912302
Connecticut,50-64 Years,758140,2025-11-01,13.7121233571287
Connecticut,50-64 Years,758140,2025-11-08,19.1732717444502
Connecticut,50-64 Years,758140,2025-11-15,21.4226262080117
Connecticut,50-64 Years,758140,2025-11-22,23.2802026401433
Connecticut,50-64 Years,758140,2025-11-29,24.7642508306842
Connecticut,50-64 Years,758140,2025-12-06,27.2400908959592
Connecticut,50-64 Years,758140,2025-12-13,28.050811201116
Connecticut,50-64 Years,758140,2025-12-20,28.5586180706232
Connecticut,50-64 Years,758140,2025-12-27,28.8568381170801
Connecticut,50-64 Years,758140,2026-01-03,29.161742609074
Connecticut,50-64 Years,758140,2026-01-10,29.5969716770594
Connecticut,50-64 Years,758140,2026-01-17,29.7769028516037
Connecticut,50-64 Years,758140,2026-01-24,29.9513447783073
Connecticut,50-64 Years,758140,2026-01-31,30.094740520403
Connecticut,50-64 Years,758140,2026-02-07,30.4124085777468
Connecticut,50-64 Years,758140,2026-02-14,30.5621776488859
Connecticut,50-64 Years,758140,2026-02-21,30.7058015900587
Connecticut,50-64 Years,758140,2026-02-28,30.8395805789389
Connecticut,50-64 Years,758140,2026-03-07,31.0810890423486
Connecticut,50-64 Years,758140,2026-03-14,31.1755180660404
Connecticut,50-64 Years,758140,2026-03-21,31.2481595454957
Connecticut,50-64 Years,758140,2026-03-28,31.3032359301411
Connecticut,50-64 Years,758140,2026-04-04,31.3608819715452
Connecticut,50-64 Years,758140,2026-04-11,31.4464216719656
Connecticut,50-64 Years,758140,2026-04-18,31.4769363446496
Connecticut,50-64 Years,758140,2026-04-25,31.5026211226867
Connecticut,50-64 Years,758140,2026-05-02,31.5229260597452
Connecticut,50-64 Years,758140,2026-05-09,31.5741288303798
Connecticut,50-64 Years,758140,2026-05-16,31.6075929937348
Connecticut,50-64 Years,758140,2026-05-23,31.6509838708595
Connecticut,50-64 Years,758140,2026-05-30,31.7050318549325
Connecticut,50-64 Years,758140,2026-06-06,31.8273063584409
Connecticut,50-64 Years,758140,2026-06-13,31.898155270014
Connecticut,65+ Years,645996,2025-08-16,1.10027075447537
Connecticut,65+ Years,645996,2025-08-23,1.10027075447537
Connecticut,65+ Years,645996,2025-08-30,1.10027075447537
Connecticut,65+ Years,645996,2025-09-06,1.10027075447537
Connecticut,65+ Years,645996,2025-09-13,1.79516299145558
Connecticut,65+ Years,645996,2025-09-20,2.70741326405315
Connecticut,65+ Years,645996,2025-09-27,4.52343112577111
Connecticut,65+ Years,645996,2025-10-04,9.17253063809511
Connecticut,65+ Years,645996,2025-10-11,12.5002232750627
Connecticut,65+ Years,645996,2025-10-18,16.8479024828986
Connecticut,65+ Years,645996,2025-10-25,22.1425729182546
Connecticut,65+ Years,645996,2025-11-01,28.448558234389
Connecticut,65+ Years,645996,2025-11-08,40.6015596508388
Connecticut,65+ Years,645996,2025-11-15,45.7280950592388
Connecticut,65+ Years,645996,2025-11-22,50.0442544047212
Connecticut,65+ Years,645996,2025-11-29,53.5323171246769
Connecticut,65+ Years,645996,2025-12-06,59.284576499568
Connecticut,65+ Years,645996,2025-12-13,61.064262884398
Connecticut,65+ Years,645996,2025-12-20,62.0603051465422
Connecticut,65+ Years,645996,2025-12-27,62.5364862444737
Connecticut,65+ Years,645996,2026-01-03,63.0459055972765
Connecticut,65+ Years,645996,2026-01-10,63.7871410016331
Connecticut,65+ Years,645996,2026-01-17,64.1903512796044
Connecticut,65+ Years,645996,2026-01-24,64.6701778869359
Connecticut,65+ Years,645996,2026-01-31,65.1600509076149
Connecticut,65+ Years,645996,2026-02-07,66.3585222725243
Connecticut,65+ Years,645996,2026-02-14,67.0910251095192
Connecticut,65+ Years,645996,2026-02-21,67.9371558810627
Connecticut,65+ Years,645996,2026-02-28,68.8344598215304
Connecticut,65+ Years,645996,2026-03-07,70.5216798689097
Connecticut,65+ Years,645996,2026-03-14,71.180200016412
Connecticut,65+ Years,645996,2026-03-21,71.6449483978733
Connecticut,65+ Years,645996,2026-03-28,71.9484764366364
Connecticut,65+ Years,645996,2026-04-04,72.2360233198308
Connecticut,65+ Years,645996,2026-04-11,72.6284262276201
Connecticut,65+ Years,645996,2026-04-18,72.7400544826594
Connecticut,65+ Years,645996,2026-04-25,72.8155283316941
Connecticut,65+ Years,645996,2026-05-02,72.862208677784
Connecticut,65+ Years,645996,2026-05-09,72.9664461540313
Connecticut,65+ Years,645996,2026-05-16,73.0169411812029
Connecticut,65+ Years,645996,2026-05-23,73.0695062896795
Connecticut,65+ Years,645996,2026-05-30,73.1237572551178
Connecticut,65+ Years,645996,2026-06-06,73.2318665822761
Connecticut,65+ Years,645996,2026-06-13,73.2854392390336
Delaware,6 Months - 4 Years,49212,2025-08-16,4.05902686903726
Delaware,6 Months - 4 Years,49212,2025-08-23,4.05902686903726
Delaware,6 Months - 4 Years,49212,2025-08-30,4.05902686903726
Delaware,6 Months - 4 Years,49212,2025-09-06,4.05902686903726
Delaware,6 Months - 4 Years,49212,2025-09-13,5.61332120237195
Delaware,6 Months - 4 Years,49212,2025-09-20,6.77890830349823
Delaware,6 Months - 4 Years,49212,2025-09-27,8.26406725156437
Delaware,6 Months - 4 Years,49212,2025-10-04,11.6365934503141
Delaware,6 Months - 4 Years,49212,2025-10-11,13.7780703179397
Delaware,6 Months - 4 Years,49212,2025-10-18,16.3921533580717
Delaware,6 Months - 4 Years,49212,2025-10-25,19.3806318640528
Delaware,6 Months - 4 Years,49212,2025-11-01,22.7207045716394
Delaware,6 Months - 4 Years,49212,2025-11-08,28.5846333091869
Delaware,6 Months - 4 Years,49212,2025-11-15,30.5304552598352
Delaware,6 Months - 4 Years,49212,2025-11-22,31.782329945012
Delaware,6 Months - 4 Years,49212,2025-11-29,32.5813839690453
Delaware,6 Months - 4 Years,49212,2025-12-06,34.0586603738066
Delaware,6 Months - 4 Years,49212,2025-12-13,34.8554199843466
Delaware,6 Months - 4 Years,49212,2025-12-20,35.7874358029362
Delaware,6 Months - 4 Years,49212,2025-12-27,36.8197185952627
Delaware,6 Months - 4 Years,49212,2026-01-03,37.9912124186363
Delaware,6 Months - 4 Years,49212,2026-01-10,39.9124752975555
Delaware,6 Months - 4 Years,49212,2026-01-17,40.5794527616612
Delaware,6 Months - 4 Years,49212,2026-01-24,41.0684964928947
Delaware,6 Months - 4 Years,49212,2026-01-31,41.3767008567903
Delaware,6 Months - 4 Years,49212,2026-02-07,42.0003266144577
Delaware,6 Months - 4 Years,49212,2026-02-14,42.2230198646581
Delaware,6 Months - 4 Years,49212,2026-02-21,42.3889880888504
Delaware,6 Months - 4 Years,49212,2026-02-28,42.5198421953757
Delaware,6 Months - 4 Years,49212,2026-03-07,42.7756597332124
Delaware,6 Months - 4 Years,49212,2026-03-14,42.9374568634996
Delaware,6 Months - 4 Years,49212,2026-03-21,43.1477925356308
Delaware,6 Months - 4 Years,49212,2026-03-28,43.3903098311763
Delaware,6 Months - 4 Years,49212,2026-04-04,43.6373708695599
Delaware,6 Months - 4 Years,49212,2026-04-11,44.0241075569811
Delaware,6 Months - 4 Years,49212,2026-04-18,44.1099045456976
Delaware,6 Months - 4 Years,49212,2026-04-25,44.135
Delaware,6 Months - 4 Years,49212,2026-05-02,44.135
Delaware,6 Months - 4 Years,49212,2026-05-09,44.135
Delaware,6 Months - 4 Years,49212,2026-05-16,44.135
Delaware,6 Months - 4 Years,49212,2026-05-23,44.135
Delaware,6 Months - 4 Years,49212,2026-05-30,44.135
Delaware,6 Months - 4 Years,49212,2026-06-06,44.135
Delaware,6 Months - 4 Years,49212,2026-06-13,44.135
Delaware,5-12 Years,91492,2025-08-16,2.429918752623
Delaware,5-12 Years,91492,2025-08-23,2.429918752623
Delaware,5-12 Years,91492,2025-08-30,2.429918752623
Delaware,5-12 Years,91492,2025-09-06,2.429918752623
Delaware,5-12 Years,91492,2025-09-13,3.88372825130932
Delaware,5-12 Years,91492,2025-09-20,5.69131419416132
Delaware,5-12 Years,91492,2025-09-27,7.52038366154809
Delaware,5-12 Years,91492,2025-10-04,11.2111471612404
Delaware,5-12 Years,91492,2025-10-11,13.1058919437293
Delaware,5-12 Years,91492,2025-10-18,15.0554353017319
Delaware,5-12 Years,91492,2025-10-25,17.0382995265195
Delaware,5-12 Years,91492,2025-11-01,19.2356684979979
Delaware,5-12 Years,91492,2025-11-08,23.2462768470012
Delaware,5-12 Years,91492,2025-11-15,24.9517355138469
Delaware,5-12 Years,91492,2025-11-22,26.4923921675087
Delaware,5-12 Years,91492,2025-11-29,27.8716400892859
Delaware,5-12 Years,91492,2025-12-06,30.3975512637061
Delaware,5-12 Years,91492,2025-12-13,31.4617161481605
Delaware,5-12 Years,91492,2025-12-20,32.3745309703757
Delaware,5-12 Years,91492,2025-12-27,33.1545908762206
Delaware,5-12 Years,91492,2026-01-03,33.9933554216838
Delaware,5-12 Years,91492,2026-01-10,35.2785841988381
Delaware,5-12 Years,91492,2026-01-17,35.7411225093786
Delaware,5-12 Years,91492,2026-01-24,36.1208765123362
Delaware,5-12 Years,91492,2026-01-31,36.399765263836
Delaware,5-12 Years,91492,2026-02-07,37.0373379464095
Delaware,5-12 Years,91492,2026-02-14,37.3645816301252
Delaware,5-12 Years,91492,2026-02-21,37.7127197907694
Delaware,5-12 Years,91492,2026-02-28,38.0763711728399
Delaware,5-12 Years,91492,2026-03-07,38.8030687679151
Delaware,5-12 Years,91492,2026-03-14,39.1650730293296
Delaware,5-12 Years,91492,2026-03-21,39.5219807141182
Delaware,5-12 Years,91492,2026-03-28,39.8619867586931
Delaware,5-12 Years,91492,2026-04-04,40.2200322376432
Delaware,5-12 Years,91492,2026-04-11,40.7729997089445
Delaware,5-12 Years,91492,2026-04-18,40.9457724545477
Delaware,5-12 Years,91492,2026-04-25,41.061783093521
Delaware,5-12 Years,91492,2026-05-02,41.125322116095
Delaware,5-12 Years,91492,2026-05-09,41.239121722662
Delaware,5-12 Years,91492,2026-05-16,41.2653515532102
Delaware,5-12 Years,91492,2026-05-23,41.2742904766931
Delaware,5-12 Years,91492,2026-05-30,41.274763492231
Delaware,5-12 Years,91492,2026-06-06,41.275
Delaware,5-12 Years,91492,2026-06-13,41.275
Delaware,13-17 Years,58703,2025-08-16,2.35199181417632
Delaware,13-17 Years,58703,2025-08-23,2.35199181417632
Delaware,13-17 Years,58703,2025-08-30,2.35199181417632
Delaware,13-17 Years,58703,2025-09-06,2.35199181417632
Delaware,13-17 Years,58703,2025-09-13,3.53816738366732
Delaware,13-17 Years,58703,2025-09-20,4.82200263107699
Delaware,13-17 Years,58703,2025-09-27,6.20976312329133
Delaware,13-17 Years,58703,2025-10-04,9.13002784063316
Delaware,13-17 Years,58703,2025-10-11,10.7512829725597
Delaware,13-17 Years,58703,2025-10-18,12.5332238962814
Delaware,13-17 Years,58703,2025-10-25,14.4393250464132
Delaware,13-17 Years,58703,2025-11-01,16.5743430929007
Delaware,13-17 Years,58703,2025-11-08,20.463610014222
Delaware,13-17 Years,58703,2025-11-15,22.0322669519698
Delaware,13-17 Years,58703,2025-11-22,23.3534812231425
Delaware,13-17 Years,58703,2025-11-29,24.4531121994013
Delaware,13-17 Years,58703,2025-12-06,26.3833429431651
Delaware,13-17 Years,58703,2025-12-13,27.1235288522384
Delaware,13-17 Years,58703,2025-12-20,27.7020520265204
Delaware,13-17 Years,58703,2025-12-27,28.1564210053306
Delaware,13-17 Years,58703,2026-01-03,28.6517768177406
Delaware,13-17 Years,58703,2026-01-10,29.4084444648361
Delaware,13-17 Years,58703,2026-01-17,29.7099411872715
Delaware,13-17 Years,58703,2026-01-24,29.9870438700233
Delaware,13-17 Years,58703,2026-01-31,30.2158981299039
Delaware,13-17 Years,58703,2026-02-07,30.7685264901009
Delaware,13-17 Years,58703,2026-02-14,31.1007732918428
Delaware,13-17 Years,58703,2026-02-21,31.4937246737002
Delaware,13-17 Years,58703,2026-02-28,31.924460633408
Delaware,13-17 Years,58703,2026-03-07,32.76167600544
Delaware,13-17 Years,58703,2026-03-14,33.1112490619344
Delaware,13-17 Years,58703,2026-03-21,33.3798838027152
Delaware,13-17 Years,58703,2026-03-28,33.5831366945484
Delaware,13-17 Years,58703,2026-04-04,33.8388852349776
Delaware,13-17 Years,58703,2026-04-11,34.2675408155454
Delaware,13-17 Years,58703,2026-04-18,34.5313715414904
Delaware,13-17 Years,58703,2026-04-25,34.841253441846
Delaware,13-17 Years,58703,2026-05-02,35.1119778799971
Delaware,13-17 Years,58703,2026-05-09,35.6195482871105
Delaware,13-17 Years,58703,2026-05-16,35.7586044064936
Delaware,13-17 Years,58703,2026-05-23,35.8105617444039
Delaware,13-17 Years,58703,2026-05-30,35.813520581468
Delaware,13-17 Years,58703,2026-06-06,35.815
Delaware,13-17 Years,58703,2026-06-13,35.815
Delaware,6 Months - 17 Years,199408,2025-08-16,2.73284314090418
Delaware,6 Months - 17 Years,199408,2025-08-23,2.73284314090418
Delaware,6 Months - 17 Years,199408,2025-08-30,2.73284314090418
Delaware,6 Months - 17 Years,199408,2025-09-06,2.73284314090418
Delaware,6 Months - 17 Years,199408,2025-09-13,4.1076096852499
Delaware,6 Months - 17 Years,199408,2025-09-20,5.59115309951817
Delaware,6 Months - 17 Years,199408,2025-09-27,7.18226841248179
Delaware,6 Months - 17 Years,199408,2025-10-04,10.5155637983589
Delaware,6 Months - 17 Years,199408,2025-10-11,12.355311439177
Delaware,6 Months - 17 Years,199408,2025-10-18,14.3697228859467
Delaware,6 Months - 17 Years,199408,2025-10-25,16.515607975054
Delaware,6 Months - 17 Years,199408,2025-11-01,18.9080335736844
Delaware,6 Months - 17 Years,199408,2025-11-08,23.227714560385
Delaware,6 Months - 17 Years,199408,2025-11-15,24.9230383459742
Delaware,6 Months - 17 Years,199408,2025-11-22,26.3136590711499
Delaware,6 Months - 17 Years,199408,2025-11-29,27.4593087484945
Delaware,6 Months - 17 Years,199408,2025-12-06,29.5341126170977
Delaware,6 Months - 17 Years,199408,2025-12-13,30.4270279106755
Delaware,6 Months - 17 Years,199408,2025-12-20,31.232109347596
Delaware,6 Months - 17 Years,199408,2025-12-27,31.9576707076875
Delaware,6 Months - 17 Years,199408,2026-01-03,32.7502755528013
Delaware,6 Months - 17 Years,199408,2026-01-10,33.9835480028719
Delaware,6 Months - 17 Years,199408,2026-01-17,34.4316985152277
Delaware,6 Months - 17 Years,199408,2026-01-24,34.7992939677205
Delaware,6 Months - 17 Years,199408,2026-01-31,35.0687347128638
Delaware,6 Months - 17 Years,199408,2026-02-07,35.6829084662132
Delaware,6 Months - 17 Years,199408,2026-02-14,35.9964026969142
Delaware,6 Months - 17 Years,199408,2026-02-21,36.3275756245931
Delaware,6 Months - 17 Years,199408,2026-02-28,36.6694565808548
Delaware,6 Months - 17 Years,199408,2026-03-07,37.3405345561101
Delaware,6 Months - 17 Years,199408,2026-03-14,37.6554602449824
Delaware,6 Months - 17 Years,199408,2026-03-21,37.9472837819532
Delaware,6 Months - 17 Years,199408,2026-03-28,38.2143826646788
Delaware,6 Months - 17 Years,199408,2026-04-04,38.5161644837334
Delaware,6 Months - 17 Years,199408,2026-04-11,38.9990418261391
Delaware,6 Months - 17 Years,199408,2026-04-18,39.1953302400223
Delaware,6 Months - 17 Years,199408,2026-04-25,39.3679984548392
Delaware,6 Months - 17 Years,199408,2026-05-02,39.4873792800982
Delaware,6 Months - 17 Years,199408,2026-05-09,39.7051553561854
Delaware,6 Months - 17 Years,199408,2026-05-16,39.7592032179309
Delaware,6 Months - 17 Years,199408,2026-05-23,39.778419839814
Delaware,6 Months - 17 Years,199408,2026-05-30,39.779473279938
Delaware,6 Months - 17 Years,199408,2026-06-06,39.78
Delaware,6 Months - 17 Years,199408,2026-06-13,39.78
Delaware,18-49 Years,379890,2025-08-16,0.414694214643149
Delaware,18-49 Years,379890,2025-08-23,0.414694214643149
Delaware,18-49 Years,379890,2025-08-30,0.414694214643149
Delaware,18-49 Years,379890,2025-09-06,0.414694214643149
Delaware,18-49 Years,379890,2025-09-13,0.752551258242029
Delaware,18-49 Years,379890,2025-09-20,1.25538435310542
Delaware,18-49 Years,379890,2025-09-27,1.86204691544243
Delaware,18-49 Years,379890,2025-10-04,3.20339290172147
Delaware,18-49 Years,379890,2025-10-11,3.99191895137065
Delaware,18-49 Years,379890,2025-10-18,4.88923995930879
Delaware,18-49 Years,379890,2025-10-25,5.88934037386475
Delaware,18-49 Years,379890,2025-11-01,7.06777549884054
Delaware,18-49 Years,379890,2025-11-08,9.38818111680602
Delaware,18-49 Years,379890,2025-11-15,10.5082437066722
Delaware,18-49 Years,379890,2025-11-22,11.6128469391279
Delaware,18-49 Years,379890,2025-11-29,12.6617139817494
Delaware,18-49 Years,379890,2025-12-06,14.5770138086012
Delaware,18-49 Years,379890,2025-12-13,15.3285349133144
Delaware,18-49 Years,379890,2025-12-20,15.8988364234652
Delaware,18-49 Years,379890,2025-12-27,16.3235023388142
Delaware,18-49 Years,379890,2026-01-03,16.7780656445972
Delaware,18-49 Years,379890,2026-01-10,17.4631767779677
Delaware,18-49 Years,379890,2026-01-17,17.7359507527387
Delaware,18-49 Years,379890,2026-01-24,17.9850706531539
Delaware,18-49 Years,379890,2026-01-31,18.1796319242637
Delaware,18-49 Years,379890,2026-02-07,18.6028139518504
Delaware,18-49 Years,379890,2026-02-14,18.7907644917048
Delaware,18-49 Years,379890,2026-02-21,18.9625632521113
Delaware,18-49 Years,379890,2026-02-28,19.1199001242053
Delaware,18-49 Years,379890,2026-03-07,19.4159656417049
Delaware,18-49 Years,379890,2026-03-14,19.5550765051621
Delaware,18-49 Years,379890,2026-03-21,19.6899982864719
Delaware,18-49 Years,379890,2026-03-28,19.8154838325139
Delaware,18-49 Years,379890,2026-04-04,19.9346318513038
Delaware,18-49 Years,379890,2026-04-11,20.1056123659118
Delaware,18-49 Years,379890,2026-04-18,20.1402362530809
Delaware,18-49 Years,379890,2026-04-25,20.15
Delaware,18-49 Years,379890,2026-05-02,20.15
Delaware,18-49 Years,379890,2026-05-09,20.15
Delaware,18-49 Years,379890,2026-05-16,20.15
Delaware,18-49 Years,379890,2026-05-23,20.15
Delaware,18-49 Years,379890,2026-05-30,20.15
Delaware,18-49 Years,379890,2026-06-06,20.15
Delaware,18-49 Years,379890,2026-06-13,20.15
Delaware,50-64 Years,201249,2025-08-16,0.621594934243295
Delaware,50-64 Years,201249,2025-08-23,0.621594934243295
Delaware,50-64 Years,201249,2025-08-30,0.621594934243295
Delaware,50-64 Years,201249,2025-09-06,0.621594934243295
Delaware,50-64 Years,201249,2025-09-13,0.986655985574738
Delaware,50-64 Years,201249,2025-09-20,1.44196265097041
Delaware,50-64 Years,201249,2025-09-27,2.26367750046097
Delaware,50-64 Years,201249,2025-10-04,4.32624110071138
Delaware,50-64 Years,201249,2025-10-11,5.79490473570701
Delaware,50-64 Years,201249,2025-10-18,7.71687144219323
Delaware,50-64 Years,201249,2025-10-25,10.0368677327398
Delaware,50-64 Years,201249,2025-11-01,12.73174392218
Delaware,50-64 Years,201249,2025-11-08,17.7019324186822
Delaware,50-64 Years,201249,2025-11-15,19.5411064881455
Delaware,50-64 Years,201249,2025-11-22,20.8778091977413
Delaware,50-64 Years,201249,2025-11-29,21.82942172045
Delaware,50-64 Years,201249,2025-12-06,23.4429624400731
Delaware,50-64 Years,201249,2025-12-13,24.0367064640389
Delaware,50-64 Years,201249,2025-12-20,24.4946793848595
Delaware,50-64 Years,201249,2025-12-27,24.8595603251321
Delaware,50-64 Years,201249,2026-01-03,25.310607912054
Delaware,50-64 Years,201249,2026-01-10,26.055714171115
Delaware,50-64 Years,201249,2026-01-17,26.4807410380797
Delaware,50-64 Years,201249,2026-01-24,26.9741118393231
Delaware,50-64 Years,201249,2026-01-31,27.4358604840056
Delaware,50-64 Years,201249,2026-02-07,28.4133621346735
Delaware,50-64 Years,201249,2026-02-14,28.8040041479363
Delaware,50-64 Years,201249,2026-02-21,29.100201358764
Delaware,50-64 Years,201249,2026-02-28,29.3270211748011
Delaware,50-64 Years,201249,2026-03-07,29.7550272773331
Delaware,50-64 Years,201249,2026-03-14,29.9894979099035
Delaware,50-64 Years,201249,2026-03-21,30.2610824403266
Delaware,50-64 Years,201249,2026-03-28,30.5512901031562
Delaware,50-64 Years,201249,2026-04-04,30.838911618373
Delaware,50-64 Years,201249,2026-04-11,31.2746437316364
Delaware,50-64 Years,201249,2026-04-18,31.3680409336568
Delaware,50-64 Years,201249,2026-04-25,31.395
Delaware,50-64 Years,201249,2026-05-02,31.395
Delaware,50-64 Years,201249,2026-05-09,31.4050314018262
Delaware,50-64 Years,201249,2026-05-16,31.4405234103599
Delaware,50-64 Years,201249,2026-05-23,31.5219074360119
Delaware,50-64 Years,201249,2026-05-30,31.6600877490231
Delaware,50-64 Years,201249,2026-06-06,32.0186928002791
Delaware,50-64 Years,201249,2026-06-13,32.2429531319559
Delaware,65+ Years,197594,2025-08-16,1.14526575663176
Delaware,65+ Years,197594,2025-08-23,1.14526575663176
Delaware,65+ Years,197594,2025-08-30,1.14526575663176
Delaware,65+ Years,197594,2025-09-06,1.14526575663176
Delaware,65+ Years,197594,2025-09-13,2.45353095432865
Delaware,65+ Years,197594,2025-09-20,4.55141236881568
Delaware,65+ Years,197594,2025-09-27,7.42013827878821
Delaware,65+ Years,197594,2025-10-04,13.8430992410598
Delaware,65+ Years,197594,2025-10-11,17.7866177160217
Delaware,65+ Years,197594,2025-10-18,22.4663958281094
Delaware,65+ Years,197594,2025-10-25,27.7546978517463
Delaware,65+ Years,197594,2025-11-01,33.761802548032
Delaware,65+ Years,197594,2025-11-08,44.7327888390214
Delaware,65+ Years,197594,2025-11-15,48.9675725867117
Delaware,65+ Years,197594,2025-11-22,52.297224684596
Delaware,65+ Years,197594,2025-11-29,54.8526614251641
Delaware,65+ Years,197594,2025-12-06,59.1102400383564
Delaware,65+ Years,197594,2025-12-13,60.5386393474993
Delaware,65+ Years,197594,2025-12-20,61.4886118100147
Delaware,65+ Years,197594,2025-12-27,62.1093049381718
Delaware,65+ Years,197594,2026-01-03,62.79535717837
Delaware,65+ Years,197594,2026-01-10,63.8374997295973
Delaware,65+ Years,197594,2026-01-17,64.3422658534443
Delaware,65+ Years,197594,2026-01-24,64.8830412566107
Delaware,65+ Years,197594,2026-01-31,65.3647407355238
Delaware,65+ Years,197594,2026-02-07,66.4264580500567
Delaware,65+ Years,197594,2026-02-14,66.914966752631
Delaware,65+ Years,197594,2026-02-21,67.3611928680495
Delaware,65+ Years,197594,2026-02-28,67.7577845020117
Delaware,65+ Years,197594,2026-03-07,68.4598645726853
Delaware,65+ Years,197594,2026-03-14,68.7213922743845
Delaware,65+ Years,197594,2026-03-21,68.9113749581793
Delaware,65+ Years,197594,2026-03-28,69.04954307572
Delaware,65+ Years,197594,2026-04-04,69.2234226456407
Delaware,65+ Years,197594,2026-04-11,69.5132135337019
Delaware,65+ Years,197594,2026-04-18,69.6972796155322
Delaware,65+ Years,197594,2026-04-25,69.9207145098168
Delaware,65+ Years,197594,2026-05-02,70.1274402439725
Delaware,65+ Years,197594,2026-05-09,70.5391298777052
Delaware,65+ Years,197594,2026-05-16,70.6792587945827
Delaware,65+ Years,197594,2026-05-23,70.7630205310664
Delaware,65+ Years,197594,2026-05-30,70.8079686603393
Delaware,65+ Years,197594,2026-06-06,70.874171485713
Delaware,65+ Years,197594,2026-06-13,70.8862232889332
Florida,6 Months - 4 Years,1025226,2025-08-16,3.43247332989334
Florida,6 Months - 4 Years,1025226,2025-08-23,3.43247332989334
Florida,6 Months - 4 Years,1025226,2025-08-30,3.43247332989334
Florida,6 Months - 4 Years,1025226,2025-09-06,3.43247332989334
Florida,6 Months - 4 Years,1025226,2025-09-13,4.64844817835252
Florida,6 Months - 4 Years,1025226,2025-09-20,5.41940810858062
Florida,6 Months - 4 Years,1025226,2025-09-27,6.32121142024813
Florida,6 Months - 4 Years,1025226,2025-10-04,8.29606979140681
Florida,6 Months - 4 Years,1025226,2025-10-11,9.45278145937938
Florida,6 Months - 4 Years,1025226,2025-10-18,10.7714812390557
Florida,6 Months - 4 Years,1025226,2025-10-25,12.2322346548859
Florida,6 Months - 4 Years,1025226,2025-11-01,13.918893272223
Florida,6 Months - 4 Years,1025226,2025-11-08,17.123017696235
Florida,6 Months - 4 Years,1025226,2025-11-15,18.5324921231591
Florida,6 Months - 4 Years,1025226,2025-11-22,19.8110244229872
Florida,6 Months - 4 Years,1025226,2025-11-29,20.9419455837832
Florida,6 Months - 4 Years,1025226,2025-12-06,22.9497188924896
Florida,6 Months - 4 Years,1025226,2025-12-13,23.7090118675879
Florida,6 Months - 4 Years,1025226,2025-12-20,24.2748130368913
Florida,6 Months - 4 Years,1025226,2025-12-27,24.693151208352
Florida,6 Months - 4 Years,1025226,2026-01-03,25.1535801287513
Florida,6 Months - 4 Years,1025226,2026-01-10,25.8579976544055
Florida,6 Months - 4 Years,1025226,2026-01-17,26.1608613835994
Florida,6 Months - 4 Years,1025226,2026-01-24,26.4573291985752
Florida,6 Months - 4 Years,1025226,2026-01-31,26.7107258725188
Florida,6 Months - 4 Years,1025226,2026-02-07,27.3014207825171
Florida,6 Months - 4 Years,1025226,2026-02-14,27.6221791643043
Florida,6 Months - 4 Years,1025226,2026-02-21,27.9684437437111
Florida,6 Months - 4 Years,1025226,2026-02-28,28.3210027430815
Florida,6 Months - 4 Years,1025226,2026-03-07,28.9763824667808
Florida,6 Months - 4 Years,1025226,2026-03-14,29.2291385593947
Florida,6 Months - 4 Years,1025226,2026-03-21,29.4084830275302
Florida,6 Months - 4 Years,1025226,2026-03-28,29.533423382893
Florida,6 Months - 4 Years,1025226,2026-04-04,29.7105397553776
Florida,6 Months - 4 Years,1025226,2026-04-11,30.0268381464951
Florida,6 Months - 4 Years,1025226,2026-04-18,30.2900545739075
Florida,6 Months - 4 Years,1025226,2026-04-25,30.6536448763544
Florida,6 Months - 4 Years,1025226,2026-05-02,31.0295655876185
Florida,6 Months - 4 Years,1025226,2026-05-09,31.7965601766931
Florida,6 Months - 4 Years,1025226,2026-05-16,32.0759973304133
Florida,6 Months - 4 Years,1025226,2026-05-23,32.2524940097042
Florida,6 Months - 4 Years,1025226,2026-05-30,32.3536357111625
Florida,6 Months - 4 Years,1025226,2026-06-06,32.5046371556171
Florida,6 Months - 4 Years,1025226,2026-06-13,32.5322674151781
Florida,5-12 Years,1896382,2025-08-16,2.85671545423797
Florida,5-12 Years,1896382,2025-08-23,2.85671545423797
Florida,5-12 Years,1896382,2025-08-30,2.85671545423797
Florida,5-12 Years,1896382,2025-09-06,2.85671545423797
Florida,5-12 Years,1896382,2025-09-13,4.09700847214921
Florida,5-12 Years,1896382,2025-09-20,5.22372963080469
Florida,5-12 Years,1896382,2025-09-27,6.40204152911754
Florida,5-12 Years,1896382,2025-10-04,8.83309727505921
Florida,5-12 Years,1896382,2025-10-11,10.1370457937157
Florida,5-12 Years,1896382,2025-10-18,11.5310564490685
Florida,5-12 Years,1896382,2025-10-25,12.9903466944984
Florida,5-12 Years,1896382,2025-11-01,14.6132078571467
Florida,5-12 Years,1896382,2025-11-08,17.5587520560501
Florida,5-12 Years,1896382,2025-11-15,18.7606110867223
Florida,5-12 Years,1896382,2025-11-22,19.7927208943421
Florida,5-12 Years,1896382,2025-11-29,20.6674596716027
Florida,5-12 Years,1896382,2025-12-06,22.208016516804
Florida,5-12 Years,1896382,2025-12-13,22.7945724025685
Florida,5-12 Years,1896382,2025-12-20,23.2449108287056
Florida,5-12 Years,1896382,2025-12-27,23.5945733767208
Florida,5-12 Years,1896382,2026-01-03,24.0011557697155
Florida,5-12 Years,1896382,2026-01-10,24.6465928874242
Florida,5-12 Years,1896382,2026-01-17,24.9569505991864
Florida,5-12 Years,1896382,2026-01-24,25.2865333202848
Florida,5-12 Years,1896382,2026-01-31,25.5924571227833
Florida,5-12 Years,1896382,2026-02-07,26.3238602119553
Florida,5-12 Years,1896382,2026-02-14,26.7463896510152
Florida,5-12 Years,1896382,2026-02-21,27.2194693773515
Florida,5-12 Years,1896382,2026-02-28,27.7126726723233
Florida,5-12 Years,1896382,2026-03-07,28.6369715613942
Florida,5-12 Years,1896382,2026-03-14,28.9926941734945
Florida,5-12 Years,1896382,2026-03-21,29.2393861220946
Florida,5-12 Years,1896382,2026-03-28,29.4043119627532
Florida,5-12 Years,1896382,2026-04-04,29.6406841826722
Florida,5-12 Years,1896382,2026-04-11,30.0660200245515
Florida,5-12 Years,1896382,2026-04-18,30.4366052953487
Florida,5-12 Years,1896382,2026-04-25,30.9486035238989
Florida,5-12 Years,1896382,2026-05-02,31.4574312862817
Florida,5-12 Years,1896382,2026-05-09,32.4274879221705
Florida,5-12 Years,1896382,2026-05-16,32.7081778971581
Florida,5-12 Years,1896382,2026-05-23,32.8156559907558
Florida,5-12 Years,1896382,2026-05-30,32.8218853302519
Florida,5-12 Years,1896382,2026-06-06,32.825
Florida,5-12 Years,1896382,2026-06-13,32.825
Florida,13-17 Years,1219335,2025-08-16,3.45798047745554
Florida,13-17 Years,1219335,2025-08-23,3.45798047745554
Florida,13-17 Years,1219335,2025-08-30,3.45798047745554
Florida,13-17 Years,1219335,2025-09-06,3.45798047745554
Florida,13-17 Years,1219335,2025-09-13,4.48842453400752
Florida,13-17 Years,1219335,2025-09-20,4.84825457067996
Florida,13-17 Years,1219335,2025-09-27,5.40574270912259
Florida,13-17 Years,1219335,2025-10-04,6.75357327715004
Florida,13-17 Years,1219335,2025-10-11,7.66531305239883
Florida,13-17 Years,1219335,2025-10-18,8.81830360396501
Florida,13-17 Years,1219335,2025-10-25,10.1848054545276
Florida,13-17 Years,1219335,2025-11-01,11.7770623360859
Florida,13-17 Years,1219335,2025-11-08,14.7516722161113
Florida,13-17 Years,1219335,2025-11-15,15.9138342616617
Florida,13-17 Years,1219335,2025-11-22,16.8231511864064
Florida,13-17 Years,1219335,2025-11-29,17.5299118993315
Florida,13-17 Years,1219335,2025-12-06,18.7760699556558
Florida,13-17 Years,1219335,2025-12-13,19.2793359189715
Florida,13-17 Years,1219335,2025-12-20,19.7058227021192
Florida,13-17 Years,1219335,2025-12-27,20.0708387366217
Florida,13-17 Years,1219335,2026-01-03,20.4741186400347
Florida,13-17 Years,1219335,2026-01-10,21.101503571152
Florida,13-17 Years,1219335,2026-01-17,21.3489349454031
Florida,13-17 Years,1219335,2026-01-24,21.5699060490962
Florida,13-17 Years,1219335,2026-01-31,21.7422100784473
Florida,13-17 Years,1219335,2026-02-07,22.1296341447242
Florida,13-17 Years,1219335,2026-02-14,22.3219613431909
Florida,13-17 Years,1219335,2026-02-21,22.5166322425075
Florida,13-17 Years,1219335,2026-02-28,22.7042602670785
Florida,13-17 Years,1219335,2026-03-07,23.0399604025991
Florida,13-17 Years,1219335,2026-03-14,23.1615712053232
Florida,13-17 Years,1219335,2026-03-21,23.2430717069044
Florida,13-17 Years,1219335,2026-03-28,23.2955833128701
Florida,13-17 Years,1219335,2026-04-04,23.3650002163699
Florida,13-17 Years,1219335,2026-04-11,23.4839358760249
Florida,13-17 Years,1219335,2026-04-18,23.5753072485054
Florida,13-17 Years,1219335,2026-04-25,23.6954779304553
Florida,13-17 Years,1219335,2026-05-02,23.8101705092711
Florida,13-17 Years,1219335,2026-05-09,24.0276347104506
Florida,13-17 Years,1219335,2026-05-16,24.0894703479122
Florida,13-17 Years,1219335,2026-05-23,24.1129681211607
Florida,13-17 Years,1219335,2026-05-30,24.1143227070536
Florida,13-17 Years,1219335,2026-06-06,24.115
Florida,13-17 Years,1219335,2026-06-13,24.115
Florida,6 Months - 17 Years,4140943,2025-08-16,3.2036014921127
Florida,6 Months - 17 Years,4140943,2025-08-23,3.2036014921127
Florida,6 Months - 17 Years,4140943,2025-08-30,3.2036014921127
Florida,6 Months - 17 Years,4140943,2025-09-06,3.2036014921127
Florida,6 Months - 17 Years,4140943,2025-09-13,4.37362591621411
Florida,6 Months - 17 Years,4140943,2025-09-20,5.16818144241326
Florida,6 Months - 17 Years,4140943,2025-09-27,6.07840795472459
Florida,6 Months - 17 Years,4140943,2025-10-04,8.05254692501553
Florida,6 Months - 17 Years,4140943,2025-10-11,9.20001310420409
Florida,6 Months - 17 Years,4140943,2025-10-18,10.5046888425844
Florida,6 Months - 17 Years,4140943,2025-10-25,11.9399101511469
Florida,6 Months - 17 Years,4140943,2025-11-01,13.5727605210115
Florida,6 Months - 17 Years,4140943,2025-11-08,16.5962082649948
Florida,6 Months - 17 Years,4140943,2025-11-15,17.8383397830317
Florida,6 Months - 17 Years,4140943,2025-11-22,18.8940960588385
Florida,6 Months - 17 Years,4140943,2025-11-29,19.7806062489062
Florida,6 Months - 17 Years,4140943,2025-12-06,21.34786905908
Florida,6 Months - 17 Years,4140943,2025-12-13,21.955638445066
Florida,6 Months - 17 Years,4140943,2025-12-20,22.4344587194185
Florida,6 Months - 17 Years,4140943,2025-12-27,22.8148177106655
Florida,6 Months - 17 Years,4140943,2026-01-03,23.2425549059867
Florida,6 Months - 17 Years,4140943,2026-01-10,23.9097338945629
Florida,6 Months - 17 Years,4140943,2026-01-17,24.1991488654669
Florida,6 Months - 17 Years,4140943,2026-01-24,24.4823596815238
Florida,6 Months - 17 Years,4140943,2026-01-31,24.7254776279947
Florida,6 Months - 17 Years,4140943,2026-02-07,25.2956384182083
Florida,6 Months - 17 Years,4140943,2026-02-14,25.6108101868317
Florida,6 Months - 17 Years,4140943,2026-02-21,25.9554526647491
Florida,6 Months - 17 Years,4140943,2026-02-28,26.3085265465742
Florida,6 Months - 17 Years,4140943,2026-03-07,26.9629036230856
Florida,6 Months - 17 Years,4140943,2026-03-14,27.2114875398325
Florida,6 Months - 17 Years,4140943,2026-03-21,27.3830442177583
Florida,6 Months - 17 Years,4140943,2026-03-28,27.4974695078659
Florida,6 Months - 17 Years,4140943,2026-04-04,27.6601557056272
Florida,6 Months - 17 Years,4140943,2026-04-11,27.9514117098937
Florida,6 Months - 17 Years,4140943,2026-04-18,28.2021319086141
Florida,6 Months - 17 Years,4140943,2026-04-25,28.5481186793442
Florida,6 Months - 17 Years,4140943,2026-05-02,28.8940018905264
Florida,6 Months - 17 Years,4140943,2026-05-09,29.5614722072037
Florida,6 Months - 17 Years,4140943,2026-05-16,29.7634400384486
Florida,6 Months - 17 Years,4140943,2026-05-23,29.8511811048488
Florida,6 Months - 17 Years,4140943,2026-05-30,29.869489556682
Florida,6 Months - 17 Years,4140943,2026-06-06,29.8923912434969
Florida,6 Months - 17 Years,4140943,2026-06-13,29.8962039929497
Florida,18-49 Years,8466960,2025-08-16,0.441254921989507
Florida,18-49 Years,8466960,2025-08-23,0.441254921989507
Florida,18-49 Years,8466960,2025-08-30,0.441254921989507
Florida,18-49 Years,8466960,2025-09-06,0.441254921989507
Florida,18-49 Years,8466960,2025-09-13,0.721628933385937
Florida,18-49 Years,8466960,2025-09-20,1.08760007325471
Florida,18-49 Years,8466960,2025-09-27,1.50447260141357
Florida,18-49 Years,8466960,2025-10-04,2.40575335180332
Florida,18-49 Years,8466960,2025-10-11,2.91582624392676
Florida,18-49 Years,8466960,2025-10-18,3.47848233426485
Florida,18-49 Years,8466960,2025-10-25,4.09268752982621
Florida,18-49 Years,8466960,2025-11-01,4.81706542104587
Florida,18-49 Years,8466960,2025-11-08,6.25330736617028
Florida,18-49 Years,8466960,2025-11-15,6.96489031711724
Florida,18-49 Years,8466960,2025-11-22,7.69168797720075
Florida,18-49 Years,8466960,2025-11-29,8.42425325478431
Florida,18-49 Years,8466960,2025-12-06,9.87848186663618
Florida,18-49 Years,8466960,2025-12-13,10.5949957299506
Florida,18-49 Years,8466960,2025-12-20,11.2953413936527
Florida,18-49 Years,8466960,2025-12-27,11.9593143797111
Florida,18-49 Years,8466960,2026-01-03,12.6632525019034
Florida,18-49 Years,8466960,2026-01-10,13.7526592794151
Florida,18-49 Years,8466960,2026-01-17,14.0960478481971
Florida,18-49 Years,8466960,2026-01-24,14.3309456977676
Florida,18-49 Years,8466960,2026-01-31,14.4719445408011
Florida,18-49 Years,8466960,2026-02-07,14.7677629333924
Florida,18-49 Years,8466960,2026-02-14,14.8892223208065
Florida,18-49 Years,8466960,2026-02-21,14.9969555661155
Florida,18-49 Years,8466960,2026-02-28,15.0921573532411
Florida,18-49 Years,8466960,2026-03-07,15.2598846450322
Florida,18-49 Years,8466960,2026-03-14,15.323587717043
Florida,18-49 Years,8466960,2026-03-21,15.3724601832777
Florida,18-49 Years,8466960,2026-03-28,15.4106206768697
Florida,18-49 Years,8466960,2026-04-04,15.4577501243054
Florida,18-49 Years,8466960,2026-04-11,15.5358057208559
Florida,18-49 Years,8466960,2026-04-18,15.5815851890553
Florida,18-49 Years,8466960,2026-04-25,15.6340926417077
Florida,18-49 Years,8466960,2026-05-02,15.6790237189168
Florida,18-49 Years,8466960,2026-05-09,15.7630192701485
Florida,18-49 Years,8466960,2026-05-16,15.7858045166405
Florida,18-49 Years,8466960,2026-05-23,15.7942786082374
Florida,18-49 Years,8466960,2026-05-30,15.7947595360791
Florida,18-49 Years,8466960,2026-06-06,15.795
Florida,18-49 Years,8466960,2026-06-13,15.795
Florida,50-64 Years,4310612,2025-08-16,0.505834195109054
Florida,50-64 Years,4310612,2025-08-23,0.505834195109054
Florida,50-64 Years,4310612,2025-08-30,0.505834195109054
Florida,50-64 Years,4310612,2025-09-06,0.505834195109054
Florida,50-64 Years,4310612,2025-09-13,0.826599838010053
Florida,50-64 Years,4310612,2025-09-20,1.2474084690182
Florida,50-64 Years,4310612,2025-09-27,1.8486521560639
Florida,50-64 Years,4310612,2025-10-04,3.26784065680051
Florida,50-64 Years,4310612,2025-10-11,4.18351331905645
Florida,50-64 Years,4310612,2025-10-18,5.29919003432304
Florida,50-64 Years,4310612,2025-10-25,6.60256245377383
Florida,50-64 Years,4310612,2025-11-01,8.15253047410513
Florida,50-64 Years,4310612,2025-11-08,11.1836347295105
Florida,50-64 Years,4310612,2025-11-15,12.5587098112043
Florida,50-64 Years,4310612,2025-11-22,13.8229108463448
Florida,50-64 Years,4310612,2025-11-29,14.9520162691636
Florida,50-64 Years,4310612,2025-12-06,16.9629085859617
Florida,50-64 Years,4310612,2025-12-13,17.7205378364693
Florida,50-64 Years,4310612,2025-12-20,18.2772704706184
Florida,50-64 Years,4310612,2025-12-27,18.6816237830635
Florida,50-64 Years,4310612,2026-01-03,19.133099354299
Florida,50-64 Years,4310612,2026-01-10,19.8300778650448
Florida,50-64 Years,4310612,2026-01-17,20.1502136475835
Florida,50-64 Years,4310612,2026-01-24,20.4770664843641
Florida,50-64 Years,4310612,2026-01-31,20.7574735938168
Florida,50-64 Years,4310612,2026-02-07,21.3751901124069
Florida,50-64 Years,4310612,2026-02-14,21.6632671019408
Florida,50-64 Years,4310612,2026-02-21,21.9317580519376
Florida,50-64 Years,4310612,2026-02-28,22.1694432943267
Florida,50-64 Years,4310612,2026-03-07,22.5697826782082
Florida,50-64 Years,4310612,2026-03-14,22.6983082101377
Florida,50-64 Years,4310612,2026-03-21,22.7726640981165
Florida,50-64 Years,4310612,2026-03-28,22.8088140565237
Florida,50-64 Years,4310612,2026-04-04,22.8384378489153
Florida,50-64 Years,4310612,2026-04-11,22.8726550563195
Florida,50-64 Years,4310612,2026-04-18,22.878487402377
Florida,50-64 Years,4310612,2026-04-25,22.88
Florida,50-64 Years,4310612,2026-05-02,22.88
Florida,50-64 Years,4310612,2026-05-09,22.88
Florida,50-64 Years,4310612,2026-05-16,22.88
Florida,50-64 Years,4310612,2026-05-23,22.88
Florida,50-64 Years,4310612,2026-05-30,22.88
Florida,50-64 Years,4310612,2026-06-06,22.88
Florida,50-64 Years,4310612,2026-06-13,22.88
Florida,65+ Years,4638094,2025-08-16,2.8781201928234
Florida,65+ Years,4638094,2025-08-23,2.8781201928234
Florida,65+ Years,4638094,2025-08-30,2.8781201928234
Florida,65+ Years,4638094,2025-09-06,2.8781201928234
Florida,65+ Years,4638094,2025-09-13,4.13913502742307
Florida,65+ Years,4638094,2025-09-20,5.31328164326588
Florida,65+ Years,4638094,2025-09-27,7.13667645026954
Florida,65+ Years,4638094,2025-10-04,11.5481370236029
Florida,65+ Years,4638094,2025-10-11,14.5423106290526
Florida,65+ Years,4638094,2025-10-18,18.339951982361
Florida,65+ Years,4638094,2025-10-25,22.8428357064027
Florida,65+ Years,4638094,2025-11-01,28.0720319297449
Florida,65+ Years,4638094,2025-11-08,37.7908860814561
Florida,65+ Years,4638094,2025-11-15,41.5414776795471
Florida,65+ Years,4638094,2025-11-22,44.4328622112305
Florida,65+ Years,4638094,2025-11-29,46.6250013186237
Florida,65+ Years,4638094,2025-12-06,50.3760987261407
Florida,65+ Years,4638094,2025-12-13,51.7688900110188
Florida,65+ Years,4638094,2025-12-20,52.84170342983
Florida,65+ Years,4638094,2025-12-27,53.6750331998523
Florida,65+ Years,4638094,2026-01-03,54.5696621207597
Florida,65+ Years,4638094,2026-01-10,55.9219324224247
Florida,65+ Years,4638094,2026-01-17,56.4513749511948
Florida,65+ Years,4638094,2026-01-24,56.9296287956797
Florida,65+ Years,4638094,2026-01-31,57.3042688743565
Florida,65+ Years,4638094,2026-02-07,58.140821409455
Florida,65+ Years,4638094,2026-02-14,58.5449452218337
Florida,65+ Years,4638094,2026-02-21,58.9452831337804
Florida,65+ Years,4638094,2026-02-28,59.3305588204161
Florida,65+ Years,4638094,2026-03-07,60.0407659917538
Florida,65+ Years,4638094,2026-03-14,60.3281019167871
Florida,65+ Years,4638094,2026-03-21,60.5558091233699
Florida,65+ Years,4638094,2026-03-28,60.7359615323517
Florida,65+ Years,4638094,2026-04-04,60.9446671139787
Florida,65+ Years,4638094,2026-04-11,61.2778032153493
Florida,65+ Years,4638094,2026-04-18,61.4402801447969
Florida,65+ Years,4638094,2026-04-25,61.6079484999767
Florida,65+ Years,4638094,2026-05-02,61.7428421936946
Florida,65+ Years,4638094,2026-05-09,62.004113910724
Florida,65+ Years,4638094,2026-05-16,62.0858764286798
Florida,65+ Years,4638094,2026-05-23,62.1316496578857
Florida,65+ Years,4638094,2026-05-30,62.1543993890831
Florida,65+ Years,4638094,2026-06-06,62.1874332136542
Florida,65+ Years,4638094,2026-06-13,62.1934130725376
Georgia,6 Months - 4 Years,585048,2025-08-16,3.42479224189876
Georgia,6 Months - 4 Years,585048,2025-08-23,3.42479224189876
Georgia,6 Months - 4 Years,585048,2025-08-30,3.42479224189876
Georgia,6 Months - 4 Years,585048,2025-09-06,3.42479224189876
Georgia,6 Months - 4 Years,585048,2025-09-13,4.56736896573238
Georgia,6 Months - 4 Years,585048,2025-09-20,5.18732667310176
Georgia,6 Months - 4 Years,585048,2025-09-27,6.05353804526334
Georgia,6 Months - 4 Years,585048,2025-10-04,8.08392561847837
Georgia,6 Months - 4 Years,585048,2025-10-11,9.38796210029328
Georgia,6 Months - 4 Years,585048,2025-10-18,10.9743173877112
Georgia,6 Months - 4 Years,585048,2025-10-25,12.8201485432249
Georgia,6 Months - 4 Years,585048,2025-11-01,14.9979180626018
Georgia,6 Months - 4 Years,585048,2025-11-08,19.201811041942
Georgia,6 Months - 4 Years,585048,2025-11-15,21.0465502881336
Georgia,6 Months - 4 Years,585048,2025-11-22,22.6907704648858
Georgia,6 Months - 4 Years,585048,2025-11-29,24.1225632466259
Georgia,6 Months - 4 Years,585048,2025-12-06,26.659576692758
Georgia,6 Months - 4 Years,585048,2025-12-13,27.6156875977941
Georgia,6 Months - 4 Years,585048,2025-12-20,28.3260554621182
Georgia,6 Months - 4 Years,585048,2025-12-27,28.8531904024409
Georgia,6 Months - 4 Years,585048,2026-01-03,29.4655339639882
Georgia,6 Months - 4 Years,585048,2026-01-10,30.4373659839812
Georgia,6 Months - 4 Years,585048,2026-01-17,30.9337618384398
Georgia,6 Months - 4 Years,585048,2026-01-24,31.4721032127722
Georgia,6 Months - 4 Years,585048,2026-01-31,31.9425514046287
Georgia,6 Months - 4 Years,585048,2026-02-07,32.9160155741978
Georgia,6 Months - 4 Years,585048,2026-02-14,33.2830915592332
Georgia,6 Months - 4 Years,585048,2026-02-21,33.5475588288205
Georgia,6 Months - 4 Years,585048,2026-02-28,33.7385089524152
Georgia,6 Months - 4 Years,585048,2026-03-07,34.0855178275316
Georgia,6 Months - 4 Years,585048,2026-03-14,34.2534823401916
Georgia,6 Months - 4 Years,585048,2026-03-21,34.4312788010761
Georgia,6 Months - 4 Years,585048,2026-03-28,34.6187749227128
Georgia,6 Months - 4 Years,585048,2026-04-04,34.851672558558
Georgia,6 Months - 4 Years,585048,2026-04-11,35.2484767822348
Georgia,6 Months - 4 Years,585048,2026-04-18,35.4321281446024
Georgia,6 Months - 4 Years,585048,2026-04-25,35.6095379192615
Georgia,6 Months - 4 Years,585048,2026-05-02,35.7500043884656
Georgia,6 Months - 4 Years,585048,2026-05-09,36.0362866950101
Georgia,6 Months - 4 Years,585048,2026-05-16,36.1429115205905
Georgia,6 Months - 4 Years,585048,2026-05-23,36.2213180559859
Georgia,6 Months - 4 Years,585048,2026-05-30,36.2773583693547
Georgia,6 Months - 4 Years,585048,2026-06-06,36.363785273195
Georgia,6 Months - 4 Years,585048,2026-06-13,36.3798021287015
Georgia,5-12 Years,1117344,2025-08-16,2.94007769782498
Georgia,5-12 Years,1117344,2025-08-23,2.94007769782498
Georgia,5-12 Years,1117344,2025-08-30,2.94007769782498
Georgia,5-12 Years,1117344,2025-09-06,2.94007769782498
Georgia,5-12 Years,1117344,2025-09-13,4.18302944018222
Georgia,5-12 Years,1117344,2025-09-20,5.27239614190893
Georgia,5-12 Years,1117344,2025-09-27,6.4362671134012
Georgia,5-12 Years,1117344,2025-10-04,8.86851525742824
Georgia,5-12 Years,1117344,2025-10-11,10.1887121929154
Georgia,5-12 Years,1117344,2025-10-18,11.6063279681112
Georgia,5-12 Years,1117344,2025-10-25,13.1066326077423
Georgia,5-12 Years,1117344,2025-11-01,14.8154686251337
Georgia,5-12 Years,1117344,2025-11-08,18.0519287498168
Georgia,5-12 Years,1117344,2025-11-15,19.5284916851008
Georgia,5-12 Years,1117344,2025-11-22,20.9324596427876
Georgia,5-12 Years,1117344,2025-11-29,22.2243655310137
Georgia,5-12 Years,1117344,2025-12-06,24.5415239096823
Georgia,5-12 Years,1117344,2025-12-13,25.4257363516336
Georgia,5-12 Years,1117344,2025-12-20,26.0832903358743
Georgia,5-12 Years,1117344,2025-12-27,26.5641587663283
Georgia,5-12 Years,1117344,2026-01-03,27.0851076013779
Georgia,5-12 Years,1117344,2026-01-10,27.8769728686987
Georgia,5-12 Years,1117344,2026-01-17,28.2212032858532
Georgia,5-12 Years,1117344,2026-01-24,28.5534297942332
Georgia,5-12 Years,1117344,2026-01-31,28.803777778871
Georgia,5-12 Years,1117344,2026-02-07,29.2678370862989
Georgia,5-12 Years,1117344,2026-02-14,29.3899612536302
Georgia,5-12 Years,1117344,2026-02-21,29.4377907878913
Georgia,5-12 Years,1117344,2026-02-28,29.4425969292971
Georgia,5-12 Years,1117344,2026-03-07,29.4589642279166
Georgia,5-12 Years,1117344,2026-03-14,29.5500708473399
Georgia,5-12 Years,1117344,2026-03-21,29.7777291914663
Georgia,5-12 Years,1117344,2026-03-28,30.160437459552
Georgia,5-12 Years,1117344,2026-04-04,30.7356276981229
Georgia,5-12 Years,1117344,2026-04-11,31.8547465370514
Georgia,5-12 Years,1117344,2026-04-18,32.388798621662
Georgia,5-12 Years,1117344,2026-04-25,32.8855591374906
Georgia,5-12 Years,1117344,2026-05-02,33.2920865691938
Georgia,5-12 Years,1117344,2026-05-09,34.1854387746684
Georgia,5-12 Years,1117344,2026-05-16,34.590551344563
Georgia,5-12 Years,1117344,2026-05-23,34.9580017981714
Georgia,5-12 Years,1117344,2026-05-30,35.2906379265638
Georgia,5-12 Years,1117344,2026-06-06,35.9102702073839
Georgia,5-12 Years,1117344,2026-06-13,36.1782903371024
Georgia,13-17 Years,734847,2025-08-16,3.08927339395614
Georgia,13-17 Years,734847,2025-08-23,3.08927339395614
Georgia,13-17 Years,734847,2025-08-30,3.08927339395614
Georgia,13-17 Years,734847,2025-09-06,3.08927339395614
Georgia,13-17 Years,734847,2025-09-13,4.29296291435858
Georgia,13-17 Years,734847,2025-09-20,5.2157531126938
Georgia,13-17 Years,734847,2025-09-27,6.16686468281506
Georgia,13-17 Years,734847,2025-10-04,8.11063713025037
Georgia,13-17 Years,734847,2025-10-11,9.13179268360786
Georgia,13-17 Years,734847,2025-10-18,10.2028589089312
Georgia,13-17 Years,734847,2025-10-25,11.3099242727549
Georgia,13-17 Years,734847,2025-11-01,12.5447306671438
Georgia,13-17 Years,734847,2025-11-08,14.812905102749
Georgia,13-17 Years,734847,2025-11-15,15.7828341249895
Georgia,13-17 Years,734847,2025-11-22,16.6584305067125
Georgia,13-17 Years,734847,2025-11-29,17.434501997205
Georgia,13-17 Years,734847,2025-12-06,18.8242724650409
Georgia,13-17 Years,734847,2025-12-13,19.3717187397487
Georgia,13-17 Years,734847,2025-12-20,19.8052021929112
Georgia,13-17 Years,734847,2025-12-27,20.1462637629561
Georgia,13-17 Years,734847,2026-01-03,20.503700876514
Georgia,13-17 Years,734847,2026-01-10,21.0364685368761
Georgia,13-17 Years,734847,2026-01-17,21.2219752322168
Georgia,13-17 Years,734847,2026-01-24,21.3732625569631
Georgia,13-17 Years,734847,2026-01-31,21.4890324320749
Georgia,13-17 Years,734847,2026-02-07,21.7943167342652
Georgia,13-17 Years,734847,2026-02-14,22.0374591470412
Georgia,13-17 Years,734847,2026-02-21,22.3779015159735
Georgia,13-17 Years,734847,2026-02-28,22.7715233683595
Georgia,13-17 Years,734847,2026-03-07,23.4901923229923
Georgia,13-17 Years,734847,2026-03-14,23.7232292134355
Georgia,13-17 Years,734847,2026-03-21,23.8299331554021
Georgia,13-17 Years,734847,2026-03-28,23.846644385134
Georgia,13-17 Years,734847,2026-04-04,23.8621721481482
Georgia,13-17 Years,734847,2026-04-11,23.8836885925926
Georgia,13-17 Years,734847,2026-04-18,23.9304962962963
Georgia,13-17 Years,734847,2026-04-25,24.0120322962963
Georgia,13-17 Years,734847,2026-05-02,24.1075351111111
Georgia,13-17 Years,734847,2026-05-09,24.2933561481481
Georgia,13-17 Years,734847,2026-05-16,24.3505484444444
Georgia,13-17 Years,734847,2026-05-23,24.3730124444444
Georgia,13-17 Years,734847,2026-05-30,24.3743374814815
Georgia,13-17 Years,734847,2026-06-06,24.375
Georgia,13-17 Years,734847,2026-06-13,24.375
Georgia,6 Months - 17 Years,2437238,2025-08-16,3.07055796314
Georgia,6 Months - 17 Years,2437238,2025-08-23,3.07055796314
Georgia,6 Months - 17 Years,2437238,2025-08-30,3.07055796314
Georgia,6 Months - 17 Years,2437238,2025-09-06,3.07055796314
Georgia,6 Months - 17 Years,2437238,2025-09-13,4.27843548907661
Georgia,6 Months - 17 Years,2437238,2025-09-20,5.22429820594735
Georgia,6 Months - 17 Years,2437238,2025-09-27,6.26631919130843
Georgia,6 Months - 17 Years,2437238,2025-10-04,8.48165531450375
Georgia,6 Months - 17 Years,2437238,2025-10-11,9.7205043696942
Georgia,6 Months - 17 Years,2437238,2025-10-18,11.0836250501636
Georgia,6 Months - 17 Years,2437238,2025-10-25,12.5529684611862
Georgia,6 Months - 17 Years,2437238,2025-11-01,14.2331242229543
Georgia,6 Months - 17 Years,2437238,2025-11-08,17.4088832892334
Georgia,6 Months - 17 Years,2437238,2025-11-15,18.8232872175046
Georgia,6 Months - 17 Years,2437238,2025-11-22,20.1321890666485
Georgia,6 Months - 17 Years,2437238,2025-11-29,21.3108978722872
Georgia,6 Months - 17 Years,2437238,2025-12-06,23.4158423627955
Georgia,6 Months - 17 Years,2437238,2025-12-13,24.2192580723347
Georgia,6 Months - 17 Years,2437238,2025-12-20,24.8220544490732
Georgia,6 Months - 17 Years,2437238,2025-12-27,25.2697564729038
Georgia,6 Months - 17 Years,2437238,2026-01-03,25.7592940524424
Georgia,6 Months - 17 Years,2437238,2026-01-10,26.5069285527117
Georgia,6 Months - 17 Years,2437238,2026-01-17,26.8278578164579
Georgia,6 Months - 17 Years,2437238,2026-01-24,27.1381122436377
Georgia,6 Months - 17 Years,2437238,2026-01-31,27.3881463091463
Georgia,6 Months - 17 Years,2437238,2026-02-07,27.9153361698966
Georgia,6 Months - 17 Years,2437238,2026-02-14,28.1249285801326
Georgia,6 Months - 17 Years,2437238,2026-02-21,28.2925811770495
Georgia,6 Months - 17 Years,2437238,2026-02-28,28.4332597350469
Georgia,6 Months - 17 Years,2437238,2026-03-07,28.7139407401582
Georgia,6 Months - 17 Years,2437238,2026-03-14,28.8809530396622
Georgia,6 Months - 17 Years,2437238,2026-03-21,29.0890802923125
Georgia,6 Months - 17 Years,2437238,2026-03-28,29.3387901851277
Georgia,6 Months - 17 Years,2437238,2026-04-04,29.6766419906903
Georgia,6 Months - 17 Years,2437238,2026-04-11,30.2851333193665
Georgia,6 Months - 17 Years,2437238,2026-04-18,30.5879184850152
Georgia,6 Months - 17 Years,2437238,2026-04-25,30.8927401180918
Georgia,6 Months - 17 Years,2437238,2026-05-02,31.1519029538538
Georgia,6 Months - 17 Years,2437238,2026-05-09,31.7079067170186
Georgia,6 Months - 17 Years,2437238,2026-05-16,31.9448937571373
Georgia,6 Months - 17 Years,2437238,2026-05-23,32.144763243482
Georgia,6 Months - 17 Years,2437238,2026-05-30,32.3117228881875
Georgia,6 Months - 17 Years,2437238,2026-06-06,32.604380195187
Georgia,6 Months - 17 Years,2437238,2026-06-13,32.7102360031436
Georgia,18-49 Years,4558135,2025-08-16,0.56399313193672
Georgia,18-49 Years,4558135,2025-08-23,0.56399313193672
Georgia,18-49 Years,4558135,2025-08-30,0.56399313193672
Georgia,18-49 Years,4558135,2025-09-06,0.56399313193672
Georgia,18-49 Years,4558135,2025-09-13,0.922562406439253
Georgia,18-49 Years,4558135,2025-09-20,1.39096499351131
Georgia,18-49 Years,4558135,2025-09-27,1.92948056686442
Georgia,18-49 Years,4558135,2025-10-04,3.09937088550434
Georgia,18-49 Years,4558135,2025-10-11,3.77885719313443
Georgia,18-49 Years,4558135,2025-10-18,4.54988962701209
Georgia,18-49 Years,4558135,2025-10-25,5.39872188094945
Georgia,18-49 Years,4558135,2025-11-01,6.37026411576942
Georgia,18-49 Years,4558135,2025-11-08,8.18485437285516
Georgia,18-49 Years,4558135,2025-11-15,8.9435937519439
Georgia,18-49 Years,4558135,2025-11-22,9.60098098409648
Georgia,18-49 Years,4558135,2025-11-29,10.1720498158427
Georgia,18-49 Years,4558135,2025-12-06,11.2292900397186
Georgia,18-49 Years,4558135,2025-12-13,11.6887741943876
Georgia,18-49 Years,4558135,2025-12-20,12.0986690311163
Georgia,18-49 Years,4558135,2025-12-27,12.4719288460602
Georgia,18-49 Years,4558135,2026-01-03,12.9420900340066
Georgia,18-49 Years,4558135,2026-01-10,13.7368822211995
Georgia,18-49 Years,4558135,2026-01-17,14.1609772434827
Georgia,18-49 Years,4558135,2026-01-24,14.625895807153
Georgia,18-49 Years,4558135,2026-01-31,15.0426284862204
Georgia,18-49 Years,4558135,2026-02-07,15.9240701222152
Georgia,18-49 Years,4558135,2026-02-14,16.2853443883477
Georgia,18-49 Years,4558135,2026-02-21,16.5717643314206
Georgia,18-49 Years,4558135,2026-02-28,16.789441615569
Georgia,18-49 Years,4558135,2026-03-07,17.1404984710503
Georgia,18-49 Years,4558135,2026-03-14,17.2471101380903
Georgia,18-49 Years,4558135,2026-03-21,17.3071314563726
Georgia,18-49 Years,4558135,2026-03-28,17.3369085617676
Georgia,18-49 Years,4558135,2026-04-04,17.3718236842328
Georgia,18-49 Years,4558135,2026-04-11,17.4267037799073
Georgia,18-49 Years,4558135,2026-04-18,17.4652889564419
Georgia,18-49 Years,4558135,2026-04-25,17.514486890035
Georgia,18-49 Years,4558135,2026-05-02,17.5600492575313
Georgia,18-49 Years,4558135,2026-05-09,17.6460402957673
Georgia,18-49 Years,4558135,2026-05-16,17.6701262288873
Georgia,18-49 Years,4558135,2026-05-23,17.6792176385517
Georgia,18-49 Years,4558135,2026-05-30,17.6797392128506
Georgia,18-49 Years,4558135,2026-06-06,17.68
Georgia,18-49 Years,4558135,2026-06-13,17.68
Georgia,50-64 Years,2014625,2025-08-16,0.85857482332795
Georgia,50-64 Years,2014625,2025-08-23,0.85857482332795
Georgia,50-64 Years,2014625,2025-08-30,0.85857482332795
Georgia,50-64 Years,2014625,2025-09-06,0.85857482332795
Georgia,50-64 Years,2014625,2025-09-13,1.32039743200722
Georgia,50-64 Years,2014625,2025-09-20,1.85582291751038
Georgia,50-64 Years,2014625,2025-09-27,2.63045384145867
Georgia,50-64 Years,2014625,2025-10-04,4.46656940653137
Georgia,50-64 Years,2014625,2025-10-11,5.6767191583574
Georgia,50-64 Years,2014625,2025-10-18,7.18066816760992
Georgia,50-64 Years,2014625,2025-10-25,8.94363265611794
Georgia,50-64 Years,2014625,2025-11-01,10.9937279303525
Georgia,50-64 Years,2014625,2025-11-08,14.8304255460968
Georgia,50-64 Years,2014625,2025-11-15,16.3555924036057
Georgia,50-64 Years,2014625,2025-11-22,17.5778913058303
Georgia,50-64 Years,2014625,2025-11-29,18.5481015742131
Georgia,50-64 Years,2014625,2025-12-06,20.2505077464563
Georgia,50-64 Years,2014625,2025-12-13,20.9147622745026
Georgia,50-64 Years,2014625,2025-12-20,21.4505273317895
Georgia,50-64 Years,2014625,2025-12-27,21.8894974223775
Georgia,50-64 Years,2014625,2026-01-03,22.3925057354775
Georgia,50-64 Years,2014625,2026-01-10,23.1885021541735
Georgia,50-64 Years,2014625,2026-01-17,23.5471994434941
Georgia,50-64 Years,2014625,2026-01-24,23.905789416438
Georgia,50-64 Years,2014625,2026-01-31,24.2139195026704
Georgia,50-64 Years,2014625,2026-02-07,24.909979187931
Georgia,50-64 Years,2014625,2026-02-14,25.252070627883
Georgia,50-64 Years,2014625,2026-02-21,25.5894085831433
Georgia,50-64 Years,2014625,2026-02-28,25.9149101734055
Georgia,50-64 Years,2014625,2026-03-07,26.5272165427698
Georgia,50-64 Years,2014625,2026-03-14,26.7864346429359
Georgia,50-64 Years,2014625,2026-03-21,27.0025038623803
Georgia,50-64 Years,2014625,2026-03-28,27.1854582476845
Georgia,50-64 Years,2014625,2026-04-04,27.4219513611718
Georgia,50-64 Years,2014625,2026-04-11,27.8267393775087
Georgia,50-64 Years,2014625,2026-04-18,28.0729897727824
Georgia,50-64 Years,2014625,2026-04-25,28.3588380928106
Georgia,50-64 Years,2014625,2026-05-02,28.6068049093473
Georgia,50-64 Years,2014625,2026-05-09,29.0714542764415
Georgia,50-64 Years,2014625,2026-05-16,29.1985159757936
Georgia,50-64 Years,2014625,2026-05-23,29.2459506495095
Georgia,50-64 Years,2014625,2026-05-30,29.2486502165032
Georgia,50-64 Years,2014625,2026-06-06,29.25
Georgia,50-64 Years,2014625,2026-06-13,29.25
Georgia,65+ Years,1574667,2025-08-16,1.28777233871904
Georgia,65+ Years,1574667,2025-08-23,1.28777233871904
Georgia,65+ Years,1574667,2025-08-30,1.28777233871904
Georgia,65+ Years,1574667,2025-09-06,1.28777233871904
Georgia,65+ Years,1574667,2025-09-13,2.27533444545123
Georgia,65+ Years,1574667,2025-09-20,3.71514159888715
Georgia,65+ Years,1574667,2025-09-27,5.64966920591199
Georgia,65+ Years,1574667,2025-10-04,10.1264625348559
Georgia,65+ Years,1574667,2025-10-11,12.9899316972709
Georgia,65+ Years,1574667,2025-10-18,16.4793479623902
Georgia,65+ Years,1574667,2025-10-25,20.5108827705034
Georgia,65+ Years,1574667,2025-11-01,25.1651995237408
Georgia,65+ Years,1574667,2025-11-08,33.8202761351047
Georgia,65+ Years,1574667,2025-11-15,37.2477635863434
Georgia,65+ Years,1574667,2025-11-22,39.998054501676
Georgia,65+ Years,1574667,2025-11-29,42.1817370757572
Georgia,65+ Years,1574667,2025-12-06,45.9959347126142
Georgia,65+ Years,1574667,2025-12-13,47.4626691281056
Georgia,65+ Years,1574667,2025-12-20,48.6249124821224
Georgia,65+ Years,1574667,2025-12-27,49.5607417334826
Georgia,65+ Years,1574667,2026-01-03,50.6388806711809
Georgia,65+ Years,1574667,2026-01-10,52.3486242937823
Georgia,65+ Years,1574667,2026-01-17,53.1460362425313
Georgia,65+ Years,1574667,2026-01-24,53.9620559945284
Georgia,65+ Years,1574667,2026-01-31,54.6658269604157
Georgia,65+ Years,1574667,2026-02-07,56.2139649470895
Georgia,65+ Years,1574667,2026-02-14,56.9227374079757
Georgia,65+ Years,1574667,2026-02-21,57.5712994382038
Georgia,65+ Years,1574667,2026-02-28,58.1517492401912
Georgia,65+ Years,1574667,2026-03-07,59.1938402039617
Georgia,65+ Years,1574667,2026-03-14,59.6119118598952
Georgia,65+ Years,1574667,2026-03-21,59.9508884907777
Georgia,65+ Years,1574667,2026-03-28,60.2192923280203
Georgia,65+ Years,1574667,2026-04-04,60.4715456274646
Georgia,65+ Years,1574667,2026-04-11,60.8210982251692
Georgia,65+ Years,1574667,2026-04-18,60.9007945479662
Georgia,65+ Years,1574667,2026-04-25,60.9371445729026
Georgia,65+ Years,1574667,2026-05-02,60.9520446935235
Georgia,65+ Years,1574667,2026-05-09,60.9901790322987
Georgia,65+ Years,1574667,2026-05-16,61.0168816295193
Georgia,65+ Years,1574667,2026-05-23,61.0544271104533
Georgia,65+ Years,1574667,2026-05-30,61.1036676509793
Georgia,65+ Years,1574667,2026-06-06,61.2172224274993
Georgia,65+ Years,1574667,2026-06-13,61.283989226377
Hawaii,6 Months - 4 Years,75918,2025-08-16,5.55481898576526
Hawaii,6 Months - 4 Years,75918,2025-08-23,5.55481898576526
Hawaii,6 Months - 4 Years,75918,2025-08-30,5.55481898576526
Hawaii,6 Months - 4 Years,75918,2025-09-06,5.55481898576526
Hawaii,6 Months - 4 Years,75918,2025-09-13,7.3776576305328
Hawaii,6 Months - 4 Years,75918,2025-09-20,8.31262246566002
Hawaii,6 Months - 4 Years,75918,2025-09-27,9.3967253741479
Hawaii,6 Months - 4 Years,75918,2025-10-04,11.7606394529002
Hawaii,6 Months - 4 Years,75918,2025-10-11,13.1189173619968
Hawaii,6 Months - 4 Years,75918,2025-10-18,14.6364891207346
Hawaii,6 Months - 4 Years,75918,2025-10-25,16.3069670286376
Hawaii,6 Months - 4 Years,75918,2025-11-01,18.2747709956847
Hawaii,6 Months - 4 Years,75918,2025-11-08,22.1727379471977
Hawaii,6 Months - 4 Years,75918,2025-11-15,24.1059408573866
Hawaii,6 Months - 4 Years,75918,2025-11-22,26.0646294340212
Hawaii,6 Months - 4 Years,75918,2025-11-29,27.9692273709873
Hawaii,6 Months - 4 Years,75918,2025-12-06,31.494153279753
Hawaii,6 Months - 4 Years,75918,2025-12-13,32.9202297141953
Hawaii,6 Months - 4 Years,75918,2025-12-20,34.0387298888543
Hawaii,6 Months - 4 Years,75918,2025-12-27,34.8943180591793
Hawaii,6 Months - 4 Years,75918,2026-01-03,35.7608912429984
Hawaii,6 Months - 4 Years,75918,2026-01-10,37.0234337423422
Hawaii,6 Months - 4 Years,75918,2026-01-17,37.4297545392617
Hawaii,6 Months - 4 Years,75918,2026-01-24,37.7347453239519
Hawaii,6 Months - 4 Years,75918,2026-01-31,37.9416932215492
Hawaii,6 Months - 4 Years,75918,2026-02-07,38.4190197523316
Hawaii,6 Months - 4 Years,75918,2026-02-14,38.6819698579488
Hawaii,6 Months - 4 Years,75918,2026-02-21,38.9773963227475
Hawaii,6 Months - 4 Years,75918,2026-02-28,39.2771118643678
Hawaii,6 Months - 4 Years,75918,2026-03-07,39.7960070235217
Hawaii,6 Months - 4 Years,75918,2026-03-14,39.9577256967984
Hawaii,6 Months - 4 Years,75918,2026-03-21,40.0364319861223
Hawaii,6 Months - 4 Years,75918,2026-03-28,40.0584434517998
Hawaii,6 Months - 4 Years,75918,2026-04-04,40.0845779541806
Hawaii,6 Months - 4 Years,75918,2026-04-11,40.1265357811282
Hawaii,6 Months - 4 Years,75918,2026-04-18,40.1762953756599
Hawaii,6 Months - 4 Years,75918,2026-04-25,40.2528367156654
Hawaii,6 Months - 4 Years,75918,2026-05-02,40.3349716102793
Hawaii,6 Months - 4 Years,75918,2026-05-09,40.493044620551
Hawaii,6 Months - 4 Years,75918,2026-05-16,40.5401414210789
Hawaii,6 Months - 4 Years,75918,2026-05-23,40.5583990041419
Hawaii,6 Months - 4 Years,75918,2026-05-30,40.559466334714
Hawaii,6 Months - 4 Years,75918,2026-06-06,40.56
Hawaii,6 Months - 4 Years,75918,2026-06-13,40.56
Hawaii,5-12 Years,135350,2025-08-16,5.33306081337788
Hawaii,5-12 Years,135350,2025-08-23,5.33306081337788
Hawaii,5-12 Years,135350,2025-08-30,5.33306081337788
Hawaii,5-12 Years,135350,2025-09-06,5.33306081337788
Hawaii,5-12 Years,135350,2025-09-13,7.00780747464068
Hawaii,5-12 Years,135350,2025-09-20,7.74715951567276
Hawaii,5-12 Years,135350,2025-09-27,8.7883016151624
Hawaii,5-12 Years,135350,2025-10-04,11.2356892170417
Hawaii,5-12 Years,135350,2025-10-11,12.839461972007
Hawaii,5-12 Years,135350,2025-10-18,14.8283186259066
Hawaii,5-12 Years,135350,2025-10-25,17.1490635626479
Hawaii,5-12 Years,135350,2025-11-01,19.8239898722174
Hawaii,5-12 Years,135350,2025-11-08,24.7520254375038
Hawaii,5-12 Years,135350,2025-11-15,26.6198687038845
Hawaii,5-12 Years,135350,2025-11-22,28.0393509358483
Hawaii,5-12 Years,135350,2025-11-29,29.1237244914669
Hawaii,5-12 Years,135350,2025-12-06,31.0896691800623
Hawaii,5-12 Years,135350,2025-12-13,31.9833247044128
Hawaii,5-12 Years,135350,2025-12-20,32.8510880691587
Hawaii,5-12 Years,135350,2025-12-27,33.6778436384961
Hawaii,5-12 Years,135350,2026-01-03,34.5417502932432
Hawaii,5-12 Years,135350,2026-01-10,35.8610409730831
Hawaii,5-12 Years,135350,2026-01-17,36.2558448010534
Hawaii,5-12 Years,135350,2026-01-24,36.5126894311407
Hawaii,5-12 Years,135350,2026-01-31,36.6671084570148
Hawaii,5-12 Years,135350,2026-02-07,37.0348186137177
Hawaii,5-12 Years,135350,2026-02-14,37.2548324980985
Hawaii,5-12 Years,135350,2026-02-21,37.5219126242847
Hawaii,5-12 Years,135350,2026-02-28,37.8167607525731
Hawaii,5-12 Years,135350,2026-03-07,38.3795307243747
Hawaii,5-12 Years,135350,2026-03-14,38.6096106504712
Hawaii,5-12 Years,135350,2026-03-21,38.7836832600147
Hawaii,5-12 Years,135350,2026-03-28,38.9071549964239
Hawaii,5-12 Years,135350,2026-04-04,39.0169355535385
Hawaii,5-12 Years,135350,2026-04-11,39.1608938884289
Hawaii,5-12 Years,135350,2026-04-18,39.187716652069
Hawaii,5-12 Years,135350,2026-04-25,39.195
Hawaii,5-12 Years,135350,2026-05-02,39.195
Hawaii,5-12 Years,135350,2026-05-09,39.211480160143
Hawaii,5-12 Years,135350,2026-05-16,39.269788459877
Hawaii,5-12 Years,135350,2026-05-23,39.4034907877338
Hawaii,5-12 Years,135350,2026-05-30,39.6305013019665
Hawaii,5-12 Years,135350,2026-06-06,40.2196381718871
Hawaii,5-12 Years,135350,2026-06-13,40.5880658596418
Hawaii,13-17 Years,76427,2025-08-16,4.90535709196131
Hawaii,13-17 Years,76427,2025-08-23,4.90535709196131
Hawaii,13-17 Years,76427,2025-08-30,4.90535709196131
Hawaii,13-17 Years,76427,2025-09-06,4.90535709196131
Hawaii,13-17 Years,76427,2025-09-13,6.34036186433248
Hawaii,13-17 Years,76427,2025-09-20,6.79329123356493
Hawaii,13-17 Years,76427,2025-09-27,7.56573659567516
Hawaii,13-17 Years,76427,2025-10-04,9.48032873964349
Hawaii,13-17 Years,76427,2025-10-11,10.8410582385871
Hawaii,13-17 Years,76427,2025-10-18,12.6262353588901
Hawaii,13-17 Years,76427,2025-10-25,14.7688411926901
Hawaii,13-17 Years,76427,2025-11-01,17.2111781162982
Hawaii,13-17 Years,76427,2025-11-08,21.5603460036809
Hawaii,13-17 Years,76427,2025-11-15,22.987476959141
Hawaii,13-17 Years,76427,2025-11-22,23.8637484192964
Hawaii,13-17 Years,76427,2025-11-29,24.3930606723895
Hawaii,13-17 Years,76427,2025-12-06,25.436525814613
Hawaii,13-17 Years,76427,2025-12-13,26.1772788401941
Hawaii,13-17 Years,76427,2025-12-20,27.2324966881073
Hawaii,13-17 Years,76427,2025-12-27,28.5401845480086
Hawaii,13-17 Years,76427,2026-01-03,30.0087639705984
Hawaii,13-17 Years,76427,2026-01-10,32.4576334678505
Hawaii,13-17 Years,76427,2026-01-17,33.1819112846213
Hawaii,13-17 Years,76427,2026-01-24,33.5860882234726
Hawaii,13-17 Years,76427,2026-01-31,33.7816587162807
Hawaii,13-17 Years,76427,2026-02-07,34.2126581170546
Hawaii,13-17 Years,76427,2026-02-14,34.4159828440035
Hawaii,13-17 Years,76427,2026-02-21,34.6254412341432
Hawaii,13-17 Years,76427,2026-02-28,34.8402006545904
Hawaii,13-17 Years,76427,2026-03-07,35.2649698741853
Hawaii,13-17 Years,76427,2026-03-14,35.4783700463236
Hawaii,13-17 Years,76427,2026-03-21,35.6939059189304
Hawaii,13-17 Years,76427,2026-03-28,35.9033992223068
Hawaii,13-17 Years,76427,2026-04-04,36.1207366547514
Hawaii,13-17 Years,76427,2026-04-11,36.4536101388227
Hawaii,13-17 Years,76427,2026-04-18,36.5471676307971
Hawaii,13-17 Years,76427,2026-04-25,36.6016908695617
Hawaii,13-17 Years,76427,2026-05-02,36.6314002868405
Hawaii,13-17 Years,76427,2026-05-09,36.7035472164318
Hawaii,13-17 Years,76427,2026-05-16,36.7471218490261
Hawaii,13-17 Years,76427,2026-05-23,36.8017205242478
Hawaii,13-17 Years,76427,2026-05-30,36.8676301063367
Hawaii,13-17 Years,76427,2026-06-06,37.0130706360383
Hawaii,13-17 Years,76427,2026-06-13,37.0954571886141
Hawaii,6 Months - 17 Years,287695,2025-08-16,5.24651958026057
Hawaii,6 Months - 17 Years,287695,2025-08-23,5.24651958026057
Hawaii,6 Months - 17 Years,287695,2025-08-30,5.24651958026057
Hawaii,6 Months - 17 Years,287695,2025-09-06,5.24651958026057
Hawaii,6 Months - 17 Years,287695,2025-09-13,6.86585984831198
Hawaii,6 Months - 17 Years,287695,2025-09-20,7.53218219643913
Hawaii,6 Months - 17 Years,287695,2025-09-27,8.4774997159164
Hawaii,6 Months - 17 Years,287695,2025-10-04,10.70478107552
Hawaii,6 Months - 17 Years,287695,2025-10-11,12.1654995331394
Hawaii,6 Months - 17 Years,287695,2025-10-18,13.976587097649
Hawaii,6 Months - 17 Years,287695,2025-10-25,16.0924993788483
Hawaii,6 Months - 17 Years,287695,2025-11-01,18.5402361526028
Hawaii,6 Months - 17 Years,287695,2025-11-08,23.0725305159325
Hawaii,6 Months - 17 Years,287695,2025-11-15,24.808946439338
Hawaii,6 Months - 17 Years,287695,2025-11-22,26.1452634771205
Hawaii,6 Months - 17 Years,287695,2025-11-29,27.1884933453544
Hawaii,6 Months - 17 Years,287695,2025-12-06,29.1304003439173
Hawaii,6 Months - 17 Years,287695,2025-12-13,30.0804550577747
Hawaii,6 Months - 17 Years,287695,2025-12-20,31.0664152267638
Hawaii,6 Months - 17 Years,287695,2025-12-27,32.0560549753778
Hawaii,6 Months - 17 Years,287695,2026-01-03,33.1071967691854
Hawaii,6 Months - 17 Years,287695,2026-01-10,34.7434751752019
Hawaii,6 Months - 17 Years,287695,2026-01-17,35.2375097037914
Hawaii,6 Months - 17 Years,287695,2026-01-24,35.5545536656598
Hawaii,6 Months - 17 Years,287695,2026-01-31,35.739695688114
Hawaii,6 Months - 17 Years,287695,2026-02-07,36.1647086353312
Hawaii,6 Months - 17 Years,287695,2026-02-14,36.3928445026162
Hawaii,6 Months - 17 Years,287695,2026-02-21,36.6494727242286
Hawaii,6 Months - 17 Years,287695,2026-02-28,36.9206219957151
Hawaii,6 Months - 17 Years,287695,2026-03-07,37.4337521756164
Hawaii,6 Months - 17 Years,287695,2026-03-14,37.6465707096811
Hawaii,6 Months - 17 Years,287695,2026-03-21,37.8150010788871
Hawaii,6 Months - 17 Years,287695,2026-03-28,37.9436627571997
Hawaii,6 Months - 17 Years,287695,2026-04-04,38.0695014331764
Hawaii,6 Months - 17 Years,287695,2026-04-11,38.2483516337447
Hawaii,6 Months - 17 Years,287695,2026-04-18,38.2976352898164
Hawaii,6 Months - 17 Years,287695,2026-04-25,38.3285768316739
Hawaii,6 Months - 17 Years,287695,2026-05-02,38.348074677802
Hawaii,6 Months - 17 Years,287695,2026-05-09,38.4050684885423
Hawaii,6 Months - 17 Years,287695,2026-05-16,38.4598888241478
Hawaii,6 Months - 17 Years,287695,2026-05-23,38.551216555455
Hawaii,6 Months - 17 Years,287695,2026-05-30,38.6848352871993
Hawaii,6 Months - 17 Years,287695,2026-06-06,39.0109835570771
Hawaii,6 Months - 17 Years,287695,2026-06-13,39.2096789369817
Hawaii,18-49 Years,531314,2025-08-16,1.00593009654669
Hawaii,18-49 Years,531314,2025-08-23,1.00593009654669
Hawaii,18-49 Years,531314,2025-08-30,1.00593009654669
Hawaii,18-49 Years,531314,2025-09-06,1.00593009654669
Hawaii,18-49 Years,531314,2025-09-13,1.5132423792134
Hawaii,18-49 Years,531314,2025-09-20,2.06416299319188
Hawaii,18-49 Years,531314,2025-09-27,2.70175126533209
Hawaii,18-49 Years,531314,2025-10-04,4.09109849876852
Hawaii,18-49 Years,531314,2025-10-11,4.89812657015632
Hawaii,18-49 Years,531314,2025-10-18,5.81212384711013
Hawaii,18-49 Years,531314,2025-10-25,6.82009344465542
Hawaii,18-49 Years,531314,2025-11-01,7.98370039136416
Hawaii,18-49 Years,531314,2025-11-08,10.192881392045
Hawaii,18-49 Years,531314,2025-11-15,11.1614478777669
Hawaii,18-49 Years,531314,2025-11-22,12.0400351644361
Hawaii,18-49 Years,531314,2025-11-29,12.8290469881634
Hawaii,18-49 Years,531314,2025-12-06,14.2822781742704
Hawaii,18-49 Years,531314,2025-12-13,14.8916185978028
Hawaii,18-49 Years,531314,2025-12-20,15.4068462491652
Hawaii,18-49 Years,531314,2025-12-27,15.8471687481766
Hawaii,18-49 Years,531314,2026-01-03,16.3700549432534
Hawaii,18-49 Years,531314,2026-01-10,17.2211265955652
Hawaii,18-49 Years,531314,2026-01-17,17.6336478285333
Hawaii,18-49 Years,531314,2026-01-24,18.0598233298334
Hawaii,18-49 Years,531314,2026-01-31,18.4206715396347
Hawaii,18-49 Years,531314,2026-02-07,19.1697134721727
Hawaii,18-49 Years,531314,2026-02-14,19.4523715627004
Hawaii,18-49 Years,531314,2026-02-21,19.6584592584844
Hawaii,18-49 Years,531314,2026-02-28,19.8144004126609
Hawaii,18-49 Years,531314,2026-03-07,20.1272320733818
Hawaii,18-49 Years,531314,2026-03-14,20.3450311047615
Hawaii,18-49 Years,531314,2026-03-21,20.6486554962906
Hawaii,18-49 Years,531314,2026-03-28,21.0199422304897
Hawaii,18-49 Years,531314,2026-04-04,21.4332237948827
Hawaii,18-49 Years,531314,2026-04-11,22.1183634562526
Hawaii,18-49 Years,531314,2026-04-18,22.3174131957297
Hawaii,18-49 Years,531314,2026-04-25,22.4256400647675
Hawaii,18-49 Years,531314,2026-05-02,22.4760664133839
Hawaii,18-49 Years,531314,2026-05-09,22.5854726219085
Hawaii,18-49 Years,531314,2026-05-16,22.6348827611122
Hawaii,18-49 Years,531314,2026-05-23,22.6838780876622
Hawaii,18-49 Years,531314,2026-05-30,22.732175168124
Hawaii,18-49 Years,531314,2026-06-06,22.8245888087905
Hawaii,18-49 Years,531314,2026-06-13,22.8668789669262
Hawaii,50-64 Years,259512,2025-08-16,1.58228609348513
Hawaii,50-64 Years,259512,2025-08-23,1.58228609348513
Hawaii,50-64 Years,259512,2025-08-30,1.58228609348513
Hawaii,50-64 Years,259512,2025-09-06,1.58228609348513
Hawaii,50-64 Years,259512,2025-09-13,2.32709259444206
Hawaii,50-64 Years,259512,2025-09-20,3.08197366292134
Hawaii,50-64 Years,259512,2025-09-27,4.06459151019372
Hawaii,50-64 Years,259512,2025-10-04,6.3129605725774
Hawaii,50-64 Years,259512,2025-10-11,7.72783492983391
Hawaii,50-64 Years,259512,2025-10-18,9.43222196940295
Hawaii,50-64 Years,259512,2025-10-25,11.3866317110516
Hawaii,50-64 Years,259512,2025-11-01,13.6400109050882
Hawaii,50-64 Years,259512,2025-11-08,17.8317822868275
Hawaii,50-64 Years,259512,2025-11-15,19.5022847994287
Hawaii,50-64 Years,259512,2025-11-22,20.8564448225802
Hawaii,50-64 Years,259512,2025-11-29,21.9490594754013
Hawaii,50-64 Years,259512,2025-12-06,23.8920308884596
Hawaii,50-64 Years,259512,2025-12-13,24.6775705540381
Hawaii,50-64 Years,259512,2025-12-20,25.3366996988372
Hawaii,50-64 Years,259512,2025-12-27,25.8981187972266
Hawaii,50-64 Years,259512,2026-01-03,26.54647687083
Hawaii,50-64 Years,259512,2026-01-10,27.5822990880395
Hawaii,50-64 Years,259512,2026-01-17,28.0489721516001
Hawaii,50-64 Years,259512,2026-01-24,28.5103447963553
Hawaii,50-64 Years,259512,2026-01-31,28.8950585811985
Hawaii,50-64 Years,259512,2026-02-07,29.7240960437541
Hawaii,50-64 Years,259512,2026-02-14,30.072042343681
Hawaii,50-64 Years,259512,2026-02-21,30.3655280183614
Hawaii,50-64 Years,259512,2026-02-28,30.6272002229232
Hawaii,50-64 Years,259512,2026-03-07,31.1786445109245
Hawaii,50-64 Years,259512,2026-03-14,31.5731561397477
Hawaii,50-64 Years,259512,2026-03-21,32.1202237427679
Hawaii,50-64 Years,259512,2026-03-28,32.7843535365376
Hawaii,50-64 Years,259512,2026-04-04,33.5130963082476
Hawaii,50-64 Years,259512,2026-04-11,34.7124715596598
Hawaii,50-64 Years,259512,2026-04-18,35.0422651917559
Hawaii,50-64 Years,259512,2026-04-25,35.204335016971
Hawaii,50-64 Years,259512,2026-05-02,35.2729271797493
Hawaii,50-64 Years,259512,2026-05-09,35.4421254673637
Hawaii,50-64 Years,259512,2026-05-16,35.5491802842737
Hawaii,50-64 Years,259512,2026-05-23,35.6889613386877
Hawaii,50-64 Years,259512,2026-05-30,35.862882392803
Hawaii,50-64 Years,259512,2026-06-06,36.2527753146
Hawaii,50-64 Years,259512,2026-06-13,36.4768475046462
Hawaii,65+ Years,275080,2025-08-16,2.67119146280375
Hawaii,65+ Years,275080,2025-08-23,2.67119146280375
Hawaii,65+ Years,275080,2025-08-30,2.67119146280375
Hawaii,65+ Years,275080,2025-09-06,2.67119146280375
Hawaii,65+ Years,275080,2025-09-13,4.65130022486546
Hawaii,65+ Years,275080,2025-09-20,7.37546937134532
Hawaii,65+ Years,275080,2025-09-27,10.3249681695911
Hawaii,65+ Years,275080,2025-10-04,16.3036847742687
Hawaii,65+ Years,275080,2025-10-11,19.4112247495578
Hawaii,65+ Years,275080,2025-10-18,22.6492628268303
Hawaii,65+ Years,275080,2025-10-25,25.9678414763291
Hawaii,65+ Years,275080,2025-11-01,29.6256801812537
Hawaii,65+ Years,275080,2025-11-08,36.2090796465165
Hawaii,65+ Years,275080,2025-11-15,38.8803795810792
Hawaii,65+ Years,275080,2025-11-22,41.1795423899371
Hawaii,65+ Years,275080,2025-11-29,43.1472658877747
Hawaii,65+ Years,275080,2025-12-06,46.6766670767104
Hawaii,65+ Years,275080,2025-12-13,48.0976605871743
Hawaii,65+ Years,275080,2025-12-20,49.2672526823663
Hawaii,65+ Years,275080,2025-12-27,50.2444376372827
Hawaii,65+ Years,275080,2026-01-03,51.3892269166115
Hawaii,65+ Years,275080,2026-01-10,53.2292261061185
Hawaii,65+ Years,275080,2026-01-17,54.0936273089411
Hawaii,65+ Years,275080,2026-01-24,54.9807932147465
Hawaii,65+ Years,275080,2026-01-31,55.7594485038691
Hawaii,65+ Years,275080,2026-02-07,57.5129815788073
Hawaii,65+ Years,275080,2026-02-14,58.365035722531
Hawaii,65+ Years,275080,2026-02-21,59.1910090976047
Hawaii,65+ Years,275080,2026-02-28,59.9758129252384
Hawaii,65+ Years,275080,2026-03-07,61.4465059077924
Hawaii,65+ Years,275080,2026-03-14,62.0809601864588
Hawaii,65+ Years,275080,2026-03-21,62.6271648206465
Hawaii,65+ Years,275080,2026-03-28,63.0934168611953
Hawaii,65+ Years,275080,2026-04-04,63.5978126694854
Hawaii,65+ Years,275080,2026-04-11,64.3744055477357
Hawaii,65+ Years,275080,2026-04-18,64.658742046114
Hawaii,65+ Years,275080,2026-04-25,64.8953255058168
Hawaii,65+ Years,275080,2026-05-02,65.07036276858
Hawaii,65+ Years,275080,2026-05-09,65.4648187318721
Hawaii,65+ Years,275080,2026-05-16,65.6579531157754
Hawaii,65+ Years,275080,2026-05-23,65.8544820540413
Hawaii,65+ Years,275080,2026-05-30,66.053651821615
Hawaii,65+ Years,275080,2026-06-06,66.4501774683456
Hawaii,65+ Years,275080,2026-06-13,66.6466105431231
Idaho,6 Months - 4 Years,103074,2025-08-16,3.65868563601385
Idaho,6 Months - 4 Years,103074,2025-08-23,3.65868563601385
Idaho,6 Months - 4 Years,103074,2025-08-30,3.65868563601385
Idaho,6 Months - 4 Years,103074,2025-09-06,3.65868563601385
Idaho,6 Months - 4 Years,103074,2025-09-13,4.77023788190507
Idaho,6 Months - 4 Years,103074,2025-09-20,5.19760478083925
Idaho,6 Months - 4 Years,103074,2025-09-27,5.92970454907649
Idaho,6 Months - 4 Years,103074,2025-10-04,7.74571796295457
Idaho,6 Months - 4 Years,103074,2025-10-11,9.02235993909132
Idaho,6 Months - 4 Years,103074,2025-10-18,10.6803818374099
Idaho,6 Months - 4 Years,103074,2025-10-25,12.6709731357756
Idaho,6 Months - 4 Years,103074,2025-11-01,14.9762437268161
Idaho,6 Months - 4 Years,103074,2025-11-08,19.2078534194412
Idaho,6 Months - 4 Years,103074,2025-11-15,20.7506241904741
Idaho,6 Months - 4 Years,103074,2025-11-22,21.8532640229592
Idaho,6 Months - 4 Years,103074,2025-11-29,22.6372634540739
Idaho,6 Months - 4 Years,103074,2025-12-06,24.0333400855536
Idaho,6 Months - 4 Years,103074,2025-12-13,24.6531188258535
Idaho,6 Months - 4 Years,103074,2025-12-20,25.2490345677371
Idaho,6 Months - 4 Years,103074,2025-12-27,25.8169449425727
Idaho,6 Months - 4 Years,103074,2026-01-03,26.4284926981452
Idaho,6 Months - 4 Years,103074,2026-01-10,27.3783700859446
Idaho,6 Months - 4 Years,103074,2026-01-17,27.6944590226831
Idaho,6 Months - 4 Years,103074,2026-01-24,27.9285131229455
Idaho,6 Months - 4 Years,103074,2026-01-31,28.0860060985141
Idaho,6 Months - 4 Years,103074,2026-02-07,28.4534714261
Idaho,6 Months - 4 Years,103074,2026-02-14,28.6630608352912
Idaho,6 Months - 4 Years,103074,2026-02-21,28.9037152101152
Idaho,6 Months - 4 Years,103074,2026-02-28,29.149912847792
Idaho,6 Months - 4 Years,103074,2026-03-07,29.5731170121207
Idaho,6 Months - 4 Years,103074,2026-03-14,29.700574944603
Idaho,6 Months - 4 Years,103074,2026-03-21,29.757041408693
Idaho,6 Months - 4 Years,103074,2026-03-28,29.7656804695643
Idaho,6 Months - 4 Years,103074,2026-04-04,29.8130328888889
Idaho,6 Months - 4 Years,103074,2026-04-11,29.9421315555556
Idaho,6 Months - 4 Years,103074,2026-04-18,30.2229777777778
Idaho,6 Months - 4 Years,103074,2026-04-25,30.7121937777778
Idaho,6 Months - 4 Years,103074,2026-05-02,31.2852106666667
Idaho,6 Months - 4 Years,103074,2026-05-09,32.4001368888889
Idaho,6 Months - 4 Years,103074,2026-05-16,32.7432906666667
Idaho,6 Months - 4 Years,103074,2026-05-23,32.8780746666667
Idaho,6 Months - 4 Years,103074,2026-05-30,32.8860248888889
Idaho,6 Months - 4 Years,103074,2026-06-06,32.89
Idaho,6 Months - 4 Years,103074,2026-06-13,32.89
Idaho,5-12 Years,203904,2025-08-16,2.83266788512037
Idaho,5-12 Years,203904,2025-08-23,2.83266788512037
Idaho,5-12 Years,203904,2025-08-30,2.83266788512037
Idaho,5-12 Years,203904,2025-09-06,2.83266788512037
Idaho,5-12 Years,203904,2025-09-13,3.59014582540218
Idaho,5-12 Years,203904,2025-09-20,3.70137743868587
Idaho,5-12 Years,203904,2025-09-27,4.14421198640285
Idaho,5-12 Years,203904,2025-10-04,5.40454935078277
Idaho,5-12 Years,203904,2025-10-11,6.468347736543
Idaho,5-12 Years,203904,2025-10-18,8.03899480215314
Idaho,5-12 Years,203904,2025-10-25,10.1110723498101
Idaho,5-12 Years,203904,2025-11-01,12.6549902237154
Idaho,5-12 Years,203904,2025-11-08,17.657914791298
Idaho,5-12 Years,203904,2025-11-15,19.7523894502468
Idaho,5-12 Years,203904,2025-11-22,21.4624424458549
Idaho,5-12 Years,203904,2025-11-29,22.8004496731897
Idaho,5-12 Years,203904,2025-12-06,24.9883357164154
Idaho,5-12 Years,203904,2025-12-13,25.6522844739697
Idaho,5-12 Years,203904,2025-12-20,26.0132239278894
Idaho,5-12 Years,203904,2025-12-27,26.1775524100211
Idaho,5-12 Years,203904,2026-01-03,26.3953284431856
Idaho,5-12 Years,203904,2026-01-10,26.7681510809802
Idaho,5-12 Years,203904,2026-01-17,27.1245666622651
Idaho,5-12 Years,203904,2026-01-24,27.6419033600752
Idaho,5-12 Years,203904,2026-01-31,28.1834251382331
Idaho,5-12 Years,203904,2026-02-07,29.2322368413742
Idaho,5-12 Years,203904,2026-02-14,29.5504693820976
Idaho,5-12 Years,203904,2026-02-21,29.6838521787997
Idaho,5-12 Years,203904,2026-02-28,29.6979507262666
Idaho,5-12 Years,203904,2026-03-07,29.7070500822396
Idaho,5-12 Years,203904,2026-03-14,29.7197921855594
Idaho,5-12 Years,203904,2026-03-21,29.749554597026
Idaho,5-12 Years,203904,2026-03-28,29.7947977912793
Idaho,5-12 Years,203904,2026-04-04,29.8461144305327
Idaho,5-12 Years,203904,2026-04-11,29.9360056057198
Idaho,5-12 Years,203904,2026-04-18,29.9582431942533
Idaho,5-12 Years,203904,2026-04-25,29.965
Idaho,5-12 Years,203904,2026-05-02,29.965
Idaho,5-12 Years,203904,2026-05-09,29.965
Idaho,5-12 Years,203904,2026-05-16,29.965
Idaho,5-12 Years,203904,2026-05-23,29.965
Idaho,5-12 Years,203904,2026-05-30,29.965
Idaho,5-12 Years,203904,2026-06-06,29.965
Idaho,5-12 Years,203904,2026-06-13,29.965
Idaho,13-17 Years,133291,2025-08-16,0.697414609340709
Idaho,13-17 Years,133291,2025-08-23,0.697414609340709
Idaho,13-17 Years,133291,2025-08-30,0.697414609340709
Idaho,13-17 Years,133291,2025-09-06,0.697414609340709
Idaho,13-17 Years,133291,2025-09-13,0.905717068351496
Idaho,13-17 Years,133291,2025-09-20,0.98177276580478
Idaho,13-17 Years,133291,2025-09-27,1.28635536834671
Idaho,13-17 Years,133291,2025-10-04,2.15100373710548
Idaho,13-17 Years,133291,2025-10-11,2.87040959671855
Idaho,13-17 Years,133291,2025-10-18,3.91877542251332
Idaho,13-17 Years,133291,2025-10-25,5.28998440787985
Idaho,13-17 Years,133291,2025-11-01,6.96713256835028
Idaho,13-17 Years,133291,2025-11-08,10.2335509528996
Idaho,13-17 Years,133291,2025-11-15,11.5472089723666
Idaho,13-17 Years,133291,2025-11-22,12.5764230836879
Idaho,13-17 Years,133291,2025-11-29,13.3897136990493
Idaho,13-17 Years,133291,2025-12-06,14.9060430482553
Idaho,13-17 Years,133291,2025-12-13,15.6345895217111
Idaho,13-17 Years,133291,2025-12-20,16.3723535171797
Idaho,13-17 Years,133291,2025-12-27,17.1009603407071
Idaho,13-17 Years,133291,2026-01-03,17.890102897999
Idaho,13-17 Years,133291,2026-01-10,19.1309245825718
Idaho,13-17 Years,133291,2026-01-17,19.5454507806244
Idaho,13-17 Years,133291,2026-01-24,19.8469657779154
Idaho,13-17 Years,133291,2026-01-31,20.0332689498376
Idaho,13-17 Years,133291,2026-02-07,20.4005186031682
Idaho,13-17 Years,133291,2026-02-14,20.5250886751172
Idaho,13-17 Years,133291,2026-02-21,20.6132481960681
Idaho,13-17 Years,133291,2026-02-28,20.6741077755842
Idaho,13-17 Years,133291,2026-03-07,20.7656615685439
Idaho,13-17 Years,133291,2026-03-14,20.7886955572153
Idaho,13-17 Years,133291,2026-03-21,20.7980108848147
Idaho,13-17 Years,133291,2026-03-28,20.7993369616049
Idaho,13-17 Years,133291,2026-04-04,20.8
Idaho,13-17 Years,133291,2026-04-11,20.8
Idaho,13-17 Years,133291,2026-04-18,20.8
Idaho,13-17 Years,133291,2026-04-25,20.8
Idaho,13-17 Years,133291,2026-05-02,20.8
Idaho,13-17 Years,133291,2026-05-09,20.8
Idaho,13-17 Years,133291,2026-05-16,20.8
Idaho,13-17 Years,133291,2026-05-23,20.8
Idaho,13-17 Years,133291,2026-05-30,20.8
Idaho,13-17 Years,133291,2026-06-06,20.8
Idaho,13-17 Years,133291,2026-06-13,20.8
Idaho,6 Months - 17 Years,440270,2025-08-16,2.39736106133333
Idaho,6 Months - 17 Years,440270,2025-08-23,2.39736106133333
Idaho,6 Months - 17 Years,440270,2025-08-30,2.39736106133333
Idaho,6 Months - 17 Years,440270,2025-09-06,2.39736106133333
Idaho,6 Months - 17 Years,440270,2025-09-13,3.04035839466667
Idaho,6 Months - 17 Years,440270,2025-09-20,3.138122
Idaho,6 Months - 17 Years,440270,2025-09-27,3.52978211733333
Idaho,6 Months - 17 Years,440270,2025-10-04,4.64152420526226
Idaho,6 Months - 17 Years,440270,2025-10-11,5.56806126763808
Idaho,6 Months - 17 Years,440270,2025-10-18,6.91957750746289
Idaho,6 Months - 17 Years,440270,2025-10-25,8.68577966620462
Idaho,6 Months - 17 Years,440270,2025-11-01,10.839556079797
Idaho,6 Months - 17 Years,440270,2025-11-08,15.0263469235905
Idaho,6 Months - 17 Years,440270,2025-11-15,16.7163049794587
Idaho,6 Months - 17 Years,440270,2025-11-22,18.0446513910635
Idaho,6 Months - 17 Years,440270,2025-11-29,19.0722896488949
Idaho,6 Months - 17 Years,440270,2025-12-06,20.8636838306446
Idaho,6 Months - 17 Years,440270,2025-12-13,21.5520086506111
Idaho,6 Months - 17 Years,440270,2025-12-20,22.0976959086307
Idaho,6 Months - 17 Years,440270,2025-12-27,22.5374403150379
Idaho,6 Months - 17 Years,440270,2026-01-03,23.0488411187441
Idaho,6 Months - 17 Years,440270,2026-01-10,23.8664184160271
Idaho,6 Months - 17 Years,440270,2026-01-17,24.2668526677678
Idaho,6 Months - 17 Years,440270,2026-01-24,24.684484503378
Idaho,6 Months - 17 Years,440270,2026-01-31,25.0301493166506
Idaho,6 Months - 17 Years,440270,2026-02-07,25.7139029312116
Idaho,6 Months - 17 Years,440270,2026-02-14,25.9409395757608
Idaho,6 Months - 17 Years,440270,2026-02-21,26.0788608719512
Idaho,6 Months - 17 Years,440270,2026-02-28,26.1552930373661
Idaho,6 Months - 17 Years,440270,2026-03-07,26.2747970043042
Idaho,6 Months - 17 Years,440270,2026-03-14,26.3146950459827
Idaho,6 Months - 17 Years,440270,2026-03-21,26.3440155694699
Idaho,6 Months - 17 Years,440270,2026-03-28,26.3672573366885
Idaho,6 Months - 17 Years,440270,2026-04-04,26.4079475812348
Idaho,6 Months - 17 Years,440270,2026-04-11,26.4890342609992
Idaho,6 Months - 17 Years,440270,2026-04-18,26.5779911794513
Idaho,6 Months - 17 Years,440270,2026-04-25,26.7109974193505
Idaho,6 Months - 17 Years,440270,2026-05-02,26.8514487897999
Idaho,6 Months - 17 Years,440270,2026-05-09,27.1213206267737
Idaho,6 Months - 17 Years,440270,2026-05-16,27.2013341814487
Idaho,6 Months - 17 Years,440270,2026-05-23,27.2322893646246
Idaho,6 Months - 17 Years,440270,2026-05-30,27.2340964548749
Idaho,6 Months - 17 Years,440270,2026-06-06,27.235
Idaho,6 Months - 17 Years,440270,2026-06-13,27.235
Idaho,18-49 Years,744301,2025-08-16,0.443146090762107
Idaho,18-49 Years,744301,2025-08-23,0.443146090762107
Idaho,18-49 Years,744301,2025-08-30,0.443146090762107
Idaho,18-49 Years,744301,2025-09-06,0.443146090762107
Idaho,18-49 Years,744301,2025-09-13,0.575994501550603
Idaho,18-49 Years,744301,2025-09-20,0.626614869367039
Idaho,18-49 Years,744301,2025-09-27,0.825219044363978
Idaho,18-49 Years,744301,2025-10-04,1.3941880715451
Idaho,18-49 Years,744301,2025-10-11,1.89515422532755
Idaho,18-49 Years,744301,2025-10-18,2.66212151562012
Idaho,18-49 Years,744301,2025-10-25,3.69548030882471
Idaho,18-49 Years,744301,2025-11-01,4.9712780194076
Idaho,18-49 Years,744301,2025-11-08,7.47416651306879
Idaho,18-49 Years,744301,2025-11-15,8.4863025990521
Idaho,18-49 Years,744301,2025-11-22,9.27761513167294
Idaho,18-49 Years,744301,2025-11-29,9.89032604069085
Idaho,18-49 Years,744301,2025-12-06,10.9790180791163
Idaho,18-49 Years,744301,2025-12-13,11.4229337847577
Idaho,18-49 Years,744301,2025-12-20,11.8007098834925
Idaho,18-49 Years,744301,2025-12-27,12.1280675518089
Idaho,18-49 Years,744301,2026-01-03,12.5147987391888
Idaho,18-49 Years,744301,2026-01-10,13.1425599712483
Idaho,18-49 Years,744301,2026-01-17,13.4428487298511
Idaho,18-49 Years,744301,2026-01-24,13.7498676190708
Idaho,18-49 Years,744301,2026-01-31,14.0054526216944
Idaho,18-49 Years,744301,2026-02-07,14.5290683887999
Idaho,18-49 Years,744301,2026-02-14,14.7217105598195
Idaho,18-49 Years,744301,2026-02-21,14.8582306584476
Idaho,18-49 Years,744301,2026-02-28,14.9548532315472
Idaho,18-49 Years,744301,2026-03-07,15.127748794335
Idaho,18-49 Years,744301,2026-03-14,15.2104124253884
Idaho,18-49 Years,744301,2026-03-21,15.2972872585089
Idaho,18-49 Years,744301,2026-03-28,15.3860523975006
Idaho,18-49 Years,744301,2026-04-04,15.4820594065828
Idaho,18-49 Years,744301,2026-04-11,15.6332952251328
Idaho,18-49 Years,744301,2026-04-18,15.6813520675679
Idaho,18-49 Years,744301,2026-04-25,15.714207315855
Idaho,18-49 Years,744301,2026-05-02,15.7345526516305
Idaho,18-49 Years,744301,2026-05-09,15.7800926449867
Idaho,18-49 Years,744301,2026-05-16,15.802215268624
Idaho,18-49 Years,744301,2026-05-23,15.8251080744509
Idaho,18-49 Years,744301,2026-05-30,15.8486243713032
Idaho,18-49 Years,744301,2026-06-06,15.8954755189863
Idaho,18-49 Years,744301,2026-06-13,15.9186903369146
Idaho,50-64 Years,322037,2025-08-16,0.716183275569938
Idaho,50-64 Years,322037,2025-08-23,0.716183275569938
Idaho,50-64 Years,322037,2025-08-30,0.716183275569938
Idaho,50-64 Years,322037,2025-09-06,0.716183275569938
Idaho,50-64 Years,322037,2025-09-13,0.970718352314427
Idaho,50-64 Years,322037,2025-09-20,1.13485173867021
Idaho,50-64 Years,322037,2025-09-27,1.60766097998537
Idaho,50-64 Years,322037,2025-10-04,2.88870274113498
Idaho,50-64 Years,322037,2025-10-11,3.86529776390951
Idaho,50-64 Years,322037,2025-10-18,5.19125713077367
Idaho,50-64 Years,322037,2025-10-25,6.84107638915072
Idaho,50-64 Years,322037,2025-11-01,8.80766648538959
Idaho,50-64 Years,322037,2025-11-08,12.5550502894855
Idaho,50-64 Years,322037,2025-11-15,14.0413933615915
Idaho,50-64 Years,322037,2025-11-22,15.2023540611739
Idaho,50-64 Years,322037,2025-11-29,16.092318950386
Idaho,50-64 Years,322037,2025-12-06,17.6207629388655
Idaho,50-64 Years,322037,2025-12-13,18.1831769746707
Idaho,50-64 Years,322037,2025-12-20,18.606462589054
Idaho,50-64 Years,322037,2025-12-27,18.930471255238
Idaho,50-64 Years,322037,2026-01-03,19.3104671310194
Idaho,50-64 Years,322037,2026-01-10,19.9161195179561
Idaho,50-64 Years,322037,2026-01-17,20.2202969736291
Idaho,50-64 Years,322037,2026-01-24,20.5523494193308
Idaho,50-64 Years,322037,2026-01-31,20.8622917306473
Idaho,50-64 Years,322037,2026-02-07,21.5836989302531
Idaho,50-64 Years,322037,2026-02-14,21.9747609364047
Idaho,50-64 Years,322037,2026-02-21,22.3858257975744
Idaho,50-64 Years,322037,2026-02-28,22.7831919537154
Idaho,50-64 Years,322037,2026-03-07,23.4690425000074
Idaho,50-64 Years,322037,2026-03-14,23.6880632594592
Idaho,50-64 Years,322037,2026-03-21,23.8036597789857
Idaho,50-64 Years,322037,2026-03-28,23.8464148353717
Idaho,50-64 Years,322037,2026-04-04,23.8792189218574
Idaho,50-64 Years,322037,2026-04-11,23.9129674854963
Idaho,50-64 Years,322037,2026-04-18,23.9185689056405
Idaho,50-64 Years,322037,2026-04-25,23.92
Idaho,50-64 Years,322037,2026-05-02,23.92
Idaho,50-64 Years,322037,2026-05-09,23.92
Idaho,50-64 Years,322037,2026-05-16,23.92
Idaho,50-64 Years,322037,2026-05-23,23.92
Idaho,50-64 Years,322037,2026-05-30,23.92
Idaho,50-64 Years,322037,2026-06-06,23.92
Idaho,50-64 Years,322037,2026-06-13,23.92
Idaho,65+ Years,305994,2025-08-16,1.57941402688514
Idaho,65+ Years,305994,2025-08-23,1.57941402688514
Idaho,65+ Years,305994,2025-08-30,1.57941402688514
Idaho,65+ Years,305994,2025-09-06,1.57941402688514
Idaho,65+ Years,305994,2025-09-13,2.21105937056369
Idaho,65+ Years,305994,2025-09-20,2.72591162001153
Idaho,65+ Years,305994,2025-09-27,3.99570875636026
Idaho,65+ Years,305994,2025-10-04,7.36623885024328
Idaho,65+ Years,305994,2025-10-11,9.9012750625371
Idaho,65+ Years,305994,2025-10-18,13.322844740181
Idaho,65+ Years,305994,2025-10-25,17.5478344744936
Idaho,65+ Years,305994,2025-11-01,22.528614182348
Idaho,65+ Years,305994,2025-11-08,31.8606392899714
Idaho,65+ Years,305994,2025-11-15,35.3967159611334
Idaho,65+ Years,305994,2025-11-22,38.0184360578919
Idaho,65+ Years,305994,2025-11-29,39.9339085114707
Idaho,65+ Years,305994,2025-12-06,43.2517317543443
Idaho,65+ Years,305994,2025-12-13,44.5581241094686
Idaho,65+ Years,305994,2025-12-20,45.6492142578808
Idaho,65+ Years,305994,2025-12-27,46.5737992978633
Idaho,65+ Years,305994,2026-01-03,47.5935986665083
Idaho,65+ Years,305994,2026-01-10,49.1744277479521
Idaho,65+ Years,305994,2026-01-17,49.7951162776483
Idaho,65+ Years,305994,2026-01-24,50.3515167462879
Idaho,65+ Years,305994,2026-01-31,50.7972321628472
Idaho,65+ Years,305994,2026-02-07,51.849497861515
Idaho,65+ Years,305994,2026-02-14,52.4454534210541
Idaho,65+ Years,305994,2026-02-21,53.1193561735884
Idaho,65+ Years,305994,2026-02-28,53.8321377616303
Idaho,65+ Years,305994,2026-03-07,55.185696692046
Idaho,65+ Years,305994,2026-03-14,55.7305259450136
Idaho,65+ Years,305994,2026-03-21,56.1360552944915
Idaho,65+ Years,305994,2026-03-28,56.4322824023365
Idaho,65+ Years,305994,2026-04-04,56.7978794373783
Idaho,65+ Years,305994,2026-04-11,57.3996841239818
Idaho,65+ Years,305994,2026-04-18,57.7541326038666
Idaho,65+ Years,305994,2026-04-25,58.1748046753345
Idaho,65+ Years,305994,2026-05-02,58.579338920781
Idaho,65+ Years,305994,2026-05-09,59.4595322121401
Idaho,65+ Years,305994,2026-05-16,59.8455801076677
Idaho,65+ Years,305994,2026-05-23,60.1722154498868
Idaho,65+ Years,305994,2026-05-30,60.4459805238403
Idaho,65+ Years,305994,2026-06-06,60.9337523357301
Idaho,65+ Years,305994,2026-06-13,61.1206379376301
Illinois,6 Months - 4 Years,657493,2025-08-16,2.76941881134379
Illinois,6 Months - 4 Years,657493,2025-08-23,2.76941881134379
Illinois,6 Months - 4 Years,657493,2025-08-30,2.76941881134379
Illinois,6 Months - 4 Years,657493,2025-09-06,2.76941881134379
Illinois,6 Months - 4 Years,657493,2025-09-13,4.02593957757823
Illinois,6 Months - 4 Years,657493,2025-09-20,5.24169071512054
Illinois,6 Months - 4 Years,657493,2025-09-27,6.67362457423752
Illinois,6 Months - 4 Years,657493,2025-10-04,9.81964327684337
Illinois,6 Months - 4 Years,657493,2025-10-11,11.6830937973805
Illinois,6 Months - 4 Years,657493,2025-10-18,13.8309838437672
Illinois,6 Months - 4 Years,657493,2025-10-25,16.2195529646541
Illinois,6 Months - 4 Years,657493,2025-11-01,18.952024546372
Illinois,6 Months - 4 Years,657493,2025-11-08,24.0413578224957
Illinois,6 Months - 4 Years,657493,2025-11-15,26.1487722251604
Illinois,6 Months - 4 Years,657493,2025-11-22,27.9471216840034
Illinois,6 Months - 4 Years,657493,2025-11-29,29.4552989424994
Illinois,6 Months - 4 Years,657493,2025-12-06,32.0936584710553
Illinois,6 Months - 4 Years,657493,2025-12-13,33.0799596103139
Illinois,6 Months - 4 Years,657493,2025-12-20,33.8195374394969
Illinois,6 Months - 4 Years,657493,2025-12-27,34.3762018318167
Illinois,6 Months - 4 Years,657493,2026-01-03,35.0107997224682
Illinois,6 Months - 4 Years,657493,2026-01-10,36.0067979972521
Illinois,6 Months - 4 Years,657493,2026-01-17,36.4870504967669
Illinois,6 Months - 4 Years,657493,2026-01-24,36.9888047130847
Illinois,6 Months - 4 Years,657493,2026-01-31,37.4140190677065
Illinois,6 Months - 4 Years,657493,2026-02-07,38.2906529083808
Illinois,6 Months - 4 Years,657493,2026-02-14,38.6147350294616
Illinois,6 Months - 4 Years,657493,2026-02-21,38.8448905509063
Illinois,6 Months - 4 Years,657493,2026-02-28,39.0142034748215
Illinois,6 Months - 4 Years,657493,2026-03-07,39.3572307847368
Illinois,6 Months - 4 Years,657493,2026-03-14,39.6154366055792
Illinois,6 Months - 4 Years,657493,2026-03-21,39.9922820525296
Illinois,6 Months - 4 Years,657493,2026-03-28,40.4588661667297
Illinois,6 Months - 4 Years,657493,2026-04-04,40.953670465987
Illinois,6 Months - 4 Years,657493,2026-04-11,41.7578188440789
Illinois,6 Months - 4 Years,657493,2026-04-18,41.9523653344251
Illinois,6 Months - 4 Years,657493,2026-04-25,42.0214652191214
Illinois,6 Months - 4 Years,657493,2026-05-02,42.0317807371354
Illinois,6 Months - 4 Years,657493,2026-05-09,42.049880224996
Illinois,6 Months - 4 Years,657493,2026-05-16,42.0536866667616
Illinois,6 Months - 4 Years,657493,2026-05-23,42.0549082397089
Illinois,6 Months - 4 Years,657493,2026-05-30,42.0549694132363
Illinois,6 Months - 4 Years,657493,2026-06-06,42.055
Illinois,6 Months - 4 Years,657493,2026-06-13,42.055
Illinois,5-12 Years,1234135,2025-08-16,3.36726732017559
Illinois,5-12 Years,1234135,2025-08-23,3.36726732017559
Illinois,5-12 Years,1234135,2025-08-30,3.36726732017559
Illinois,5-12 Years,1234135,2025-09-06,3.36726732017559
Illinois,5-12 Years,1234135,2025-09-13,4.5027582710385
Illinois,5-12 Years,1234135,2025-09-20,5.1393018235018
Illinois,5-12 Years,1234135,2025-09-27,6.09901298569837
Illinois,5-12 Years,1234135,2025-10-04,8.40141747888669
Illinois,5-12 Years,1234135,2025-10-11,9.93466017660404
Illinois,5-12 Years,1234135,2025-10-18,11.8501242889368
Illinois,5-12 Years,1234135,2025-10-25,14.1103202445862
Illinois,5-12 Years,1234135,2025-11-01,16.7629813403954
Illinois,5-12 Years,1234135,2025-11-08,21.8028396246804
Illinois,5-12 Years,1234135,2025-11-15,23.8911901349889
Illinois,5-12 Years,1234135,2025-11-22,25.6373773613148
Illinois,5-12 Years,1234135,2025-11-29,27.0659809163424
Illinois,5-12 Years,1234135,2025-12-06,29.5320013127796
Illinois,5-12 Years,1234135,2025-12-13,30.428397094228
Illinois,5-12 Years,1234135,2025-12-20,31.0804910264507
Illinois,5-12 Years,1234135,2025-12-27,31.5510445183407
Illinois,5-12 Years,1234135,2026-01-03,32.0526842467559
Illinois,5-12 Years,1234135,2026-01-10,32.8031007662859
Illinois,5-12 Years,1234135,2026-01-17,33.108048948055
Illinois,5-12 Years,1234135,2026-01-24,33.3933605633898
Illinois,5-12 Years,1234135,2026-01-31,33.6196196788492
Illinois,5-12 Years,1234135,2026-02-07,34.1081786501555
Illinois,5-12 Years,1234135,2026-02-14,34.3189583139819
Illinois,5-12 Years,1234135,2026-02-21,34.5054236085098
Illinois,5-12 Years,1234135,2026-02-28,34.6736849679453
Illinois,5-12 Years,1234135,2026-03-07,34.9989109385136
Illinois,5-12 Years,1234135,2026-03-14,35.1680461682336
Illinois,5-12 Years,1234135,2026-03-21,35.3499454701597
Illinois,5-12 Years,1234135,2026-03-28,35.5348404408184
Illinois,5-12 Years,1234135,2026-04-04,35.7213239236987
Illinois,5-12 Years,1234135,2026-04-11,36.0044006979341
Illinois,5-12 Years,1234135,2026-04-18,36.0743846412685
Illinois,5-12 Years,1234135,2026-04-25,36.1059565883905
Illinois,5-12 Years,1234135,2026-05-02,36.1163418221997
Illinois,5-12 Years,1234135,2026-05-09,36.1346616793042
Illinois,5-12 Years,1234135,2026-05-16,36.1386117608569
Illinois,5-12 Years,1234135,2026-05-23,36.1399015065939
Illinois,5-12 Years,1234135,2026-05-30,36.1399671688646
Illinois,5-12 Years,1234135,2026-06-06,36.14
Illinois,5-12 Years,1234135,2026-06-13,36.14
Illinois,13-17 Years,816181,2025-08-16,2.96044243273504
Illinois,13-17 Years,816181,2025-08-23,2.96044243273504
Illinois,13-17 Years,816181,2025-08-30,2.96044243273504
Illinois,13-17 Years,816181,2025-09-06,2.96044243273504
Illinois,13-17 Years,816181,2025-09-13,4.01980786074113
Illinois,13-17 Years,816181,2025-09-20,4.71015393371958
Illinois,13-17 Years,816181,2025-09-27,5.62355898543866
Illinois,13-17 Years,816181,2025-10-04,7.72578385500681
Illinois,13-17 Years,816181,2025-10-11,9.05514116196895
Illinois,13-17 Years,816181,2025-10-18,10.6600959239279
Illinois,13-17 Years,816181,2025-10-25,12.5071167448971
Illinois,13-17 Years,816181,2025-11-01,14.6496096829201
Illinois,13-17 Years,816181,2025-11-08,18.6820958203416
Illinois,13-17 Years,816181,2025-11-15,20.3497470176494
Illinois,13-17 Years,816181,2025-11-22,21.7533601286681
Illinois,13-17 Years,816181,2025-11-29,22.9071935645206
Illinois,13-17 Years,816181,2025-12-06,24.8884957906118
Illinois,13-17 Years,816181,2025-12-13,25.5940880550328
Illinois,13-17 Years,816181,2025-12-20,26.0921016091165
Illinois,13-17 Years,816181,2025-12-27,26.4389462072451
Illinois,13-17 Years,816181,2026-01-03,26.813228566697
Illinois,13-17 Years,816181,2026-01-10,27.376039968327
Illinois,13-17 Years,816181,2026-01-17,27.6200044094998
Illinois,13-17 Years,816181,2026-01-24,27.8600975926347
Illinois,13-17 Years,816181,2026-01-31,28.0574393163571
Illinois,13-17 Years,816181,2026-02-07,28.4823499775004
Illinois,13-17 Years,816181,2026-02-14,28.6679069873907
Illinois,13-17 Years,816181,2026-02-21,28.8317501449156
Illinois,13-17 Years,816181,2026-02-28,28.9716168354513
Illinois,13-17 Years,816181,2026-03-07,29.207983673483
Illinois,13-17 Years,816181,2026-03-14,29.2871681362097
Illinois,13-17 Years,816181,2026-03-21,29.3377285105121
Illinois,13-17 Years,816181,2026-03-28,29.367948922086
Illinois,13-17 Years,816181,2026-04-04,29.3981344864915
Illinois,13-17 Years,816181,2026-04-11,29.4406672780356
Illinois,13-17 Years,816181,2026-04-18,29.4573733816766
Illinois,13-17 Years,816181,2026-04-25,29.4726728071685
Illinois,13-17 Years,816181,2026-05-02,29.4835081345429
Illinois,13-17 Years,816181,2026-05-09,29.5032507220113
Illinois,13-17 Years,816181,2026-05-16,29.5081281593201
Illinois,13-17 Years,816181,2026-05-23,29.5098580367928
Illinois,13-17 Years,816181,2026-05-30,29.5099526789309
Illinois,13-17 Years,816181,2026-06-06,29.51
Illinois,13-17 Years,816181,2026-06-13,29.51
Illinois,6 Months - 17 Years,2707809,2025-08-16,3.11222507018613
Illinois,6 Months - 17 Years,2707809,2025-08-23,3.11222507018613
Illinois,6 Months - 17 Years,2707809,2025-08-30,3.11222507018613
Illinois,6 Months - 17 Years,2707809,2025-09-06,3.11222507018613
Illinois,6 Months - 17 Years,2707809,2025-09-13,4.24487261385573
Illinois,6 Months - 17 Years,2707809,2025-09-20,5.01195152692235
Illinois,6 Months - 17 Years,2707809,2025-09-27,6.04628348500202
Illinois,6 Months - 17 Years,2707809,2025-10-04,8.44260471161235
Illinois,6 Months - 17 Years,2707809,2025-10-11,9.97059554068616
Illinois,6 Months - 17 Years,2707809,2025-10-18,11.8255851326612
Illinois,6 Months - 17 Years,2707809,2025-10-25,13.9694759029904
Illinois,6 Months - 17 Years,2707809,2025-11-01,16.4622329824019
Illinois,6 Months - 17 Years,2707809,2025-11-08,21.1626618220145
Illinois,6 Months - 17 Years,2707809,2025-11-15,23.1060386752036
Illinois,6 Months - 17 Years,2707809,2025-11-22,24.7392239057204
Illinois,6 Months - 17 Years,2707809,2025-11-29,26.0846478267489
Illinois,6 Months - 17 Years,2707809,2025-12-06,28.4172655680087
Illinois,6 Months - 17 Years,2707809,2025-12-13,29.2736082563569
Illinois,6 Months - 17 Years,2707809,2025-12-20,29.9037305123175
Illinois,6 Months - 17 Years,2707809,2025-12-27,30.3660164674269
Illinois,6 Months - 17 Years,2707809,2026-01-03,30.872412823467
Illinois,6 Months - 17 Years,2707809,2026-01-10,31.6450655113284
Illinois,6 Months - 17 Years,2707809,2026-01-17,31.9828285988753
Illinois,6 Months - 17 Years,2707809,2026-01-24,32.3148911524322
Illinois,6 Months - 17 Years,2707809,2026-01-31,32.5861911065129
Illinois,6 Months - 17 Years,2707809,2026-02-07,33.1599895254112
Illinois,6 Months - 17 Years,2707809,2026-02-14,33.3915821604669
Illinois,6 Months - 17 Years,2707809,2026-02-21,33.5793449730086
Illinois,6 Months - 17 Years,2707809,2026-02-28,33.7361539971948
Illinois,6 Months - 17 Years,2707809,2026-03-07,34.0384595337199
Illinois,6 Months - 17 Years,2707809,2026-03-14,34.2057487363148
Illinois,6 Months - 17 Years,2707809,2026-03-21,34.3990598542719
Illinois,6 Months - 17 Years,2707809,2026-03-28,34.6063318237697
Illinois,6 Months - 17 Years,2707809,2026-04-04,34.8181696888103
Illinois,6 Months - 17 Years,2707809,2026-04-11,35.1454419460091
Illinois,6 Months - 17 Years,2707809,2026-04-18,35.2262022529781
Illinois,6 Months - 17 Years,2707809,2026-04-25,35.2610537553984
Illinois,6 Months - 17 Years,2707809,2026-05-02,35.2714256709497
Illinois,6 Months - 17 Years,2707809,2026-05-09,35.2897034294967
Illinois,6 Months - 17 Years,2707809,2026-05-16,35.2936260706148
Illinois,6 Months - 17 Years,2707809,2026-05-23,35.2949027928643
Illinois,6 Months - 17 Years,2707809,2026-05-30,35.2949675976214
Illinois,6 Months - 17 Years,2707809,2026-06-06,35.295
Illinois,6 Months - 17 Years,2707809,2026-06-13,35.295
Illinois,18-49 Years,5266167,2025-08-16,0.838722736491213
Illinois,18-49 Years,5266167,2025-08-23,0.838722736491213
Illinois,18-49 Years,5266167,2025-08-30,0.838722736491213
Illinois,18-49 Years,5266167,2025-09-06,0.838722736491213
Illinois,18-49 Years,5266167,2025-09-13,1.15074543659654
Illinois,18-49 Years,5266167,2025-09-20,1.37314456154385
Illinois,18-49 Years,5266167,2025-09-27,1.82291170773239
Illinois,18-49 Years,5266167,2025-10-04,2.97772279742601
Illinois,18-49 Years,5266167,2025-10-11,3.80486127639875
Illinois,18-49 Years,5266167,2025-10-18,4.88519871555977
Illinois,18-49 Years,5266167,2025-10-25,6.20257080195443
Illinois,18-49 Years,5266167,2025-11-01,7.77739466034089
Illinois,18-49 Years,5266167,2025-11-08,10.8171880235729
Illinois,18-49 Years,5266167,2025-11-15,12.088223024798
Illinois,18-49 Years,5266167,2025-11-22,13.1503764703563
Illinois,18-49 Years,5266167,2025-11-29,14.0305004551611
Illinois,18-49 Years,5266167,2025-12-06,15.6102506676688
Illinois,18-49 Years,5266167,2025-12-13,16.2573159176196
Illinois,18-49 Years,5266167,2025-12-20,16.8029370022161
Illinois,18-49 Years,5266167,2025-12-27,17.2641780481784
Illinois,18-49 Years,5266167,2026-01-03,17.7658174304599
Illinois,18-49 Years,5266167,2026-01-10,18.538362638339
Illinois,18-49 Years,5266167,2026-01-17,18.8304726916875
Illinois,18-49 Years,5266167,2026-01-24,19.0822114057672
Illinois,18-49 Years,5266167,2026-01-31,19.2734167548031
Illinois,18-49 Years,5266167,2026-02-07,19.7049435921361
Illinois,18-49 Years,5266167,2026-02-14,19.9191839563647
Illinois,18-49 Years,5266167,2026-02-21,20.1383598482638
Illinois,18-49 Years,5266167,2026-02-28,20.3573250543109
Illinois,18-49 Years,5266167,2026-03-07,20.7761465627081
Illinois,18-49 Years,5266167,2026-03-14,20.9628522870869
Illinois,18-49 Years,5266167,2026-03-21,21.1278103844683
Illinois,18-49 Years,5266167,2026-03-28,21.2718150462171
Illinois,18-49 Years,5266167,2026-04-04,21.4284868887229
Illinois,18-49 Years,5266167,2026-04-11,21.6716720887296
Illinois,18-49 Years,5266167,2026-04-18,21.7619829009188
Illinois,18-49 Years,5266167,2026-04-25,21.8370340034898
Illinois,18-49 Years,5266167,2026-05-02,21.8896827886861
Illinois,18-49 Years,5266167,2026-05-09,21.9980095704024
Illinois,18-49 Years,5266167,2026-05-16,22.0399300376984
Illinois,18-49 Years,5266167,2026-05-23,22.0737954167197
Illinois,18-49 Years,5266167,2026-05-30,22.1008020424162
Illinois,18-49 Years,5266167,2026-06-06,22.1446585726526
Illinois,18-49 Years,5266167,2026-06-13,22.15568423088
Illinois,50-64 Years,2426795,2025-08-16,0.648740113789944
Illinois,50-64 Years,2426795,2025-08-23,0.648740113789944
Illinois,50-64 Years,2426795,2025-08-30,0.648740113789944
Illinois,50-64 Years,2426795,2025-09-06,0.648740113789944
Illinois,50-64 Years,2426795,2025-09-13,0.982410560818347
Illinois,50-64 Years,2426795,2025-09-20,1.35498705218319
Illinois,50-64 Years,2426795,2025-09-27,2.07814230290847
Illinois,50-64 Years,2426795,2025-10-04,3.92061897331908
Illinois,50-64 Years,2426795,2025-10-11,5.24107761897589
Illinois,50-64 Years,2426795,2025-10-18,6.97081854982259
Illinois,50-64 Years,2426795,2025-10-25,9.07273649906642
Illinois,50-64 Years,2426795,2025-11-01,11.5530880284227
Illinois,50-64 Years,2426795,2025-11-08,16.2439127753561
Illinois,50-64 Years,2426795,2025-11-15,18.1033456726513
Illinois,50-64 Years,2426795,2025-11-22,19.5680789371753
Illinois,50-64 Years,2426795,2025-11-29,20.7047479239694
Illinois,50-64 Years,2426795,2025-12-06,22.6748230302119
Illinois,50-64 Years,2426795,2025-12-13,23.4265771292618
Illinois,50-64 Years,2426795,2025-12-20,24.020874385943
Illinois,50-64 Years,2426795,2025-12-27,24.4935377346675
Illinois,50-64 Years,2426795,2026-01-03,24.9983209894271
Illinois,50-64 Years,2426795,2026-01-10,25.7609007322661
Illinois,50-64 Years,2426795,2026-01-17,26.0487246535995
Illinois,50-64 Years,2426795,2026-01-24,26.2997705282231
Illinois,50-64 Years,2426795,2026-01-31,26.4914231025426
Illinois,50-64 Years,2426795,2026-02-07,26.9212744815717
Illinois,50-64 Years,2426795,2026-02-14,27.1315167011306
Illinois,50-64 Years,2426795,2026-02-21,27.3435253426763
Illinois,50-64 Years,2426795,2026-02-28,27.5518297296036
Illinois,50-64 Years,2426795,2026-03-07,27.9445433163739
Illinois,50-64 Years,2426795,2026-03-14,28.1177913299394
Illinois,50-64 Years,2426795,2026-03-21,28.2705333646875
Illinois,50-64 Years,2426795,2026-03-28,28.4003484512461
Illinois,50-64 Years,2426795,2026-04-04,28.5207098944158
Illinois,50-64 Years,2426795,2026-04-11,28.6880435831565
Illinois,50-64 Years,2426795,2026-04-18,28.7208704836665
Illinois,50-64 Years,2426795,2026-04-25,28.73
Illinois,50-64 Years,2426795,2026-05-02,28.73
Illinois,50-64 Years,2426795,2026-05-09,28.73
Illinois,50-64 Years,2426795,2026-05-16,28.73
Illinois,50-64 Years,2426795,2026-05-23,28.73
Illinois,50-64 Years,2426795,2026-05-30,28.73
Illinois,50-64 Years,2426795,2026-06-06,28.73
Illinois,50-64 Years,2426795,2026-06-13,28.73
Illinois,65+ Years,2089234,2025-08-16,2.24498394357272
Illinois,65+ Years,2089234,2025-08-23,2.24498394357272
Illinois,65+ Years,2089234,2025-08-30,2.24498394357272
Illinois,65+ Years,2089234,2025-09-06,2.24498394357272
Illinois,65+ Years,2089234,2025-09-13,3.418279346982
Illinois,65+ Years,2089234,2025-09-20,4.74462792731488
Illinois,65+ Years,2089234,2025-09-27,6.71579165428041
Illinois,65+ Years,2089234,2025-10-04,11.4256952191826
Illinois,65+ Years,2089234,2025-10-11,14.5632983607107
Illinois,65+ Years,2089234,2025-10-18,18.4909380278594
Illinois,65+ Years,2089234,2025-10-25,23.1161350006203
Illinois,65+ Years,2089234,2025-11-01,28.4989546220923
Illinois,65+ Years,2089234,2025-11-08,38.5766599744814
Illinois,65+ Years,2089234,2025-11-15,42.5815982712883
Illinois,65+ Years,2089234,2025-11-22,45.7834541889871
Illinois,65+ Years,2089234,2025-11-29,48.297344152569
Illinois,65+ Years,2089234,2025-12-06,52.6075255410243
Illinois,65+ Years,2089234,2025-12-13,54.1729712033052
Illinois,65+ Years,2089234,2025-12-20,55.3262160094023
Illinois,65+ Years,2089234,2025-12-27,56.1829632157347
Illinois,65+ Years,2089234,2026-01-03,57.1647754639018
Illinois,65+ Years,2089234,2026-01-10,58.7078702379549
Illinois,65+ Years,2089234,2026-01-17,59.4696146807325
Illinois,65+ Years,2089234,2026-01-24,60.2808697121405
Illinois,65+ Years,2089234,2026-01-31,60.9832252127406
Illinois,65+ Years,2089234,2026-02-07,62.452304315451
Illinois,65+ Years,2089234,2026-02-14,63.0257376008314
Illinois,65+ Years,2089234,2026-02-21,63.4609533276467
Illinois,65+ Years,2089234,2026-02-28,63.7939952969759
Illinois,65+ Years,2089234,2026-03-07,64.4017923221754
Illinois,65+ Years,2089234,2026-03-14,64.6893390928094
Illinois,65+ Years,2089234,2026-03-21,64.9831412811902
Illinois,65+ Years,2089234,2026-03-28,65.2814996239965
Illinois,65+ Years,2089234,2026-04-04,65.6315036561859
Illinois,65+ Years,2089234,2026-04-11,66.2067740606905
Illinois,65+ Years,2089234,2026-04-18,66.4370609044453
Illinois,65+ Years,2089234,2026-04-25,66.6388871851155
Illinois,65+ Years,2089234,2026-05-02,66.7986209519458
Illinois,65+ Years,2089234,2026-05-09,67.1709453181497
Illinois,65+ Years,2089234,2026-05-16,67.3683898496595
Illinois,65+ Years,2089234,2026-05-23,67.5817074291423
Illinois,65+ Years,2089234,2026-05-30,67.810520681597
Illinois,65+ Years,2089234,2026-06-06,68.2859276992688
Illinois,65+ Years,2089234,2026-06-13,68.5374511827649
Indiana,6 Months - 4 Years,375193,2025-08-16,4.52192303520959
Indiana,6 Months - 4 Years,375193,2025-08-23,4.52192303520959
Indiana,6 Months - 4 Years,375193,2025-08-30,4.52192303520959
Indiana,6 Months - 4 Years,375193,2025-09-06,4.52192303520959
Indiana,6 Months - 4 Years,375193,2025-09-13,5.98678322377103
Indiana,6 Months - 4 Years,375193,2025-09-20,6.70854041687435
Indiana,6 Months - 4 Years,375193,2025-09-27,7.60098316906479
Indiana,6 Months - 4 Years,375193,2025-10-04,9.60219451666494
Indiana,6 Months - 4 Years,375193,2025-10-11,10.8021969367731
Indiana,6 Months - 4 Years,375193,2025-10-18,12.1878305657951
Indiana,6 Months - 4 Years,375193,2025-10-25,13.7496864843196
Indiana,6 Months - 4 Years,375193,2025-11-01,15.5983119746606
Indiana,6 Months - 4 Years,375193,2025-11-08,19.2511280025218
Indiana,6 Months - 4 Years,375193,2025-11-15,21.0158422973148
Indiana,6 Months - 4 Years,375193,2025-11-22,22.7509066656201
Indiana,6 Months - 4 Years,375193,2025-11-29,24.3865248201528
Indiana,6 Months - 4 Years,375193,2025-12-06,27.3376641459502
Indiana,6 Months - 4 Years,375193,2025-12-13,28.4547394594723
Indiana,6 Months - 4 Years,375193,2025-12-20,29.2622250678901
Indiana,6 Months - 4 Years,375193,2025-12-27,29.829811331086
Indiana,6 Months - 4 Years,375193,2026-01-03,30.4433862274764
Indiana,6 Months - 4 Years,375193,2026-01-10,31.3699529930326
Indiana,6 Months - 4 Years,375193,2026-01-17,31.7714632521551
Indiana,6 Months - 4 Years,375193,2026-01-24,32.163355724224
Indiana,6 Months - 4 Years,375193,2026-01-31,32.4781542199326
Indiana,6 Months - 4 Years,375193,2026-02-07,33.130013354599
Indiana,6 Months - 4 Years,375193,2026-02-14,33.3767644662018
Indiana,6 Months - 4 Years,375193,2026-02-21,33.5623316405543
Indiana,6 Months - 4 Years,375193,2026-02-28,33.7069089234324
Indiana,6 Months - 4 Years,375193,2026-03-07,33.9847056691102
Indiana,6 Months - 4 Years,375193,2026-03-14,34.1402177416266
Indiana,6 Months - 4 Years,375193,2026-03-21,34.3261341579575
Indiana,6 Months - 4 Years,375193,2026-03-28,34.540572691765
Indiana,6 Months - 4 Years,375193,2026-04-04,34.8150666391804
Indiana,6 Months - 4 Years,375193,2026-04-11,35.2953408088837
Indiana,6 Months - 4 Years,375193,2026-04-18,35.5152080734831
Indiana,6 Months - 4 Years,375193,2026-04-25,35.7222707702771
Indiana,6 Months - 4 Years,375193,2026-05-02,35.8839598248503
Indiana,6 Months - 4 Years,375193,2026-05-09,36.21542703252
Indiana,6 Months - 4 Years,375193,2026-05-16,36.341259415574
Indiana,6 Months - 4 Years,375193,2026-05-23,36.4362512699926
Indiana,6 Months - 4 Years,375193,2026-05-30,36.5060081429332
Indiana,6 Months - 4 Years,375193,2026-06-06,36.6142058353361
Indiana,6 Months - 4 Years,375193,2026-06-13,36.6342965717164
Indiana,5-12 Years,699229,2025-08-16,2.63395303599799
Indiana,5-12 Years,699229,2025-08-23,2.63395303599799
Indiana,5-12 Years,699229,2025-08-30,2.63395303599799
Indiana,5-12 Years,699229,2025-09-06,2.63395303599799
Indiana,5-12 Years,699229,2025-09-13,3.45948507818537
Indiana,5-12 Years,699229,2025-09-20,3.82245391306144
Indiana,5-12 Years,699229,2025-09-27,4.54264963893471
Indiana,5-12 Years,699229,2025-10-04,6.38564676424483
Indiana,5-12 Years,699229,2025-10-11,7.71737159327206
Indiana,5-12 Years,699229,2025-10-18,9.47224831123419
Indiana,5-12 Years,699229,2025-10-25,11.6085366156246
Indiana,5-12 Years,699229,2025-11-01,14.1197331308576
Indiana,5-12 Years,699229,2025-11-08,18.8264783518722
Indiana,5-12 Years,699229,2025-11-15,20.6324076799609
Indiana,5-12 Years,699229,2025-11-22,22.0005128052617
Indiana,5-12 Years,699229,2025-11-29,23.0319490895201
Indiana,5-12 Years,699229,2025-12-06,24.8636005286289
Indiana,5-12 Years,699229,2025-12-13,25.6383473024194
Indiana,5-12 Years,699229,2025-12-20,26.3360169210577
Indiana,5-12 Years,699229,2025-12-27,26.9643129012668
Indiana,5-12 Years,699229,2026-01-03,27.6388924770372
Indiana,5-12 Years,699229,2026-01-10,28.6768293772509
Indiana,5-12 Years,699229,2026-01-17,29.0357700154908
Indiana,5-12 Years,699229,2026-01-24,29.3168929159104
Indiana,5-12 Years,699229,2026-01-31,29.5151391757911
Indiana,5-12 Years,699229,2026-02-07,29.9718507983616
Indiana,5-12 Years,699229,2026-02-14,30.2182977252659
Indiana,5-12 Years,699229,2026-02-21,30.4901811411307
Indiana,5-12 Years,699229,2026-02-28,30.7684402266025
Indiana,5-12 Years,699229,2026-03-07,31.2726548176993
Indiana,5-12 Years,699229,2026-03-14,31.4533960874208
Indiana,5-12 Years,699229,2026-03-21,31.5681440690601
Indiana,5-12 Years,699229,2026-03-28,31.6350503657415
Indiana,5-12 Years,699229,2026-04-04,31.7276871386197
Indiana,5-12 Years,699229,2026-04-11,31.8904965682782
Indiana,5-12 Years,699229,2026-04-18,32.0352105989002
Indiana,5-12 Years,699229,2026-04-25,32.2411490141824
Indiana,5-12 Years,699229,2026-05-02,32.4583652189719
Indiana,5-12 Years,699229,2026-05-09,32.9022109323326
Indiana,5-12 Years,699229,2026-05-16,33.0643879127436
Indiana,5-12 Years,699229,2026-05-23,33.1663579690244
Indiana,5-12 Years,699229,2026-05-30,33.2242308938548
Indiana,5-12 Years,699229,2026-06-06,33.3105379422969
Indiana,5-12 Years,699229,2026-06-13,33.3263225547917
Indiana,13-17 Years,451792,2025-08-16,2.25396227649736
Indiana,13-17 Years,451792,2025-08-23,2.25396227649736
Indiana,13-17 Years,451792,2025-08-30,2.25396227649736
Indiana,13-17 Years,451792,2025-09-06,2.25396227649736
Indiana,13-17 Years,451792,2025-09-13,2.90925169437935
Indiana,13-17 Years,451792,2025-09-20,3.10884712954205
Indiana,13-17 Years,451792,2025-09-27,3.68189538184074
Indiana,13-17 Years,451792,2025-10-04,5.23483472710725
Indiana,13-17 Years,451792,2025-10-11,6.44816181722303
Indiana,13-17 Years,451792,2025-10-18,8.12850703068036
Indiana,13-17 Years,451792,2025-10-25,10.2164267271884
Indiana,13-17 Years,451792,2025-11-01,12.6317620466575
Indiana,13-17 Years,451792,2025-11-08,16.9988055063002
Indiana,13-17 Years,451792,2025-11-15,18.4710006643759
Indiana,13-17 Years,451792,2025-11-22,19.3973868820122
Indiana,13-17 Years,451792,2025-11-29,19.9453953178824
Indiana,13-17 Years,451792,2025-12-06,20.8525545564491
Indiana,13-17 Years,451792,2025-12-13,21.190807393942
Indiana,13-17 Years,451792,2025-12-20,21.4680375589667
Indiana,13-17 Years,451792,2025-12-27,21.7048110996319
Indiana,13-17 Years,451792,2026-01-03,21.9937217637993
Indiana,13-17 Years,451792,2026-01-10,22.4696440098353
Indiana,13-17 Years,451792,2026-01-17,22.722365104313
Indiana,13-17 Years,451792,2026-01-24,23.0008812814136
Indiana,13-17 Years,451792,2026-01-31,23.247935259429
Indiana,13-17 Years,451792,2026-02-07,23.7593386727138
Indiana,13-17 Years,451792,2026-02-14,23.9536772684747
Indiana,13-17 Years,451792,2026-02-21,24.0940353336131
Indiana,13-17 Years,451792,2026-02-28,24.1931324401962
Indiana,13-17 Years,451792,2026-03-07,24.3620346274287
Indiana,13-17 Years,451792,2026-03-14,24.428088700668
Indiana,13-17 Years,451792,2026-03-21,24.4839375101284
Indiana,13-17 Years,451792,2026-03-28,24.5329233824539
Indiana,13-17 Years,451792,2026-04-04,24.5946778082743
Indiana,13-17 Years,451792,2026-04-11,24.6988911297832
Indiana,13-17 Years,451792,2026-04-18,24.7582798124203
Indiana,13-17 Years,451792,2026-04-25,24.8248276614893
Indiana,13-17 Years,451792,2026-05-02,24.8808596701354
Indiana,13-17 Years,451792,2026-05-09,24.9854373741926
Indiana,13-17 Years,451792,2026-05-16,25.0136472985573
Indiana,13-17 Years,451792,2026-05-23,25.0241109931287
Indiana,13-17 Years,451792,2026-05-30,25.0247036643762
Indiana,13-17 Years,451792,2026-06-06,25.025
Indiana,13-17 Years,451792,2026-06-13,25.025
Indiana,6 Months - 17 Years,1526214,2025-08-16,2.86622557777461
Indiana,6 Months - 17 Years,1526214,2025-08-23,2.86622557777461
Indiana,6 Months - 17 Years,1526214,2025-08-30,2.86622557777461
Indiana,6 Months - 17 Years,1526214,2025-09-06,2.86622557777461
Indiana,6 Months - 17 Years,1526214,2025-09-13,3.75487240126982
Indiana,6 Months - 17 Years,1526214,2025-09-20,4.12868027000375
Indiana,6 Months - 17 Years,1526214,2025-09-27,4.82789685410849
Indiana,6 Months - 17 Years,1526214,2025-10-04,6.59617505965364
Indiana,6 Months - 17 Years,1526214,2025-10-11,7.85715207400723
Indiana,6 Months - 17 Years,1526214,2025-10-18,9.50550707832824
Indiana,6 Months - 17 Years,1526214,2025-10-25,11.5019647654696
Indiana,6 Months - 17 Years,1526214,2025-11-01,13.8451996841073
Indiana,6 Months - 17 Years,1526214,2025-11-08,18.2381371491549
Indiana,6 Months - 17 Years,1526214,2025-11-15,19.9370029048826
Indiana,6 Months - 17 Years,1526214,2025-11-22,21.238837413783
Indiana,6 Months - 17 Years,1526214,2025-11-29,22.2261866179137
Indiana,6 Months - 17 Years,1526214,2025-12-06,23.9513572221783
Indiana,6 Months - 17 Years,1526214,2025-12-13,24.6363503664551
Indiana,6 Months - 17 Years,1526214,2025-12-20,25.2087007885769
Indiana,6 Months - 17 Years,1526214,2025-12-27,25.6926938263539
Indiana,6 Months - 17 Years,1526214,2026-01-03,26.2277432180593
Indiana,6 Months - 17 Years,1526214,2026-01-10,27.0594862565089
Indiana,6 Months - 17 Years,1526214,2026-01-17,27.393945849846
Indiana,6 Months - 17 Years,1526214,2026-01-24,27.6975179147281
Indiana,6 Months - 17 Years,1526214,2026-01-31,27.9334727876756
Indiana,6 Months - 17 Years,1526214,2026-02-07,28.4457123589057
Indiana,6 Months - 17 Years,1526214,2026-02-14,28.6735052044459
Indiana,6 Months - 17 Years,1526214,2026-02-21,28.8815251727458
Indiana,6 Months - 17 Years,1526214,2026-02-28,29.0690681978883
Indiana,6 Months - 17 Years,1526214,2026-03-07,29.4075023520444
Indiana,6 Months - 17 Years,1526214,2026-03-14,29.5411294914135
Indiana,6 Months - 17 Years,1526214,2026-03-21,29.6465142595947
Indiana,6 Months - 17 Years,1526214,2026-03-28,29.7317358415475
Indiana,6 Months - 17 Years,1526214,2026-04-04,29.8454232065134
Indiana,6 Months - 17 Years,1526214,2026-04-11,30.0423651756803
Indiana,6 Months - 17 Years,1526214,2026-04-18,30.1744570361154
Indiana,6 Months - 17 Years,1526214,2026-04-25,30.3389551265513
Indiana,6 Months - 17 Years,1526214,2026-05-02,30.496089097261
Indiana,6 Months - 17 Years,1526214,2026-05-09,30.814273039644
Indiana,6 Months - 17 Years,1526214,2026-05-16,30.9282967913143
Indiana,6 Months - 17 Years,1526214,2026-05-23,31.0012871934478
Indiana,6 Months - 17 Years,1526214,2026-05-30,31.0444547161733
Indiana,6 Months - 17 Years,1526214,2026-06-06,31.1090987557472
Indiana,6 Months - 17 Years,1526214,2026-06-13,31.1209444634456
Indiana,18-49 Years,2791976,2025-08-16,0.639939057440306
Indiana,18-49 Years,2791976,2025-08-23,0.639939057440306
Indiana,18-49 Years,2791976,2025-08-30,0.639939057440306
Indiana,18-49 Years,2791976,2025-09-06,0.639939057440306
Indiana,18-49 Years,2791976,2025-09-13,0.925766537135233
Indiana,18-49 Years,2791976,2025-09-20,1.19896067251859
Indiana,18-49 Years,2791976,2025-09-27,1.67257704086027
Indiana,18-49 Years,2791976,2025-10-04,2.85028227616511
Indiana,18-49 Years,2791976,2025-10-11,3.66780557112661
Indiana,18-49 Years,2791976,2025-10-18,4.7163708812783
Indiana,18-49 Years,2791976,2025-10-25,5.97663831830165
Indiana,18-49 Years,2791976,2025-11-01,7.46752132282414
Indiana,18-49 Years,2791976,2025-11-08,10.3153983212475
Indiana,18-49 Years,2791976,2025-11-15,11.491806922141
Indiana,18-49 Years,2791976,2025-11-22,12.4660384172378
Indiana,18-49 Years,2791976,2025-11-29,13.2574925819373
Indiana,18-49 Years,2791976,2025-12-06,14.6304317109097
Indiana,18-49 Years,2791976,2025-12-13,15.1368113542509
Indiana,18-49 Years,2791976,2025-12-20,15.5123749756547
Indiana,18-49 Years,2791976,2025-12-27,15.7919447492765
Indiana,18-49 Years,2791976,2026-01-03,16.1075019854505
Indiana,18-49 Years,2791976,2026-01-10,16.5981982808371
Indiana,18-49 Years,2791976,2026-01-17,16.8259518218109
Indiana,18-49 Years,2791976,2026-01-24,17.0609402523769
Indiana,18-49 Years,2791976,2026-01-31,17.2672627901249
Indiana,18-49 Years,2791976,2026-02-07,17.7320299371904
Indiana,18-49 Years,2791976,2026-02-14,17.9584189315438
Indiana,18-49 Years,2791976,2026-02-21,18.1787069223471
Indiana,18-49 Years,2791976,2026-02-28,18.3883371063845
Indiana,18-49 Years,2791976,2026-03-07,18.780354581802
Indiana,18-49 Years,2791976,2026-03-14,18.9497662946047
Indiana,18-49 Years,2791976,2026-03-21,19.0961253442779
Indiana,18-49 Years,2791976,2026-03-28,19.2199602688015
Indiana,18-49 Years,2791976,2026-04-04,19.3443798424286
Indiana,18-49 Years,2791976,2026-04-11,19.526902625875
Indiana,18-49 Years,2791976,2026-04-18,19.5786766980553
Indiana,18-49 Years,2791976,2026-04-25,19.6113432333652
Indiana,18-49 Years,2791976,2026-05-02,19.6311379969524
Indiana,18-49 Years,2791976,2026-05-09,19.6807281266946
Indiana,18-49 Years,2791976,2026-05-16,19.7131411479274
Indiana,18-49 Years,2791976,2026-05-23,19.7560331431464
Indiana,18-49 Years,2791976,2026-05-30,19.8100482790282
Indiana,18-49 Years,2791976,2026-06-06,19.9323063584409
Indiana,18-49 Years,2791976,2026-06-13,20.003155270014
Indiana,50-64 Years,1278413,2025-08-16,0.656921905478636
Indiana,50-64 Years,1278413,2025-08-23,0.656921905478636
Indiana,50-64 Years,1278413,2025-08-30,0.656921905478636
Indiana,50-64 Years,1278413,2025-09-06,0.656921905478636
Indiana,50-64 Years,1278413,2025-09-13,1.03934438209643
Indiana,50-64 Years,1278413,2025-09-20,1.51262140178066
Indiana,50-64 Years,1278413,2025-09-27,2.26728668532475
Indiana,50-64 Years,1278413,2025-10-04,4.10558113207355
Indiana,50-64 Years,1278413,2025-10-11,5.34965217420631
Indiana,50-64 Years,1278413,2025-10-18,6.91903831949894
Indiana,50-64 Years,1278413,2025-10-25,8.78595200348432
Indiana,50-64 Years,1278413,2025-11-01,10.9906875480725
Indiana,50-64 Years,1278413,2025-11-08,15.2061023485326
Indiana,50-64 Years,1278413,2025-11-15,16.9656247822315
Indiana,50-64 Years,1278413,2025-11-22,18.4450754179982
Indiana,50-64 Years,1278413,2025-11-29,19.6717034179606
Indiana,50-64 Years,1278413,2025-12-06,21.8411162537623
Indiana,50-64 Years,1278413,2025-12-13,22.6910391647989
Indiana,50-64 Years,1278413,2025-12-20,23.3709990581376
Indiana,50-64 Years,1278413,2025-12-27,23.9142570933597
Indiana,50-64 Years,1278413,2026-01-03,24.4868711521533
Indiana,50-64 Years,1278413,2026-01-10,25.3456543877865
Indiana,50-64 Years,1278413,2026-01-17,25.6534942639798
Indiana,50-64 Years,1278413,2026-01-24,25.9095323066686
Indiana,50-64 Years,1278413,2026-01-31,26.0990431850312
Indiana,50-64 Years,1278413,2026-02-07,26.530874751275
Indiana,50-64 Years,1278413,2026-02-14,26.7511031276083
Indiana,50-64 Years,1278413,2026-02-21,26.983776022457
Indiana,50-64 Years,1278413,2026-02-28,27.2241622223664
Indiana,50-64 Years,1278413,2026-03-07,27.6966416889544
Indiana,50-64 Years,1278413,2026-03-14,27.9191497687358
Indiana,50-64 Years,1278413,2026-03-21,28.1261413251894
Indiana,50-64 Years,1278413,2026-03-28,28.3163797556885
Indiana,50-64 Years,1278413,2026-04-04,28.5309419938449
Indiana,50-64 Years,1278413,2026-04-11,28.8735365818469
Indiana,50-64 Years,1278413,2026-04-18,29.008715592745
Indiana,50-64 Years,1278413,2026-04-25,29.1257164170743
Indiana,50-64 Years,1278413,2026-05-02,29.2105277324808
Indiana,50-64 Years,1278413,2026-05-09,29.3846492430401
Indiana,50-64 Years,1278413,2026-05-16,29.4514833499661
Indiana,50-64 Years,1278413,2026-05-23,29.5043255159414
Indiana,50-64 Years,1278413,2026-05-30,29.5453781555511
Indiana,50-64 Years,1278413,2026-06-06,29.6107833048333
Indiana,50-64 Years,1278413,2026-06-13,29.6253214133422
Indiana,65+ Years,1115285,2025-08-16,1.52318361951154
Indiana,65+ Years,1115285,2025-08-23,1.52318361951154
Indiana,65+ Years,1115285,2025-08-30,1.52318361951154
Indiana,65+ Years,1115285,2025-09-06,1.52318361951154
Indiana,65+ Years,1115285,2025-09-13,2.35591896499212
Indiana,65+ Years,1115285,2025-09-20,3.3372153471221
Indiana,65+ Years,1115285,2025-09-27,5.07489068773745
Indiana,65+ Years,1115285,2025-10-04,9.41737214075061
Indiana,65+ Years,1115285,2025-10-11,12.4669870650103
Indiana,65+ Years,1115285,2025-10-18,16.4139562165967
Indiana,65+ Years,1115285,2025-10-25,21.168922180854
Indiana,65+ Years,1115285,2025-11-01,26.7534925017403
Indiana,65+ Years,1115285,2025-11-08,37.2731565675949
Indiana,65+ Years,1115285,2025-11-15,41.4364952383421
Indiana,65+ Years,1115285,2025-11-22,44.720425117866
Indiana,65+ Years,1115285,2025-11-29,47.2608443726006
Indiana,65+ Years,1115285,2025-12-06,51.6016885185864
Indiana,65+ Years,1115285,2025-12-13,53.1712002875477
Indiana,65+ Years,1115285,2025-12-20,54.3246585228835
Indiana,65+ Years,1115285,2025-12-27,55.1804757979051
Indiana,65+ Years,1115285,2026-01-03,56.1630064048458
Indiana,65+ Years,1115285,2026-01-10,57.708204708379
Indiana,65+ Years,1115285,2026-01-17,58.4734051487571
Indiana,65+ Years,1115285,2026-01-24,59.2918082912628
Indiana,65+ Years,1115285,2026-01-31,60.0078324928246
Indiana,65+ Years,1115285,2026-02-07,61.5263339759886
Indiana,65+ Years,1115285,2026-02-14,62.1456526446344
Indiana,65+ Years,1115285,2026-02-21,62.6409383496676
Indiana,65+ Years,1115285,2026-02-28,63.0374475168025
Indiana,65+ Years,1115285,2026-03-07,63.7521413098844
Indiana,65+ Years,1115285,2026-03-14,64.0660329055775
Indiana,65+ Years,1115285,2026-03-21,64.3592872418294
Indiana,65+ Years,1115285,2026-03-28,64.6332965798939
Indiana,65+ Years,1115285,2026-04-04,64.9380612328674
Indiana,65+ Years,1115285,2026-04-11,65.4194016075475
Indiana,65+ Years,1115285,2026-04-18,65.5982531261069
Indiana,65+ Years,1115285,2026-04-25,65.7470583765264
Indiana,65+ Years,1115285,2026-05-02,65.85827736757
Indiana,65+ Years,1115285,2026-05-09,66.1129025393141
Indiana,65+ Years,1115285,2026-05-16,66.2425460265756
Indiana,65+ Years,1115285,2026-05-23,66.3789733165539
Indiana,65+ Years,1115285,2026-05-30,66.5216625935921
Indiana,65+ Years,1115285,2026-06-06,66.8122147291344
Indiana,65+ Years,1115285,2026-06-13,66.9615097737132
Iowa,6 Months - 4 Years,174095,2025-08-16,0.456245586721819
Iowa,6 Months - 4 Years,174095,2025-08-23,0.456245586721819
Iowa,6 Months - 4 Years,174095,2025-08-30,0.456245586721819
Iowa,6 Months - 4 Years,174095,2025-09-06,0.456245586721819
Iowa,6 Months - 4 Years,174095,2025-09-13,1.28533787790188
Iowa,6 Months - 4 Years,174095,2025-09-20,2.64867838666858
Iowa,6 Months - 4 Years,174095,2025-09-27,4.58575993034386
Iowa,6 Months - 4 Years,174095,2025-10-04,8.91964441195396
Iowa,6 Months - 4 Years,174095,2025-10-11,11.3660921462505
Iowa,6 Months - 4 Years,174095,2025-10-18,14.0917224872981
Iowa,6 Months - 4 Years,174095,2025-10-25,17.0353338212064
Iowa,6 Months - 4 Years,174095,2025-11-01,20.3363102662295
Iowa,6 Months - 4 Years,174095,2025-11-08,26.3317165123108
Iowa,6 Months - 4 Years,174095,2025-11-15,28.7004432742143
Iowa,6 Months - 4 Years,174095,2025-11-22,30.6463956028945
Iowa,6 Months - 4 Years,174095,2025-11-29,32.236859460043
Iowa,6 Months - 4 Years,174095,2025-12-06,35.0581063034893
Iowa,6 Months - 4 Years,174095,2025-12-13,36.2164820109135
Iowa,6 Months - 4 Years,174095,2025-12-20,37.2127103845543
Iowa,6 Months - 4 Years,174095,2025-12-27,38.0543528001364
Iowa,6 Months - 4 Years,174095,2026-01-03,38.8523400701671
Iowa,6 Months - 4 Years,174095,2026-01-10,39.974993895794
Iowa,6 Months - 4 Years,174095,2026-01-17,40.2285735653071
Iowa,6 Months - 4 Years,174095,2026-01-24,40.3382533202891
Iowa,6 Months - 4 Years,174095,2026-01-31,40.3765582204675
Iowa,6 Months - 4 Years,174095,2026-02-07,40.4615520713219
Iowa,6 Months - 4 Years,174095,2026-02-14,40.5021839471806
Iowa,6 Months - 4 Years,174095,2026-02-21,40.5458683456762
Iowa,6 Months - 4 Years,174095,2026-02-28,40.593860767675
Iowa,6 Months - 4 Years,174095,2026-03-07,40.6961673668367
Iowa,6 Months - 4 Years,174095,2026-03-14,40.7538757631845
Iowa,6 Months - 4 Years,174095,2026-03-21,40.8197747392992
Iowa,6 Months - 4 Years,174095,2026-03-28,40.8981371854192
Iowa,6 Months - 4 Years,174095,2026-04-04,41.0514715799428
Iowa,6 Months - 4 Years,174095,2026-04-11,41.3739641624866
Iowa,6 Months - 4 Years,174095,2026-04-18,41.6966634818345
Iowa,6 Months - 4 Years,174095,2026-04-25,42.1596742583878
Iowa,6 Months - 4 Years,174095,2026-05-02,42.6381768686173
Iowa,6 Months - 4 Years,174095,2026-05-09,43.5558992710398
Iowa,6 Months - 4 Years,174095,2026-05-16,43.8264502336769
Iowa,6 Months - 4 Years,174095,2026-05-23,43.9308712569597
Iowa,6 Months - 4 Years,174095,2026-05-30,43.9369570856532
Iowa,6 Months - 4 Years,174095,2026-06-06,43.94
Iowa,6 Months - 4 Years,174095,2026-06-13,43.94
Iowa,5-12 Years,324520,2025-08-16,3.11705791476174
Iowa,5-12 Years,324520,2025-08-23,3.11705791476174
Iowa,5-12 Years,324520,2025-08-30,3.11705791476174
Iowa,5-12 Years,324520,2025-09-06,3.11705791476174
Iowa,5-12 Years,324520,2025-09-13,4.29833928154215
Iowa,5-12 Years,324520,2025-09-20,5.16857792341864
Iowa,5-12 Years,324520,2025-09-27,6.38043143762508
Iowa,5-12 Years,324520,2025-10-04,9.2192242815618
Iowa,5-12 Years,324520,2025-10-11,11.0813956894494
Iowa,5-12 Years,324520,2025-10-18,13.3966018568316
Iowa,5-12 Years,324520,2025-10-25,16.093571999441
Iowa,5-12 Years,324520,2025-11-01,19.1750525083697
Iowa,5-12 Years,324520,2025-11-08,24.7745916792963
Iowa,5-12 Years,324520,2025-11-15,26.8229556412053
Iowa,5-12 Years,324520,2025-11-22,28.3141557001498
Iowa,5-12 Years,324520,2025-11-29,29.3878314134004
Iowa,5-12 Years,324520,2025-12-06,31.2481705661969
Iowa,5-12 Years,324520,2025-12-13,32.0022214041388
Iowa,5-12 Years,324520,2025-12-20,32.6605147497416
Iowa,5-12 Years,324520,2025-12-27,33.2338319456298
Iowa,5-12 Years,324520,2026-01-03,33.8127006440874
Iowa,5-12 Years,324520,2026-01-10,34.664631836886
Iowa,5-12 Years,324520,2026-01-17,34.9082609328626
Iowa,5-12 Years,324520,2026-01-24,35.0639922712164
Iowa,5-12 Years,324520,2026-01-31,35.1585630895135
Iowa,5-12 Years,324520,2026-02-07,35.4047783247443
Iowa,5-12 Years,324520,2026-02-14,35.5980042918202
Iowa,5-12 Years,324520,2026-02-21,35.8699769983074
Iowa,5-12 Years,324520,2026-02-28,36.1851742144327
Iowa,5-12 Years,324520,2026-03-07,36.759476922546
Iowa,5-12 Years,324520,2026-03-14,36.9451629154054
Iowa,5-12 Years,324520,2026-03-21,37.0300716959538
Iowa,5-12 Years,324520,2026-03-28,37.0433572319846
Iowa,5-12 Years,324520,2026-04-04,37.0598617037037
Iowa,5-12 Years,324520,2026-04-11,37.0894468148148
Iowa,5-12 Years,324520,2026-04-18,37.1538074074074
Iowa,5-12 Years,324520,2026-04-25,37.2659194074074
Iowa,5-12 Years,324520,2026-05-02,37.3972357777778
Iowa,5-12 Years,324520,2026-05-09,37.6527397037037
Iowa,5-12 Years,324520,2026-05-16,37.7313791111111
Iowa,5-12 Years,324520,2026-05-23,37.7622671111111
Iowa,5-12 Years,324520,2026-05-30,37.764089037037
Iowa,5-12 Years,324520,2026-06-06,37.765
Iowa,5-12 Years,324520,2026-06-13,37.765
Iowa,13-17 Years,208457,2025-08-16,1.8302502846377
Iowa,13-17 Years,208457,2025-08-23,1.8302502846377
Iowa,13-17 Years,208457,2025-08-30,1.8302502846377
Iowa,13-17 Years,208457,2025-09-06,1.8302502846377
Iowa,13-17 Years,208457,2025-09-13,2.5088646810297
Iowa,13-17 Years,208457,2025-09-20,2.98808880911351
Iowa,13-17 Years,208457,2025-09-27,3.72050826079436
Iowa,13-17 Years,208457,2025-10-04,5.48382634547261
Iowa,13-17 Years,208457,2025-10-11,6.64582638284111
Iowa,13-17 Years,208457,2025-10-18,8.08031864188723
Iowa,13-17 Years,208457,2025-10-25,9.77532544534315
Iowa,13-17 Years,208457,2025-11-01,11.8087099531244
Iowa,13-17 Years,208457,2025-11-08,15.825578182482
Iowa,13-17 Years,208457,2025-11-15,17.6785237852586
Iowa,13-17 Years,208457,2025-11-22,19.4043637494744
Iowa,13-17 Years,208457,2025-11-29,20.9662010344121
Iowa,13-17 Years,208457,2025-12-06,23.7786358884367
Iowa,13-17 Years,208457,2025-12-13,24.8813824733604
Iowa,13-17 Years,208457,2025-12-20,25.7364773038425
Iowa,13-17 Years,208457,2025-12-27,26.3837153326473
Iowa,13-17 Years,208457,2026-01-03,27.0135047012661
Iowa,13-17 Years,208457,2026-01-10,27.9031801633684
Iowa,13-17 Years,208457,2026-01-17,28.1492272973254
Iowa,13-17 Years,208457,2026-01-24,28.3052931522025
Iowa,13-17 Years,208457,2026-01-31,28.3997024818254
Iowa,13-17 Years,208457,2026-02-07,28.6453755765074
Iowa,13-17 Years,208457,2026-02-14,28.8382311449577
Iowa,13-17 Years,208457,2026-02-21,29.1100116030232
Iowa,13-17 Years,208457,2026-02-28,29.425185749338
Iowa,13-17 Years,208457,2026-03-07,29.999476922546
Iowa,13-17 Years,208457,2026-03-14,30.1851629154054
Iowa,13-17 Years,208457,2026-03-21,30.2700716959538
Iowa,13-17 Years,208457,2026-03-28,30.2833572319846
Iowa,13-17 Years,208457,2026-04-04,30.29
Iowa,13-17 Years,208457,2026-04-11,30.29
Iowa,13-17 Years,208457,2026-04-18,30.29
Iowa,13-17 Years,208457,2026-04-25,30.29
Iowa,13-17 Years,208457,2026-05-02,30.29
Iowa,13-17 Years,208457,2026-05-09,30.29
Iowa,13-17 Years,208457,2026-05-16,30.29
Iowa,13-17 Years,208457,2026-05-23,30.29
Iowa,13-17 Years,208457,2026-05-30,30.29
Iowa,13-17 Years,208457,2026-06-06,30.29
Iowa,13-17 Years,208457,2026-06-13,30.29
Iowa,6 Months - 17 Years,707072,2025-08-16,2.55654623290207
Iowa,6 Months - 17 Years,707072,2025-08-23,2.55654623290207
Iowa,6 Months - 17 Years,707072,2025-08-30,2.55654623290207
Iowa,6 Months - 17 Years,707072,2025-09-06,2.55654623290207
Iowa,6 Months - 17 Years,707072,2025-09-13,3.56138829205031
Iowa,6 Months - 17 Years,707072,2025-09-20,4.35296784203588
Iowa,6 Months - 17 Years,707072,2025-09-27,5.45117400072685
Iowa,6 Months - 17 Years,707072,2025-10-04,8.02003865203685
Iowa,6 Months - 17 Years,707072,2025-10-11,9.68399549238334
Iowa,6 Months - 17 Years,707072,2025-10-18,11.7279133293401
Iowa,6 Months - 17 Years,707072,2025-10-25,14.1050160436645
Iowa,6 Months - 17 Years,707072,2025-11-01,16.8625940092601
Iowa,6 Months - 17 Years,707072,2025-11-08,22.0195821097994
Iowa,6 Months - 17 Years,707072,2025-11-15,24.0815837748661
Iowa,6 Months - 17 Years,707072,2025-11-22,25.7498919924873
Iowa,6 Months - 17 Years,707072,2025-11-29,27.0863193864967
Iowa,6 Months - 17 Years,707072,2025-12-06,29.4378975682058
Iowa,6 Months - 17 Years,707072,2025-12-13,30.3780184145901
Iowa,6 Months - 17 Years,707072,2025-12-20,31.1620789279556
Iowa,6 Months - 17 Years,707072,2025-12-27,31.8094363203713
Iowa,6 Months - 17 Years,707072,2026-01-03,32.4421074362903
Iowa,6 Months - 17 Years,707072,2026-01-10,33.3474509156258
Iowa,6 Months - 17 Years,707072,2026-01-17,33.585007067914
Iowa,6 Months - 17 Years,707072,2026-01-24,33.7216572806196
Iowa,6 Months - 17 Years,707072,2026-01-31,33.796434912201
Iowa,6 Months - 17 Years,707072,2026-02-07,33.9947569253819
Iowa,6 Months - 17 Years,707072,2026-02-14,34.1591304019484
Iowa,6 Months - 17 Years,707072,2026-02-21,34.3985890048495
Iowa,6 Months - 17 Years,707072,2026-02-28,34.6833001351762
Iowa,6 Months - 17 Years,707072,2026-03-07,35.213744723879
Iowa,6 Months - 17 Years,707072,2026-03-14,35.3934979031609
Iowa,6 Months - 17 Years,707072,2026-03-21,35.4831107446609
Iowa,6 Months - 17 Years,707072,2026-03-28,35.5069888974121
Iowa,6 Months - 17 Years,707072,2026-04-04,35.5387101013195
Iowa,6 Months - 17 Years,707072,2026-04-11,35.5944591020605
Iowa,6 Months - 17 Years,707072,2026-04-18,35.673799907288
Iowa,6 Months - 17 Years,707072,2026-04-25,35.8015437061073
Iowa,6 Months - 17 Years,707072,2026-05-02,35.943290855785
Iowa,6 Months - 17 Years,707072,2026-05-09,36.2172586065771
Iowa,6 Months - 17 Years,707072,2026-05-16,36.2999419357588
Iowa,6 Months - 17 Years,707072,2026-05-23,36.3321642189446
Iowa,6 Months - 17 Years,707072,2026-05-30,36.3340547396482
Iowa,6 Months - 17 Years,707072,2026-06-06,36.335
Iowa,6 Months - 17 Years,707072,2026-06-13,36.335
Iowa,18-49 Years,1276765,2025-08-16,0.948845724703529
Iowa,18-49 Years,1276765,2025-08-23,0.948845724703529
Iowa,18-49 Years,1276765,2025-08-30,0.948845724703529
Iowa,18-49 Years,1276765,2025-09-06,0.948845724703529
Iowa,18-49 Years,1276765,2025-09-13,1.28267946371827
Iowa,18-49 Years,1276765,2025-09-20,1.4926767603054
Iowa,18-49 Years,1276765,2025-09-27,1.93052334568932
Iowa,18-49 Years,1276765,2025-10-04,3.06104367547173
Iowa,18-49 Years,1276765,2025-10-11,3.87513677117493
Iowa,18-49 Years,1276765,2025-10-18,4.94172087207239
Iowa,18-49 Years,1276765,2025-10-25,6.24540490618386
Iowa,18-49 Years,1276765,2025-11-01,7.80632779866266
Iowa,18-49 Years,1276765,2025-11-08,10.8244341774328
Iowa,18-49 Years,1276765,2025-11-15,12.0898001336195
Iowa,18-49 Years,1276765,2025-11-22,13.1494607143195
Iowa,18-49 Years,1276765,2025-11-29,14.0292440998876
Iowa,18-49 Years,1276765,2025-12-06,15.6084399534689
Iowa,18-49 Years,1276765,2025-12-13,16.2506228658207
Iowa,18-49 Years,1276765,2025-12-20,16.7861931405044
Iowa,18-49 Years,1276765,2025-12-27,17.2371855117421
Iowa,18-49 Years,1276765,2026-01-03,17.7502830372843
Iowa,18-49 Years,1276765,2026-01-10,18.5621681032069
Iowa,18-49 Years,1276765,2026-01-17,18.9149119512987
Iowa,18-49 Years,1276765,2026-01-24,19.2548577445178
Iowa,18-49 Years,1276765,2026-01-31,19.5336769733997
Iowa,18-49 Years,1276765,2026-02-07,20.1455974113156
Iowa,18-49 Years,1276765,2026-02-14,20.4283431776266
Iowa,18-49 Years,1276765,2026-02-21,20.6921796813882
Iowa,18-49 Years,1276765,2026-02-28,20.9276991722042
Iowa,18-49 Years,1276765,2026-03-07,21.3296269221538
Iowa,18-49 Years,1276765,2026-03-14,21.4621250850543
Iowa,18-49 Years,1276765,2026-03-21,21.5414423743496
Iowa,18-49 Years,1276765,2026-03-28,21.5841613771261
Iowa,18-49 Years,1276765,2026-04-04,21.6348573749151
Iowa,18-49 Years,1276765,2026-04-11,21.714834681027
Iowa,18-49 Years,1276765,2026-04-18,21.7678121257792
Iowa,18-49 Years,1276765,2026-04-25,21.8375835770081
Iowa,18-49 Years,1276765,2026-05-02,21.9139515509968
Iowa,18-49 Years,1276765,2026-05-09,22.0947873450236
Iowa,18-49 Years,1276765,2026-05-16,22.1918027993534
Iowa,18-49 Years,1276765,2026-05-23,22.2917511964139
Iowa,18-49 Years,1276765,2026-05-30,22.3950708094928
Iowa,18-49 Years,1276765,2026-06-06,22.6090011758714
Iowa,18-49 Years,1276765,2026-06-13,22.7218611821855
Iowa,50-64 Years,593299,2025-08-16,0.813424951721656
Iowa,50-64 Years,593299,2025-08-23,0.813424951721656
Iowa,50-64 Years,593299,2025-08-30,0.813424951721656
Iowa,50-64 Years,593299,2025-09-06,0.813424951721656
Iowa,50-64 Years,593299,2025-09-13,1.08237137872554
Iowa,50-64 Years,593299,2025-09-20,1.22483116254423
Iowa,50-64 Years,593299,2025-09-27,1.79722782410817
Iowa,50-64 Years,593299,2025-10-04,3.40068294741204
Iowa,50-64 Years,593299,2025-10-11,4.65435475449917
Iowa,50-64 Years,593299,2025-10-18,6.37816610978421
Iowa,50-64 Years,593299,2025-10-25,8.54725856352972
Iowa,50-64 Years,593299,2025-11-01,11.1614877507187
Iowa,50-64 Years,593299,2025-11-08,16.2125625821143
Iowa,50-64 Years,593299,2025-11-15,18.2749451100779
Iowa,50-64 Years,593299,2025-11-22,19.9342014000937
Iowa,50-64 Years,593299,2025-11-29,21.2488904216864
Iowa,50-64 Years,593299,2025-12-06,23.548129552599
Iowa,50-64 Years,593299,2025-12-13,24.4369172540793
Iowa,50-64 Years,593299,2025-12-20,25.1444646909559
Iowa,50-64 Years,593299,2025-12-27,25.7100358523016
Iowa,50-64 Years,593299,2026-01-03,26.3157120939167
Iowa,50-64 Years,593299,2026-01-10,27.2331062039421
Iowa,50-64 Years,593299,2026-01-17,27.5801752827396
Iowa,50-64 Years,593299,2026-01-24,27.8830411120715
Iowa,50-64 Years,593299,2026-01-31,28.1148258615397
Iowa,50-64 Years,593299,2026-02-07,28.6373177352674
Iowa,50-64 Years,593299,2026-02-14,28.8975721640206
Iowa,50-64 Years,593299,2026-02-21,29.1638265627924
Iowa,50-64 Years,593299,2026-02-28,29.4262316835718
Iowa,50-64 Years,593299,2026-03-07,29.9127307738122
Iowa,50-64 Years,593299,2026-03-14,30.1104906815971
Iowa,50-64 Years,593299,2026-03-21,30.2667875645043
Iowa,50-64 Years,593299,2026-03-28,30.3885014137976
Iowa,50-64 Years,593299,2026-04-04,30.5203916149069
Iowa,50-64 Years,593299,2026-04-11,30.7222389315782
Iowa,50-64 Years,593299,2026-04-18,30.8055461151858
Iowa,50-64 Years,593299,2026-04-25,30.8819073998469
Iowa,50-64 Years,593299,2026-05-02,30.9362836914595
Iowa,50-64 Years,593299,2026-05-09,31.0356277306077
Iowa,50-64 Years,593299,2026-05-16,31.0604262782271
Iowa,50-64 Years,593299,2026-05-23,31.0692709014137
Iowa,50-64 Years,593299,2026-05-30,31.0697569671379
Iowa,50-64 Years,593299,2026-06-06,31.07
Iowa,50-64 Years,593299,2026-06-13,31.07
Iowa,65+ Years,566136,2025-08-16,1.7645616806245
Iowa,65+ Years,566136,2025-08-23,1.7645616806245
Iowa,65+ Years,566136,2025-08-30,1.7645616806245
Iowa,65+ Years,566136,2025-09-06,1.7645616806245
Iowa,65+ Years,566136,2025-09-13,2.4101897673833
Iowa,65+ Years,566136,2025-09-20,2.85472377443742
Iowa,65+ Years,566136,2025-09-27,4.26640205511465
Iowa,65+ Years,566136,2025-10-04,8.13398267081361
Iowa,65+ Years,566136,2025-10-11,11.1068285656925
Iowa,65+ Years,566136,2025-10-18,15.1595282413793
Iowa,65+ Years,566136,2025-10-25,20.2217339574078
Iowa,65+ Years,566136,2025-11-01,26.2816067514485
Iowa,65+ Years,566136,2025-11-08,37.8978347377255
Iowa,65+ Years,566136,2025-11-15,42.5727978575544
Iowa,65+ Years,566136,2025-11-22,46.2810235536895
Iowa,65+ Years,566136,2025-11-29,49.1631194726375
Iowa,65+ Years,566136,2025-12-06,54.109944239868
Iowa,65+ Years,566136,2025-12-13,55.9178742499443
Iowa,65+ Years,566136,2025-12-20,57.2616694151355
Iowa,65+ Years,566136,2025-12-27,58.2677583774431
Iowa,65+ Years,566136,2026-01-03,59.3983518237291
Iowa,65+ Years,566136,2026-01-10,61.1533448459128
Iowa,65+ Years,566136,2026-01-17,61.9638628955038
Iowa,65+ Years,566136,2026-01-24,62.7927032417307
Iowa,65+ Years,566136,2026-01-31,63.4992208877844
Iowa,65+ Years,566136,2026-02-07,65.0225247499354
Iowa,65+ Years,566136,2026-02-14,65.6709787956407
Iowa,65+ Years,566136,2026-02-21,66.2229590667661
Iowa,65+ Years,566136,2026-02-28,66.7029852749569
Iowa,65+ Years,566136,2026-03-07,67.6290892047454
Iowa,65+ Years,566136,2026-03-14,68.1192806326933
Iowa,65+ Years,566136,2026-03-21,68.6585378026537
Iowa,65+ Years,566136,2026-03-28,69.2181459356845
Iowa,65+ Years,566136,2026-04-04,69.792837358893
Iowa,65+ Years,566136,2026-04-11,70.6768750046474
Iowa,65+ Years,566136,2026-04-18,70.9020282419695
Iowa,65+ Years,566136,2026-04-25,71.0088050984896
Iowa,65+ Years,566136,2026-05-02,71.0535004415238
Iowa,65+ Years,566136,2026-05-09,71.1715025467992
Iowa,65+ Years,566136,2026-05-16,71.2608798110883
Iowa,65+ Years,566136,2026-05-23,71.3925979685538
Iowa,65+ Years,566136,2026-05-30,71.5710465511722
Iowa,65+ Years,566136,2026-06-06,71.9899752759825
Iowa,65+ Years,566136,2026-06-13,72.239400321012
Kansas,6 Months - 4 Years,165464,2025-08-16,3.47919117592237
Kansas,6 Months - 4 Years,165464,2025-08-23,3.47919117592237
Kansas,6 Months - 4 Years,165464,2025-08-30,3.47919117592237
Kansas,6 Months - 4 Years,165464,2025-09-06,3.47919117592237
Kansas,6 Months - 4 Years,165464,2025-09-13,4.66655220543282
Kansas,6 Months - 4 Years,165464,2025-09-20,5.35504547839448
Kansas,6 Months - 4 Years,165464,2025-09-27,6.41179275414294
Kansas,6 Months - 4 Years,165464,2025-10-04,8.95956684897395
Kansas,6 Months - 4 Years,165464,2025-10-11,10.6606067836999
Kansas,6 Months - 4 Years,165464,2025-10-18,12.7868698182042
Kansas,6 Months - 4 Years,165464,2025-10-25,15.3023028987825
Kansas,6 Months - 4 Years,165464,2025-11-01,18.2719609782019
Kansas,6 Months - 4 Years,165464,2025-11-08,23.9675359502049
Kansas,6 Months - 4 Years,165464,2025-11-15,26.3857343994042
Kansas,6 Months - 4 Years,165464,2025-11-22,28.4584330123272
Kansas,6 Months - 4 Years,165464,2025-11-29,30.1950210888274
Kansas,6 Months - 4 Years,165464,2025-12-06,33.2200391536903
Kansas,6 Months - 4 Years,165464,2025-12-13,34.3353772318814
Kansas,6 Months - 4 Years,165464,2025-12-20,35.1548273707555
Kansas,6 Months - 4 Years,165464,2025-12-27,35.7507348834424
Kansas,6 Months - 4 Years,165464,2026-01-03,36.3841584787539
Kansas,6 Months - 4 Years,165464,2026-01-10,37.3318091774669
Kansas,6 Months - 4 Years,165464,2026-01-17,37.7158844148768
Kansas,6 Months - 4 Years,165464,2026-01-24,38.0721291341396
Kansas,6 Months - 4 Years,165464,2026-01-31,38.3444892853707
Kansas,6 Months - 4 Years,165464,2026-02-07,38.9000887238069
Kansas,6 Months - 4 Years,165464,2026-02-14,39.1052780545664
Kansas,6 Months - 4 Years,165464,2026-02-21,39.2576708525639
Kansas,6 Months - 4 Years,165464,2026-02-28,39.3704673198525
Kansas,6 Months - 4 Years,165464,2026-03-07,39.5618517560298
Kansas,6 Months - 4 Years,165464,2026-03-14,39.6326209932437
Kansas,6 Months - 4 Years,165464,2026-03-21,39.6878267522612
Kansas,6 Months - 4 Years,165464,2026-03-28,39.7337008966953
Kansas,6 Months - 4 Years,165464,2026-04-04,39.8111429829825
Kansas,6 Months - 4 Years,165464,2026-04-11,39.9629934458665
Kansas,6 Months - 4 Years,165464,2026-04-18,40.1174058334182
Kansas,6 Months - 4 Years,165464,2026-04-25,40.3423631816934
Kansas,6 Months - 4 Years,165464,2026-05-02,40.5756674131172
Kansas,6 Months - 4 Years,165464,2026-05-09,41.022983873681
Kansas,6 Months - 4 Years,165464,2026-05-16,41.1547298599993
Kansas,6 Months - 4 Years,165464,2026-05-23,41.2055577402247
Kansas,6 Months - 4 Years,165464,2026-05-30,41.2085192467416
Kansas,6 Months - 4 Years,165464,2026-06-06,41.21
Kansas,6 Months - 4 Years,165464,2026-06-13,41.21
Kansas,5-12 Years,313933,2025-08-16,2.27440795919219
Kansas,5-12 Years,313933,2025-08-23,2.27440795919219
Kansas,5-12 Years,313933,2025-08-30,2.27440795919219
Kansas,5-12 Years,313933,2025-09-06,2.27440795919219
Kansas,5-12 Years,313933,2025-09-13,2.9638224661845
Kansas,5-12 Years,313933,2025-09-20,3.22651253248157
Kansas,5-12 Years,313933,2025-09-27,3.93251789777887
Kansas,5-12 Years,313933,2025-10-04,5.82883176529525
Kansas,5-12 Years,313933,2025-10-11,7.26663439013666
Kansas,5-12 Years,313933,2025-10-18,9.21431073400982
Kansas,5-12 Years,313933,2025-10-25,11.6299813582258
Kansas,5-12 Years,313933,2025-11-01,14.4954962346232
Kansas,5-12 Years,313933,2025-11-08,19.9232063776389
Kansas,5-12 Years,313933,2025-11-15,22.052115783139
Kansas,5-12 Years,313933,2025-11-22,23.69476273406
Kansas,5-12 Years,313933,2025-11-29,24.9257620754695
Kansas,5-12 Years,313933,2025-12-06,26.9744806771159
Kansas,5-12 Years,313933,2025-12-13,27.6608342582657
Kansas,5-12 Years,313933,2025-12-20,28.1162074307469
Kansas,5-12 Years,313933,2025-12-27,28.4145768690332
Kansas,5-12 Years,313933,2026-01-03,28.767361581442
Kansas,5-12 Years,313933,2026-01-10,29.3297896458084
Kansas,5-12 Years,313933,2026-01-17,29.6642740441201
Kansas,5-12 Years,313933,2026-01-24,30.0592699482619
Kansas,5-12 Years,313933,2026-01-31,30.414182531551
Kansas,5-12 Years,313933,2026-02-07,31.1016256694969
Kansas,5-12 Years,313933,2026-02-14,31.3109436259404
Kansas,5-12 Years,313933,2026-02-21,31.4120779749872
Kansas,5-12 Years,313933,2026-02-28,31.4451215536142
Kansas,5-12 Years,313933,2026-03-07,31.5028955817719
Kansas,5-12 Years,313933,2026-03-14,31.5565851030228
Kansas,5-12 Years,313933,2026-03-21,31.6513351276338
Kansas,5-12 Years,313933,2026-03-28,31.7875814970028
Kansas,5-12 Years,313933,2026-04-04,31.9696479495308
Kansas,5-12 Years,313933,2026-04-11,32.3035650720709
Kansas,5-12 Years,313933,2026-04-18,32.4418583436602
Kansas,5-12 Years,313933,2026-04-25,32.5563753126883
Kansas,5-12 Years,313933,2026-05-02,32.6404392106938
Kansas,5-12 Years,313933,2026-05-09,32.8248213433404
Kansas,5-12 Years,313933,2026-05-16,32.908707881494
Kansas,5-12 Years,313933,2026-05-23,32.9871709019204
Kansas,5-12 Years,313933,2026-05-30,33.0604441539399
Kansas,5-12 Years,313933,2026-06-06,33.1985863883491
Kansas,5-12 Years,313933,2026-06-13,33.2599672192475
Kansas,13-17 Years,199709,2025-08-16,0.577039208649037
Kansas,13-17 Years,199709,2025-08-23,0.577039208649037
Kansas,13-17 Years,199709,2025-08-30,0.577039208649037
Kansas,13-17 Years,199709,2025-09-06,0.577039208649037
Kansas,13-17 Years,199709,2025-09-13,0.924855385484025
Kansas,13-17 Years,199709,2025-09-20,1.36659986229465
Kansas,13-17 Years,199709,2025-09-27,2.10322092509127
Kansas,13-17 Years,199709,2025-10-04,3.91836013678286
Kansas,13-17 Years,199709,2025-10-11,5.17503495218255
Kansas,13-17 Years,199709,2025-10-18,6.78805382902684
Kansas,13-17 Years,199709,2025-10-25,8.71836363427526
Kansas,13-17 Years,199709,2025-11-01,10.9740427816152
Kansas,13-17 Years,199709,2025-11-08,15.2075908149154
Kansas,13-17 Years,199709,2025-11-15,16.8881791735742
Kansas,13-17 Years,199709,2025-11-22,18.2209593041509
Kansas,13-17 Years,199709,2025-11-29,19.2375935184772
Kansas,13-17 Years,199709,2025-12-06,20.8824917376678
Kansas,13-17 Years,199709,2025-12-13,21.3783521823732
Kansas,13-17 Years,199709,2025-12-20,21.6525593161809
Kansas,13-17 Years,199709,2025-12-27,21.7819374470078
Kansas,13-17 Years,199709,2026-01-03,21.9118052692106
Kansas,13-17 Years,199709,2026-01-10,22.092346742676
Kansas,13-17 Years,199709,2026-01-17,22.1782743483893
Kansas,13-17 Years,199709,2026-01-24,22.2694624005372
Kansas,13-17 Years,199709,2026-01-31,22.344994757654
Kansas,13-17 Years,199709,2026-02-07,22.4936895328422
Kansas,13-17 Years,199709,2026-02-14,22.5427273695372
Kansas,13-17 Years,199709,2026-02-21,22.5725296925309
Kansas,13-17 Years,199709,2026-02-28,22.5886817136369
Kansas,13-17 Years,199709,2026-03-07,22.6118071060641
Kansas,13-17 Years,199709,2026-03-14,22.6173454726044
Kansas,13-17 Years,199709,2026-03-21,22.6195397802319
Kansas,13-17 Years,199709,2026-03-28,22.6198465934106
Kansas,13-17 Years,199709,2026-04-04,22.62
Kansas,13-17 Years,199709,2026-04-11,22.62
Kansas,13-17 Years,199709,2026-04-18,22.62
Kansas,13-17 Years,199709,2026-04-25,22.62
Kansas,13-17 Years,199709,2026-05-02,22.62
Kansas,13-17 Years,199709,2026-05-09,22.62
Kansas,13-17 Years,199709,2026-05-16,22.62
Kansas,13-17 Years,199709,2026-05-23,22.62
Kansas,13-17 Years,199709,2026-05-30,22.62
Kansas,13-17 Years,199709,2026-06-06,22.62
Kansas,13-17 Years,199709,2026-06-13,22.62
Kansas,6 Months - 17 Years,679106,2025-08-16,2.08052938234726
Kansas,6 Months - 17 Years,679106,2025-08-23,2.08052938234726
Kansas,6 Months - 17 Years,679106,2025-08-30,2.08052938234726
Kansas,6 Months - 17 Years,679106,2025-09-06,2.08052938234726
Kansas,6 Months - 17 Years,679106,2025-09-13,2.76710517680966
Kansas,6 Months - 17 Years,679106,2025-09-20,3.12883051681406
Kansas,6 Months - 17 Years,679106,2025-09-27,3.87299421675596
Kansas,6 Months - 17 Years,679106,2025-10-04,5.79014855487472
Kansas,6 Months - 17 Years,679106,2025-10-11,7.18000248830131
Kansas,6 Months - 17 Years,679106,2025-10-18,9.01303009868295
Kansas,6 Months - 17 Years,679106,2025-10-25,11.2509022422563
Kansas,6 Months - 17 Years,679106,2025-11-01,13.897737393418
Kansas,6 Months - 17 Years,679106,2025-11-08,18.9223076150754
Kansas,6 Months - 17 Years,679106,2025-11-15,20.9380473004532
Kansas,6 Months - 17 Years,679106,2025-11-22,22.5440627712865
Kansas,6 Months - 17 Years,679106,2025-11-29,23.7861088263927
Kansas,6 Months - 17 Years,679106,2025-12-06,25.8579536814013
Kansas,6 Months - 17 Years,679106,2025-12-13,26.5472886440297
Kansas,6 Months - 17 Years,679106,2025-12-20,26.9953322092307
Kansas,6 Months - 17 Years,679106,2025-12-27,27.2773344417889
Kansas,6 Months - 17 Years,679106,2026-01-03,27.5897754252384
Kansas,6 Months - 17 Years,679106,2026-01-10,28.0654275623246
Kansas,6 Months - 17 Years,679106,2026-01-17,28.3094605143082
Kansas,6 Months - 17 Years,679106,2026-01-24,28.5765299358307
Kansas,6 Months - 17 Years,679106,2026-01-31,28.8045989436229
Kansas,6 Months - 17 Years,679106,2026-02-07,29.2543141807917
Kansas,6 Months - 17 Years,679106,2026-02-14,29.400046359879
Kansas,6 Months - 17 Years,679106,2026-02-21,29.4834207336621
Kansas,6 Months - 17 Years,679106,2026-02-28,29.5266262848342
Kansas,6 Months - 17 Years,679106,2026-03-07,29.6037684122629
Kansas,6 Months - 17 Years,679106,2026-03-14,29.6489195491735
Kansas,6 Months - 17 Years,679106,2026-03-21,29.7083504561537
Kansas,6 Months - 17 Years,679106,2026-03-28,29.7828111479371
Kansas,6 Months - 17 Years,679106,2026-04-04,29.886841508052
Kansas,6 Months - 17 Years,679106,2026-04-11,30.077609020122
Kansas,6 Months - 17 Years,679106,2026-04-18,30.1782970107358
Kansas,6 Months - 17 Years,679106,2026-04-25,30.2827883595437
Kansas,6 Months - 17 Years,679106,2026-05-02,30.3706314911113
Kansas,6 Months - 17 Years,679106,2026-05-09,30.5482524769773
Kansas,6 Months - 17 Years,679106,2026-05-16,30.612281853831
Kansas,6 Months - 17 Years,679106,2026-05-23,30.6558976433338
Kansas,6 Months - 17 Years,679106,2026-05-30,30.6842935517501
Kansas,6 Months - 17 Years,679106,2026-06-06,30.7273968144407
Kansas,6 Months - 17 Years,679106,2026-06-13,30.7353384345001
Kansas,18-49 Years,1177590,2025-08-16,0.519983647038446
Kansas,18-49 Years,1177590,2025-08-23,0.519983647038446
Kansas,18-49 Years,1177590,2025-08-30,0.519983647038446
Kansas,18-49 Years,1177590,2025-09-06,0.519983647038446
Kansas,18-49 Years,1177590,2025-09-13,0.691832049015742
Kansas,18-49 Years,1177590,2025-09-20,0.784898866580966
Kansas,18-49 Years,1177590,2025-09-27,1.16000258430435
Kansas,18-49 Years,1177590,2025-10-04,2.22189542387835
Kansas,18-49 Years,1177590,2025-10-11,3.09149904422158
Kansas,18-49 Years,1177590,2025-10-18,4.34047942976125
Kansas,18-49 Years,1177590,2025-10-25,5.95918449178815
Kansas,18-49 Years,1177590,2025-11-01,7.9330781271064
Kansas,18-49 Years,1177590,2025-11-08,11.7817624529836
Kansas,18-49 Years,1177590,2025-11-15,13.3587185646126
Kansas,18-49 Years,1177590,2025-11-22,14.622844039162
Kansas,18-49 Years,1177590,2025-11-29,15.6209362180643
Kansas,18-49 Years,1177590,2025-12-06,17.3708203203484
Kansas,18-49 Years,1177590,2025-12-13,18.0541894297409
Kansas,18-49 Years,1177590,2025-12-20,18.6054324701619
Kansas,18-49 Years,1177590,2025-12-27,19.0512373007827
Kansas,18-49 Years,1177590,2026-01-03,19.5238243460548
Kansas,18-49 Years,1177590,2026-01-10,20.2360879261543
Kansas,18-49 Years,1177590,2026-01-17,20.4952661793233
Kansas,18-49 Years,1177590,2026-01-24,20.7132050283419
Kansas,18-49 Years,1177590,2026-01-31,20.8741946384796
Kansas,18-49 Years,1177590,2026-02-07,21.2334527226716
Kansas,18-49 Years,1177590,2026-02-14,21.4078326733058
Kansas,18-49 Years,1177590,2026-02-21,21.5833351254899
Kansas,18-49 Years,1177590,2026-02-28,21.7543978092666
Kansas,18-49 Years,1177590,2026-03-07,22.0697558952903
Kansas,18-49 Years,1177590,2026-03-14,22.1950900959265
Kansas,18-49 Years,1177590,2026-03-21,22.2914023525304
Kansas,18-49 Years,1177590,2026-03-28,22.3660334985098
Kansas,18-49 Years,1177590,2026-04-04,22.4623563765625
Kansas,18-49 Years,1177590,2026-04-11,22.6257006506912
Kansas,18-49 Years,1177590,2026-04-18,22.7295364578326
Kansas,18-49 Years,1177590,2026-04-25,22.8565690543767
Kansas,18-49 Years,1177590,2026-05-02,22.9787317589348
Kansas,18-49 Years,1177590,2026-05-09,23.2350355338045
Kansas,18-49 Years,1177590,2026-05-16,23.3374592394444
Kansas,18-49 Years,1177590,2026-05-23,23.4143400644504
Kansas,18-49 Years,1177590,2026-05-30,23.4697691870879
Kansas,18-49 Years,1177590,2026-06-06,23.5568955639365
Kansas,18-49 Years,1177590,2026-06-13,23.574947775512
Kansas,50-64 Years,528417,2025-08-16,0.726571604489574
Kansas,50-64 Years,528417,2025-08-23,0.726571604489574
Kansas,50-64 Years,528417,2025-08-30,0.726571604489574
Kansas,50-64 Years,528417,2025-09-06,0.726571604489574
Kansas,50-64 Years,528417,2025-09-13,0.951357928511254
Kansas,50-64 Years,528417,2025-09-20,1.0504525614502
Kansas,50-64 Years,528417,2025-09-27,1.43889344922577
Kansas,50-64 Years,528417,2025-10-04,2.55230820095697
Kansas,50-64 Years,528417,2025-10-11,3.53976169906301
Kansas,50-64 Years,528417,2025-10-18,5.05912836172628
Kansas,50-64 Years,528417,2025-10-25,7.10732841869696
Kansas,50-64 Years,528417,2025-11-01,9.62548437334934
Kansas,50-64 Years,528417,2025-11-08,14.5371784698097
Kansas,50-64 Years,528417,2025-11-15,16.4975427123387
Kansas,50-64 Years,528417,2025-11-22,18.0050613980456
Kansas,50-64 Years,528417,2025-11-29,19.1377766232349
Kansas,50-64 Years,528417,2025-12-06,21.0743785021859
Kansas,50-64 Years,528417,2025-12-13,21.7780982289238
Kansas,50-64 Years,528417,2025-12-20,22.2993549774454
Kansas,50-64 Years,528417,2025-12-27,22.6938043261313
Kansas,50-64 Years,528417,2026-01-03,23.1862193613854
Kansas,50-64 Years,528417,2026-01-10,24.0032611533818
Kansas,50-64 Years,528417,2026-01-17,24.5008945410388
Kansas,50-64 Years,528417,2026-01-24,25.0968790380925
Kansas,50-64 Years,528417,2026-01-31,25.6550864753237
Kansas,50-64 Years,528417,2026-02-07,26.793180143384
Kansas,50-64 Years,528417,2026-02-14,27.2054894553263
Kansas,50-64 Years,528417,2026-02-21,27.4759685225692
Kansas,50-64 Years,528417,2026-02-28,27.64052501909
Kansas,50-64 Years,528417,2026-03-07,27.9028928863238
Kansas,50-64 Years,528417,2026-03-14,27.991910791193
Kansas,50-64 Years,528417,2026-03-21,28.0570331958095
Kansas,50-64 Years,528417,2026-03-28,28.106960773634
Kansas,50-64 Years,528417,2026-04-04,28.1728803636976
Kansas,50-64 Years,528417,2026-04-11,28.2861007579074
Kansas,50-64 Years,528417,2026-04-18,28.3649761384733
Kansas,50-64 Years,528417,2026-04-25,28.46397378007
Kansas,50-64 Years,528417,2026-05-02,28.5550985150626
Kansas,50-64 Years,528417,2026-05-09,28.7270805915346
Kansas,50-64 Years,528417,2026-05-16,28.7752524577746
Kansas,50-64 Years,528417,2026-05-23,28.7934352771033
Kansas,50-64 Years,528417,2026-05-30,28.7944784257011
Kansas,50-64 Years,528417,2026-06-06,28.795
Kansas,50-64 Years,528417,2026-06-13,28.795
Kansas,65+ Years,488316,2025-08-16,2.02937128808054
Kansas,65+ Years,488316,2025-08-23,2.02937128808054
Kansas,65+ Years,488316,2025-08-30,2.02937128808054
Kansas,65+ Years,488316,2025-09-06,2.02937128808054
Kansas,65+ Years,488316,2025-09-13,2.88168191620793
Kansas,65+ Years,488316,2025-09-20,3.63152077529364
Kansas,65+ Years,488316,2025-09-27,5.24788109426808
Kansas,65+ Years,488316,2025-10-04,9.44711377586918
Kansas,65+ Years,488316,2025-10-11,12.5273266375237
Kansas,65+ Years,488316,2025-10-18,16.6214044911151
Kansas,65+ Years,488316,2025-10-25,21.6362584092485
Kansas,65+ Years,488316,2025-11-01,27.5527387040171
Kansas,65+ Years,488316,2025-11-08,38.6981723641795
Kansas,65+ Years,488316,2025-11-15,43.031847230577
Kansas,65+ Years,488316,2025-11-22,46.3586737100263
Kansas,65+ Years,488316,2025-11-29,48.8708875170154
Kansas,65+ Years,488316,2025-12-06,53.1945869760482
Kansas,65+ Years,488316,2025-12-13,54.8249056333235
Kansas,65+ Years,488316,2025-12-20,56.1028853086765
Kansas,65+ Years,488316,2025-12-27,57.1189177979043
Kansas,65+ Years,488316,2026-01-03,58.2527167376343
Kansas,65+ Years,488316,2026-01-10,60.0141591308944
Kansas,65+ Years,488316,2026-01-17,60.7794611255889
Kansas,65+ Years,488316,2026-01-24,61.5233772081067
Kansas,65+ Years,488316,2026-01-31,62.1305825118678
Kansas,65+ Years,488316,2026-02-07,63.4357392087507
Kansas,65+ Years,488316,2026-02-14,63.9984774336353
Kansas,65+ Years,488316,2026-02-21,64.4891815372223
Kansas,65+ Years,488316,2026-02-28,64.9101209099422
Kansas,65+ Years,488316,2026-03-07,65.6485044348088
Kansas,65+ Years,488316,2026-03-14,65.9276274960049
Kansas,65+ Years,488316,2026-03-21,66.1401606836811
Kansas,65+ Years,488316,2026-03-28,66.3028536192157
Kansas,65+ Years,488316,2026-04-04,66.4849566811783
Kansas,65+ Years,488316,2026-04-11,66.7666150508532
Kansas,65+ Years,488316,2026-04-18,66.8878905720488
Kansas,65+ Years,488316,2026-04-25,67.0084888770689
Kansas,65+ Years,488316,2026-05-02,67.1198517724976
Kansas,65+ Years,488316,2026-05-09,67.4091150458367
Kansas,65+ Years,488316,2026-05-16,67.6105836092948
Kansas,65+ Years,488316,2026-05-23,67.8803077239738
Kansas,65+ Years,488316,2026-05-30,68.2254462071224
Kansas,65+ Years,488316,2026-06-06,69.0205569924951
Kansas,65+ Years,488316,2026-06-13,69.4879245846393
Kentucky,6 Months - 4 Years,243832,2025-08-16,3.82280724713958
Kentucky,6 Months - 4 Years,243832,2025-08-23,3.82280724713958
Kentucky,6 Months - 4 Years,243832,2025-08-30,3.82280724713958
Kentucky,6 Months - 4 Years,243832,2025-09-06,3.82280724713958
Kentucky,6 Months - 4 Years,243832,2025-09-13,5.28169283390795
Kentucky,6 Months - 4 Years,243832,2025-09-20,6.36440840519128
Kentucky,6 Months - 4 Years,243832,2025-09-27,7.59414886271306
Kentucky,6 Months - 4 Years,243832,2025-10-04,10.2497441945384
Kentucky,6 Months - 4 Years,243832,2025-10-11,11.7705752556709
Kentucky,6 Months - 4 Years,243832,2025-10-18,13.4743154265989
Kentucky,6 Months - 4 Years,243832,2025-10-25,15.337971724186
Kentucky,6 Months - 4 Years,243832,2025-11-01,17.4841411854852
Kentucky,6 Months - 4 Years,243832,2025-11-08,21.5552587551042
Kentucky,6 Months - 4 Years,243832,2025-11-15,23.3488186180537
Kentucky,6 Months - 4 Years,243832,2025-11-22,24.9878569297613
Kentucky,6 Months - 4 Years,243832,2025-11-29,26.471847287715
Kentucky,6 Months - 4 Years,243832,2025-12-06,29.2246330836224
Kentucky,6 Months - 4 Years,243832,2025-12-13,30.4136209271785
Kentucky,6 Months - 4 Years,243832,2025-12-20,31.4550993702646
Kentucky,6 Months - 4 Years,243832,2025-12-27,32.361581839336
Kentucky,6 Months - 4 Years,243832,2026-01-03,33.3411430263572
Kentucky,6 Months - 4 Years,243832,2026-01-10,34.8515851736042
Kentucky,6 Months - 4 Years,243832,2026-01-17,35.3981822171821
Kentucky,6 Months - 4 Years,243832,2026-01-24,35.8459043982927
Kentucky,6 Months - 4 Years,243832,2026-01-31,36.1683923545152
Kentucky,6 Months - 4 Years,243832,2026-02-07,36.8806831837313
Kentucky,6 Months - 4 Years,243832,2026-02-14,37.2162765509612
Kentucky,6 Months - 4 Years,243832,2026-02-21,37.5459835135601
Kentucky,6 Months - 4 Years,243832,2026-02-28,37.8623394211365
Kentucky,6 Months - 4 Years,243832,2026-03-07,38.4464020856182
Kentucky,6 Months - 4 Years,243832,2026-03-14,38.6892707337743
Kentucky,6 Months - 4 Years,243832,2026-03-21,38.8905024245435
Kentucky,6 Months - 4 Years,243832,2026-03-28,39.0548305096011
Kentucky,6 Months - 4 Years,243832,2026-04-04,39.2231951532841
Kentucky,6 Months - 4 Years,243832,2026-04-11,39.4717814679983
Kentucky,6 Months - 4 Years,243832,2026-04-18,39.5487695743214
Kentucky,6 Months - 4 Years,243832,2026-04-25,39.6039651094701
Kentucky,6 Months - 4 Years,243832,2026-05-02,39.643438774649
Kentucky,6 Months - 4 Years,243832,2026-05-09,39.7580627107827
Kentucky,6 Months - 4 Years,243832,2026-05-16,39.8659872782923
Kentucky,6 Months - 4 Years,243832,2026-05-23,40.0431625325482
Kentucky,6 Months - 4 Years,243832,2026-05-30,40.3005206378815
Kentucky,6 Months - 4 Years,243832,2026-06-06,40.9272795147152
Kentucky,6 Months - 4 Years,243832,2026-06-13,41.3086699806016
Kentucky,5-12 Years,445679,2025-08-16,3.10381087209509
Kentucky,5-12 Years,445679,2025-08-23,3.10381087209509
Kentucky,5-12 Years,445679,2025-08-30,3.10381087209509
Kentucky,5-12 Years,445679,2025-09-06,3.10381087209509
Kentucky,5-12 Years,445679,2025-09-13,4.06814895552387
Kentucky,5-12 Years,445679,2025-09-20,4.47745684794949
Kentucky,5-12 Years,445679,2025-09-27,5.27682059680485
Kentucky,5-12 Years,445679,2025-10-04,7.3160091557029
Kentucky,5-12 Years,445679,2025-10-11,8.78143461962276
Kentucky,5-12 Years,445679,2025-10-18,10.7049928979737
Kentucky,5-12 Years,445679,2025-10-25,13.0436211219264
Kentucky,5-12 Years,445679,2025-11-01,15.7988725753038
Kentucky,5-12 Years,445679,2025-11-08,21.0044510867313
Kentucky,5-12 Years,445679,2025-11-15,23.0740617884247
Kentucky,5-12 Years,445679,2025-11-22,24.7086074489562
Kentucky,5-12 Years,445679,2025-11-29,25.9583191261767
Kentucky,5-12 Years,445679,2025-12-06,28.0230371993495
Kentucky,5-12 Years,445679,2025-12-13,28.6996338187326
Kentucky,5-12 Years,445679,2025-12-20,29.1345017604744
Kentucky,5-12 Years,445679,2025-12-27,29.3994517276953
Kentucky,5-12 Years,445679,2026-01-03,29.645221754789
Kentucky,5-12 Years,445679,2026-01-10,29.9711971456701
Kentucky,5-12 Years,445679,2026-01-17,30.0602082305296
Kentucky,5-12 Years,445679,2026-01-24,30.1193939804288
Kentucky,5-12 Years,445679,2026-01-31,30.1571596884136
Kentucky,5-12 Years,445679,2026-02-07,30.2547434789812
Kentucky,5-12 Years,445679,2026-02-14,30.3287802299165
Kentucky,5-12 Years,445679,2026-02-21,30.4329012969292
Kentucky,5-12 Years,445679,2026-02-28,30.5581136759999
Kentucky,5-12 Years,445679,2026-03-07,30.8040379328701
Kentucky,5-12 Years,445679,2026-03-14,30.9007948469021
Kentucky,5-12 Years,445679,2026-03-21,30.964917561826
Kentucky,5-12 Years,445679,2026-03-28,31.0037475591028
Kentucky,5-12 Years,445679,2026-04-04,31.0595153035194
Kentucky,5-12 Years,445679,2026-04-11,31.1593410409491
Kentucky,5-12 Years,445679,2026-04-18,31.2522078372161
Kentucky,5-12 Years,445679,2026-04-25,31.3953921233361
Kentucky,5-12 Years,445679,2026-05-02,31.5732697534463
Kentucky,5-12 Years,445679,2026-05-09,32.0025484842681
Kentucky,5-12 Years,445679,2026-05-16,32.2411792688001
Kentucky,5-12 Years,445679,2026-05-23,32.4901459201011
Kentucky,5-12 Years,445679,2026-05-30,32.7514277364179
Kentucky,5-12 Years,445679,2026-06-06,33.3012838075404
Kentucky,5-12 Years,445679,2026-06-13,33.5977235233553
Kentucky,13-17 Years,286150,2025-08-16,0.397805460820564
Kentucky,13-17 Years,286150,2025-08-23,0.397805460820564
Kentucky,13-17 Years,286150,2025-08-30,0.397805460820564
Kentucky,13-17 Years,286150,2025-09-06,0.397805460820564
Kentucky,13-17 Years,286150,2025-09-13,0.922780323278289
Kentucky,13-17 Years,286150,2025-09-20,1.7656360898897
Kentucky,13-17 Years,286150,2025-09-27,2.9437911991293
Kentucky,13-17 Years,286150,2025-10-04,5.52970993929171
Kentucky,13-17 Years,286150,2025-10-11,7.09029352171128
Kentucky,13-17 Years,286150,2025-10-18,8.92860731079878
Kentucky,13-17 Years,286150,2025-10-25,10.978514068573
Kentucky,13-17 Years,286150,2025-11-01,13.2491149015012
Kentucky,13-17 Years,286150,2025-11-08,17.2230429438092
Kentucky,13-17 Years,286150,2025-11-15,18.5805296026829
Kentucky,13-17 Years,286150,2025-11-22,19.5046202519756
Kentucky,13-17 Years,286150,2025-11-29,20.116961475515
Kentucky,13-17 Years,286150,2025-12-06,21.1319554816625
Kentucky,13-17 Years,286150,2025-12-13,21.4963818762242
Kentucky,13-17 Years,286150,2025-12-20,21.7765354882822
Kentucky,13-17 Years,286150,2025-12-27,21.9983888791255
Kentucky,13-17 Years,286150,2026-01-03,22.2554798439928
Kentucky,13-17 Years,286150,2026-01-10,22.6648301315605
Kentucky,13-17 Years,286150,2026-01-17,22.8702072341115
Kentucky,13-17 Years,286150,2026-01-24,23.0872567238631
Kentucky,13-17 Years,286150,2026-01-31,23.2635868052483
Kentucky,13-17 Years,286150,2026-02-07,23.5937123282098
Kentucky,13-17 Years,286150,2026-02-14,23.6836568731862
Kentucky,13-17 Years,286150,2026-02-21,23.7195188327164
Kentucky,13-17 Years,286150,2026-02-28,23.7231729442388
Kentucky,13-17 Years,286150,2026-03-07,23.730125205599
Kentucky,13-17 Years,286150,2026-03-14,23.7619804638985
Kentucky,13-17 Years,286150,2026-03-21,23.8363864925649
Kentucky,13-17 Years,286150,2026-03-28,23.9494944781981
Kentucky,13-17 Years,286150,2026-04-04,24.0777860763318
Kentucky,13-17 Years,286150,2026-04-11,24.3025140142996
Kentucky,13-17 Years,286150,2026-04-18,24.3581079856332
Kentucky,13-17 Years,286150,2026-04-25,24.375
Kentucky,13-17 Years,286150,2026-05-02,24.375
Kentucky,13-17 Years,286150,2026-05-09,24.375
Kentucky,13-17 Years,286150,2026-05-16,24.375
Kentucky,13-17 Years,286150,2026-05-23,24.375
Kentucky,13-17 Years,286150,2026-05-30,24.375
Kentucky,13-17 Years,286150,2026-06-06,24.375
Kentucky,13-17 Years,286150,2026-06-13,24.375
Kentucky,6 Months - 17 Years,975662,2025-08-16,3.10134475408336
Kentucky,6 Months - 17 Years,975662,2025-08-23,3.10134475408336
Kentucky,6 Months - 17 Years,975662,2025-08-30,3.10134475408336
Kentucky,6 Months - 17 Years,975662,2025-09-06,3.10134475408336
Kentucky,6 Months - 17 Years,975662,2025-09-13,4.11971958426107
Kentucky,6 Months - 17 Years,975662,2025-09-20,4.64691767631429
Kentucky,6 Months - 17 Years,975662,2025-09-27,5.49123044333119
Kentucky,6 Months - 17 Years,975662,2025-10-04,7.55063430646266
Kentucky,6 Months - 17 Years,975662,2025-10-11,8.95908516268225
Kentucky,6 Months - 17 Years,975662,2025-10-18,10.7529196543554
Kentucky,6 Months - 17 Years,975662,2025-10-25,12.8887256957974
Kentucky,6 Months - 17 Years,975662,2025-11-01,15.3805009825711
Kentucky,6 Months - 17 Years,975662,2025-11-08,20.0430947942837
Kentucky,6 Months - 17 Years,975662,2025-11-15,21.8733167367261
Kentucky,6 Months - 17 Years,975662,2025-11-22,23.309974776342
Kentucky,6 Months - 17 Years,975662,2025-11-29,24.4164511098902
Kentucky,6 Months - 17 Years,975662,2025-12-06,26.305374476399
Kentucky,6 Months - 17 Years,975662,2025-12-13,26.9960798621847
Kentucky,6 Months - 17 Years,975662,2025-12-20,27.5152238597603
Kentucky,6 Months - 17 Years,975662,2025-12-27,27.90528254316
Kentucky,6 Months - 17 Years,975662,2026-01-03,28.3087795009356
Kentucky,6 Months - 17 Years,975662,2026-01-10,28.9021016606589
Kentucky,6 Months - 17 Years,975662,2026-01-17,29.1141412935142
Kentucky,6 Months - 17 Years,975662,2026-01-24,29.2922613770411
Kentucky,6 Months - 17 Years,975662,2026-01-31,29.4231505314
Kentucky,6 Months - 17 Years,975662,2026-02-07,29.7125952641636
Kentucky,6 Months - 17 Years,975662,2026-02-14,29.8485541623361
Kentucky,6 Months - 17 Years,975662,2026-02-21,29.9819831176751
Kentucky,6 Months - 17 Years,975662,2026-02-28,30.111529973826
Kentucky,6 Months - 17 Years,975662,2026-03-07,30.3570842270167
Kentucky,6 Months - 17 Years,975662,2026-03-14,30.4645043797314
Kentucky,6 Months - 17 Years,975662,2026-03-21,30.5584313441244
Kentucky,6 Months - 17 Years,975662,2026-03-28,30.6422290494074
Kentucky,6 Months - 17 Years,975662,2026-04-04,30.7482902743382
Kentucky,6 Months - 17 Years,975662,2026-04-11,30.9271452408154
Kentucky,6 Months - 17 Years,975662,2026-04-18,31.0214159710732
Kentucky,6 Months - 17 Years,975662,2026-04-25,31.1274146929129
Kentucky,6 Months - 17 Years,975662,2026-05-02,31.2337660303107
Kentucky,6 Months - 17 Years,975662,2026-05-09,31.4956985834753
Kentucky,6 Months - 17 Years,975662,2026-05-16,31.6524671980236
Kentucky,6 Months - 17 Years,975662,2026-05-23,31.8349746966747
Kentucky,6 Months - 17 Years,975662,2026-05-30,32.0450261264255
Kentucky,6 Months - 17 Years,975662,2026-06-06,32.5048304449788
Kentucky,6 Months - 17 Years,975662,2026-06-13,32.7635470555499
Kentucky,18-49 Years,1812449,2025-08-16,0.596934481398554
Kentucky,18-49 Years,1812449,2025-08-23,0.596934481398554
Kentucky,18-49 Years,1812449,2025-08-30,0.596934481398554
Kentucky,18-49 Years,1812449,2025-09-06,0.596934481398554
Kentucky,18-49 Years,1812449,2025-09-13,0.859281176720992
Kentucky,18-49 Years,1812449,2025-09-20,1.1049089716895
Kentucky,18-49 Years,1812449,2025-09-27,1.54564702501816
Kentucky,18-49 Years,1812449,2025-10-04,2.65037611923246
Kentucky,18-49 Years,1812449,2025-10-11,3.43113244255655
Kentucky,18-49 Years,1812449,2025-10-18,4.44646018821199
Kentucky,18-49 Years,1812449,2025-10-25,5.67131591709802
Kentucky,18-49 Years,1812449,2025-11-01,7.10495310581964
Kentucky,18-49 Years,1812449,2025-11-08,9.78510194888801
Kentucky,18-49 Years,1812449,2025-11-15,10.8180802572415
Kentucky,18-49 Years,1812449,2025-11-22,11.6076758929373
Kentucky,18-49 Years,1812449,2025-11-29,12.2032337730369
Kentucky,18-49 Years,1812449,2025-12-06,13.2331076129834
Kentucky,18-49 Years,1812449,2025-12-13,13.6255429761802
Kentucky,18-49 Years,1812449,2025-12-20,13.9368612683364
Kentucky,18-49 Years,1812449,2025-12-27,14.1901750711923
Kentucky,18-49 Years,1812449,2026-01-03,14.4920955088503
Kentucky,18-49 Years,1812449,2026-01-10,14.9801473281737
Kentucky,18-49 Years,1812449,2026-01-17,15.224254855114
Kentucky,18-49 Years,1812449,2026-01-24,15.4888882482457
Kentucky,18-49 Years,1812449,2026-01-31,15.7361445907946
Kentucky,18-49 Years,1812449,2026-02-07,16.3149718611272
Kentucky,18-49 Years,1812449,2026-02-14,16.6308739221171
Kentucky,18-49 Years,1812449,2026-02-21,16.9661634081682
Kentucky,18-49 Years,1812449,2026-02-28,17.298835676826
Kentucky,18-49 Years,1812449,2026-03-07,17.9000581806297
Kentucky,18-49 Years,1812449,2026-03-14,18.1171395161053
Kentucky,18-49 Years,1812449,2026-03-21,18.2575741295496
Kentucky,18-49 Years,1812449,2026-03-28,18.3412262448019
Kentucky,18-49 Years,1812449,2026-04-04,18.4391323692968
Kentucky,18-49 Years,1812449,2026-04-11,18.5932345848319
Kentucky,18-49 Years,1812449,2026-04-18,18.6857611846643
Kentucky,18-49 Years,1812449,2026-04-25,18.7980941496869
Kentucky,18-49 Years,1812449,2026-05-02,18.9077519087683
Kentucky,18-49 Years,1812449,2026-05-09,19.1471149168328
Kentucky,18-49 Years,1812449,2026-05-16,19.2528709972532
Kentucky,18-49 Years,1812449,2026-05-23,19.3428685808157
Kentucky,18-49 Years,1812449,2026-05-30,19.4188049217556
Kentucky,18-49 Years,1812449,2026-06-06,19.5549663580118
Kentucky,18-49 Years,1812449,2026-06-13,19.6081869040905
Kentucky,50-64 Years,875025,2025-08-16,0.783548476808978
Kentucky,50-64 Years,875025,2025-08-23,0.783548476808978
Kentucky,50-64 Years,875025,2025-08-30,0.783548476808978
Kentucky,50-64 Years,875025,2025-09-06,0.783548476808978
Kentucky,50-64 Years,875025,2025-09-13,1.06179502194445
Kentucky,50-64 Years,875025,2025-09-20,1.24081715809231
Kentucky,50-64 Years,875025,2025-09-27,1.8321912436213
Kentucky,50-64 Years,875025,2025-10-04,3.45935994421866
Kentucky,50-64 Years,875025,2025-10-11,4.72162951296884
Kentucky,50-64 Years,875025,2025-10-18,6.45351119020915
Kentucky,50-64 Years,875025,2025-10-25,8.61908211335559
Kentucky,50-64 Years,875025,2025-11-01,11.1963327610528
Kentucky,50-64 Years,875025,2025-11-08,16.0816953853441
Kentucky,50-64 Years,875025,2025-11-15,17.9790469742017
Kentucky,50-64 Years,875025,2025-11-22,19.421559719156
Kentucky,50-64 Years,875025,2025-11-29,20.4984829394486
Kentucky,50-64 Years,875025,2025-12-06,22.3488624555335
Kentucky,50-64 Years,875025,2025-12-13,23.0471060208776
Kentucky,50-64 Years,875025,2025-12-20,23.5965159182745
Kentucky,50-64 Years,875025,2025-12-27,24.0345888985304
Kentucky,50-64 Years,875025,2026-01-03,24.5172420546477
Kentucky,50-64 Years,875025,2026-01-10,25.2608639578407
Kentucky,50-64 Years,875025,2026-01-17,25.5694355429063
Kentucky,50-64 Years,875025,2026-01-24,25.860075920187
Kentucky,50-64 Years,875025,2026-01-31,26.0953170905636
Kentucky,50-64 Years,875025,2026-02-07,26.6193829405117
Kentucky,50-64 Years,875025,2026-02-14,26.8722710621018
Kentucky,50-64 Years,875025,2026-02-21,27.1197355235752
Kentucky,50-64 Years,875025,2026-02-28,27.3507828882891
Kentucky,50-64 Years,875025,2026-03-07,27.7563271758813
Kentucky,50-64 Years,875025,2026-03-14,27.8994473546106
Kentucky,50-64 Years,875025,2026-03-21,27.9936315094134
Kentucky,50-64 Years,875025,2026-03-28,28.0517635641452
Kentucky,50-64 Years,875025,2026-04-04,28.1134048931476
Kentucky,50-64 Years,875025,2026-04-11,28.2044953706637
Kentucky,50-64 Years,875025,2026-04-18,28.2466760020036
Kentucky,50-64 Years,875025,2026-04-25,28.2895279622622
Kentucky,50-64 Years,875025,2026-05-02,28.3225123664052
Kentucky,50-64 Years,875025,2026-05-09,28.3832524044506
Kentucky,50-64 Years,875025,2026-05-16,28.3988704390094
Kentucky,50-64 Years,875025,2026-05-23,28.4045279046301
Kentucky,50-64 Years,875025,2026-05-30,28.4048426348767
Kentucky,50-64 Years,875025,2026-06-06,28.405
Kentucky,50-64 Years,875025,2026-06-13,28.405
Kentucky,65+ Years,770835,2025-08-16,1.11216689244494
Kentucky,65+ Years,770835,2025-08-23,1.11216689244494
Kentucky,65+ Years,770835,2025-08-30,1.11216689244494
Kentucky,65+ Years,770835,2025-09-06,1.11216689244494
Kentucky,65+ Years,770835,2025-09-13,2.0728212668512
Kentucky,65+ Years,770835,2025-09-20,3.55215660544876
Kentucky,65+ Years,770835,2025-09-27,5.75786797144661
Kentucky,65+ Years,770835,2025-10-04,11.0336528550349
Kentucky,65+ Years,770835,2025-10-11,14.5667212458886
Kentucky,65+ Years,770835,2025-10-18,19.010269897332
Kentucky,65+ Years,770835,2025-10-25,24.2469000642073
Kentucky,65+ Years,770835,2025-11-01,30.3086621085235
Kentucky,65+ Years,770835,2025-11-08,41.5530757417684
Kentucky,65+ Years,770835,2025-11-15,45.9093230676679
Kentucky,65+ Years,770835,2025-11-22,49.2906958897539
Kentucky,65+ Years,770835,2025-11-29,51.8480519743266
Kentucky,65+ Years,770835,2025-12-06,56.1100025575111
Kentucky,65+ Years,770835,2025-12-13,57.5559762623638
Kentucky,65+ Years,770835,2025-12-20,58.5395588280929
Kentucky,65+ Years,770835,2025-12-27,59.1978420306429
Kentucky,65+ Years,770835,2026-01-03,59.882483264986
Kentucky,65+ Years,770835,2026-01-10,60.8811986686832
Kentucky,65+ Years,770835,2026-01-17,61.2749549120894
Kentucky,65+ Years,770835,2026-01-24,61.6405135186641
Kentucky,65+ Years,770835,2026-01-31,61.9356412966245
Kentucky,65+ Years,770835,2026-02-07,62.6074711194112
Kentucky,65+ Years,770835,2026-02-14,62.9469347493248
Kentucky,65+ Years,770835,2026-02-21,63.2972011289998
Kentucky,65+ Years,770835,2026-02-28,63.6508326059382
Kentucky,65+ Years,770835,2026-03-07,64.3356720662311
Kentucky,65+ Years,770835,2026-03-14,64.6451370182481
Kentucky,65+ Years,770835,2026-03-21,64.9209204086436
Kentucky,65+ Years,770835,2026-03-28,65.1676722518645
Kentucky,65+ Years,770835,2026-04-04,65.4657959828234
Kentucky,65+ Years,770835,2026-04-11,65.9590123953793
Kentucky,65+ Years,770835,2026-04-18,66.1996159210956
Kentucky,65+ Years,770835,2026-04-25,66.4453203919162
Kentucky,65+ Years,770835,2026-05-02,66.6463956441659
Kentucky,65+ Years,770835,2026-05-09,67.0511072964146
Kentucky,65+ Years,770835,2026-05-16,67.1954890894932
Kentucky,65+ Years,770835,2026-05-23,67.2945375350812
Kentucky,65+ Years,770835,2026-05-30,67.3599609823987
Kentucky,65+ Years,770835,2026-06-06,67.4593772640939
Kentucky,65+ Years,770835,2026-06-13,67.4777040796157
Louisiana,6 Months - 4 Years,267338,2025-08-16,3.41160912740827
Louisiana,6 Months - 4 Years,267338,2025-08-23,3.41160912740827
Louisiana,6 Months - 4 Years,267338,2025-08-30,3.41160912740827
Louisiana,6 Months - 4 Years,267338,2025-09-06,3.41160912740827
Louisiana,6 Months - 4 Years,267338,2025-09-13,4.56587221207112
Louisiana,6 Months - 4 Years,267338,2025-09-20,5.21811799092992
Louisiana,6 Months - 4 Years,267338,2025-09-27,6.1188860011273
Louisiana,6 Months - 4 Years,267338,2025-10-04,8.2229261962561
Louisiana,6 Months - 4 Years,267338,2025-10-11,9.58871614552813
Louisiana,6 Months - 4 Years,267338,2025-10-18,11.2711190303138
Louisiana,6 Months - 4 Years,267338,2025-10-25,13.2266412463501
Louisiana,6 Months - 4 Years,267338,2025-11-01,15.481273932279
Louisiana,6 Months - 4 Years,267338,2025-11-08,19.6461720608336
Louisiana,6 Months - 4 Years,267338,2025-11-15,21.2459793942374
Louisiana,6 Months - 4 Years,267338,2025-11-22,22.4831579047815
Louisiana,6 Months - 4 Years,267338,2025-11-29,23.4418880067915
Louisiana,6 Months - 4 Years,267338,2025-12-06,25.1661272955612
Louisiana,6 Months - 4 Years,267338,2025-12-13,25.9204546768572
Louisiana,6 Months - 4 Years,267338,2025-12-20,26.6220734328783
Louisiana,6 Months - 4 Years,267338,2025-12-27,27.2681870750458
Louisiana,6 Months - 4 Years,267338,2026-01-03,27.9460559252882
Louisiana,6 Months - 4 Years,267338,2026-01-10,28.977923778702
Louisiana,6 Months - 4 Years,267338,2026-01-17,29.2994597480972
Louisiana,6 Months - 4 Years,267338,2026-01-24,29.5226007517072
Louisiana,6 Months - 4 Years,267338,2026-01-31,29.6670777861781
Louisiana,6 Months - 4 Years,267338,2026-02-07,30.0149220529283
Louisiana,6 Months - 4 Years,267338,2026-02-14,30.2215625396485
Louisiana,6 Months - 4 Years,267338,2026-02-21,30.4762908524071
Louisiana,6 Months - 4 Years,267338,2026-02-28,30.7813474771736
Louisiana,6 Months - 4 Years,267338,2026-03-07,31.462016089029
Louisiana,6 Months - 4 Years,267338,2026-03-14,31.8946534511085
Louisiana,6 Months - 4 Years,267338,2026-03-21,32.4112011867888
Louisiana,6 Months - 4 Years,267338,2026-03-28,32.9704578884793
Louisiana,6 Months - 4 Years,267338,2026-04-04,33.5326301177419
Louisiana,6 Months - 4 Years,267338,2026-04-11,34.3995702572945
Louisiana,6 Months - 4 Years,267338,2026-04-18,34.5896495545202
Louisiana,6 Months - 4 Years,267338,2026-04-25,34.645
Louisiana,6 Months - 4 Years,267338,2026-05-02,34.645
Louisiana,6 Months - 4 Years,267338,2026-05-09,34.6664958610561
Louisiana,6 Months - 4 Years,267338,2026-05-16,34.742550165057
Louisiana,6 Months - 4 Years,267338,2026-05-23,34.9169445057397
Louisiana,6 Months - 4 Years,267338,2026-05-30,35.2130451764781
Louisiana,6 Months - 4 Years,267338,2026-06-06,35.9814845720267
Louisiana,6 Months - 4 Years,267338,2026-06-13,36.4620424256198
Louisiana,5-12 Years,483548,2025-08-16,4.46588961252751
Louisiana,5-12 Years,483548,2025-08-23,4.46588961252751
Louisiana,5-12 Years,483548,2025-08-30,4.46588961252751
Louisiana,5-12 Years,483548,2025-09-06,4.46588961252751
Louisiana,5-12 Years,483548,2025-09-13,5.8171112785732
Louisiana,5-12 Years,483548,2025-09-20,6.32584648430046
Louisiana,5-12 Years,483548,2025-09-27,7.08381999121228
Louisiana,5-12 Years,483548,2025-10-04,8.89609273745536
Louisiana,5-12 Years,483548,2025-10-11,10.0992437868177
Louisiana,5-12 Years,483548,2025-10-18,11.5998625445198
Louisiana,5-12 Years,483548,2025-10-25,13.367299488609
Louisiana,5-12 Years,483548,2025-11-01,15.4369255168407
Louisiana,5-12 Years,483548,2025-11-08,19.3531189265211
Louisiana,5-12 Years,483548,2025-11-15,20.9562086984254
Louisiana,5-12 Years,483548,2025-11-22,22.2805607081321
Louisiana,5-12 Years,483548,2025-11-29,23.357969620912
Louisiana,5-12 Years,483548,2025-12-06,25.2408104440385
Louisiana,5-12 Years,483548,2025-12-13,25.9583236812716
Louisiana,5-12 Years,483548,2025-12-20,26.516252241941
Louisiana,5-12 Years,483548,2025-12-27,26.9506410335086
Louisiana,5-12 Years,483548,2026-01-03,27.4153482769676
Louisiana,5-12 Years,483548,2026-01-10,28.1175013822581
Louisiana,5-12 Years,483548,2026-01-17,28.3909440536054
Louisiana,5-12 Years,483548,2026-01-24,28.6353618060093
Louisiana,5-12 Years,483548,2026-01-31,28.8206535357037
Louisiana,5-12 Years,483548,2026-02-07,29.2147241517811
Louisiana,5-12 Years,483548,2026-02-14,29.3810905236798
Louisiana,5-12 Years,483548,2026-02-21,29.5260323349892
Louisiana,5-12 Years,483548,2026-02-28,29.6501693118309
Louisiana,5-12 Years,483548,2026-03-07,29.8643418335706
Louisiana,5-12 Years,483548,2026-03-14,29.9396493353876
Louisiana,5-12 Years,483548,2026-03-21,29.9910542229107
Louisiana,5-12 Years,483548,2026-03-28,30.0267480600223
Louisiana,5-12 Years,483548,2026-04-04,30.1084435766898
Louisiana,5-12 Years,483548,2026-04-11,30.28988397037
Louisiana,5-12 Years,483548,2026-04-18,30.5534949203903
Louisiana,5-12 Years,483548,2026-04-25,30.9813421634558
Louisiana,5-12 Years,483548,2026-05-02,31.4644341978642
Louisiana,5-12 Years,483548,2026-05-09,32.4151737970152
Louisiana,5-12 Years,483548,2026-05-16,32.7204201251645
Louisiana,5-12 Years,483548,2026-05-23,32.8600967637237
Louisiana,5-12 Years,483548,2026-05-30,32.8946763036922
Louisiana,5-12 Years,483548,2026-06-06,32.9395804423341
Louisiana,5-12 Years,483548,2026-06-13,32.9472327138121
Louisiana,13-17 Years,301827,2025-08-16,3.45348141969411
Louisiana,13-17 Years,301827,2025-08-23,3.45348141969411
Louisiana,13-17 Years,301827,2025-08-30,3.45348141969411
Louisiana,13-17 Years,301827,2025-09-06,3.45348141969411
Louisiana,13-17 Years,301827,2025-09-13,4.50831380283492
Louisiana,13-17 Years,301827,2025-09-20,4.92262931738564
Louisiana,13-17 Years,301827,2025-09-27,5.48979947770931
Louisiana,13-17 Years,301827,2025-10-04,6.8106583175695
Louisiana,13-17 Years,301827,2025-10-11,7.66187007995786
Louisiana,13-17 Years,301827,2025-10-18,8.70410283671164
Louisiana,13-17 Years,301827,2025-10-25,9.91299658478197
Louisiana,13-17 Years,301827,2025-11-01,11.3125993476444
Louisiana,13-17 Years,301827,2025-11-08,13.9160556338308
Louisiana,13-17 Years,301827,2025-11-15,14.9342759790332
Louisiana,13-17 Years,301827,2025-11-22,15.7394766642194
Louisiana,13-17 Years,301827,2025-11-29,16.385953464262
Louisiana,13-17 Years,301827,2025-12-06,17.5931473616135
Louisiana,13-17 Years,301827,2025-12-13,18.1713527714289
Louisiana,13-17 Years,301827,2025-12-20,18.7557276376156
Louisiana,13-17 Years,301827,2025-12-27,19.3381107547592
Louisiana,13-17 Years,301827,2026-01-03,20.004693992919
Louisiana,13-17 Years,301827,2026-01-10,21.0872189402024
Louisiana,13-17 Years,301827,2026-01-17,21.5137121449454
Louisiana,13-17 Years,301827,2026-01-24,21.8773735691925
Louisiana,13-17 Years,301827,2026-01-31,22.1321253972547
Louisiana,13-17 Years,301827,2026-02-07,22.6233246159196
Louisiana,13-17 Years,301827,2026-02-14,22.773820374518
Louisiana,13-17 Years,301827,2026-02-21,22.8600780321653
Louisiana,13-17 Years,301827,2026-02-28,22.9055609332375
Louisiana,13-17 Years,301827,2026-03-07,22.9786222924853
Louisiana,13-17 Years,301827,2026-03-14,23.0076355701641
Louisiana,13-17 Years,301827,2026-03-21,23.0345798081636
Louisiana,13-17 Years,301827,2026-03-28,23.0600568582458
Louisiana,13-17 Years,301827,2026-04-04,23.0885831283907
Louisiana,13-17 Years,301827,2026-04-11,23.1338467347953
Louisiana,13-17 Years,301827,2026-04-18,23.151898457353
Louisiana,13-17 Years,301827,2026-04-25,23.1676728071685
Louisiana,13-17 Years,301827,2026-05-02,23.1785081345429
Louisiana,13-17 Years,301827,2026-05-09,23.1982507220113
Louisiana,13-17 Years,301827,2026-05-16,23.2031281593201
Louisiana,13-17 Years,301827,2026-05-23,23.2048580367928
Louisiana,13-17 Years,301827,2026-05-30,23.2049526789309
Louisiana,13-17 Years,301827,2026-06-06,23.205
Louisiana,13-17 Years,301827,2026-06-13,23.205
Louisiana,6 Months - 17 Years,1052713,2025-08-16,3.92936099611382
Louisiana,6 Months - 17 Years,1052713,2025-08-23,3.92936099611382
Louisiana,6 Months - 17 Years,1052713,2025-08-30,3.92936099611382
Louisiana,6 Months - 17 Years,1052713,2025-09-06,3.92936099611382
Louisiana,6 Months - 17 Years,1052713,2025-09-13,5.14359213919042
Louisiana,6 Months - 17 Years,1052713,2025-09-20,5.645868700912
Louisiana,6 Months - 17 Years,1052713,2025-09-27,6.36968530586963
Louisiana,6 Months - 17 Years,1052713,2025-10-04,8.08327170130837
Louisiana,6 Months - 17 Years,1052713,2025-10-11,9.2103030207563
Louisiana,6 Months - 17 Years,1052713,2025-10-18,10.6087573395156
Louisiana,6 Months - 17 Years,1052713,2025-10-25,12.2468558167264
Louisiana,6 Months - 17 Years,1052713,2025-11-01,14.1527604393253
Louisiana,6 Months - 17 Years,1052713,2025-11-08,17.7208255354526
Louisiana,6 Months - 17 Years,1052713,2025-11-15,19.1375639798413
Louisiana,6 Months - 17 Years,1052713,2025-11-22,20.272206937794
Louisiana,6 Months - 17 Years,1052713,2025-11-29,21.1793329557804
Louisiana,6 Months - 17 Years,1052713,2025-12-06,22.8063587050853
Louisiana,6 Months - 17 Years,1052713,2025-12-13,23.4929591025959
Louisiana,6 Months - 17 Years,1052713,2025-12-20,24.1009232375446
Louisiana,6 Months - 17 Years,1052713,2025-12-27,24.6390883789431
Louisiana,6 Months - 17 Years,1052713,2026-01-03,25.218706506981
Louisiana,6 Months - 17 Years,1052713,2026-01-10,26.1112281573937
Louisiana,6 Months - 17 Years,1052713,2026-01-17,26.4296201855715
Louisiana,6 Months - 17 Years,1052713,2026-01-24,26.6868078562321
Louisiana,6 Months - 17 Years,1052713,2026-01-31,26.868688198042
Louisiana,6 Months - 17 Years,1052713,2026-02-07,27.2635670741048
Louisiana,6 Months - 17 Years,1052713,2026-02-14,27.4384761463795
Louisiana,6 Months - 17 Years,1052713,2026-02-21,27.6015506691542
Louisiana,6 Months - 17 Years,1052713,2026-02-28,27.7557296616908
Louisiana,6 Months - 17 Years,1052713,2026-03-07,28.0531835965269
Louisiana,6 Months - 17 Years,1052713,2026-03-14,28.1939399346088
Louisiana,6 Months - 17 Years,1052713,2026-03-21,28.3305302092934
Louisiana,6 Months - 17 Years,1052713,2026-03-28,28.4664379231561
Louisiana,6 Months - 17 Years,1052713,2026-04-04,28.6528902633855
Louisiana,6 Months - 17 Years,1052713,2026-04-11,28.9848141970584
Louisiana,6 Months - 17 Years,1052713,2026-04-18,29.1843875482826
Louisiana,6 Months - 17 Years,1052713,2026-04-25,29.4176982060953
Louisiana,6 Months - 17 Years,1052713,2026-05-02,29.6382490807387
Louisiana,6 Months - 17 Years,1052713,2026-05-09,30.1078712605642
Louisiana,6 Months - 17 Years,1052713,2026-05-16,30.3029318499086
Louisiana,6 Months - 17 Years,1052713,2026-05-23,30.4574552066979
Louisiana,6 Months - 17 Years,1052713,2026-05-30,30.5770408170529
Louisiana,6 Months - 17 Years,1052713,2026-06-06,30.776792615875
Louisiana,6 Months - 17 Years,1052713,2026-06-13,30.8364356431072
Louisiana,18-49 Years,1911121,2025-08-16,0.608815302494838
Louisiana,18-49 Years,1911121,2025-08-23,0.608815302494838
Louisiana,18-49 Years,1911121,2025-08-30,0.608815302494838
Louisiana,18-49 Years,1911121,2025-09-06,0.608815302494838
Louisiana,18-49 Years,1911121,2025-09-13,0.846122060584
Louisiana,18-49 Years,1911121,2025-09-20,1.03101513908547
Louisiana,18-49 Years,1911121,2025-09-27,1.38810760576264
Louisiana,18-49 Years,1911121,2025-10-04,2.29702735978369
Louisiana,18-49 Years,1911121,2025-10-11,2.94794811871526
Louisiana,18-49 Years,1911121,2025-10-18,3.80032580601168
Louisiana,18-49 Years,1911121,2025-10-25,4.8356612241136
Louisiana,18-49 Years,1911121,2025-11-01,6.0566799043742
Louisiana,18-49 Years,1911121,2025-11-08,8.36392761446918
Louisiana,18-49 Years,1911121,2025-11-15,9.27668399532481
Louisiana,18-49 Years,1911121,2025-11-22,9.9941378159623
Louisiana,18-49 Years,1911121,2025-11-29,10.5495951558661
Louisiana,18-49 Years,1911121,2025-12-06,11.5104446766021
Louisiana,18-49 Years,1911121,2025-12-13,11.871723394652
Louisiana,18-49 Years,1911121,2025-12-20,12.1511640918514
Louisiana,18-49 Years,1911121,2025-12-27,12.3711479396479
Louisiana,18-49 Years,1911121,2026-01-03,12.6279660863122
Louisiana,18-49 Years,1911121,2026-01-10,13.0378257148174
Louisiana,18-49 Years,1911121,2026-01-17,13.2403712797849
Louisiana,18-49 Years,1911121,2026-01-24,13.4559204243839
Louisiana,18-49 Years,1911121,2026-01-31,13.6454876359354
Louisiana,18-49 Years,1911121,2026-02-07,14.0533124545663
Louisiana,18-49 Years,1911121,2026-02-14,14.2273101898307
Louisiana,18-49 Years,1911121,2026-02-21,14.3737826076029
Louisiana,18-49 Years,1911121,2026-02-28,14.4960336974698
Louisiana,18-49 Years,1911121,2026-03-07,14.7136704292633
Louisiana,18-49 Years,1911121,2026-03-14,14.7997091819712
Louisiana,18-49 Years,1911121,2026-03-21,14.8692508112046
Louisiana,18-49 Years,1911121,2026-03-28,14.9278860585271
Louisiana,18-49 Years,1911121,2026-04-04,15.0114518858214
Louisiana,18-49 Years,1911121,2026-04-11,15.1614713719068
Louisiana,18-49 Years,1911121,2026-04-18,15.2733672197933
Louisiana,18-49 Years,1911121,2026-04-25,15.4226470728799
Louisiana,18-49 Years,1911121,2026-05-02,15.579313239768
Louisiana,18-49 Years,1911121,2026-05-09,15.9184593648562
Louisiana,18-49 Years,1911121,2026-05-16,16.0643077719063
Louisiana,18-49 Years,1911121,2026-05-23,16.1810711459923
Louisiana,18-49 Years,1911121,2026-05-30,16.27252237608
Louisiana,18-49 Years,1911121,2026-06-06,16.4292996916952
Louisiana,18-49 Years,1911121,2026-06-13,16.4819500787842
Louisiana,50-64 Years,873241,2025-08-16,0.832743360135278
Louisiana,50-64 Years,873241,2025-08-23,0.832743360135278
Louisiana,50-64 Years,873241,2025-08-30,0.832743360135278
Louisiana,50-64 Years,873241,2025-09-06,0.832743360135278
Louisiana,50-64 Years,873241,2025-09-13,1.12981745656299
Louisiana,50-64 Years,873241,2025-09-20,1.3230895764081
Louisiana,50-64 Years,873241,2025-09-27,1.86165362015816
Louisiana,50-64 Years,873241,2025-10-04,3.31530519155672
Louisiana,50-64 Years,873241,2025-10-11,4.43287424960771
Louisiana,50-64 Years,873241,2025-10-18,5.96221380002512
Louisiana,50-64 Years,873241,2025-10-25,7.86127311666189
Louisiana,50-64 Years,873241,2025-11-01,10.0900471823465
Louisiana,50-64 Years,873241,2025-11-08,14.2219976318008
Louisiana,50-64 Years,873241,2025-11-15,15.7279668588241
Louisiana,50-64 Years,873241,2025-11-22,16.7871889961038
Louisiana,50-64 Years,873241,2025-11-29,17.5177829738997
Louisiana,50-64 Years,873241,2025-12-06,18.7806696669176
Louisiana,50-64 Years,873241,2025-12-13,19.2870057695585
Louisiana,50-64 Years,873241,2025-12-20,19.7242807519953
Louisiana,50-64 Years,873241,2025-12-27,20.1116900042658
Louisiana,50-64 Years,873241,2026-01-03,20.5673210416731
Louisiana,50-64 Years,873241,2026-01-10,21.3035472065741
Louisiana,50-64 Years,873241,2026-01-17,21.6369277859851
Louisiana,50-64 Years,873241,2026-01-24,21.9705117432242
Louisiana,50-64 Years,873241,2026-01-31,22.2648557400145
Louisiana,50-64 Years,873241,2026-02-07,22.9631791115696
Louisiana,50-64 Years,873241,2026-02-14,23.3612500695068
Louisiana,50-64 Years,873241,2026-02-21,23.8047139375925
Louisiana,50-64 Years,873241,2026-02-28,24.2630538251891
Louisiana,50-64 Years,873241,2026-03-07,25.1125001652559
Louisiana,50-64 Years,873241,2026-03-14,25.4422955494105
Louisiana,50-64 Years,873241,2026-03-21,25.679218627268
Louisiana,50-64 Years,873241,2026-03-28,25.8373335136989
Louisiana,50-64 Years,873241,2026-04-04,25.9759017596285
Louisiana,50-64 Years,873241,2026-04-11,26.1537602876183
Louisiana,50-64 Years,873241,2026-04-18,26.1862591873686
Louisiana,50-64 Years,873241,2026-04-25,26.195
Louisiana,50-64 Years,873241,2026-05-02,26.195
Louisiana,50-64 Years,873241,2026-05-09,26.195
Louisiana,50-64 Years,873241,2026-05-16,26.195
Louisiana,50-64 Years,873241,2026-05-23,26.195
Louisiana,50-64 Years,873241,2026-05-30,26.195
Louisiana,50-64 Years,873241,2026-06-06,26.195
Louisiana,50-64 Years,873241,2026-06-13,26.195
Louisiana,65+ Years,763750,2025-08-16,1.34367314071441
Louisiana,65+ Years,763750,2025-08-23,1.34367314071441
Louisiana,65+ Years,763750,2025-08-30,1.34367314071441
Louisiana,65+ Years,763750,2025-09-06,1.34367314071441
Louisiana,65+ Years,763750,2025-09-13,2.24863050231459
Louisiana,65+ Years,763750,2025-09-20,3.47976574052376
Louisiana,65+ Years,763750,2025-09-27,5.14918408912115
Louisiana,65+ Years,763750,2025-10-04,9.02481151343386
Louisiana,65+ Years,763750,2025-10-11,11.5189164694848
Louisiana,65+ Years,763750,2025-10-18,14.5728003659395
Louisiana,65+ Years,763750,2025-10-25,18.1088295011626
Louisiana,65+ Years,763750,2025-11-01,22.1831288728704
Louisiana,65+ Years,763750,2025-11-08,29.7249594465975
Louisiana,65+ Years,763750,2025-11-15,32.664825993312
Louisiana,65+ Years,763750,2025-11-22,34.9801928579167
Louisiana,65+ Years,763750,2025-11-29,36.7847756360958
Louisiana,65+ Years,763750,2025-12-06,39.9221957344568
Louisiana,65+ Years,763750,2025-12-13,41.119070725125
Louisiana,65+ Years,763750,2025-12-20,42.0622375390005
Louisiana,65+ Years,763750,2025-12-27,42.8230211572434
Louisiana,65+ Years,763750,2026-01-03,43.7344870991727
Louisiana,65+ Years,763750,2026-01-10,45.2129250268044
Louisiana,65+ Years,763750,2026-01-17,45.9725816774097
Louisiana,65+ Years,763750,2026-01-24,46.8061985839888
Louisiana,65+ Years,763750,2026-01-31,47.5771060195287
Louisiana,65+ Years,763750,2026-02-07,49.3081975902661
Louisiana,65+ Years,763750,2026-02-14,50.135519454459
Louisiana,65+ Years,763750,2026-02-21,50.914468034434
Louisiana,65+ Years,763750,2026-02-28,51.6387217907113
Louisiana,65+ Years,763750,2026-03-07,53.0015105424716
Louisiana,65+ Years,763750,2026-03-14,53.6087115318422
Louisiana,65+ Years,763750,2026-03-21,54.1553531062628
Louisiana,65+ Years,763750,2026-03-28,54.6412499835715
Louisiana,65+ Years,763750,2026-04-04,55.1620344795353
Louisiana,65+ Years,763750,2026-04-11,55.9648488910169
Louisiana,65+ Years,763750,2026-04-18,56.2480877793582
Louisiana,65+ Years,763750,2026-04-25,56.4712843637765
Louisiana,65+ Years,763750,2026-05-02,56.6175231077493
Louisiana,65+ Years,763750,2026-05-09,56.9039959195771
Louisiana,65+ Years,763750,2026-05-16,56.9990003904844
Louisiana,65+ Years,763750,2026-05-23,57.0637006120975
Louisiana,65+ Years,763750,2026-05-30,57.1072892325961
Louisiana,65+ Years,763750,2026-06-06,57.1733172936947
Louisiana,65+ Years,763750,2026-06-13,57.1854822843538
Maine,6 Months - 4 Years,57244,2025-08-16,3.07459672988624
Maine,6 Months - 4 Years,57244,2025-08-23,3.07459672988624
Maine,6 Months - 4 Years,57244,2025-08-30,3.07459672988624
Maine,6 Months - 4 Years,57244,2025-09-06,3.07459672988624
Maine,6 Months - 4 Years,57244,2025-09-13,4.30965395475833
Maine,6 Months - 4 Years,57244,2025-09-20,5.31592923427657
Maine,6 Months - 4 Years,57244,2025-09-27,6.54193580840565
Maine,6 Months - 4 Years,57244,2025-10-04,9.27450106142135
Maine,6 Months - 4 Years,57244,2025-10-11,10.8998296717291
Maine,6 Months - 4 Years,57244,2025-10-18,12.7657862772115
Maine,6 Months - 4 Years,57244,2025-10-25,14.8591788255415
Maine,6 Months - 4 Years,57244,2025-11-01,17.3308089740232
Maine,6 Months - 4 Years,57244,2025-11-08,22.1912276005007
Maine,6 Months - 4 Years,57244,2025-11-15,24.5068777105638
Maine,6 Months - 4 Years,57244,2025-11-22,26.7639916054523
Maine,6 Months - 4 Years,57244,2025-11-29,28.9049741878669
Maine,6 Months - 4 Years,57244,2025-12-06,32.887291910615
Maine,6 Months - 4 Years,57244,2025-12-13,34.568705730182
Maine,6 Months - 4 Years,57244,2025-12-20,35.9776593413095
Maine,6 Months - 4 Years,57244,2025-12-27,37.1301913706067
Maine,6 Months - 4 Years,57244,2026-01-03,38.264763961151
Maine,6 Months - 4 Years,57244,2026-01-10,39.9008932137538
Maine,6 Months - 4 Years,57244,2026-01-17,40.3526589499263
Maine,6 Months - 4 Years,57244,2026-01-24,40.6297259995014
Maine,6 Months - 4 Years,57244,2026-01-31,40.7797525937191
Maine,6 Months - 4 Years,57244,2026-02-07,41.0888971955792
Maine,6 Months - 4 Years,57244,2026-02-14,41.2064147336403
Maine,6 Months - 4 Years,57244,2026-02-21,41.3048799978801
Maine,6 Months - 4 Years,57244,2026-02-28,41.3932933326267
Maine,6 Months - 4 Years,57244,2026-03-07,41.5743032484958
Maine,6 Months - 4 Years,57244,2026-03-14,41.6960087703792
Maine,6 Months - 4 Years,57244,2026-03-21,41.8583025381673
Maine,6 Months - 4 Years,57244,2026-03-28,42.0482023025272
Maine,6 Months - 4 Years,57244,2026-04-04,42.2431012196952
Maine,6 Months - 4 Years,57244,2026-04-11,42.5508398635284
Maine,6 Months - 4 Years,57244,2026-04-18,42.6197668937748
Maine,6 Months - 4 Years,57244,2026-04-25,42.64
Maine,6 Months - 4 Years,57244,2026-05-02,42.64
Maine,6 Months - 4 Years,57244,2026-05-09,42.6478818157206
Maine,6 Months - 4 Years,57244,2026-05-16,42.6757683938542
Maine,6 Months - 4 Years,57244,2026-05-23,42.7397129854379
Maine,6 Months - 4 Years,57244,2026-05-30,42.8482832313753
Maine,6 Months - 4 Years,57244,2026-06-06,43.1300443430764
Maine,6 Months - 4 Years,57244,2026-06-13,43.3062488893939
Maine,5-12 Years,109722,2025-08-16,1.78035991654674
Maine,5-12 Years,109722,2025-08-23,1.78035991654674
Maine,5-12 Years,109722,2025-08-30,1.78035991654674
Maine,5-12 Years,109722,2025-09-06,1.78035991654674
Maine,5-12 Years,109722,2025-09-13,2.84951432022073
Maine,5-12 Years,109722,2025-09-20,4.19068130539795
Maine,5-12 Years,109722,2025-09-27,5.67555926292553
Maine,5-12 Years,109722,2025-10-04,8.84091829151787
Maine,5-12 Years,109722,2025-10-11,10.6239940146999
Maine,5-12 Years,109722,2025-10-18,12.5998532198521
Maine,5-12 Years,109722,2025-10-25,14.7369762259896
Maine,5-12 Years,109722,2025-11-01,17.1706161901735
Maine,5-12 Years,109722,2025-11-08,21.7335200698486
Maine,5-12 Years,109722,2025-11-15,23.7220368669031
Maine,5-12 Years,109722,2025-11-22,25.521010359874
Maine,5-12 Years,109722,2025-11-29,27.0929578462814
Maine,5-12 Years,109722,2025-12-06,29.8056750638356
Maine,5-12 Years,109722,2025-12-13,30.7491351867197
Maine,5-12 Years,109722,2025-12-20,31.3754252891959
Maine,5-12 Years,109722,2025-12-27,31.7733758792812
Maine,5-12 Years,109722,2026-01-03,32.2026923193872
Maine,5-12 Years,109722,2026-01-10,32.8440370985354
Maine,5-12 Years,109722,2026-01-17,33.1408444463903
Maine,5-12 Years,109722,2026-01-24,33.4481853356837
Maine,5-12 Years,109722,2026-01-31,33.7101898706997
Maine,5-12 Years,109722,2026-02-07,34.2705307956131
Maine,5-12 Years,109722,2026-02-14,34.5081434272449
Maine,5-12 Years,109722,2026-02-21,34.7092280486388
Maine,5-12 Years,109722,2026-02-28,34.8758434695633
Maine,5-12 Years,109722,2026-03-07,35.1620166706278
Maine,5-12 Years,109722,2026-03-14,35.2647583562701
Maine,5-12 Years,109722,2026-03-21,35.3383329662766
Maine,5-12 Years,109722,2026-03-28,35.3911468956561
Maine,5-12 Years,109722,2026-04-04,35.4524734847168
Maine,5-12 Years,109722,2026-04-11,35.5490817883663
Maine,5-12 Years,109722,2026-04-18,35.5979936563163
Maine,5-12 Years,109722,2026-04-25,35.6524804660584
Maine,5-12 Years,109722,2026-05-02,35.7055773045143
Maine,5-12 Years,109722,2026-05-09,35.8335274632455
Maine,5-12 Years,109722,2026-05-16,35.9061715523022
Maine,5-12 Years,109722,2026-05-23,35.9871886024444
Maine,5-12 Years,109722,2026-05-30,36.076974665847
Maine,5-12 Years,109722,2026-06-06,36.2691119455446
Maine,5-12 Years,109722,2026-06-13,36.3746383441705
Maine,13-17 Years,75066,2025-08-16,0.44667216562926
Maine,13-17 Years,75066,2025-08-23,0.44667216562926
Maine,13-17 Years,75066,2025-08-30,0.44667216562926
Maine,13-17 Years,75066,2025-09-06,0.44667216562926
Maine,13-17 Years,75066,2025-09-13,1.23540168863672
Maine,13-17 Years,75066,2025-09-20,2.50557650312361
Maine,13-17 Years,75066,2025-09-27,4.27974874236015
Maine,13-17 Years,75066,2025-10-04,8.17036017290202
Maine,13-17 Years,75066,2025-10-11,10.270353424761
Maine,13-17 Years,75066,2025-10-18,12.5223685454026
Maine,13-17 Years,75066,2025-10-25,14.8923154508583
Maine,13-17 Years,75066,2025-11-01,17.5532599221513
Maine,13-17 Years,75066,2025-11-08,22.471700363756
Maine,13-17 Years,75066,2025-11-15,24.5857942857096
Maine,13-17 Years,75066,2025-11-22,26.4902283289615
Maine,13-17 Years,75066,2025-11-29,28.152191856499
Maine,13-17 Years,75066,2025-12-06,31.026662346134
Maine,13-17 Years,75066,2025-12-13,32.0376250861195
Maine,13-17 Years,75066,2025-12-20,32.7223966293837
Maine,13-17 Years,75066,2025-12-27,33.1711997493555
Maine,13-17 Years,75066,2026-01-03,33.6637161347941
Maine,13-17 Years,75066,2026-01-10,34.4113537383781
Maine,13-17 Years,75066,2026-01-17,34.7746480641757
Maine,13-17 Years,75066,2026-01-24,35.1572711301497
Maine,13-17 Years,75066,2026-01-31,35.4720417084174
Maine,13-17 Years,75066,2026-02-07,36.0825053697104
Maine,13-17 Years,75066,2026-02-14,36.2695430567307
Maine,13-17 Years,75066,2026-02-21,36.3677267845931
Maine,13-17 Years,75066,2026-02-28,36.411291613136
Maine,13-17 Years,75066,2026-03-07,36.4992956376258
Maine,13-17 Years,75066,2026-03-14,36.6024501115189
Maine,13-17 Years,75066,2026-03-21,36.7931087159218
Maine,13-17 Years,75066,2026-03-28,37.0629597481326
Maine,13-17 Years,75066,2026-04-04,37.38195000838
Maine,13-17 Years,75066,2026-04-11,37.9408928090963
Maine,13-17 Years,75066,2026-04-18,38.1136997379071
Maine,13-17 Years,75066,2026-04-25,38.210057711535
Maine,13-17 Years,75066,2026-05-02,38.2521151980921
Maine,13-17 Years,75066,2026-05-09,38.3270274275646
Maine,13-17 Years,75066,2026-05-16,38.3438920365765
Maine,13-17 Years,75066,2026-05-23,38.3495561381192
Maine,13-17 Years,75066,2026-05-30,38.3498520460398
Maine,13-17 Years,75066,2026-06-06,38.35
Maine,13-17 Years,75066,2026-06-13,38.35
Maine,6 Months - 17 Years,242032,2025-08-16,1.81876264160221
Maine,6 Months - 17 Years,242032,2025-08-23,1.81876264160221
Maine,6 Months - 17 Years,242032,2025-08-30,1.81876264160221
Maine,6 Months - 17 Years,242032,2025-09-06,1.81876264160221
Maine,6 Months - 17 Years,242032,2025-09-13,2.87368559337676
Maine,6 Months - 17 Years,242032,2025-09-20,4.16491642484846
Maine,6 Months - 17 Years,242032,2025-09-27,5.62386792533977
Maine,6 Months - 17 Years,242032,2025-10-04,8.76640792232051
Maine,6 Months - 17 Years,242032,2025-10-11,10.5617774750764
Maine,6 Months - 17 Years,242032,2025-10-18,12.5708016548187
Maine,6 Months - 17 Years,242032,2025-10-25,14.7640235567087
Maine,6 Months - 17 Years,242032,2025-11-01,17.2808299688698
Maine,6 Months - 17 Years,242032,2025-11-08,22.0437469415124
Maine,6 Months - 17 Years,242032,2025-11-15,24.1499426199865
Maine,6 Months - 17 Years,242032,2025-11-22,26.0775860960691
Maine,6 Months - 17 Years,242032,2025-11-29,27.7888506344234
Maine,6 Months - 17 Years,242032,2025-12-06,30.8012412601866
Maine,6 Months - 17 Years,242032,2025-12-13,31.9113246840393
Maine,6 Months - 17 Years,242032,2025-12-20,32.7096788075561
Maine,6 Months - 17 Years,242032,2025-12-27,33.2711511849886
Maine,6 Months - 17 Years,242032,2026-01-03,33.8626463276083
Maine,6 Months - 17 Years,242032,2026-01-10,34.7399197351162
Maine,6 Months - 17 Years,242032,2026-01-17,35.0933606560187
Maine,6 Months - 17 Years,242032,2026-01-24,35.4208272325677
Maine,6 Months - 17 Years,242032,2026-01-31,35.671607684453
Maine,6 Months - 17 Years,242032,2026-02-07,36.184761616609
Maine,6 Months - 17 Years,242032,2026-02-14,36.3729383344469
Maine,6 Months - 17 Years,242032,2026-02-21,36.5113056398052
Maine,6 Months - 17 Years,242032,2026-02-28,36.6169929575696
Maine,6 Months - 17 Years,242032,2026-03-07,36.8201072325099
Maine,6 Months - 17 Years,242032,2026-03-14,36.9401170058056
Maine,6 Months - 17 Years,242032,2026-03-21,37.0894849088084
Maine,6 Months - 17 Years,242032,2026-03-28,37.2604588033212
Maine,6 Months - 17 Years,242032,2026-04-04,37.4489372949991
Maine,6 Months - 17 Years,242032,2026-04-11,37.7554476291178
Maine,6 Months - 17 Years,242032,2026-04-18,37.8468506130292
Maine,6 Months - 17 Years,242032,2026-04-25,37.9010036441718
Maine,6 Months - 17 Years,242032,2026-05-02,37.9308072564364
Maine,6 Months - 17 Years,242032,2026-05-09,38.0032519331562
Maine,6 Months - 17 Years,242032,2026-05-16,38.0470206415363
Maine,6 Months - 17 Years,242032,2026-05-23,38.1017114269454
Maine,6 Months - 17 Years,242032,2026-05-30,38.1676270739026
Maine,6 Months - 17 Years,242032,2026-06-06,38.3130706360383
Maine,6 Months - 17 Years,242032,2026-06-13,38.3954571886141
Maine,18-49 Years,506365,2025-08-16,0.405401235814957
Maine,18-49 Years,506365,2025-08-23,0.405401235814957
Maine,18-49 Years,506365,2025-08-30,0.405401235814957
Maine,18-49 Years,506365,2025-09-06,0.405401235814957
Maine,18-49 Years,506365,2025-09-13,0.687360208948871
Maine,18-49 Years,506365,2025-09-20,1.07916809591126
Maine,18-49 Years,506365,2025-09-27,1.71126336872655
Maine,18-49 Years,506365,2025-10-04,3.25538587642073
Maine,18-49 Years,506365,2025-10-11,4.29548921153809
Maine,18-49 Years,506365,2025-10-18,5.60018066582193
Maine,18-49 Years,506365,2025-10-25,7.1542523824632
Maine,18-49 Years,506365,2025-11-01,9.01142670434304
Maine,18-49 Years,506365,2025-11-08,12.6405684702041
Maine,18-49 Years,506365,2025-11-15,14.2536965432823
Maine,18-49 Years,506365,2025-11-22,15.6993118659396
Maine,18-49 Years,506365,2025-11-29,16.9622860315415
Maine,18-49 Years,506365,2025-12-06,19.2010259383966
Maine,18-49 Years,506365,2025-12-13,20.0482234990831
Maine,18-49 Years,506365,2025-12-20,20.6813852636094
Maine,18-49 Years,506365,2025-12-27,21.1489327634358
Maine,18-49 Years,506365,2026-01-03,21.6468320144183
Maine,18-49 Years,506365,2026-01-10,22.3927427121925
Maine,18-49 Years,506365,2026-01-17,22.6853522602757
Maine,18-49 Years,506365,2026-01-24,22.9514577837186
Maine,18-49 Years,506365,2026-01-31,23.1632487212537
Maine,18-49 Years,506365,2026-02-07,23.6474553035406
Maine,18-49 Years,506365,2026-02-14,23.8986617256203
Maine,18-49 Years,506365,2026-02-21,24.1628620708507
Maine,18-49 Years,506365,2026-02-28,24.4264602019992
Maine,18-49 Years,506365,2026-03-07,24.9100353088163
Maine,18-49 Years,506365,2026-03-14,25.0945484598548
Maine,18-49 Years,506365,2026-03-21,25.2259126550902
Maine,18-49 Years,506365,2026-03-28,25.3172332896925
Maine,18-49 Years,506365,2026-04-04,25.4296849066714
Maine,18-49 Years,506365,2026-04-11,25.6139829930162
Maine,18-49 Years,506365,2026-04-18,25.7266387357522
Maine,18-49 Years,506365,2026-04-25,25.8632116093959
Maine,18-49 Years,506365,2026-05-02,25.9954096043946
Maine,18-49 Years,506365,2026-05-09,26.279508427886
Maine,18-49 Years,506365,2026-05-16,26.400220772989
Maine,18-49 Years,506365,2026-05-23,26.4982625717428
Maine,18-49 Years,506365,2026-05-30,26.5765149474136
Maine,18-49 Years,506365,2026-06-06,26.7108283071673
Maine,18-49 Years,506365,2026-06-13,26.7559572103865
Maine,50-64 Years,300464,2025-08-16,0.479060096411698
Maine,50-64 Years,300464,2025-08-23,0.479060096411698
Maine,50-64 Years,300464,2025-08-30,0.479060096411698
Maine,50-64 Years,300464,2025-09-06,0.479060096411698
Maine,50-64 Years,300464,2025-09-13,0.869567513711532
Maine,50-64 Years,300464,2025-09-20,1.45664082163294
Maine,50-64 Years,300464,2025-09-27,2.36833822513477
Maine,50-64 Years,300464,2025-10-04,4.57338924762981
Maine,50-64 Years,300464,2025-10-11,6.04825656456229
Maine,50-64 Years,300464,2025-10-18,7.89273610748523
Maine,50-64 Years,300464,2025-10-25,10.0784251976912
Maine,50-64 Years,300464,2025-11-01,12.6678603454929
Maine,50-64 Years,300464,2025-11-08,17.6576676846769
Maine,50-64 Years,300464,2025-11-15,19.7965070790034
Maine,50-64 Years,300464,2025-11-22,21.6479655663711
Maine,50-64 Years,300464,2025-11-29,23.2228489684762
Maine,50-64 Years,300464,2025-12-06,26.017569879732
Maine,50-64 Years,300464,2025-12-13,27.1001361084865
Maine,50-64 Years,300464,2025-12-20,27.9443079579392
Maine,50-64 Years,300464,2025-12-27,28.6022045350205
Maine,50-64 Years,300464,2026-01-03,29.3201538978293
Maine,50-64 Years,300464,2026-01-10,30.4196800394771
Maine,50-64 Years,300464,2026-01-17,30.873136580059
Maine,50-64 Years,300464,2026-01-24,31.2963890781651
Maine,50-64 Years,300464,2026-01-31,31.6282412418553
Maine,50-64 Years,300464,2026-02-07,32.3292726083777
Maine,50-64 Years,300464,2026-02-14,32.6132805782031
Maine,50-64 Years,300464,2026-02-21,32.8474677520606
Maine,50-64 Years,300464,2026-02-28,33.0451623397363
Maine,50-64 Years,300464,2026-03-07,33.4188819877364
Maine,50-64 Years,300464,2026-03-14,33.6105883276501
Maine,50-64 Years,300464,2026-03-21,33.8177486887096
Maine,50-64 Years,300464,2026-03-28,34.0293698657831
Maine,50-64 Years,300464,2026-04-04,34.2420001720219
Maine,50-64 Years,300464,2026-04-11,34.5639741392938
Maine,50-64 Years,300464,2026-04-18,34.6421236947045
Maine,50-64 Years,300464,2026-04-25,34.6760537553984
Maine,50-64 Years,300464,2026-05-02,34.6864256709497
Maine,50-64 Years,300464,2026-05-09,34.7047034294967
Maine,50-64 Years,300464,2026-05-16,34.7086260706148
Maine,50-64 Years,300464,2026-05-23,34.7099027928643
Maine,50-64 Years,300464,2026-05-30,34.7099675976214
Maine,50-64 Years,300464,2026-06-06,34.71
Maine,50-64 Years,300464,2026-06-13,34.71
Maine,65+ Years,293776,2025-08-16,1.34071449858677
Maine,65+ Years,293776,2025-08-23,1.34071449858677
Maine,65+ Years,293776,2025-08-30,1.34071449858677
Maine,65+ Years,293776,2025-09-06,1.34071449858677
Maine,65+ Years,293776,2025-09-13,2.19445232807066
Maine,65+ Years,293776,2025-09-20,3.32016636060889
Maine,65+ Years,293776,2025-09-27,5.26474836887613
Maine,65+ Years,293776,2025-10-04,10.0962420763643
Maine,65+ Years,293776,2025-10-11,13.449290409425
Maine,65+ Years,293776,2025-10-18,17.7502081678695
Maine,65+ Years,293776,2025-10-25,22.9174616401573
Maine,65+ Years,293776,2025-11-01,29.0236597315315
Maine,65+ Years,293776,2025-11-08,40.6693136916343
Maine,65+ Years,293776,2025-11-15,45.4623662393808
Maine,65+ Years,293776,2025-11-22,49.4161045987856
Maine,65+ Years,293776,2025-11-29,52.611385233601
Maine,65+ Years,293776,2025-12-06,58.1275628378282
Maine,65+ Years,293776,2025-12-13,60.1388742284739
Maine,65+ Years,293776,2025-12-20,61.6110273798263
Maine,65+ Years,293776,2025-12-27,62.6886471978253
Maine,65+ Years,293776,2026-01-03,63.8905611768929
Maine,65+ Years,293776,2026-01-10,65.7445370761648
Maine,65+ Years,293776,2026-01-17,66.595847442074
Maine,65+ Years,293776,2026-01-24,67.4643565065836
Maine,65+ Years,293776,2026-01-31,68.2026745900008
Maine,65+ Years,293776,2026-02-07,69.7957896490366
Maine,65+ Years,293776,2026-02-14,70.4802749817172
Maine,65+ Years,293776,2026-02-21,71.0691160934105
Maine,65+ Years,293776,2026-02-28,71.5787463069624
Maine,65+ Years,293776,2026-03-07,72.5250965415269
Maine,65+ Years,293776,2026-03-14,72.9579765139797
Maine,65+ Years,293776,2026-03-21,73.3713304302733
Maine,65+ Years,293776,2026-03-28,73.7626646648507
Maine,65+ Years,293776,2026-04-04,74.1961486708306
Maine,65+ Years,293776,2026-04-11,74.881606755112
Maine,65+ Years,293776,2026-04-18,75.1314207930098
Maine,65+ Years,293776,2026-04-25,75.3334298935951
Maine,65+ Years,293776,2026-05-02,75.4771669535323
Maine,65+ Years,293776,2026-05-09,75.7920503006372
Maine,65+ Years,293776,2026-05-16,75.935684543049
Maine,65+ Years,293776,2026-05-23,76.0728894240119
Maine,65+ Years,293776,2026-05-30,76.2036560541003
Maine,65+ Years,293776,2026-06-06,76.4521372692129
Maine,65+ Years,293776,2026-06-13,76.5644136024555
Maryland,6 Months - 4 Years,324088,2025-08-16,5.29555515368721
Maryland,6 Months - 4 Years,324088,2025-08-23,5.29555515368721
Maryland,6 Months - 4 Years,324088,2025-08-30,5.29555515368721
Maryland,6 Months - 4 Years,324088,2025-09-06,5.29555515368721
Maryland,6 Months - 4 Years,324088,2025-09-13,7.44091032031008
Maryland,6 Months - 4 Years,324088,2025-09-20,9.20008685267894
Maryland,6 Months - 4 Years,324088,2025-09-27,11.0388374686716
Maryland,6 Months - 4 Years,324088,2025-10-04,14.8309295606035
Maryland,6 Months - 4 Years,324088,2025-10-11,16.8543905662875
Maryland,6 Months - 4 Years,324088,2025-10-18,19.0035431805825
Maryland,6 Months - 4 Years,324088,2025-10-25,21.2486863397971
Maryland,6 Months - 4 Years,324088,2025-11-01,23.7655425910964
Maryland,6 Months - 4 Years,324088,2025-11-08,28.4110728442913
Maryland,6 Months - 4 Years,324088,2025-11-15,30.4042811238295
Maryland,6 Months - 4 Years,324088,2025-11-22,32.2031963911445
Maryland,6 Months - 4 Years,324088,2025-11-29,33.7957147342328
Maryland,6 Months - 4 Years,324088,2025-12-06,36.6410714877638
Maryland,6 Months - 4 Years,324088,2025-12-13,37.7460348516041
Maryland,6 Months - 4 Years,324088,2025-12-20,38.6027007314052
Maryland,6 Months - 4 Years,324088,2025-12-27,39.2669034266109
Maryland,6 Months - 4 Years,324088,2026-01-03,40.0123737797925
Maryland,6 Months - 4 Years,324088,2026-01-10,41.176007146954
Maryland,6 Months - 4 Years,324088,2026-01-17,41.7073751857143
Maryland,6 Months - 4 Years,324088,2026-01-24,42.2369981555471
Maryland,6 Months - 4 Years,324088,2026-01-31,42.6568258072509
Maryland,6 Months - 4 Years,324088,2026-02-07,43.4745307065472
Maryland,6 Months - 4 Years,324088,2026-02-14,43.7295329624623
Maryland,6 Months - 4 Years,324088,2026-02-21,43.871156259801
Maryland,6 Months - 4 Years,324088,2026-02-28,43.9425088232845
Maryland,6 Months - 4 Years,324088,2026-03-07,44.0756243103153
Maryland,6 Months - 4 Years,324088,2026-03-14,44.1747374264415
Maryland,6 Months - 4 Years,324088,2026-03-21,44.3260139419458
Maryland,6 Months - 4 Years,324088,2026-03-28,44.5256409410513
Maryland,6 Months - 4 Years,324088,2026-04-04,44.7732946657496
Maryland,6 Months - 4 Years,324088,2026-04-11,45.2085855595104
Maryland,6 Months - 4 Years,324088,2026-04-18,45.3686132926602
Maryland,6 Months - 4 Years,324088,2026-04-25,45.4877631970325
Maryland,6 Months - 4 Years,324088,2026-05-02,45.5696867437958
Maryland,6 Months - 4 Years,324088,2026-05-09,45.7610598116242
Maryland,6 Months - 4 Years,324088,2026-05-16,45.8638847007395
Maryland,6 Months - 4 Years,324088,2026-05-23,45.9779777131272
Maryland,6 Months - 4 Years,324088,2026-05-30,46.1030458519559
Maryland,6 Months - 4 Years,324088,2026-06-06,46.3652264608793
Maryland,6 Months - 4 Years,324088,2026-06-13,46.5055219192278
Maryland,5-12 Years,597009,2025-08-16,2.75193834475271
Maryland,5-12 Years,597009,2025-08-23,2.75193834475271
Maryland,5-12 Years,597009,2025-08-30,2.75193834475271
Maryland,5-12 Years,597009,2025-09-06,2.75193834475271
Maryland,5-12 Years,597009,2025-09-13,3.93700840971975
Maryland,5-12 Years,597009,2025-09-20,5.01147995174479
Maryland,5-12 Years,597009,2025-09-27,6.41050332716882
Maryland,5-12 Years,597009,2025-10-04,9.61247715585839
Maryland,5-12 Years,597009,2025-10-11,11.6429730753286
Maryland,5-12 Years,597009,2025-10-18,14.10847519894
Maryland,5-12 Years,597009,2025-10-25,16.9382532121899
Maryland,5-12 Years,597009,2025-11-01,20.1655726389112
Maryland,5-12 Years,597009,2025-11-08,26.0573104735227
Maryland,5-12 Years,597009,2025-11-15,28.2871723351156
Maryland,5-12 Years,597009,2025-11-22,29.9902571503659
Maryland,5-12 Years,597009,2025-11-29,31.26617120034
Maryland,5-12 Years,597009,2025-12-06,33.4164757575582
Maryland,5-12 Years,597009,2025-12-13,34.1813468168653
Maryland,5-12 Years,597009,2025-12-20,34.7410372085265
Maryland,5-12 Years,597009,2025-12-27,35.1527614223281
Maryland,5-12 Years,597009,2026-01-03,35.5973898005652
Maryland,5-12 Years,597009,2026-01-10,36.2700020007409
Maryland,5-12 Years,597009,2026-01-17,36.5577319150565
Maryland,5-12 Years,597009,2026-01-24,36.8347132417814
Maryland,5-12 Years,597009,2026-01-31,37.0482923983672
Maryland,5-12 Years,597009,2026-02-07,37.465624563962
Maryland,5-12 Years,597009,2026-02-14,37.5978333185752
Maryland,5-12 Years,597009,2026-02-21,37.6750781728863
Maryland,5-12 Years,597009,2026-02-28,37.7177799521395
Maryland,5-12 Years,597009,2026-03-07,37.7938757204623
Maryland,5-12 Years,597009,2026-03-14,37.8355158833883
Maryland,5-12 Years,597009,2026-03-21,37.8873477489317
Maryland,5-12 Years,597009,2026-03-28,37.9506219884491
Maryland,5-12 Years,597009,2026-04-04,38.0432897601944
Maryland,5-12 Years,597009,2026-04-11,38.2164359246606
Maryland,5-12 Years,597009,2026-04-18,38.3214827503627
Maryland,5-12 Years,597009,2026-04-25,38.4398450406923
Maryland,5-12 Years,597009,2026-05-02,38.5413667049989
Maryland,5-12 Years,597009,2026-05-09,38.7317056076665
Maryland,5-12 Years,597009,2026-05-16,38.7838516524351
Maryland,5-12 Years,597009,2026-05-23,38.8033356541515
Maryland,5-12 Years,597009,2026-05-30,38.8044452180505
Maryland,5-12 Years,597009,2026-06-06,38.805
Maryland,5-12 Years,597009,2026-06-13,38.805
Maryland,13-17 Years,378031,2025-08-16,3.00114734119685
Maryland,13-17 Years,378031,2025-08-23,3.00114734119685
Maryland,13-17 Years,378031,2025-08-30,3.00114734119685
Maryland,13-17 Years,378031,2025-09-06,3.00114734119685
Maryland,13-17 Years,378031,2025-09-13,4.10180445839984
Maryland,13-17 Years,378031,2025-09-20,4.8613729468209
Maryland,13-17 Years,378031,2025-09-27,6.02129262009776
Maryland,13-17 Years,378031,2025-10-04,8.81453245830766
Maryland,13-17 Years,378031,2025-10-11,10.6980083095561
Maryland,13-17 Years,378031,2025-10-18,13.0762455782367
Maryland,13-17 Years,378031,2025-10-25,15.889107236872
Maryland,13-17 Years,378031,2025-11-01,19.1565657526361
Maryland,13-17 Years,378031,2025-11-08,25.2435005691734
Maryland,13-17 Years,378031,2025-11-15,27.6199559124442
Maryland,13-17 Years,378031,2025-11-22,29.4785553571401
Maryland,13-17 Years,378031,2025-11-29,30.9003012661029
Maryland,13-17 Years,378031,2025-12-06,33.3007427451
Maryland,13-17 Years,378031,2025-12-13,34.1466075915833
Maryland,13-17 Years,378031,2025-12-20,34.7516072236317
Maryland,13-17 Years,378031,2025-12-27,35.1829052300392
Maryland,13-17 Years,378031,2026-01-03,35.6397535879002
Maryland,13-17 Years,378031,2026-01-10,36.318530958576
Maryland,13-17 Years,378031,2026-01-17,36.5897648434637
Maryland,13-17 Years,378031,2026-01-24,36.8419789122646
Maryland,13-17 Years,378031,2026-01-31,37.044887112671
Maryland,13-17 Years,378031,2026-02-07,37.5056150881808
Maryland,13-17 Years,378031,2026-02-14,37.7442642307536
Maryland,13-17 Years,378031,2026-02-21,37.9927213490651
Maryland,13-17 Years,378031,2026-02-28,38.2297575221414
Maryland,13-17 Years,378031,2026-03-07,38.627006636862
Maryland,13-17 Years,378031,2026-03-14,38.7429149841679
Maryland,13-17 Years,378031,2026-03-21,38.7935136181305
Maryland,13-17 Years,378031,2026-03-28,38.8011712060435
Maryland,13-17 Years,378031,2026-04-04,38.805
Maryland,13-17 Years,378031,2026-04-11,38.805
Maryland,13-17 Years,378031,2026-04-18,38.805
Maryland,13-17 Years,378031,2026-04-25,38.805
Maryland,13-17 Years,378031,2026-05-02,38.805
Maryland,13-17 Years,378031,2026-05-09,38.832228090671
Maryland,13-17 Years,378031,2026-05-16,38.9285635424055
Maryland,13-17 Years,378031,2026-05-23,39.1494630406036
Maryland,13-17 Years,378031,2026-05-30,39.5245238902056
Maryland,13-17 Years,378031,2026-06-06,40.4978804579004
Maryland,13-17 Years,378031,2026-06-13,41.1065870724517
Maryland,6 Months - 17 Years,1299128,2025-08-16,3.3845696672145
Maryland,6 Months - 17 Years,1299128,2025-08-23,3.3845696672145
Maryland,6 Months - 17 Years,1299128,2025-08-30,3.3845696672145
Maryland,6 Months - 17 Years,1299128,2025-09-06,3.3845696672145
Maryland,6 Months - 17 Years,1299128,2025-09-13,4.75020969614145
Maryland,6 Months - 17 Years,1299128,2025-09-20,5.87219100087797
Maryland,6 Months - 17 Years,1299128,2025-09-27,7.28729028084506
Maryland,6 Months - 17 Years,1299128,2025-10-04,10.4870680496692
Maryland,6 Months - 17 Years,1299128,2025-10-11,12.474384427311
Maryland,6 Months - 17 Years,1299128,2025-10-18,14.8495455299223
Maryland,6 Months - 17 Years,1299128,2025-10-25,17.5518866801718
Maryland,6 Months - 17 Years,1299128,2025-11-01,20.6422180417397
Maryland,6 Months - 17 Years,1299128,2025-11-08,26.3348030948849
Maryland,6 Months - 17 Years,1299128,2025-11-15,28.5676860764541
Maryland,6 Months - 17 Years,1299128,2025-11-22,30.3505713872155
Maryland,6 Months - 17 Years,1299128,2025-11-29,31.7491106174718
Maryland,6 Months - 17 Years,1299128,2025-12-06,34.1359064632418
Maryland,6 Months - 17 Years,1299128,2025-12-13,34.9965564576046
Maryland,6 Months - 17 Years,1299128,2025-12-20,35.6274960741303
Maryland,6 Months - 17 Years,1299128,2025-12-27,36.0910437086607
Maryland,6 Months - 17 Years,1299128,2026-01-03,36.5968996475991
Maryland,6 Months - 17 Years,1299128,2026-01-10,37.3669656183089
Maryland,6 Months - 17 Years,1299128,2026-01-17,37.7027881289442
Maryland,6 Months - 17 Years,1299128,2026-01-24,38.031645416141
Maryland,6 Months - 17 Years,1299128,2026-01-31,38.2950520068629
Maryland,6 Months - 17 Years,1299128,2026-02-07,38.8357082628785
Maryland,6 Months - 17 Years,1299128,2026-02-14,39.0369739808149
Maryland,6 Months - 17 Years,1299128,2026-02-21,39.1851307946999
Maryland,6 Months - 17 Years,1299128,2026-02-28,39.2950439592301
Maryland,6 Months - 17 Years,1299128,2026-03-07,39.4908888395433
Maryland,6 Months - 17 Years,1299128,2026-03-14,39.5783015454924
Maryland,6 Months - 17 Years,1299128,2026-03-21,39.6634545987043
Maryland,6 Months - 17 Years,1299128,2026-03-28,39.747488658646
Maryland,6 Months - 17 Years,1299128,2026-04-04,39.8486856369549
Maryland,6 Months - 17 Years,1299128,2026-04-11,40.0162558571251
Maryland,6 Months - 17 Years,1299128,2026-04-18,40.0888641049046
Maryland,6 Months - 17 Years,1299128,2026-04-25,40.1584727557686
Maryland,6 Months - 17 Years,1299128,2026-05-02,40.2206746972003
Maryland,6 Months - 17 Years,1299128,2026-05-09,40.3783515838174
Maryland,6 Months - 17 Years,1299128,2026-05-16,40.4813960283738
Maryland,6 Months - 17 Years,1299128,2026-05-23,40.6128273022116
Maryland,6 Months - 17 Years,1299128,2026-05-30,40.7750541280087
Maryland,6 Months - 17 Years,1299128,2026-06-06,41.1419190753227
Maryland,6 Months - 17 Years,1299128,2026-06-13,41.3544658100419
Maryland,18-49 Years,2478067,2025-08-16,1.0856703788265
Maryland,18-49 Years,2478067,2025-08-23,1.0856703788265
Maryland,18-49 Years,2478067,2025-08-30,1.0856703788265
Maryland,18-49 Years,2478067,2025-09-06,1.0856703788265
Maryland,18-49 Years,2478067,2025-09-13,1.47129459503775
Maryland,18-49 Years,2478067,2025-09-20,1.71955679325792
Maryland,18-49 Years,2478067,2025-09-27,2.26658242978051
Maryland,18-49 Years,2478067,2025-10-04,3.69251024572681
Maryland,18-49 Years,2478067,2025-10-11,4.7250818286737
Maryland,18-49 Years,2478067,2025-10-18,6.08078922112649
Maryland,18-49 Years,2478067,2025-10-25,7.74458136704474
Maryland,18-49 Years,2478067,2025-11-01,9.750753073911
Maryland,18-49 Years,2478067,2025-11-08,13.6727697873208
Maryland,18-49 Years,2478067,2025-11-15,15.3651614691862
Maryland,18-49 Years,2478067,2025-11-22,16.8244362927989
Maryland,18-49 Years,2478067,2025-11-29,18.0658743586395
Maryland,18-49 Years,2478067,2025-12-06,20.2952196422156
Maryland,18-49 Years,2478067,2025-12-13,21.189830487145
Maryland,18-49 Years,2478067,2025-12-20,21.9179459954423
Maryland,18-49 Years,2478067,2025-12-27,22.5120452537596
Maryland,18-49 Years,2478067,2026-01-03,23.1669276586632
Maryland,18-49 Years,2478067,2026-01-10,24.1807434172808
Maryland,18-49 Years,2478067,2026-01-17,24.5940700119256
Maryland,18-49 Years,2478067,2026-01-24,24.9743546369155
Maryland,18-49 Years,2478067,2026-01-31,25.2726472559174
Maryland,18-49 Years,2478067,2026-02-07,25.9169013214291
Maryland,18-49 Years,2478067,2026-02-14,26.1964856733993
Maryland,18-49 Years,2478067,2026-02-21,26.4452219937863
Maryland,18-49 Years,2478067,2026-02-28,26.6683735254198
Maryland,18-49 Years,2478067,2026-03-07,27.0861940167306
Maryland,18-49 Years,2478067,2026-03-14,27.2736050451358
Maryland,18-49 Years,2478067,2026-03-21,27.4471296614111
Maryland,18-49 Years,2478067,2026-03-28,27.6115769088939
Maryland,18-49 Years,2478067,2026-04-04,27.8267293729552
Maryland,18-49 Years,2478067,2026-04-11,28.1995928433983
Maryland,18-49 Years,2478067,2026-04-18,28.4120219992727
Maryland,18-49 Years,2478067,2026-04-25,28.6506065569604
Maryland,18-49 Years,2478067,2026-05-02,28.8610438321413
Maryland,18-49 Years,2478067,2026-05-09,29.2834615808842
Maryland,18-49 Years,2478067,2026-05-16,29.4316715111561
Maryland,18-49 Years,2478067,2026-05-23,29.5270126744996
Maryland,18-49 Years,2478067,2026-05-30,29.5844491290132
Maryland,18-49 Years,2478067,2026-06-06,29.6705379422969
Maryland,18-49 Years,2478067,2026-06-13,29.6863225547917
Maryland,50-64 Years,1220908,2025-08-16,0.855047980199489
Maryland,50-64 Years,1220908,2025-08-23,0.855047980199489
Maryland,50-64 Years,1220908,2025-08-30,0.855047980199489
Maryland,50-64 Years,1220908,2025-09-06,0.855047980199489
Maryland,50-64 Years,1220908,2025-09-13,1.34150910146687
Maryland,50-64 Years,1220908,2025-09-20,1.93343263179442
Maryland,50-64 Years,1220908,2025-09-27,2.94343771870134
Maryland,50-64 Years,1220908,2025-10-04,5.44615204503031
Maryland,50-64 Years,1220908,2025-10-11,7.19318821640005
Maryland,50-64 Years,1220908,2025-10-18,9.44836423055994
Maryland,50-64 Years,1220908,2025-10-25,12.1544465236007
Maryland,50-64 Years,1220908,2025-11-01,15.312295089114
Maryland,50-64 Years,1220908,2025-11-08,21.2001942330533
Maryland,50-64 Years,1220908,2025-11-15,23.4659132538695
Maryland,50-64 Years,1220908,2025-11-22,25.198231089542
Maryland,50-64 Years,1220908,2025-11-29,26.501560069196
Maryland,50-64 Years,1220908,2025-12-06,28.7365437494242
Maryland,50-64 Years,1220908,2025-12-13,29.5688571051081
Maryland,50-64 Years,1220908,2025-12-20,30.2114660657179
Maryland,50-64 Years,1220908,2025-12-27,30.7174831091914
Maryland,50-64 Years,1220908,2026-01-03,31.3044649850444
Maryland,50-64 Years,1220908,2026-01-10,32.2370720493864
Maryland,50-64 Years,1220908,2026-01-17,32.6894816159463
Maryland,50-64 Years,1220908,2026-01-24,33.1661991471085
Maryland,50-64 Years,1220908,2026-01-31,33.5849669351187
Maryland,50-64 Years,1220908,2026-02-07,34.4977102284397
Maryland,50-64 Years,1220908,2026-02-14,34.9025850199382
Maryland,50-64 Years,1220908,2026-02-21,35.2590575551141
Maryland,50-64 Years,1220908,2026-02-28,35.5689349015078
Maryland,50-64 Years,1220908,2026-03-07,36.1263281270853
Maryland,50-64 Years,1220908,2026-03-14,36.3511969731065
Maryland,50-64 Years,1220908,2026-03-21,36.535622662373
Maryland,50-64 Years,1220908,2026-03-28,36.6887429211077
Maryland,50-64 Years,1220908,2026-04-04,36.8697686701431
Maryland,50-64 Years,1220908,2026-04-11,37.1634461266967
Maryland,50-64 Years,1220908,2026-04-18,37.3110822177131
Maryland,50-64 Years,1220908,2026-04-25,37.4649462927249
Maryland,50-64 Years,1220908,2026-05-02,37.5868014490845
Maryland,50-64 Years,1220908,2026-05-09,37.8123988011457
Maryland,50-64 Years,1220908,2026-05-16,37.8715446810944
Maryland,50-64 Years,1220908,2026-05-23,37.8931808702107
Maryland,50-64 Years,1220908,2026-05-30,37.8943936234036
Maryland,50-64 Years,1220908,2026-06-06,37.895
Maryland,50-64 Years,1220908,2026-06-13,37.895
Maryland,65+ Years,987352,2025-08-16,0.933376588865378
Maryland,65+ Years,987352,2025-08-23,0.933376588865378
Maryland,65+ Years,987352,2025-08-30,0.933376588865378
Maryland,65+ Years,987352,2025-09-06,0.933376588865378
Maryland,65+ Years,987352,2025-09-13,2.05718942399576
Maryland,65+ Years,987352,2025-09-20,3.91669794266762
Maryland,65+ Years,987352,2025-09-27,6.52752697688928
Maryland,65+ Years,987352,2025-10-04,12.5058901144906
Maryland,65+ Years,987352,2025-10-11,16.2730302241047
Maryland,65+ Years,987352,2025-10-18,20.8157297782942
Maryland,65+ Years,987352,2025-10-25,26.0275838522185
Maryland,65+ Years,987352,2025-11-01,32.0349167890268
Maryland,65+ Years,987352,2025-11-08,43.2227014660913
Maryland,65+ Years,987352,2025-11-15,47.7198831392089
Maryland,65+ Years,987352,2025-11-22,51.396602555034
Maryland,65+ Years,987352,2025-11-29,54.3421772555701
Maryland,65+ Years,987352,2025-12-06,59.3791494003766
Maryland,65+ Years,987352,2025-12-13,61.171079486107
Maryland,65+ Years,987352,2025-12-20,62.4450265796583
Maryland,65+ Years,987352,2025-12-27,63.3506596693717
Maryland,65+ Years,987352,2026-01-03,64.392697248612
Maryland,65+ Years,987352,2026-01-10,66.0295212964139
Maryland,65+ Years,987352,2026-01-17,66.8710907413333
Maryland,65+ Years,987352,2026-01-24,67.7941882876862
Maryland,65+ Years,987352,2026-01-31,68.6134535651363
Maryland,65+ Years,987352,2026-02-07,70.3391921623057
Maryland,65+ Years,987352,2026-02-14,71.0363719270031
Maryland,65+ Years,987352,2026-02-21,71.583952189214
Maryland,65+ Years,987352,2026-02-28,72.0013500224879
Maryland,65+ Years,987352,2026-03-07,72.6927787258747
Maryland,65+ Years,987352,2026-03-14,72.9234765254794
Maryland,65+ Years,987352,2026-03-21,73.0759731446102
Maryland,65+ Years,987352,2026-03-28,73.1763877262432
Maryland,65+ Years,987352,2026-04-04,73.3065558505427
Maryland,65+ Years,987352,2026-04-11,73.5262482925827
Maryland,65+ Years,987352,2026-04-18,73.6858160928891
Maryland,65+ Years,987352,2026-04-25,73.8948453450675
Maryland,65+ Years,987352,2026-05-02,74.1028389917694
Maryland,65+ Years,987352,2026-05-09,74.5294194522364
Maryland,65+ Years,987352,2026-05-16,74.6880556435425
Maryland,65+ Years,987352,2026-05-23,74.7938693601643
Maryland,65+ Years,987352,2026-05-30,74.8597382574264
Maryland,65+ Years,987352,2026-06-06,74.9593772640939
Maryland,65+ Years,987352,2026-06-13,74.9777040796157
Massachusetts,6 Months - 4 Years,317403,2025-08-16,4.19885570369797
Massachusetts,6 Months - 4 Years,317403,2025-08-23,4.19885570369797
Massachusetts,6 Months - 4 Years,317403,2025-08-30,4.19885570369797
Massachusetts,6 Months - 4 Years,317403,2025-09-06,4.19885570369797
Massachusetts,6 Months - 4 Years,317403,2025-09-13,6.09450063085592
Massachusetts,6 Months - 4 Years,317403,2025-09-20,7.91240286205568
Massachusetts,6 Months - 4 Years,317403,2025-09-27,9.92349989045208
Massachusetts,6 Months - 4 Years,317403,2025-10-04,14.2095406280604
Massachusetts,6 Months - 4 Years,317403,2025-10-11,16.6455272062226
Massachusetts,6 Months - 4 Years,317403,2025-10-18,19.3751333965359
Massachusetts,6 Months - 4 Years,317403,2025-10-25,22.3337709038932
Massachusetts,6 Months - 4 Years,317403,2025-11-01,25.6494747317741
Massachusetts,6 Months - 4 Years,317403,2025-11-08,31.6471085159424
Massachusetts,6 Months - 4 Years,317403,2025-11-15,33.9709674614676
Massachusetts,6 Months - 4 Years,317403,2025-11-22,35.8381745651005
Massachusetts,6 Months - 4 Years,317403,2025-11-29,37.3466467362098
Massachusetts,6 Months - 4 Years,317403,2025-12-06,40.0744553403217
Massachusetts,6 Months - 4 Years,317403,2025-12-13,41.2597986016928
Massachusetts,6 Months - 4 Years,317403,2025-12-20,42.3455618528913
Massachusetts,6 Months - 4 Years,317403,2025-12-27,43.3357696384393
Massachusetts,6 Months - 4 Years,317403,2026-01-03,44.4009944620737
Massachusetts,6 Months - 4 Years,317403,2026-01-10,46.0454397842561
Massachusetts,6 Months - 4 Years,317403,2026-01-17,46.6075731736331
Massachusetts,6 Months - 4 Years,317403,2026-01-24,47.0407937208314
Massachusetts,6 Months - 4 Years,317403,2026-01-31,47.3454047461056
Massachusetts,6 Months - 4 Years,317403,2026-02-07,48.0654799275349
Massachusetts,6 Months - 4 Years,317403,2026-02-14,48.4832885224449
Massachusetts,6 Months - 4 Years,317403,2026-02-21,48.9710849747026
Massachusetts,6 Months - 4 Years,317403,2026-02-28,49.4920631537585
Massachusetts,6 Months - 4 Years,317403,2026-03-07,50.4628251909938
Massachusetts,6 Months - 4 Years,317403,2026-03-14,50.8392139636911
Massachusetts,6 Months - 4 Years,317403,2026-03-21,51.1065608121011
Massachusetts,6 Months - 4 Years,317403,2026-03-28,51.281744533205
Massachusetts,6 Months - 4 Years,317403,2026-04-04,51.4346891478649
Massachusetts,6 Months - 4 Years,317403,2026-04-11,51.6299152012895
Massachusetts,6 Months - 4 Years,317403,2026-04-18,51.6654578586905
Massachusetts,6 Months - 4 Years,317403,2026-04-25,51.675
Massachusetts,6 Months - 4 Years,317403,2026-05-02,51.675
Massachusetts,6 Months - 4 Years,317403,2026-05-09,51.675
Massachusetts,6 Months - 4 Years,317403,2026-05-16,51.675
Massachusetts,6 Months - 4 Years,317403,2026-05-23,51.675
Massachusetts,6 Months - 4 Years,317403,2026-05-30,51.675
Massachusetts,6 Months - 4 Years,317403,2026-06-06,51.675
Massachusetts,6 Months - 4 Years,317403,2026-06-13,51.675
Massachusetts,5-12 Years,592363,2025-08-16,2.43158275853578
Massachusetts,5-12 Years,592363,2025-08-23,2.43158275853578
Massachusetts,5-12 Years,592363,2025-08-30,2.43158275853578
Massachusetts,5-12 Years,592363,2025-09-06,2.43158275853578
Massachusetts,5-12 Years,592363,2025-09-13,3.6196806115772
Massachusetts,5-12 Years,592363,2025-09-20,4.8716025050334
Massachusetts,5-12 Years,592363,2025-09-27,6.40206129282868
Massachusetts,5-12 Years,592363,2025-10-04,9.81860430906384
Massachusetts,5-12 Years,592363,2025-10-11,11.8740485383349
Massachusetts,5-12 Years,592363,2025-10-18,14.262653558066
Massachusetts,5-12 Years,592363,2025-10-25,16.9495607346609
Massachusetts,5-12 Years,592363,2025-11-01,20.0769703809631
Massachusetts,5-12 Years,592363,2025-11-08,26.0582191601429
Massachusetts,5-12 Years,592363,2025-11-15,28.6946825176177
Massachusetts,5-12 Years,592363,2025-11-22,31.08101568422
Massachusetts,5-12 Years,592363,2025-11-29,33.1978733945489
Massachusetts,5-12 Years,592363,2025-12-06,37.0056099961086
Massachusetts,5-12 Years,592363,2025-12-13,38.5111297928879
Massachusetts,5-12 Years,592363,2025-12-20,39.7013835728678
Massachusetts,5-12 Years,592363,2025-12-27,40.6364938853154
Massachusetts,5-12 Years,592363,2026-01-03,41.6332163025132
Massachusetts,5-12 Years,592363,2026-01-10,43.1376828999675
Massachusetts,5-12 Years,592363,2026-01-17,43.7042332761724
Massachusetts,5-12 Years,592363,2026-01-24,44.1963081039989
Massachusetts,5-12 Years,592363,2026-01-31,44.569909481784
Massachusetts,5-12 Years,592363,2026-02-07,45.4076328958282
Massachusetts,5-12 Years,592363,2026-02-14,45.8235225021521
Massachusetts,5-12 Years,592363,2026-02-21,46.246726907381
Massachusetts,5-12 Years,592363,2026-02-28,46.6532449822737
Massachusetts,5-12 Years,592363,2026-03-07,47.3675401712038
Massachusetts,5-12 Years,592363,2026-03-14,47.6135717333989
Massachusetts,5-12 Years,592363,2026-03-21,47.7661879362048
Massachusetts,5-12 Years,592363,2026-03-28,47.851966041643
Massachusetts,5-12 Years,592363,2026-04-04,47.9497729683439
Massachusetts,5-12 Years,592363,2026-04-11,48.1001852828194
Massachusetts,5-12 Years,592363,2026-04-18,48.1871410024999
Massachusetts,5-12 Years,592363,2026-04-25,48.2928439455422
Massachusetts,5-12 Years,592363,2026-05-02,48.4008649026081
Massachusetts,5-12 Years,592363,2026-05-09,48.6537412092671
Massachusetts,5-12 Years,592363,2026-05-16,48.7864289629037
Massachusetts,5-12 Years,592363,2026-05-23,48.9219480184752
Massachusetts,5-12 Years,592363,2026-05-30,49.0606514262498
Massachusetts,5-12 Years,592363,2026-06-06,49.3448393511025
Massachusetts,5-12 Years,592363,2026-06-13,49.4925050344665
Massachusetts,13-17 Years,397344,2025-08-16,2.19720739230532
Massachusetts,13-17 Years,397344,2025-08-23,2.19720739230532
Massachusetts,13-17 Years,397344,2025-08-30,2.19720739230532
Massachusetts,13-17 Years,397344,2025-09-06,2.19720739230532
Massachusetts,13-17 Years,397344,2025-09-13,3.32150567222785
Massachusetts,13-17 Years,397344,2025-09-20,4.56300077649644
Massachusetts,13-17 Years,397344,2025-09-27,6.11344164918333
Massachusetts,13-17 Years,397344,2025-10-04,9.60527620159512
Massachusetts,13-17 Years,397344,2025-10-11,11.7503055228365
Massachusetts,13-17 Years,397344,2025-10-18,14.2890257926947
Massachusetts,13-17 Years,397344,2025-10-25,17.1672200597923
Massachusetts,13-17 Years,397344,2025-11-01,20.482096244818
Massachusetts,13-17 Years,397344,2025-11-08,26.6761161970283
Massachusetts,13-17 Years,397344,2025-11-15,29.2140657168314
Massachusetts,13-17 Years,397344,2025-11-22,31.341876624425
Massachusetts,13-17 Years,397344,2025-11-29,33.0993994058307
Massachusetts,13-17 Years,397344,2025-12-06,36.1781933490017
Massachusetts,13-17 Years,397344,2025-12-13,37.3553915434527
Massachusetts,13-17 Years,397344,2025-12-20,38.2725724282349
Massachusetts,13-17 Years,397344,2025-12-27,38.9857267192103
Massachusetts,13-17 Years,397344,2026-01-03,39.7334686082003
Massachusetts,13-17 Years,397344,2026-01-10,40.8477924788094
Massachusetts,13-17 Years,397344,2026-01-17,41.2514109366499
Massachusetts,13-17 Years,397344,2026-01-24,41.5917525407988
Massachusetts,13-17 Years,397344,2026-01-31,41.8433771608741
Massachusetts,13-17 Years,397344,2026-02-07,42.4041828803187
Massachusetts,13-17 Years,397344,2026-02-14,42.6761252758215
Massachusetts,13-17 Years,397344,2026-02-21,42.9495040024944
Massachusetts,13-17 Years,397344,2026-02-28,43.2144980547788
Massachusetts,13-17 Years,397344,2026-03-07,43.6983051818798
Massachusetts,13-17 Years,397344,2026-03-14,43.8885021065594
Massachusetts,13-17 Years,397344,2026-03-21,44.0336026189326
Massachusetts,13-17 Years,397344,2026-03-28,44.1425306158875
Massachusetts,13-17 Years,397344,2026-04-04,44.2595713100825
Massachusetts,13-17 Years,397344,2026-04-11,44.4362580838845
Massachusetts,13-17 Years,397344,2026-04-18,44.5058373051812
Massachusetts,13-17 Years,397344,2026-04-25,44.5693238882389
Massachusetts,13-17 Years,397344,2026-05-02,44.6211499479984
Massachusetts,13-17 Years,397344,2026-05-09,44.7430057176889
Massachusetts,13-17 Years,397344,2026-05-16,44.8090687196598
Massachusetts,13-17 Years,397344,2026-05-23,44.8818718804153
Massachusetts,13-17 Years,397344,2026-05-30,44.9613606248548
Massachusetts,13-17 Years,397344,2026-06-06,45.1283728786695
Massachusetts,13-17 Years,397344,2026-06-13,45.2180383114204
Massachusetts,6 Months - 17 Years,1307110,2025-08-16,2.73128386055364
Massachusetts,6 Months - 17 Years,1307110,2025-08-23,2.73128386055364
Massachusetts,6 Months - 17 Years,1307110,2025-08-30,2.73128386055364
Massachusetts,6 Months - 17 Years,1307110,2025-09-06,2.73128386055364
Massachusetts,6 Months - 17 Years,1307110,2025-09-13,4.05279689218639
Massachusetts,6 Months - 17 Years,1307110,2025-09-20,5.42983955886567
Massachusetts,6 Months - 17 Years,1307110,2025-09-27,7.07421675890568
Massachusetts,6 Months - 17 Years,1307110,2025-10-04,10.7089358586394
Massachusetts,6 Months - 17 Years,1307110,2025-10-11,12.8757745935445
Massachusetts,6 Months - 17 Years,1307110,2025-10-18,15.3825260449571
Massachusetts,6 Months - 17 Years,1307110,2025-10-25,18.1827174105055
Massachusetts,6 Months - 17 Years,1307110,2025-11-01,21.4053177035778
Massachusetts,6 Months - 17 Years,1307110,2025-11-08,27.4575664652719
Massachusetts,6 Months - 17 Years,1307110,2025-11-15,30.0068879606925
Massachusetts,6 Months - 17 Years,1307110,2025-11-22,32.2182022937431
Massachusetts,6 Months - 17 Years,1307110,2025-11-29,34.1111969230414
Massachusetts,6 Months - 17 Years,1307110,2025-12-06,37.4920311141044
Massachusetts,6 Months - 17 Years,1307110,2025-12-13,38.8365017633765
Massachusetts,6 Months - 17 Years,1307110,2025-12-20,39.9235967836009
Massachusetts,6 Months - 17 Years,1307110,2025-12-27,40.8008115833625
Massachusetts,6 Months - 17 Years,1307110,2026-01-03,41.7322465901517
Massachusetts,6 Months - 17 Years,1307110,2026-01-10,43.1379266293798
Massachusetts,6 Months - 17 Years,1307110,2026-01-17,43.6496566667134
Massachusetts,6 Months - 17 Years,1307110,2026-01-24,44.0799013102651
Massachusetts,6 Months - 17 Years,1307110,2026-01-31,44.4002685971086
Massachusetts,6 Months - 17 Years,1307110,2026-02-07,45.1298696219858
Massachusetts,6 Months - 17 Years,1307110,2026-02-14,45.5089567383079
Massachusetts,6 Months - 17 Years,1307110,2026-02-21,45.9116952272229
Massachusetts,6 Months - 17 Years,1307110,2026-02-28,46.3125407415797
Massachusetts,6 Months - 17 Years,1307110,2026-03-07,47.0314386085621
Massachusetts,6 Months - 17 Years,1307110,2026-03-14,47.2893617386884
Massachusetts,6 Months - 17 Years,1307110,2026-03-21,47.4572577842199
Massachusetts,6 Months - 17 Years,1307110,2026-03-28,47.558104842189
Massachusetts,6 Months - 17 Years,1307110,2026-04-04,47.6669060818733
Massachusetts,6 Months - 17 Years,1307110,2026-04-11,47.8286257147088
Massachusetts,6 Months - 17 Years,1307110,2026-04-18,47.9050162647016
Massachusetts,6 Months - 17 Years,1307110,2026-04-25,47.9863574906312
Massachusetts,6 Months - 17 Years,1307110,2026-05-02,48.060600341068
Massachusetts,6 Months - 17 Years,1307110,2026-05-09,48.2322721862671
Massachusetts,6 Months - 17 Years,1307110,2026-05-16,48.3205592023003
Massachusetts,6 Months - 17 Years,1307110,2026-05-23,48.411144276886
Massachusetts,6 Months - 17 Years,1307110,2026-05-30,48.5040178928769
Massachusetts,6 Months - 17 Years,1307110,2026-06-06,48.6929395739374
Massachusetts,6 Months - 17 Years,1307110,2026-06-13,48.7899813529136
Massachusetts,18-49 Years,2949139,2025-08-16,1.09049816224069
Massachusetts,18-49 Years,2949139,2025-08-23,1.09049816224069
Massachusetts,18-49 Years,2949139,2025-08-30,1.09049816224069
Massachusetts,18-49 Years,2949139,2025-09-06,1.09049816224069
Massachusetts,18-49 Years,2949139,2025-09-13,1.49166835138047
Massachusetts,18-49 Years,2949139,2025-09-20,1.77108597860417
Massachusetts,18-49 Years,2949139,2025-09-27,2.37636811913535
Massachusetts,18-49 Years,2949139,2025-10-04,3.94974666610681
Massachusetts,18-49 Years,2949139,2025-10-11,5.09048273964472
Massachusetts,18-49 Years,2949139,2025-10-18,6.5910645049272
Massachusetts,18-49 Years,2949139,2025-10-25,8.43030202996296
Massachusetts,18-49 Years,2949139,2025-11-01,10.6352136462726
Massachusetts,18-49 Years,2949139,2025-11-08,14.9107192233157
Massachusetts,18-49 Years,2949139,2025-11-15,16.7227235542444
Massachusetts,18-49 Years,2949139,2025-11-22,18.2547099022881
Massachusetts,18-49 Years,2949139,2025-11-29,19.5204550211837
Massachusetts,18-49 Years,2949139,2025-12-06,21.7170593308094
Massachusetts,18-49 Years,2949139,2025-12-13,22.5164635436076
Massachusetts,18-49 Years,2949139,2025-12-20,23.0932242684505
Massachusetts,18-49 Years,2949139,2025-12-27,23.5079506702807
Massachusetts,18-49 Years,2949139,2026-01-03,23.9804690033902
Massachusetts,18-49 Years,2949139,2026-01-10,24.7182089542768
Massachusetts,18-49 Years,2949139,2026-01-17,25.080376199241
Massachusetts,18-49 Years,2949139,2026-01-24,25.468035178135
Massachusetts,18-49 Years,2949139,2026-01-31,25.8133530611187
Massachusetts,18-49 Years,2949139,2026-02-07,26.5709386285943
Massachusetts,18-49 Years,2949139,2026-02-14,26.9137040170541
Massachusetts,18-49 Years,2949139,2026-02-21,27.221001166772
Massachusetts,18-49 Years,2949139,2026-02-28,27.4911550951155
Massachusetts,18-49 Years,2949139,2026-03-07,27.9736201983292
Massachusetts,18-49 Years,2949139,2026-03-14,28.1596112424056
Massachusetts,18-49 Years,2949139,2026-03-21,28.3019667206766
Massachusetts,18-49 Years,2949139,2026-03-28,28.4130851511349
Massachusetts,18-49 Years,2949139,2026-04-04,28.5600333171362
Massachusetts,18-49 Years,2949139,2026-04-11,28.812994688055
Massachusetts,18-49 Years,2949139,2026-04-18,28.9840187408174
Massachusetts,18-49 Years,2949139,2026-04-25,29.1975708070472
Massachusetts,18-49 Years,2949139,2026-05-02,29.4001736384701
Massachusetts,18-49 Years,2949139,2026-05-09,29.80487500121
Massachusetts,18-49 Years,2949139,2026-05-16,29.9436542694029
Massachusetts,18-49 Years,2949139,2026-05-23,30.0263440689974
Massachusetts,18-49 Years,2949139,2026-05-30,30.0702357942333
Massachusetts,18-49 Years,2949139,2026-06-06,30.1348171985701
Massachusetts,18-49 Years,2949139,2026-06-13,30.1465677067099
Massachusetts,50-64 Years,1399578,2025-08-16,0.682088928947018
Massachusetts,50-64 Years,1399578,2025-08-23,0.682088928947018
Massachusetts,50-64 Years,1399578,2025-08-30,0.682088928947018
Massachusetts,50-64 Years,1399578,2025-09-06,0.682088928947018
Massachusetts,50-64 Years,1399578,2025-09-13,1.11102037808137
Massachusetts,50-64 Years,1399578,2025-09-20,1.67216896105592
Massachusetts,50-64 Years,1399578,2025-09-27,2.68063724547817
Massachusetts,50-64 Years,1399578,2025-10-04,5.20903063373638
Massachusetts,50-64 Years,1399578,2025-10-11,6.98862683482475
Massachusetts,50-64 Years,1399578,2025-10-18,9.29405761042665
Massachusetts,50-64 Years,1399578,2025-10-25,12.0756161883595
Massachusetts,50-64 Years,1399578,2025-11-01,15.3505983255251
Massachusetts,50-64 Years,1399578,2025-11-08,21.5376140111313
Massachusetts,50-64 Years,1399578,2025-11-15,23.9972863000358
Massachusetts,50-64 Years,1399578,2025-11-22,25.9468725802183
Massachusetts,50-64 Years,1399578,2025-11-29,27.4732697523691
Massachusetts,50-64 Years,1399578,2025-12-06,30.1380282556715
Massachusetts,50-64 Years,1399578,2025-12-13,31.1718284235498
Massachusetts,50-64 Years,1399578,2025-12-20,32.0033689313575
Massachusetts,50-64 Years,1399578,2025-12-27,32.678719058678
Massachusetts,50-64 Years,1399578,2026-01-03,33.4182782200441
Massachusetts,50-64 Years,1399578,2026-01-10,34.5552174849602
Massachusetts,50-64 Years,1399578,2026-01-17,35.0064241785436
Massachusetts,50-64 Years,1399578,2026-01-24,35.4167147498729
Massachusetts,50-64 Years,1399578,2026-01-31,35.7476580860347
Massachusetts,50-64 Years,1399578,2026-02-07,36.5265837098663
Massachusetts,50-64 Years,1399578,2026-02-14,36.970499003765
Massachusetts,50-64 Years,1399578,2026-02-21,37.4702871314339
Massachusetts,50-64 Years,1399578,2026-02-28,37.9810816533987
Massachusetts,50-64 Years,1399578,2026-03-07,38.8853334913527
Massachusetts,50-64 Years,1399578,2026-03-14,39.1838056489108
Massachusetts,50-64 Years,1399578,2026-03-21,39.3448908850474
Massachusetts,50-64 Years,1399578,2026-03-28,39.4093038054352
Massachusetts,50-64 Years,1399578,2026-04-04,39.4975235350307
Massachusetts,50-64 Years,1399578,2026-04-11,39.6524336862496
Massachusetts,50-64 Years,1399578,2026-04-18,39.8221735472524
Massachusetts,50-64 Years,1399578,2026-04-25,40.0771180103897
Massachusetts,50-64 Years,1399578,2026-05-02,40.3461168631055
Massachusetts,50-64 Years,1399578,2026-05-09,40.862740265419
Massachusetts,50-64 Years,1399578,2026-05-16,41.0156883151907
Massachusetts,50-64 Years,1399578,2026-05-23,41.0748238935003
Massachusetts,50-64 Years,1399578,2026-05-30,41.0782746311668
Massachusetts,50-64 Years,1399578,2026-06-06,41.08
Massachusetts,50-64 Years,1399578,2026-06-13,41.08
Massachusetts,65+ Years,1198402,2025-08-16,0.892058947166556
Massachusetts,65+ Years,1198402,2025-08-23,0.892058947166556
Massachusetts,65+ Years,1198402,2025-08-30,0.892058947166556
Massachusetts,65+ Years,1198402,2025-09-06,0.892058947166556
Massachusetts,65+ Years,1198402,2025-09-13,2.21926534613656
Massachusetts,65+ Years,1198402,2025-09-20,4.40963986785326
Massachusetts,65+ Years,1198402,2025-09-27,7.56619481380347
Massachusetts,65+ Years,1198402,2025-10-04,14.5878543654001
Massachusetts,65+ Years,1198402,2025-10-11,18.8596568247777
Massachusetts,65+ Years,1198402,2025-10-18,23.8967744920713
Massachusetts,65+ Years,1198402,2025-10-25,29.561470817495
Massachusetts,65+ Years,1198402,2025-11-01,35.9809468753958
Massachusetts,65+ Years,1198402,2025-11-08,47.6676117013079
Massachusetts,65+ Years,1198402,2025-11-15,52.1436223523261
Massachusetts,65+ Years,1198402,2025-11-22,55.6394103227068
Massachusetts,65+ Years,1198402,2025-11-29,58.3276425035514
Massachusetts,65+ Years,1198402,2025-12-06,62.9052748662558
Massachusetts,65+ Years,1198402,2025-12-13,64.5601059364972
Massachusetts,65+ Years,1198402,2025-12-20,65.7854147899793
Massachusetts,65+ Years,1198402,2025-12-27,66.7037044987382
Massachusetts,65+ Years,1198402,2026-01-03,67.7509841552456
Massachusetts,65+ Years,1198402,2026-01-10,69.392725718183
Massachusetts,65+ Years,1198402,2026-01-17,70.1893110788439
Massachusetts,65+ Years,1198402,2026-01-24,71.0277441828059
Massachusetts,65+ Years,1198402,2026-01-31,71.7457210524921
Massachusetts,65+ Years,1198402,2026-02-07,73.2431971496282
Massachusetts,65+ Years,1198402,2026-02-14,73.8234198702252
Massachusetts,65+ Years,1198402,2026-02-21,74.2614389988436
Massachusetts,65+ Years,1198402,2026-02-28,74.5949624637102
Massachusetts,65+ Years,1198402,2026-03-07,75.2004314271945
Massachusetts,65+ Years,1198402,2026-03-14,75.4757740057082
Massachusetts,65+ Years,1198402,2026-03-21,75.7466239686634
Massachusetts,65+ Years,1198402,2026-03-28,76.022321412836
Massachusetts,65+ Years,1198402,2026-04-04,76.4108965916636
Massachusetts,65+ Years,1198402,2026-04-11,77.1130232092017
Massachusetts,65+ Years,1198402,2026-04-18,77.5618025984717
Massachusetts,65+ Years,1198402,2026-04-25,78.0985376160108
Massachusetts,65+ Years,1198402,2026-05-02,78.5978672011017
Massachusetts,65+ Years,1198402,2026-05-09,79.6050261689369
Massachusetts,65+ Years,1198402,2026-05-16,79.9620617980513
Massachusetts,65+ Years,1198402,2026-05-23,80.1888210769824
Massachusetts,65+ Years,1198402,2026-05-30,80.3218327913399
Massachusetts,65+ Years,1198402,2026-06-06,80.5206356584558
Massachusetts,65+ Years,1198402,2026-06-13,80.5570400243309
Michigan,6 Months - 4 Years,505214,2025-08-16,3.14850091111977
Michigan,6 Months - 4 Years,505214,2025-08-23,3.14850091111977
Michigan,6 Months - 4 Years,505214,2025-08-30,3.14850091111977
Michigan,6 Months - 4 Years,505214,2025-09-06,3.14850091111977
Michigan,6 Months - 4 Years,505214,2025-09-13,4.48237891492463
Michigan,6 Months - 4 Years,505214,2025-09-20,5.65776850117844
Michigan,6 Months - 4 Years,505214,2025-09-27,6.96725453345266
Michigan,6 Months - 4 Years,505214,2025-10-04,9.767848566793
Michigan,6 Months - 4 Years,505214,2025-10-11,11.3538253514241
Michigan,6 Months - 4 Years,505214,2025-10-18,13.118536477557
Michigan,6 Months - 4 Years,505214,2025-10-25,15.0333183906597
Michigan,6 Months - 4 Years,505214,2025-11-01,17.2160775339165
Michigan,6 Months - 4 Years,505214,2025-11-08,21.3040588697979
Michigan,6 Months - 4 Years,505214,2025-11-15,23.0673617704528
Michigan,6 Months - 4 Years,505214,2025-11-22,24.6470681525573
Michigan,6 Months - 4 Years,505214,2025-11-29,26.0293253901626
Michigan,6 Months - 4 Years,505214,2025-12-06,28.4708411954932
Michigan,6 Months - 4 Years,505214,2025-12-13,29.3935356651102
Michigan,6 Months - 4 Years,505214,2025-12-20,30.0864919823085
Michigan,6 Months - 4 Years,505214,2025-12-27,30.6005682325184
Michigan,6 Months - 4 Years,505214,2026-01-03,31.1366579152246
Michigan,6 Months - 4 Years,505214,2026-01-10,31.9288044500051
Michigan,6 Months - 4 Years,505214,2026-01-17,32.2181897282696
Michigan,6 Months - 4 Years,505214,2026-01-24,32.4662424656889
Michigan,6 Months - 4 Years,505214,2026-01-31,32.6555196715877
Michigan,6 Months - 4 Years,505214,2026-02-07,33.0971683402052
Michigan,6 Months - 4 Years,505214,2026-02-14,33.3447834252846
Michigan,6 Months - 4 Years,505214,2026-02-21,33.6226892041569
Michigan,6 Months - 4 Years,505214,2026-02-28,33.9059013821189
Michigan,6 Months - 4 Years,505214,2026-03-07,34.4047051649106
Michigan,6 Months - 4 Years,505214,2026-03-14,34.5683597121461
Michigan,6 Months - 4 Years,505214,2026-03-21,34.6565871047661
Michigan,6 Months - 4 Years,505214,2026-03-28,34.6914895793612
Michigan,6 Months - 4 Years,505214,2026-04-04,34.7274995549103
Michigan,6 Months - 4 Years,505214,2026-04-11,34.7783731621584
Michigan,6 Months - 4 Years,505214,2026-04-18,34.8100174583946
Michigan,6 Months - 4 Years,505214,2026-04-25,34.8482816802308
Michigan,6 Months - 4 Years,505214,2026-05-02,34.8821222349996
Michigan,6 Months - 4 Years,505214,2026-05-09,34.9455685358888
Michigan,6 Months - 4 Years,505214,2026-05-16,34.9629505508117
Michigan,6 Months - 4 Years,505214,2026-05-23,34.9694452180505
Michigan,6 Months - 4 Years,505214,2026-05-30,34.9698150726835
Michigan,6 Months - 4 Years,505214,2026-06-06,34.97
Michigan,6 Months - 4 Years,505214,2026-06-13,34.97
Michigan,5-12 Years,942980,2025-08-16,2.50325816159003
Michigan,5-12 Years,942980,2025-08-23,2.50325816159003
Michigan,5-12 Years,942980,2025-08-30,2.50325816159003
Michigan,5-12 Years,942980,2025-09-06,2.50325816159003
Michigan,5-12 Years,942980,2025-09-13,3.26190019521623
Michigan,5-12 Years,942980,2025-09-20,3.55070161235524
Michigan,5-12 Years,942980,2025-09-27,4.25642485258875
Michigan,5-12 Years,942980,2025-10-04,6.12700021428573
Michigan,5-12 Years,942980,2025-10-11,7.52745527585778
Michigan,5-12 Years,942980,2025-10-18,9.41111731223632
Michigan,5-12 Years,942980,2025-10-25,11.7362012324243
Michigan,5-12 Years,942980,2025-11-01,14.4875822120289
Michigan,5-12 Years,942980,2025-11-08,19.6841292288598
Michigan,5-12 Years,942980,2025-11-15,21.7097437212254
Michigan,5-12 Years,942980,2025-11-22,23.2643737854349
Michigan,5-12 Years,942980,2025-11-29,24.4304948011341
Michigan,5-12 Years,942980,2025-12-06,26.4052853905029
Michigan,5-12 Years,942980,2025-12-13,27.1169980407067
Michigan,5-12 Years,942980,2025-12-20,27.6451951560896
Michigan,5-12 Years,942980,2025-12-27,28.0371255834528
Michigan,5-12 Years,942980,2026-01-03,28.441356765274
Michigan,5-12 Years,942980,2026-01-10,29.0337605700302
Michigan,5-12 Years,942980,2026-01-17,29.2460783285006
Michigan,5-12 Years,942980,2026-01-24,29.4252560240087
Michigan,5-12 Years,942980,2026-01-31,29.5566685147309
Michigan,5-12 Years,942980,2026-02-07,29.8451958440273
Michigan,5-12 Years,942980,2026-02-14,29.9803520906354
Michigan,5-12 Years,942980,2026-02-21,30.1120679136186
Michigan,5-12 Years,942980,2026-02-28,30.2348673848239
Michigan,5-12 Years,942980,2026-03-07,30.4487858860451
Michigan,5-12 Years,942980,2026-03-14,30.522619380554
Michigan,5-12 Years,942980,2026-03-21,30.5697224176106
Michigan,5-12 Years,942980,2026-03-28,30.5977932637891
Michigan,5-12 Years,942980,2026-04-04,30.6306732772806
Michigan,5-12 Years,942980,2026-04-11,30.6826426511065
Michigan,5-12 Years,942980,2026-04-18,30.7148268902941
Michigan,5-12 Years,942980,2026-04-25,30.7532816802308
Michigan,5-12 Years,942980,2026-05-02,30.7871222349996
Michigan,5-12 Years,942980,2026-05-09,30.8505685358888
Michigan,5-12 Years,942980,2026-05-16,30.8679505508117
Michigan,5-12 Years,942980,2026-05-23,30.8744452180505
Michigan,5-12 Years,942980,2026-05-30,30.8748150726835
Michigan,5-12 Years,942980,2026-06-06,30.875
Michigan,5-12 Years,942980,2026-06-13,30.875
Michigan,13-17 Years,624694,2025-08-16,2.7068604700816
Michigan,13-17 Years,624694,2025-08-23,2.7068604700816
Michigan,13-17 Years,624694,2025-08-30,2.7068604700816
Michigan,13-17 Years,624694,2025-09-06,2.7068604700816
Michigan,13-17 Years,624694,2025-09-13,3.53782402509401
Michigan,13-17 Years,624694,2025-09-20,3.8728890219129
Michigan,13-17 Years,624694,2025-09-27,4.50338276992707
Michigan,13-17 Years,624694,2025-10-04,6.09960942002191
Michigan,13-17 Years,624694,2025-10-11,7.23211596682204
Michigan,13-17 Years,624694,2025-10-18,8.70523165737546
Michigan,13-17 Years,624694,2025-10-25,10.4904447681199
Michigan,13-17 Years,624694,2025-11-01,12.603726409364
Michigan,13-17 Years,624694,2025-11-08,16.6284744076006
Michigan,13-17 Years,624694,2025-11-15,18.262060298865
Michigan,13-17 Years,624694,2025-11-22,19.5852400930752
Michigan,13-17 Years,624694,2025-11-29,20.6398669329737
Michigan,13-17 Years,624694,2025-12-06,22.4736697796175
Michigan,13-17 Years,624694,2025-12-13,23.1672662247608
Michigan,13-17 Years,624694,2025-12-20,23.7039901263365
Michigan,13-17 Years,624694,2025-12-27,24.1213065879362
Michigan,13-17 Years,624694,2026-01-03,24.5747743601395
Michigan,13-17 Years,624694,2026-01-10,25.2664788415622
Michigan,13-17 Years,624694,2026-01-17,25.5486660890408
Michigan,13-17 Years,624694,2026-01-24,25.8107648442702
Michigan,13-17 Years,624694,2026-01-31,26.0169560230853
Michigan,13-17 Years,624694,2026-02-07,26.4625510027039
Michigan,13-17 Years,624694,2026-02-14,26.6622660161458
Michigan,13-17 Years,624694,2026-02-21,26.8450373888516
Michigan,13-17 Years,624694,2026-02-28,27.0028880739487
Michigan,13-17 Years,624694,2026-03-07,27.2575831144346
Michigan,13-17 Years,624694,2026-03-14,27.3282244094327
Michigan,13-17 Years,624694,2026-03-21,27.3583013429793
Michigan,13-17 Years,624694,2026-03-28,27.3627671143264
Michigan,13-17 Years,624694,2026-04-04,27.3739651851852
Michigan,13-17 Years,624694,2026-04-11,27.4008607407407
Michigan,13-17 Years,624694,2026-04-18,27.4593703703704
Michigan,13-17 Years,624694,2026-04-25,27.5612903703704
Michigan,13-17 Years,624694,2026-05-02,27.6806688888889
Michigan,13-17 Years,624694,2026-05-09,27.9129451851852
Michigan,13-17 Years,624694,2026-05-16,27.9844355555556
Michigan,13-17 Years,624694,2026-05-23,28.0125155555556
Michigan,13-17 Years,624694,2026-05-30,28.0141718518519
Michigan,13-17 Years,624694,2026-06-06,28.015
Michigan,13-17 Years,624694,2026-06-13,28.015
Michigan,6 Months - 17 Years,2072888,2025-08-16,2.68374387487795
Michigan,6 Months - 17 Years,2072888,2025-08-23,2.68374387487795
Michigan,6 Months - 17 Years,2072888,2025-08-30,2.68374387487795
Michigan,6 Months - 17 Years,2072888,2025-09-06,2.68374387487795
Michigan,6 Months - 17 Years,2072888,2025-09-13,3.59293944368386
Michigan,6 Months - 17 Years,2072888,2025-09-20,4.10975074951407
Michigan,6 Months - 17 Years,2072888,2025-09-27,4.93464865616541
Michigan,6 Months - 17 Years,2072888,2025-10-04,6.94478157326254
Michigan,6 Months - 17 Years,2072888,2025-10-11,8.31322886705145
Michigan,6 Months - 17 Years,2072888,2025-10-18,10.049124544535
Michigan,6 Months - 17 Years,2072888,2025-10-25,12.1147806402618
Michigan,6 Months - 17 Years,2072888,2025-11-01,14.5358447441283
Michigan,6 Months - 17 Years,2072888,2025-11-08,19.1047689014661
Michigan,6 Months - 17 Years,2072888,2025-11-15,20.9442116657012
Michigan,6 Months - 17 Years,2072888,2025-11-22,22.4304455732285
Michigan,6 Months - 17 Years,2072888,2025-11-29,23.6096391085575
Michigan,6 Months - 17 Years,2072888,2025-12-06,25.6421552592923
Michigan,6 Months - 17 Years,2072888,2025-12-13,26.394374107188
Michigan,6 Months - 17 Years,2072888,2025-12-20,26.9623878645832
Michigan,6 Months - 17 Years,2072888,2025-12-27,27.3907373490931
Michigan,6 Months - 17 Years,2072888,2026-01-03,27.8395043154856
Michigan,6 Months - 17 Years,2072888,2026-01-10,28.5054296931045
Michigan,6 Months - 17 Years,2072888,2026-01-17,28.7520359688072
Michigan,6 Months - 17 Years,2072888,2026-01-24,28.9654478912085
Michigan,6 Months - 17 Years,2072888,2026-01-31,29.1267797666455
Michigan,6 Months - 17 Years,2072888,2026-02-07,29.4891419086956
Michigan,6 Months - 17 Years,2072888,2026-02-14,29.671403634807
Michigan,6 Months - 17 Years,2072888,2026-02-21,29.8589263903384
Michigan,6 Months - 17 Years,2072888,2026-02-28,30.0381839039627
Michigan,6 Months - 17 Years,2072888,2026-03-07,30.3440819794888
Michigan,6 Months - 17 Years,2072888,2026-03-14,30.4394850113865
Michigan,6 Months - 17 Years,2072888,2026-03-21,30.4884011674834
Michigan,6 Months - 17 Years,2072888,2026-03-28,30.5058621917094
Michigan,6 Months - 17 Years,2072888,2026-04-04,30.5278219813346
Michigan,6 Months - 17 Years,2072888,2026-04-11,30.5642628557022
Michigan,6 Months - 17 Years,2072888,2026-04-18,30.6021161090247
Michigan,6 Months - 17 Years,2072888,2026-04-25,30.6580907954233
Michigan,6 Months - 17 Years,2072888,2026-05-02,30.7164168532793
Michigan,6 Months - 17 Years,2072888,2026-05-09,30.8282459684202
Michigan,6 Months - 17 Years,2072888,2026-05-16,30.8611824649998
Michigan,6 Months - 17 Years,2072888,2026-05-23,30.8738894350562
Michigan,6 Months - 17 Years,2072888,2026-05-30,30.8746298116854
Michigan,6 Months - 17 Years,2072888,2026-06-06,30.875
Michigan,6 Months - 17 Years,2072888,2026-06-13,30.875
Michigan,18-49 Years,4002980,2025-08-16,0.706995076407335
Michigan,18-49 Years,4002980,2025-08-23,0.706995076407335
Michigan,18-49 Years,4002980,2025-08-30,0.706995076407335
Michigan,18-49 Years,4002980,2025-09-06,0.706995076407335
Michigan,18-49 Years,4002980,2025-09-13,0.991132492083939
Michigan,18-49 Years,4002980,2025-09-20,1.22437069046252
Michigan,18-49 Years,4002980,2025-09-27,1.65315859917012
Michigan,18-49 Years,4002980,2025-10-04,2.73306945170667
Michigan,18-49 Years,4002980,2025-10-11,3.48352903285675
Michigan,18-49 Years,4002980,2025-10-18,4.44283915430653
Michigan,18-49 Years,4002980,2025-10-25,5.60282871853009
Michigan,18-49 Years,4002980,2025-11-01,7.00297401436967
Michigan,18-49 Years,4002980,2025-11-08,9.76982680204296
Michigan,18-49 Years,4002980,2025-11-15,11.0224689773276
Michigan,18-49 Years,4002980,2025-11-22,12.1601517359967
Michigan,18-49 Years,4002980,2025-11-29,13.1634040335144
Michigan,18-49 Years,4002980,2025-12-06,14.938836719753
Michigan,18-49 Years,4002980,2025-12-13,15.5981726428988
Michigan,18-49 Years,4002980,2025-12-20,16.0745537272592
Michigan,18-49 Years,4002980,2025-12-27,16.4136484795934
Michigan,18-49 Years,4002980,2026-01-03,16.7916333050457
Michigan,18-49 Years,4002980,2026-01-10,17.3736656304406
Michigan,18-49 Years,4002980,2026-01-17,17.6445180204952
Michigan,18-49 Years,4002980,2026-01-24,17.923759980661
Michigan,18-49 Years,4002980,2026-01-31,18.1637334270657
Michigan,18-49 Years,4002980,2026-02-07,18.687492566001
Michigan,18-49 Years,4002980,2026-02-14,18.9266530230049
Michigan,18-49 Years,4002980,2026-02-21,19.1444797165139
Michigan,18-49 Years,4002980,2026-02-28,19.3311243643092
Michigan,18-49 Years,4002980,2026-03-07,19.6325008576326
Michigan,18-49 Years,4002980,2026-03-14,19.7162961823476
Michigan,18-49 Years,4002980,2026-03-21,19.7520311902046
Michigan,18-49 Years,4002980,2026-03-28,19.7573437300682
Michigan,18-49 Years,4002980,2026-04-04,19.7653791111111
Michigan,18-49 Years,4002980,2026-04-11,19.7815164444444
Michigan,18-49 Years,4002980,2026-04-18,19.8166222222222
Michigan,18-49 Years,4002980,2026-04-25,19.8777742222222
Michigan,18-49 Years,4002980,2026-05-02,19.9494013333333
Michigan,18-49 Years,4002980,2026-05-09,20.0887671111111
Michigan,18-49 Years,4002980,2026-05-16,20.1316613333333
Michigan,18-49 Years,4002980,2026-05-23,20.1485093333333
Michigan,18-49 Years,4002980,2026-05-30,20.1495031111111
Michigan,18-49 Years,4002980,2026-06-06,20.15
Michigan,18-49 Years,4002980,2026-06-13,20.15
Michigan,50-64 Years,2020612,2025-08-16,0.555378201985176
Michigan,50-64 Years,2020612,2025-08-23,0.555378201985176
Michigan,50-64 Years,2020612,2025-08-30,0.555378201985176
Michigan,50-64 Years,2020612,2025-09-06,0.555378201985176
Michigan,50-64 Years,2020612,2025-09-13,1.03674025620749
Michigan,50-64 Years,2020612,2025-09-20,1.7773524173164
Michigan,50-64 Years,2020612,2025-09-27,2.75518613903793
Michigan,50-64 Years,2020612,2025-10-04,5.00407821323321
Michigan,50-64 Years,2020612,2025-10-11,6.42745994060749
Michigan,50-64 Years,2020612,2025-10-18,8.14817067787934
Michigan,50-64 Years,2020612,2025-10-25,10.1278194284002
Michigan,50-64 Years,2020612,2025-11-01,12.4173303540029
Michigan,50-64 Years,2020612,2025-11-08,16.6971569559392
Michigan,50-64 Years,2020612,2025-11-15,18.4254914187587
Michigan,50-64 Years,2020612,2025-11-22,19.8448168829867
Michigan,50-64 Years,2020612,2025-11-29,20.9973501537882
Michigan,50-64 Years,2020612,2025-12-06,23.0214778599334
Michigan,50-64 Years,2020612,2025-12-13,23.803826931409
Michigan,50-64 Years,2020612,2025-12-20,24.4233815211787
Michigan,50-64 Years,2020612,2025-12-27,24.9197487028929
Michigan,50-64 Years,2020612,2026-01-03,25.4826859592554
Michigan,50-64 Years,2020612,2026-01-10,26.3668785072227
Michigan,50-64 Years,2020612,2026-01-17,26.7634191622765
Michigan,50-64 Years,2020612,2026-01-24,27.1578502677783
Michigan,50-64 Years,2020612,2026-01-31,27.4894576582598
Michigan,50-64 Years,2020612,2026-02-07,28.2169058714346
Michigan,50-64 Years,2020612,2026-02-14,28.549910587002
Michigan,50-64 Years,2020612,2026-02-21,28.8564041298711
Michigan,50-64 Years,2020612,2026-02-28,29.1296399835732
Michigan,50-64 Years,2020612,2026-03-07,29.607061599979
Michigan,50-64 Years,2020612,2026-03-14,29.7765340410577
Michigan,50-64 Years,2020612,2026-03-21,29.890896544153
Michigan,50-64 Years,2020612,2026-03-28,29.9669700197489
Michigan,50-64 Years,2020612,2026-04-04,30.0720449710461
Michigan,50-64 Years,2020612,2026-04-11,30.2558876605539
Michigan,50-64 Years,2020612,2026-04-18,30.40587255203
Michigan,50-64 Years,2020612,2026-04-25,30.6203332343507
Michigan,50-64 Years,2020612,2026-05-02,30.8652830088368
Michigan,50-64 Years,2020612,2026-05-09,31.4272208938378
Michigan,50-64 Years,2020612,2026-05-16,31.7044345488464
Michigan,50-64 Years,2020612,2026-05-23,31.9615451522597
Michigan,50-64 Years,2020612,2026-05-30,32.2007224855935
Michigan,50-64 Years,2020612,2026-06-06,32.6672623927614
Michigan,50-64 Years,2020612,2026-06-13,32.8911009195875
Michigan,65+ Years,1812441,2025-08-16,0.904422084500021
Michigan,65+ Years,1812441,2025-08-23,0.904422084500021
Michigan,65+ Years,1812441,2025-08-30,0.904422084500021
Michigan,65+ Years,1812441,2025-09-06,0.904422084500021
Michigan,65+ Years,1812441,2025-09-13,1.88574494344697
Michigan,65+ Years,1812441,2025-09-20,3.52060858588638
Michigan,65+ Years,1812441,2025-09-27,5.80155007482373
Michigan,65+ Years,1812441,2025-10-04,11.1467907061536
Michigan,65+ Years,1812441,2025-10-11,14.6177655055456
Michigan,65+ Years,1812441,2025-10-18,18.8886382044012
Michigan,65+ Years,1812441,2025-10-25,23.861307925838
Michigan,65+ Years,1812441,2025-11-01,29.6313630228716
Michigan,65+ Years,1812441,2025-11-08,40.4352989404038
Michigan,65+ Years,1812441,2025-11-15,44.7824840371937
Michigan,65+ Years,1812441,2025-11-22,48.320949427913
Michigan,65+ Years,1812441,2025-11-29,51.1433443831364
Michigan,65+ Years,1812441,2025-12-06,55.9739845080202
Michigan,65+ Years,1812441,2025-12-13,57.7055959566182
Michigan,65+ Years,1812441,2025-12-20,58.9527728850179
Michigan,65+ Years,1812441,2025-12-27,59.8499914508075
Michigan,65+ Years,1812441,2026-01-03,60.8446266688301
Michigan,65+ Years,1812441,2026-01-10,62.3699030584413
Michigan,65+ Years,1812441,2026-01-17,63.0652572460225
Michigan,65+ Years,1812441,2026-01-24,63.7740533067637
Michigan,65+ Years,1812441,2026-01-31,64.3807258632224
Michigan,65+ Years,1812441,2026-02-07,65.7123949612299
Michigan,65+ Years,1812441,2026-02-14,66.3186806911993
Michigan,65+ Years,1812441,2026-02-21,66.8725119819078
Michigan,65+ Years,1812441,2026-02-28,67.3687627611043
Michigan,65+ Years,1812441,2026-03-07,68.2612334101452
Michigan,65+ Years,1812441,2026-03-14,68.6126543830343
Michigan,65+ Years,1812441,2026-03-21,68.8888083524984
Michigan,65+ Years,1812441,2026-03-28,69.1073269262661
Michigan,65+ Years,1812441,2026-04-04,69.3650170850607
Michigan,65+ Years,1812441,2026-04-11,69.7805670300064
Michigan,65+ Years,1812441,2026-04-18,69.9940144891879
Michigan,65+ Years,1812441,2026-04-25,70.2215160808772
Michigan,65+ Years,1812441,2026-05-02,70.4082688880508
Michigan,65+ Years,1812441,2026-05-09,70.7668551355208
Michigan,65+ Years,1812441,2026-05-16,70.8753048078938
Michigan,65+ Years,1812441,2026-05-23,70.9311666606414
Michigan,65+ Years,1812441,2026-05-30,70.9545604945777
Michigan,65+ Years,1812441,2026-06-06,70.9877368585651
Michigan,65+ Years,1812441,2026-06-13,70.9936764820107
Minnesota,6 Months - 4 Years,312796,2025-08-16,2.71425431967913
Minnesota,6 Months - 4 Years,312796,2025-08-23,2.71425431967913
Minnesota,6 Months - 4 Years,312796,2025-08-30,2.71425431967913
Minnesota,6 Months - 4 Years,312796,2025-09-06,2.71425431967913
Minnesota,6 Months - 4 Years,312796,2025-09-13,3.89571627900978
Minnesota,6 Months - 4 Years,312796,2025-09-20,4.97967916874004
Minnesota,6 Months - 4 Years,312796,2025-09-27,6.26404279227816
Minnesota,6 Months - 4 Years,312796,2025-10-04,9.0929035330153
Minnesota,6 Months - 4 Years,312796,2025-10-11,10.7591189051243
Minnesota,6 Months - 4 Years,312796,2025-10-18,12.6641783204242
Minnesota,6 Months - 4 Years,312796,2025-10-25,14.7835302141496
Minnesota,6 Months - 4 Years,312796,2025-11-01,17.2470069625638
Minnesota,6 Months - 4 Years,312796,2025-11-08,21.9732671639923
Minnesota,6 Months - 4 Years,312796,2025-11-15,24.0979947488006
Minnesota,6 Months - 4 Years,312796,2025-11-22,26.0640886099176
Minnesota,6 Months - 4 Years,312796,2025-11-29,27.8407066263823
Minnesota,6 Months - 4 Years,312796,2025-12-06,31.0514065934566
Minnesota,6 Months - 4 Years,312796,2025-12-13,32.3288050009305
Minnesota,6 Months - 4 Years,312796,2025-12-20,33.3411865580305
Minnesota,6 Months - 4 Years,312796,2025-12-27,34.1323402678733
Minnesota,6 Months - 4 Years,312796,2026-01-03,34.9435507822179
Minnesota,6 Months - 4 Years,312796,2026-01-10,36.137756539148
Minnesota,6 Months - 4 Years,312796,2026-01-17,36.5392177805003
Minnesota,6 Months - 4 Years,312796,2026-01-24,36.8529190120235
Minnesota,6 Months - 4 Years,312796,2026-01-31,37.0658127975219
Minnesota,6 Months - 4 Years,312796,2026-02-07,37.5166665177168
Minnesota,6 Months - 4 Years,312796,2026-02-14,37.705750112737
Minnesota,6 Months - 4 Years,312796,2026-02-21,37.8741229153805
Minnesota,6 Months - 4 Years,312796,2026-02-28,38.0231480606565
Minnesota,6 Months - 4 Years,312796,2026-03-07,38.286994284763
Minnesota,6 Months - 4 Years,312796,2026-03-14,38.3861533081651
Minnesota,6 Months - 4 Years,312796,2026-03-21,38.4601947846199
Minnesota,6 Months - 4 Years,312796,2026-03-28,38.5178918425681
Minnesota,6 Months - 4 Years,312796,2026-04-04,38.6272632503472
Minnesota,6 Months - 4 Years,312796,2026-04-11,38.8532315451074
Minnesota,6 Months - 4 Years,312796,2026-04-18,39.1237215675456
Minnesota,6 Months - 4 Years,312796,2026-04-25,39.5385806684641
Minnesota,6 Months - 4 Years,312796,2026-05-02,39.9849987964888
Minnesota,6 Months - 4 Years,312796,2026-05-09,40.8448257833304
Minnesota,6 Months - 4 Years,312796,2026-05-16,41.1016128765287
Minnesota,6 Months - 4 Years,312796,2026-05-23,41.2012564383397
Minnesota,6 Months - 4 Years,312796,2026-05-30,41.2070854794466
Minnesota,6 Months - 4 Years,312796,2026-06-06,41.21
Minnesota,6 Months - 4 Years,312796,2026-06-13,41.21
Minnesota,5-12 Years,583920,2025-08-16,1.8469837816903
Minnesota,5-12 Years,583920,2025-08-23,1.8469837816903
Minnesota,5-12 Years,583920,2025-08-30,1.8469837816903
Minnesota,5-12 Years,583920,2025-09-06,1.8469837816903
Minnesota,5-12 Years,583920,2025-09-13,2.7219231926334
Minnesota,5-12 Years,583920,2025-09-20,3.61599313243162
Minnesota,5-12 Years,583920,2025-09-27,4.83569977744767
Minnesota,5-12 Years,583920,2025-10-04,7.67292430563035
Minnesota,5-12 Years,583920,2025-10-11,9.49814208615669
Minnesota,5-12 Years,583920,2025-10-18,11.7301441454564
Minnesota,5-12 Years,583920,2025-10-25,14.3171357638186
Minnesota,5-12 Years,583920,2025-11-01,17.3123842833477
Minnesota,5-12 Years,583920,2025-11-08,22.9014192317505
Minnesota,5-12 Years,583920,2025-11-15,25.1275027874813
Minnesota,5-12 Years,583920,2025-11-22,26.9233067428529
Minnesota,5-12 Years,583920,2025-11-29,28.3608766598282
Minnesota,5-12 Years,583920,2025-12-06,30.9004485381097
Minnesota,5-12 Years,583920,2025-12-13,31.923453335971
Minnesota,5-12 Years,583920,2025-12-20,32.783042168769
Minnesota,5-12 Years,583920,2025-12-27,33.503762069486
Minnesota,5-12 Years,583920,2026-01-03,34.2469158094218
Minnesota,5-12 Years,583920,2026-01-10,35.351486983612
Minnesota,5-12 Years,583920,2026-01-17,35.7039307852178
Minnesota,5-12 Years,583920,2026-01-24,35.9627078604721
Minnesota,5-12 Years,583920,2026-01-31,36.1378098735082
Minnesota,5-12 Years,583920,2026-02-07,36.5564382965233
Minnesota,5-12 Years,583920,2026-02-14,36.8078369704654
Minnesota,5-12 Years,583920,2026-02-21,37.1111826962946
Minnesota,5-12 Years,583920,2026-02-28,37.4446605884707
Minnesota,5-12 Years,583920,2026-03-07,38.0786551982389
Minnesota,5-12 Years,583920,2026-03-14,38.3259531368767
Minnesota,5-12 Years,583920,2026-03-21,38.4980063065864
Minnesota,5-12 Years,583920,2026-03-28,38.6127909469233
Minnesota,5-12 Years,583920,2026-04-04,38.7740718712761
Minnesota,5-12 Years,583920,2026-04-11,39.0610513334721
Minnesota,5-12 Years,583920,2026-04-18,39.3023334794033
Minnesota,5-12 Years,583920,2026-04-25,39.6310335490377
Minnesota,5-12 Years,583920,2026-05-02,39.9541334465419
Minnesota,5-12 Years,583920,2026-05-09,40.5692308422077
Minnesota,5-12 Years,583920,2026-05-16,40.7464103314542
Minnesota,5-12 Years,583920,2026-05-23,40.8141213781082
Minnesota,5-12 Years,583920,2026-05-30,40.8180404593694
Minnesota,5-12 Years,583920,2026-06-06,40.82
Minnesota,5-12 Years,583920,2026-06-13,40.82
Minnesota,13-17 Years,371308,2025-08-16,1.43361659695636
Minnesota,13-17 Years,371308,2025-08-23,1.43361659695636
Minnesota,13-17 Years,371308,2025-08-30,1.43361659695636
Minnesota,13-17 Years,371308,2025-09-06,1.43361659695636
Minnesota,13-17 Years,371308,2025-09-13,2.15682839890978
Minnesota,13-17 Years,371308,2025-09-20,2.94577418762932
Minnesota,13-17 Years,371308,2025-09-27,3.99533114663046
Minnesota,13-17 Years,371308,2025-10-04,6.41562708069821
Minnesota,13-17 Years,371308,2025-10-11,7.9520465479213
Minnesota,13-17 Years,371308,2025-10-18,9.81277239775865
Minnesota,13-17 Years,371308,2025-10-25,11.9571413445467
Minnesota,13-17 Years,371308,2025-11-01,14.4411169962024
Minnesota,13-17 Years,371308,2025-11-08,19.0966246727528
Minnesota,13-17 Years,371308,2025-11-15,20.9904632201849
Minnesota,13-17 Years,371308,2025-11-22,22.5567418363547
Minnesota,13-17 Years,371308,2025-11-29,23.8325486714106
Minnesota,13-17 Years,371308,2025-12-06,26.0562763178075
Minnesota,13-17 Years,371308,2025-12-13,26.8932752833622
Minnesota,13-17 Years,371308,2025-12-20,27.5330536047353
Minnesota,13-17 Years,371308,2025-12-27,28.0252106325899
Minnesota,13-17 Years,371308,2026-01-03,28.5722590214806
Minnesota,13-17 Years,371308,2026-01-10,29.4167108789359
Minnesota,13-17 Years,371308,2026-01-17,29.7808956655349
Minnesota,13-17 Years,371308,2026-01-24,30.1371264764659
Minnesota,13-17 Years,371308,2026-01-31,30.4414086001298
Minnesota,13-17 Years,371308,2026-02-07,31.155007148474
Minnesota,13-17 Years,371308,2026-02-14,31.5572374170118
Minnesota,13-17 Years,371308,2026-02-21,32.0005878829137
Minnesota,13-17 Years,371308,2026-02-28,32.440846950075
Minnesota,13-17 Years,371308,2026-03-07,33.1928207830066
Minnesota,13-17 Years,371308,2026-03-14,33.4178194933381
Minnesota,13-17 Years,371308,2026-03-21,33.5172307147198
Minnesota,13-17 Years,371308,2026-03-28,33.5324102382399
Minnesota,13-17 Years,371308,2026-04-04,33.5549343512411
Minnesota,13-17 Years,371308,2026-04-11,33.5997374049643
Minnesota,13-17 Years,371308,2026-04-18,33.6992215239483
Minnesota,13-17 Years,371308,2026-04-25,33.8780817370375
Minnesota,13-17 Years,371308,2026-05-02,34.1011583341774
Minnesota,13-17 Years,371308,2026-05-09,34.5703426846814
Minnesota,13-17 Years,371308,2026-05-16,34.754653344682
Minnesota,13-17 Years,371308,2026-05-23,34.8756608894793
Minnesota,13-17 Years,371308,2026-05-30,34.9473906271847
Minnesota,13-17 Years,371308,2026-06-06,35.05569460541
Minnesota,13-17 Years,371308,2026-06-13,35.0755880675614
Minnesota,6 Months - 17 Years,1268024,2025-08-16,1.80746617409872
Minnesota,6 Months - 17 Years,1268024,2025-08-23,1.80746617409872
Minnesota,6 Months - 17 Years,1268024,2025-08-30,1.80746617409872
Minnesota,6 Months - 17 Years,1268024,2025-09-06,1.80746617409872
Minnesota,6 Months - 17 Years,1268024,2025-09-13,2.6761172499272
Minnesota,6 Months - 17 Years,1268024,2025-09-20,3.57703856757019
Minnesota,6 Months - 17 Years,1268024,2025-09-27,4.75135185884866
Minnesota,6 Months - 17 Years,1268024,2025-10-04,7.4395215123521
Minnesota,6 Months - 17 Years,1268024,2025-10-11,9.12702603527446
Minnesota,6 Months - 17 Years,1268024,2025-10-18,11.1541026367599
Minnesota,6 Months - 17 Years,1268024,2025-10-25,13.4784908248543
Minnesota,6 Months - 17 Years,1268024,2025-11-01,16.1710699817491
Minnesota,6 Months - 17 Years,1268024,2025-11-08,21.2266055189806
Minnesota,6 Months - 17 Years,1268024,2025-11-15,23.3005094096505
Minnesota,6 Months - 17 Years,1268024,2025-11-22,25.0348230264883
Minnesota,6 Months - 17 Years,1268024,2025-11-29,26.4691756995376
Minnesota,6 Months - 17 Years,1268024,2025-12-06,29.0085783583462
Minnesota,6 Months - 17 Years,1268024,2025-12-13,30.0125959472836
Minnesota,6 Months - 17 Years,1268024,2025-12-20,30.8277764399799
Minnesota,6 Months - 17 Years,1268024,2025-12-27,31.4897459833938
Minnesota,6 Months - 17 Years,1268024,2026-01-03,32.1892963815682
Minnesota,6 Months - 17 Years,1268024,2026-01-10,33.2419396957247
Minnesota,6 Months - 17 Years,1268024,2026-01-17,33.6169981588778
Minnesota,6 Months - 17 Years,1268024,2026-01-24,33.9264361827576
Minnesota,6 Months - 17 Years,1268024,2026-01-31,34.1550074787311
Minnesota,6 Months - 17 Years,1268024,2026-02-07,34.6852426078532
Minnesota,6 Months - 17 Years,1268024,2026-02-14,34.9766409100133
Minnesota,6 Months - 17 Years,1268024,2026-02-21,35.3008162459372
Minnesota,6 Months - 17 Years,1268024,2026-02-28,35.633137307963
Minnesota,6 Months - 17 Years,1268024,2026-03-07,36.2320397621149
Minnesota,6 Months - 17 Years,1268024,2026-03-14,36.4419876675012
Minnesota,6 Months - 17 Years,1268024,2026-03-21,36.569611294663
Minnesota,6 Months - 17 Years,1268024,2026-03-28,36.6381218461611
Minnesota,6 Months - 17 Years,1268024,2026-04-04,36.739250166915
Minnesota,6 Months - 17 Years,1268024,2026-04-11,36.9241369006706
Minnesota,6 Months - 17 Years,1268024,2026-04-18,37.1153248812287
Minnesota,6 Months - 17 Years,1268024,2026-04-25,37.3990864635826
Minnesota,6 Months - 17 Years,1268024,2026-05-02,37.7008607159787
Minnesota,6 Months - 17 Years,1268024,2026-05-09,38.2956692553596
Minnesota,6 Months - 17 Years,1268024,2026-05-16,38.4886199526941
Minnesota,6 Months - 17 Years,1268024,2026-05-23,38.5836322453117
Minnesota,6 Months - 17 Years,1268024,2026-05-30,38.615479809147
Minnesota,6 Months - 17 Years,1268024,2026-06-06,38.6592269443394
Minnesota,6 Months - 17 Years,1268024,2026-06-13,38.6669260571971
Minnesota,18-49 Years,2313403,2025-08-16,0.684574264548562
Minnesota,18-49 Years,2313403,2025-08-23,0.684574264548562
Minnesota,18-49 Years,2313403,2025-08-30,0.684574264548562
Minnesota,18-49 Years,2313403,2025-09-06,0.684574264548562
Minnesota,18-49 Years,2313403,2025-09-13,0.979400951661069
Minnesota,18-49 Years,2313403,2025-09-20,1.24814037080693
Minnesota,18-49 Years,2313403,2025-09-27,1.77707254901253
Minnesota,18-49 Years,2313403,2025-10-04,3.12804075172924
Minnesota,18-49 Years,2313403,2025-10-11,4.08775752083766
Minnesota,18-49 Years,2313403,2025-10-18,5.33402422832831
Minnesota,18-49 Years,2313403,2025-10-25,6.85040208604221
Minnesota,18-49 Years,2313403,2025-11-01,8.66800437472365
Minnesota,18-49 Years,2313403,2025-11-08,12.2034060228412
Minnesota,18-49 Years,2313403,2025-11-15,13.724895527918
Minnesota,18-49 Years,2313403,2025-11-22,15.035430422765
Minnesota,18-49 Years,2313403,2025-11-29,16.1382495641936
Minnesota,18-49 Years,2313403,2025-12-06,18.0657596430294
Minnesota,18-49 Years,2313403,2025-12-13,18.7764449782202
Minnesota,18-49 Years,2313403,2025-12-20,19.2952994075874
Minnesota,18-49 Years,2313403,2025-12-27,19.6721102450448
Minnesota,18-49 Years,2313403,2026-01-03,20.0945026330173
Minnesota,18-49 Years,2313403,2026-01-10,20.7479345599201
Minnesota,18-49 Years,2313403,2026-01-17,21.0528491149493
Minnesota,18-49 Years,2313403,2026-01-24,21.3676100237181
Minnesota,18-49 Years,2313403,2026-01-31,21.6387827893136
Minnesota,18-49 Years,2313403,2026-02-07,22.229387648783
Minnesota,18-49 Years,2313403,2026-02-14,22.4925147256874
Minnesota,18-49 Years,2313403,2026-02-21,22.7267064220801
Minnesota,18-49 Years,2313403,2026-02-28,22.9308288883108
Minnesota,18-49 Years,2313403,2026-03-07,23.2916437311394
Minnesota,18-49 Years,2313403,2026-03-14,23.4296553586036
Minnesota,18-49 Years,2313403,2026-03-21,23.535422774142
Minnesota,18-49 Years,2313403,2026-03-28,23.6162895182444
Minnesota,18-49 Years,2313403,2026-04-04,23.7043169474637
Minnesota,18-49 Years,2313403,2026-04-11,23.8384851044347
Minnesota,18-49 Years,2313403,2026-04-18,23.8933417835732
Minnesota,18-49 Years,2313403,2026-04-25,23.9447005860163
Minnesota,18-49 Years,2313403,2026-05-02,23.9865856537918
Minnesota,18-49 Years,2313403,2026-05-09,24.081441086115
Minnesota,18-49 Years,2313403,2026-05-16,24.1281472221899
Minnesota,18-49 Years,2313403,2026-05-23,24.1751007947393
Minnesota,18-49 Years,2313403,2026-05-30,24.2222102912188
Minnesota,18-49 Years,2313403,2026-06-06,24.3159510379726
Minnesota,18-49 Years,2313403,2026-06-13,24.3623806738291
Minnesota,50-64 Years,1091743,2025-08-16,0.956781681267109
Minnesota,50-64 Years,1091743,2025-08-23,0.956781681267109
Minnesota,50-64 Years,1091743,2025-08-30,0.956781681267109
Minnesota,50-64 Years,1091743,2025-09-06,0.956781681267109
Minnesota,50-64 Years,1091743,2025-09-13,1.28951975132263
Minnesota,50-64 Years,1091743,2025-09-20,1.4928637247057
Minnesota,50-64 Years,1091743,2025-09-27,2.14854445659268
Minnesota,50-64 Years,1091743,2025-10-04,3.947477962891
Minnesota,50-64 Years,1091743,2025-10-11,5.3201979204033
Minnesota,50-64 Years,1091743,2025-10-18,7.17967935426282
Minnesota,50-64 Years,1091743,2025-10-25,9.50481499206558
Minnesota,50-64 Years,1091743,2025-11-01,12.3187835180793
Minnesota,50-64 Years,1091743,2025-11-08,17.8201677176181
Minnesota,50-64 Years,1091743,2025-11-15,20.1676425095234
Minnesota,50-64 Years,1091743,2025-11-22,22.1529958785462
Minnesota,50-64 Years,1091743,2025-11-29,23.7854464884593
Minnesota,50-64 Years,1091743,2025-12-06,26.5881428847779
Minnesota,50-64 Years,1091743,2025-12-13,27.5788918336194
Minnesota,50-64 Years,1091743,2025-12-20,28.2667356006038
Minnesota,50-64 Years,1091743,2025-12-27,28.7333117186528
Minnesota,50-64 Years,1091743,2026-01-03,29.2246026108543
Minnesota,50-64 Years,1091743,2026-01-10,29.9493587792826
Minnesota,50-64 Years,1091743,2026-01-17,30.2449946350547
Minnesota,50-64 Years,1091743,2026-01-24,30.5246894630233
Minnesota,50-64 Years,1091743,2026-01-31,30.7500157405798
Minnesota,50-64 Years,1091743,2026-02-07,31.2462004178551
Minnesota,50-64 Years,1091743,2026-02-14,31.4764662212891
Minnesota,50-64 Years,1091743,2026-02-21,31.694618452112
Minnesota,50-64 Years,1091743,2026-02-28,31.8958834055026
Minnesota,50-64 Years,1091743,2026-03-07,32.2575291480005
Minnesota,50-64 Years,1091743,2026-03-14,32.3971868835463
Minnesota,50-64 Years,1091743,2026-03-21,32.5031643942927
Minnesota,50-64 Years,1091743,2026-03-28,32.5831222586152
Minnesota,50-64 Years,1091743,2026-04-04,32.6728478014887
Minnesota,50-64 Years,1091743,2026-04-11,32.8122999948602
Minnesota,50-64 Years,1091743,2026-04-18,32.8756621447364
Minnesota,50-64 Years,1091743,2026-04-25,32.9393868729415
Minnesota,50-64 Years,1091743,2026-05-02,32.9927985214688
Minnesota,50-64 Years,1091743,2026-05-09,33.1080002067443
Minnesota,50-64 Years,1091743,2026-05-16,33.1579582377839
Minnesota,50-64 Years,1091743,2026-05-23,33.2015711658377
Minnesota,50-64 Years,1091743,2026-05-30,33.2394480860211
Minnesota,50-64 Years,1091743,2026-06-06,33.3074831790059
Minnesota,50-64 Years,1091743,2026-06-13,33.3340934520452
Minnesota,65+ Years,948841,2025-08-16,1.11548975772646
Minnesota,65+ Years,948841,2025-08-23,1.11548975772646
Minnesota,65+ Years,948841,2025-08-30,1.11548975772646
Minnesota,65+ Years,948841,2025-09-06,1.11548975772646
Minnesota,65+ Years,948841,2025-09-13,1.94912143645363
Minnesota,65+ Years,948841,2025-09-20,3.15286473751508
Minnesota,65+ Years,948841,2025-09-27,5.13442059500467
Minnesota,65+ Years,948841,2025-10-04,10.0008319310678
Minnesota,65+ Years,948841,2025-10-11,13.3291089551194
Minnesota,65+ Years,948841,2025-10-18,17.5574441367297
Minnesota,65+ Years,948841,2025-10-25,22.6085307171453
Minnesota,65+ Years,948841,2025-11-01,28.5748067098689
Minnesota,65+ Years,948841,2025-11-08,39.9805323235362
Minnesota,65+ Years,948841,2025-11-15,44.7393662343422
Minnesota,65+ Years,948841,2025-11-22,48.7300496795088
Minnesota,65+ Years,948841,2025-11-29,51.9951969497728
Minnesota,65+ Years,948841,2025-12-06,57.6033972735675
Minnesota,65+ Years,948841,2025-12-13,59.6008715348992
Minnesota,65+ Years,948841,2025-12-20,61.0095549581325
Minnesota,65+ Years,948841,2025-12-27,61.9897243480351
Minnesota,65+ Years,948841,2026-01-03,63.0500060078586
Minnesota,65+ Years,948841,2026-01-10,64.6462152207118
Minnesota,65+ Years,948841,2026-01-17,65.3402534800355
Minnesota,65+ Years,948841,2026-01-24,66.0263187390622
Minnesota,65+ Years,948841,2026-01-31,66.5982557293462
Minnesota,65+ Years,948841,2026-02-07,67.8524536157281
Minnesota,65+ Years,948841,2026-02-14,68.4242521588315
Minnesota,65+ Years,948841,2026-02-21,68.9513814121492
Minnesota,65+ Years,948841,2026-02-28,69.4272226393067
Minnesota,65+ Years,948841,2026-03-07,70.2816689703711
Minnesota,65+ Years,948841,2026-03-14,70.6169507913075
Minnesota,65+ Years,948841,2026-03-21,70.8792721553546
Minnesota,65+ Years,948841,2026-03-28,71.084147140508
Minnesota,65+ Years,948841,2026-04-04,71.3098136156397
Minnesota,65+ Years,948841,2026-04-11,71.6571028888003
Minnesota,65+ Years,948841,2026-04-18,71.8009453834611
Minnesota,65+ Years,948841,2026-04-25,71.936735875139
Minnesota,65+ Years,948841,2026-05-02,72.0493697264114
Minnesota,65+ Years,948841,2026-05-09,72.3084672229431
Minnesota,65+ Years,948841,2026-05-16,72.4410258347
Minnesota,65+ Years,948841,2026-05-23,72.5788366700932
Minnesota,65+ Years,948841,2026-05-30,72.7216170447719
Minnesota,65+ Years,948841,2026-06-06,73.0122147291344
Minnesota,65+ Years,948841,2026-06-13,73.1615097737132
Mississippi,6 Months - 4 Years,163954,2025-08-16,3.39813262027695
Mississippi,6 Months - 4 Years,163954,2025-08-23,3.39813262027695
Mississippi,6 Months - 4 Years,163954,2025-08-30,3.39813262027695
Mississippi,6 Months - 4 Years,163954,2025-09-06,3.39813262027695
Mississippi,6 Months - 4 Years,163954,2025-09-13,4.61882086716519
Mississippi,6 Months - 4 Years,163954,2025-09-20,5.41701853478243
Mississippi,6 Months - 4 Years,163954,2025-09-27,6.3131947283684
Mississippi,6 Months - 4 Years,163954,2025-10-04,8.23723377846967
Mississippi,6 Months - 4 Years,163954,2025-10-11,9.3261187426382
Mississippi,6 Months - 4 Years,163954,2025-10-18,10.5333448501688
Mississippi,6 Months - 4 Years,163954,2025-10-25,11.8458727301411
Mississippi,6 Months - 4 Years,163954,2025-11-01,13.361539858527
Mississippi,6 Months - 4 Years,163954,2025-11-08,16.2635754466997
Mississippi,6 Months - 4 Years,163954,2025-11-15,17.5864234286323
Mississippi,6 Months - 4 Years,163954,2025-11-22,18.8359829609906
Mississippi,6 Months - 4 Years,163954,2025-11-29,19.9930046398475
Mississippi,6 Months - 4 Years,163954,2025-12-06,22.1279980839102
Mississippi,6 Months - 4 Years,163954,2025-12-13,23.0150183528679
Mississippi,6 Months - 4 Years,163954,2025-12-20,23.7496492285658
Mississippi,6 Months - 4 Years,163954,2025-12-27,24.3558066935719
Mississippi,6 Months - 4 Years,163954,2026-01-03,25.0226110247654
Mississippi,6 Months - 4 Years,163954,2026-01-10,26.0559677506318
Mississippi,6 Months - 4 Years,163954,2026-01-17,26.4694965553499
Mississippi,6 Months - 4 Years,163954,2026-01-24,26.8426342436305
Mississippi,6 Months - 4 Years,163954,2026-01-31,27.130319796081
Mississippi,6 Months - 4 Years,163954,2026-02-07,27.7488891336375
Mississippi,6 Months - 4 Years,163954,2026-02-14,28.0133100889811
Mississippi,6 Months - 4 Years,163954,2026-02-21,28.2458925421331
Mississippi,6 Months - 4 Years,163954,2026-02-28,28.4541944957273
Mississippi,6 Months - 4 Years,163954,2026-03-07,28.8531853547661
Mississippi,6 Months - 4 Years,163954,2026-03-14,29.0572311650591
Mississippi,6 Months - 4 Years,163954,2026-03-21,29.2737976010697
Mississippi,6 Months - 4 Years,163954,2026-03-28,29.4904317901065
Mississippi,6 Months - 4 Years,163954,2026-04-04,29.7007975948011
Mississippi,6 Months - 4 Years,163954,2026-04-11,30.0115583719475
Mississippi,6 Months - 4 Years,163954,2026-04-18,30.0764604159005
Mississippi,6 Months - 4 Years,163954,2026-04-25,30.095
Mississippi,6 Months - 4 Years,163954,2026-05-02,30.095
Mississippi,6 Months - 4 Years,163954,2026-05-09,30.095
Mississippi,6 Months - 4 Years,163954,2026-05-16,30.095
Mississippi,6 Months - 4 Years,163954,2026-05-23,30.095
Mississippi,6 Months - 4 Years,163954,2026-05-30,30.095
Mississippi,6 Months - 4 Years,163954,2026-06-06,30.095
Mississippi,6 Months - 4 Years,163954,2026-06-13,30.095
Mississippi,5-12 Years,307561,2025-08-16,1.62850495424933
Mississippi,5-12 Years,307561,2025-08-23,1.62850495424933
Mississippi,5-12 Years,307561,2025-08-30,1.62850495424933
Mississippi,5-12 Years,307561,2025-09-06,1.62850495424933
Mississippi,5-12 Years,307561,2025-09-13,2.1946029221295
Mississippi,5-12 Years,307561,2025-09-20,2.53969140924142
Mississippi,5-12 Years,307561,2025-09-27,3.1328387506336
Mississippi,5-12 Years,307561,2025-10-04,4.60491367784336
Mississippi,5-12 Years,307561,2025-10-11,5.62712340240948
Mississippi,5-12 Years,307561,2025-10-18,6.93952632404251
Mississippi,5-12 Years,307561,2025-10-25,8.51545170456009
Mississippi,5-12 Years,307561,2025-11-01,10.3726504453961
Mississippi,5-12 Years,307561,2025-11-08,13.8962536172299
Mississippi,5-12 Years,307561,2025-11-15,15.3231792888
Mississippi,5-12 Years,307561,2025-11-22,16.479915838999
Mississippi,5-12 Years,307561,2025-11-29,17.402852276854
Mississippi,5-12 Years,307561,2025-12-06,19.0088793621983
Mississippi,5-12 Years,307561,2025-12-13,19.6253097775345
Mississippi,5-12 Years,307561,2025-12-20,20.1137127702854
Mississippi,5-12 Years,307561,2025-12-27,20.4973568240789
Mississippi,5-12 Years,307561,2026-01-03,20.8731997330359
Mississippi,5-12 Years,307561,2026-01-10,21.4082115930148
Mississippi,5-12 Years,307561,2026-01-17,21.5565097313548
Mississippi,5-12 Years,307561,2026-01-24,21.6504845579223
Mississippi,5-12 Years,307561,2026-01-31,21.7071840974321
Mississippi,5-12 Years,307561,2026-02-07,21.8540346915443
Mississippi,5-12 Years,307561,2026-02-14,21.9678447041462
Mississippi,5-12 Years,307561,2026-02-21,22.1271789234451
Mississippi,5-12 Years,307561,2026-02-28,22.3112670104714
Mississippi,5-12 Years,307561,2026-03-07,22.6460687961333
Mississippi,5-12 Years,307561,2026-03-14,22.7540818303713
Mississippi,5-12 Years,307561,2026-03-21,22.8034262999007
Mississippi,5-12 Years,307561,2026-03-28,22.8111420999669
Mississippi,5-12 Years,307561,2026-04-04,22.815
Mississippi,5-12 Years,307561,2026-04-11,22.815
Mississippi,5-12 Years,307561,2026-04-18,22.815
Mississippi,5-12 Years,307561,2026-04-25,22.815
Mississippi,5-12 Years,307561,2026-05-02,22.815
Mississippi,5-12 Years,307561,2026-05-09,22.815
Mississippi,5-12 Years,307561,2026-05-16,22.815
Mississippi,5-12 Years,307561,2026-05-23,22.815
Mississippi,5-12 Years,307561,2026-05-30,22.815
Mississippi,5-12 Years,307561,2026-06-06,22.815
Mississippi,5-12 Years,307561,2026-06-13,22.815
Mississippi,13-17 Years,203906,2025-08-16,2.63320640853755
Mississippi,13-17 Years,203906,2025-08-23,2.63320640853755
Mississippi,13-17 Years,203906,2025-08-30,2.63320640853755
Mississippi,13-17 Years,203906,2025-09-06,2.63320640853755
Mississippi,13-17 Years,203906,2025-09-13,3.31612501969255
Mississippi,13-17 Years,203906,2025-09-20,3.37418379355502
Mississippi,13-17 Years,203906,2025-09-27,3.59667151361893
Mississippi,13-17 Years,203906,2025-10-04,4.24119586831283
Mississippi,13-17 Years,203906,2025-10-11,4.85645808557
Mississippi,13-17 Years,203906,2025-10-18,5.86035833822193
Mississippi,13-17 Years,203906,2025-10-25,7.26014840226959
Mississippi,13-17 Years,203906,2025-11-01,9.00298222192315
Mississippi,13-17 Years,203906,2025-11-08,12.4417332039018
Mississippi,13-17 Years,203906,2025-11-15,13.8360989935218
Mississippi,13-17 Years,203906,2025-11-22,14.9188646191183
Mississippi,13-17 Years,203906,2025-11-29,15.7258963442573
Mississippi,13-17 Years,203906,2025-12-06,17.0446105471451
Mississippi,13-17 Years,203906,2025-12-13,17.4565185124622
Mississippi,13-17 Years,203906,2025-12-20,17.6987158610389
Mississippi,13-17 Years,203906,2025-12-27,17.8291164053231
Mississippi,13-17 Years,203906,2026-01-03,17.9811738591112
Mississippi,13-17 Years,203906,2026-01-10,18.2197267359509
Mississippi,13-17 Years,203906,2026-01-17,18.3764920211156
Mississippi,13-17 Years,203906,2026-01-24,18.5714703635326
Mississippi,13-17 Years,203906,2026-01-31,18.7516221999933
Mississippi,13-17 Years,203906,2026-02-07,19.0945779007083
Mississippi,13-17 Years,203906,2026-02-14,19.1932882172468
Mississippi,13-17 Years,203906,2026-02-21,19.2336998852002
Mississippi,13-17 Years,203906,2026-02-28,19.2378999617334
Mississippi,13-17 Years,203906,2026-03-07,19.24
Mississippi,13-17 Years,203906,2026-03-14,19.24
Mississippi,13-17 Years,203906,2026-03-21,19.24
Mississippi,13-17 Years,203906,2026-03-28,19.24
Mississippi,13-17 Years,203906,2026-04-04,19.24
Mississippi,13-17 Years,203906,2026-04-11,19.24
Mississippi,13-17 Years,203906,2026-04-18,19.24
Mississippi,13-17 Years,203906,2026-04-25,19.24
Mississippi,13-17 Years,203906,2026-05-02,19.24
Mississippi,13-17 Years,203906,2026-05-09,19.24
Mississippi,13-17 Years,203906,2026-05-16,19.24
Mississippi,13-17 Years,203906,2026-05-23,19.24
Mississippi,13-17 Years,203906,2026-05-30,19.24
Mississippi,13-17 Years,203906,2026-06-06,19.24
Mississippi,13-17 Years,203906,2026-06-13,19.24
Mississippi,6 Months - 17 Years,675420,2025-08-16,2.40506804318192
Mississippi,6 Months - 17 Years,675420,2025-08-23,2.40506804318192
Mississippi,6 Months - 17 Years,675420,2025-08-30,2.40506804318192
Mississippi,6 Months - 17 Years,675420,2025-09-06,2.40506804318192
Mississippi,6 Months - 17 Years,675420,2025-09-13,3.11951728195122
Mississippi,6 Months - 17 Years,675420,2025-09-20,3.36547364049414
Mississippi,6 Months - 17 Years,675420,2025-09-27,3.86305696464709
Mississippi,6 Months - 17 Years,675420,2025-10-04,5.14079515783306
Mississippi,6 Months - 17 Years,675420,2025-10-11,6.0583145724359
Mississippi,6 Months - 17 Years,675420,2025-10-18,7.25939498853458
Mississippi,6 Months - 17 Years,675420,2025-10-25,8.72398953758279
Mississippi,6 Months - 17 Years,675420,2025-11-01,10.4692441850047
Mississippi,6 Months - 17 Years,675420,2025-11-08,13.8241885570817
Mississippi,6 Months - 17 Years,675420,2025-11-15,15.2164151988564
Mississippi,6 Months - 17 Years,675420,2025-11-22,16.3692891252297
Mississippi,6 Months - 17 Years,675420,2025-11-29,17.3054790695866
Mississippi,6 Months - 17 Years,675420,2025-12-06,18.9321049133501
Mississippi,6 Months - 17 Years,675420,2025-12-13,19.5393437630836
Mississippi,6 Months - 17 Years,675420,2025-12-20,19.9983165579847
Mississippi,6 Months - 17 Years,675420,2025-12-27,20.343745225194
Mississippi,6 Months - 17 Years,675420,2026-01-03,20.7058695686608
Mississippi,6 Months - 17 Years,675420,2026-01-10,21.2434915280438
Mississippi,6 Months - 17 Years,675420,2026-01-17,21.4428362118265
Mississippi,6 Months - 17 Years,675420,2026-01-24,21.6154865682038
Mississippi,6 Months - 17 Years,675420,2026-01-31,21.7463980378389
Mississippi,6 Months - 17 Years,675420,2026-02-07,22.0413637035458
Mississippi,6 Months - 17 Years,675420,2026-02-14,22.1901403063285
Mississippi,6 Months - 17 Years,675420,2026-02-21,22.3437915831935
Mississippi,6 Months - 17 Years,675420,2026-02-28,22.4927738736883
Mississippi,6 Months - 17 Years,675420,2026-03-07,22.7549319388797
Mississippi,6 Months - 17 Years,675420,2026-03-14,22.8466288946274
Mississippi,6 Months - 17 Years,675420,2026-03-21,22.9053554112721
Mississippi,6 Months - 17 Years,675420,2026-03-28,22.9389903225192
Mississippi,6 Months - 17 Years,675420,2026-04-04,22.9675029269437
Mississippi,6 Months - 17 Years,675420,2026-04-11,23.0022810875308
Mississippi,6 Months - 17 Years,675420,2026-04-18,23.0083898453017
Mississippi,6 Months - 17 Years,675420,2026-04-25,23.01
Mississippi,6 Months - 17 Years,675420,2026-05-02,23.01
Mississippi,6 Months - 17 Years,675420,2026-05-09,23.01
Mississippi,6 Months - 17 Years,675420,2026-05-16,23.01
Mississippi,6 Months - 17 Years,675420,2026-05-23,23.01
Mississippi,6 Months - 17 Years,675420,2026-05-30,23.01
Mississippi,6 Months - 17 Years,675420,2026-06-06,23.01
Mississippi,6 Months - 17 Years,675420,2026-06-13,23.01
Mississippi,18-49 Years,1197674,2025-08-16,0.403582318859697
Mississippi,18-49 Years,1197674,2025-08-23,0.403582318859697
Mississippi,18-49 Years,1197674,2025-08-30,0.403582318859697
Mississippi,18-49 Years,1197674,2025-09-06,0.403582318859697
Mississippi,18-49 Years,1197674,2025-09-13,0.807635765109974
Mississippi,18-49 Years,1197674,2025-09-20,1.42162103529955
Mississippi,18-49 Years,1197674,2025-09-27,2.21191006544961
Mississippi,18-49 Years,1197674,2025-10-04,3.91768593132066
Mississippi,18-49 Years,1197674,2025-10-11,4.90665595143453
Mississippi,18-49 Years,1197674,2025-10-18,6.03142455564752
Mississippi,18-49 Years,1197674,2025-10-25,7.2647810517296
Mississippi,18-49 Years,1197674,2025-11-01,8.65420133269012
Mississippi,18-49 Years,1197674,2025-11-08,11.195994314573
Mississippi,18-49 Years,1197674,2025-11-15,12.2229995408295
Mississippi,18-49 Years,1197674,2025-11-22,13.0803561328208
Mississippi,18-49 Years,1197674,2025-11-29,13.7616510461474
Mississippi,18-49 Years,1197674,2025-12-06,14.838082766098
Mississippi,18-49 Years,1197674,2025-12-13,15.1273236654389
Mississippi,18-49 Years,1197674,2025-12-20,15.2483963988712
Mississippi,18-49 Years,1197674,2025-12-27,15.2661321329571
Mississippi,18-49 Years,1197674,2026-01-03,15.275
Mississippi,18-49 Years,1197674,2026-01-10,15.275
Mississippi,18-49 Years,1197674,2026-01-17,15.275
Mississippi,18-49 Years,1197674,2026-01-24,15.275
Mississippi,18-49 Years,1197674,2026-01-31,15.275
Mississippi,18-49 Years,1197674,2026-02-07,15.275
Mississippi,18-49 Years,1197674,2026-02-14,15.275
Mississippi,18-49 Years,1197674,2026-02-21,15.275
Mississippi,18-49 Years,1197674,2026-02-28,15.275
Mississippi,18-49 Years,1197674,2026-03-07,15.275
Mississippi,18-49 Years,1197674,2026-03-14,15.275
Mississippi,18-49 Years,1197674,2026-03-21,15.275
Mississippi,18-49 Years,1197674,2026-03-28,15.275
Mississippi,18-49 Years,1197674,2026-04-04,15.275
Mississippi,18-49 Years,1197674,2026-04-11,15.275
Mississippi,18-49 Years,1197674,2026-04-18,15.275
Mississippi,18-49 Years,1197674,2026-04-25,15.275
Mississippi,18-49 Years,1197674,2026-05-02,15.275
Mississippi,18-49 Years,1197674,2026-05-09,15.275
Mississippi,18-49 Years,1197674,2026-05-16,15.275
Mississippi,18-49 Years,1197674,2026-05-23,15.275
Mississippi,18-49 Years,1197674,2026-05-30,15.275
Mississippi,18-49 Years,1197674,2026-06-06,15.275
Mississippi,18-49 Years,1197674,2026-06-13,15.275
Mississippi,50-64 Years,561322,2025-08-16,0.46386914726116
Mississippi,50-64 Years,561322,2025-08-23,0.46386914726116
Mississippi,50-64 Years,561322,2025-08-30,0.46386914726116
Mississippi,50-64 Years,561322,2025-09-06,0.46386914726116
Mississippi,50-64 Years,561322,2025-09-13,0.875763735025894
Mississippi,50-64 Years,561322,2025-09-20,1.51651949144642
Mississippi,50-64 Years,561322,2025-09-27,2.42150138510813
Mississippi,50-64 Years,561322,2025-10-04,4.55117550768235
Mississippi,50-64 Years,561322,2025-10-11,5.95958399663928
Mississippi,50-64 Years,561322,2025-10-18,7.72125793621992
Mississippi,50-64 Years,561322,2025-10-25,9.77923592822748
Mississippi,50-64 Years,561322,2025-11-01,12.1259118589841
Mississippi,50-64 Years,561322,2025-11-08,16.3867859459894
Mississippi,50-64 Years,561322,2025-11-15,17.9593341345891
Mississippi,50-64 Years,561322,2025-11-22,19.116004194614
Mississippi,50-64 Years,561322,2025-11-29,19.9245102788409
Mississippi,50-64 Years,561322,2025-12-06,21.165137907468
Mississippi,50-64 Years,561322,2025-12-13,21.4853964445058
Mississippi,50-64 Years,561322,2025-12-20,21.6166538150433
Mississippi,50-64 Years,561322,2025-12-27,21.6355512716811
Mississippi,50-64 Years,561322,2026-01-03,21.645
Mississippi,50-64 Years,561322,2026-01-10,21.645
Mississippi,50-64 Years,561322,2026-01-17,21.645
Mississippi,50-64 Years,561322,2026-01-24,21.645
Mississippi,50-64 Years,561322,2026-01-31,21.645
Mississippi,50-64 Years,561322,2026-02-07,21.645
Mississippi,50-64 Years,561322,2026-02-14,21.645
Mississippi,50-64 Years,561322,2026-02-21,21.645
Mississippi,50-64 Years,561322,2026-02-28,21.645
Mississippi,50-64 Years,561322,2026-03-07,21.645
Mississippi,50-64 Years,561322,2026-03-14,21.645
Mississippi,50-64 Years,561322,2026-03-21,21.645
Mississippi,50-64 Years,561322,2026-03-28,21.645
Mississippi,50-64 Years,561322,2026-04-04,21.645
Mississippi,50-64 Years,561322,2026-04-11,21.645
Mississippi,50-64 Years,561322,2026-04-18,21.645
Mississippi,50-64 Years,561322,2026-04-25,21.645
Mississippi,50-64 Years,561322,2026-05-02,21.645
Mississippi,50-64 Years,561322,2026-05-09,21.645
Mississippi,50-64 Years,561322,2026-05-16,21.645
Mississippi,50-64 Years,561322,2026-05-23,21.645
Mississippi,50-64 Years,561322,2026-05-30,21.645
Mississippi,50-64 Years,561322,2026-06-06,21.645
Mississippi,50-64 Years,561322,2026-06-13,21.645
Mississippi,65+ Years,499955,2025-08-16,0.62796922348904
Mississippi,65+ Years,499955,2025-08-23,0.62796922348904
Mississippi,65+ Years,499955,2025-08-30,0.62796922348904
Mississippi,65+ Years,499955,2025-09-06,0.62796922348904
Mississippi,65+ Years,499955,2025-09-13,1.60740199359344
Mississippi,65+ Years,499955,2025-09-20,3.20503255658852
Mississippi,65+ Years,499955,2025-09-27,5.48164730664992
Mississippi,65+ Years,499955,2025-10-04,10.5055217283785
Mississippi,65+ Years,499955,2025-10-11,13.4049821382464
Mississippi,65+ Years,499955,2025-10-18,16.6719341717699
Mississippi,65+ Years,499955,2025-10-25,20.2621460743601
Mississippi,65+ Years,499955,2025-11-01,24.4056861805263
Mississippi,65+ Years,499955,2025-11-08,32.3547013507914
Mississippi,65+ Years,499955,2025-11-15,36.0319514308638
Mississippi,65+ Years,499955,2025-11-22,39.5171253243754
Mississippi,65+ Years,499955,2025-11-29,42.6000054633688
Mississippi,65+ Years,499955,2025-12-06,47.6376927881329
Mississippi,65+ Years,499955,2025-12-13,49.055860111542
Mississippi,65+ Years,499955,2025-12-20,49.6638595653788
Mississippi,65+ Years,499955,2025-12-27,49.7546198551263
Mississippi,65+ Years,499955,2026-01-03,49.8
Mississippi,65+ Years,499955,2026-01-10,49.8
Mississippi,65+ Years,499955,2026-01-17,49.8
Mississippi,65+ Years,499955,2026-01-24,49.8
Mississippi,65+ Years,499955,2026-01-31,49.8
Mississippi,65+ Years,499955,2026-02-07,49.8
Mississippi,65+ Years,499955,2026-02-14,49.8
Mississippi,65+ Years,499955,2026-02-21,49.8
Mississippi,65+ Years,499955,2026-02-28,49.8
Mississippi,65+ Years,499955,2026-03-07,49.8
Mississippi,65+ Years,499955,2026-03-14,49.8
Mississippi,65+ Years,499955,2026-03-21,49.8
Mississippi,65+ Years,499955,2026-03-28,49.8
Mississippi,65+ Years,499955,2026-04-04,49.8
Mississippi,65+ Years,499955,2026-04-11,49.8
Mississippi,65+ Years,499955,2026-04-18,49.8
Mississippi,65+ Years,499955,2026-04-25,49.8
Mississippi,65+ Years,499955,2026-05-02,49.8
Mississippi,65+ Years,499955,2026-05-09,49.8
Mississippi,65+ Years,499955,2026-05-16,49.8
Mississippi,65+ Years,499955,2026-05-23,49.8
Mississippi,65+ Years,499955,2026-05-30,49.8
Mississippi,65+ Years,499955,2026-06-06,49.8
Mississippi,65+ Years,499955,2026-06-13,49.8
Missouri,6 Months - 4 Years,331754,2025-08-16,2.93504798019949
Missouri,6 Months - 4 Years,331754,2025-08-23,2.93504798019949
Missouri,6 Months - 4 Years,331754,2025-08-30,2.93504798019949
Missouri,6 Months - 4 Years,331754,2025-09-06,2.93504798019949
Missouri,6 Months - 4 Years,331754,2025-09-13,3.94150910146687
Missouri,6 Months - 4 Years,331754,2025-09-20,4.53343263179442
Missouri,6 Months - 4 Years,331754,2025-09-27,5.54343771870134
Missouri,6 Months - 4 Years,331754,2025-10-04,8.0460920136486
Missouri,6 Months - 4 Years,331754,2025-10-11,9.79116449182124
Missouri,6 Months - 4 Years,331754,2025-10-18,12.0415379954447
Missouri,6 Months - 4 Years,331754,2025-10-25,14.7418092507365
Missouri,6 Months - 4 Years,331754,2025-11-01,17.8974339870653
Missouri,6 Months - 4 Years,331754,2025-11-08,23.7903629220441
Missouri,6 Months - 4 Years,331754,2025-11-15,26.0611774394424
Missouri,6 Months - 4 Years,331754,2025-11-22,27.8006287725267
Missouri,6 Months - 4 Years,331754,2025-11-29,29.1241059495042
Missouri,6 Months - 4 Years,331754,2025-12-06,31.4552379898152
Missouri,6 Months - 4 Years,331754,2025-12-13,32.4037721919196
Missouri,6 Months - 4 Years,331754,2025-12-20,33.2188476448341
Missouri,6 Months - 4 Years,331754,2025-12-27,33.9279169691413
Missouri,6 Months - 4 Years,331754,2026-01-03,34.7222858354761
Missouri,6 Months - 4 Years,331754,2026-01-10,35.9704706613698
Missouri,6 Months - 4 Years,331754,2026-01-17,36.4767213856542
Missouri,6 Months - 4 Years,331754,2026-01-24,36.9383058799279
Missouri,6 Months - 4 Years,331754,2026-01-31,37.3044802039127
Missouri,6 Months - 4 Years,331754,2026-02-07,38.1273061747213
Missouri,6 Months - 4 Years,331754,2026-02-14,38.5349721040059
Missouri,6 Months - 4 Years,331754,2026-02-21,38.9449624175089
Missouri,6 Months - 4 Years,331754,2026-02-28,39.3364028332324
Missouri,6 Months - 4 Years,331754,2026-03-07,40.0308101425733
Missouri,6 Months - 4 Years,331754,2026-03-14,40.2840048898862
Missouri,6 Months - 4 Years,331754,2026-03-21,40.4586789151249
Missouri,6 Months - 4 Years,331754,2026-03-28,40.5709945878002
Missouri,6 Months - 4 Years,331754,2026-04-04,40.668515117035
Missouri,6 Months - 4 Years,331754,2026-04-11,40.7918857554508
Missouri,6 Months - 4 Years,331754,2026-04-18,40.8140780104931
Missouri,6 Months - 4 Years,331754,2026-04-25,40.82
Missouri,6 Months - 4 Years,331754,2026-05-02,40.82
Missouri,6 Months - 4 Years,331754,2026-05-09,40.82
Missouri,6 Months - 4 Years,331754,2026-05-16,40.82
Missouri,6 Months - 4 Years,331754,2026-05-23,40.82
Missouri,6 Months - 4 Years,331754,2026-05-30,40.82
Missouri,6 Months - 4 Years,331754,2026-06-06,40.82
Missouri,6 Months - 4 Years,331754,2026-06-13,40.82
Missouri,5-12 Years,610838,2025-08-16,2.92684527485194
Missouri,5-12 Years,610838,2025-08-23,2.92684527485194
Missouri,5-12 Years,610838,2025-08-30,2.92684527485194
Missouri,5-12 Years,610838,2025-09-06,2.92684527485194
Missouri,5-12 Years,610838,2025-09-13,3.89907395866781
Missouri,5-12 Years,610838,2025-09-20,4.42110111209298
Missouri,5-12 Years,610838,2025-09-27,5.30412220546625
Missouri,5-12 Years,610838,2025-10-04,7.48708347528425
Missouri,5-12 Years,610838,2025-10-11,8.98928221840671
Missouri,5-12 Years,610838,2025-10-18,10.9042726017222
Missouri,5-12 Years,610838,2025-10-25,13.1993718580978
Missouri,5-12 Years,610838,2025-11-01,15.9192296317966
Missouri,5-12 Years,610838,2025-11-08,21.1394422000996
Missouri,5-12 Years,610838,2025-11-15,23.3329786003066
Missouri,5-12 Years,610838,2025-11-22,25.1847174090729
Missouri,5-12 Years,610838,2025-11-29,26.7140810888959
Missouri,5-12 Years,610838,2025-12-06,29.3713958530462
Missouri,5-12 Years,610838,2025-12-13,30.3591780950788
Missouri,5-12 Years,610838,2025-12-20,31.0993215698751
Missouri,5-12 Years,610838,2025-12-27,31.645461803576
Missouri,5-12 Years,610838,2026-01-03,32.1842040716244
Missouri,5-12 Years,610838,2026-01-10,32.9499249444754
Missouri,5-12 Years,610838,2026-01-17,33.1835249590145
Missouri,5-12 Years,610838,2026-01-24,33.3518916315164
Missouri,5-12 Years,610838,2026-01-31,33.4608143045205
Missouri,5-12 Years,610838,2026-02-07,33.7002146493426
Missouri,5-12 Years,610838,2026-02-14,33.8095056527805
Missouri,5-12 Years,610838,2026-02-21,33.9172885767728
Missouri,5-12 Years,610838,2026-02-28,34.0274091806965
Missouri,5-12 Years,610838,2026-03-07,34.2609318945881
Missouri,5-12 Years,610838,2026-03-14,34.4130054394103
Missouri,5-12 Years,610838,2026-03-21,34.6056679786558
Missouri,5-12 Years,610838,2026-03-28,34.8235264434885
Missouri,5-12 Years,610838,2026-04-04,35.0449801391299
Missouri,5-12 Years,610838,2026-04-11,35.3908713480557
Missouri,5-12 Years,610838,2026-04-18,35.467569886119
Missouri,5-12 Years,610838,2026-04-25,35.49
Missouri,5-12 Years,610838,2026-05-02,35.49
Missouri,5-12 Years,610838,2026-05-09,35.49
Missouri,5-12 Years,610838,2026-05-16,35.49
Missouri,5-12 Years,610838,2026-05-23,35.49
Missouri,5-12 Years,610838,2026-05-30,35.49
Missouri,5-12 Years,610838,2026-06-06,35.49
Missouri,5-12 Years,610838,2026-06-13,35.49
Missouri,13-17 Years,392934,2025-08-16,2.29164690032089
Missouri,13-17 Years,392934,2025-08-23,2.29164690032089
Missouri,13-17 Years,392934,2025-08-30,2.29164690032089
Missouri,13-17 Years,392934,2025-09-06,2.29164690032089
Missouri,13-17 Years,392934,2025-09-13,3.03228223384745
Missouri,13-17 Years,392934,2025-09-20,3.39679633806887
Missouri,13-17 Years,392934,2025-09-27,4.14993415294142
Missouri,13-17 Years,392934,2025-10-04,6.09228478276988
Missouri,13-17 Years,392934,2025-10-11,7.51904518090222
Missouri,13-17 Years,392934,2025-10-18,9.42179713421656
Missouri,13-17 Years,392934,2025-10-25,11.7450552425211
Missouri,13-17 Years,392934,2025-11-01,14.4509237011039
Missouri,13-17 Years,392934,2025-11-08,19.4423560343206
Missouri,13-17 Years,392934,2025-11-15,21.2720006330832
Missouri,13-17 Years,392934,2025-11-22,22.5789714174337
Missouri,13-17 Years,392934,2025-11-29,23.4862783798932
Missouri,13-17 Years,392934,2025-12-06,25.0009848178116
Missouri,13-17 Years,392934,2025-12-13,25.5436910017697
Missouri,13-17 Years,392934,2025-12-20,25.9530809327148
Missouri,13-17 Years,392934,2025-12-27,26.2662630810203
Missouri,13-17 Years,392934,2026-01-03,26.6014979606968
Missouri,13-17 Years,392934,2026-01-10,27.1061609088419
Missouri,13-17 Years,392934,2026-01-17,27.3053759106126
Missouri,13-17 Years,392934,2026-01-24,27.4871414543448
Missouri,13-17 Years,392934,2026-01-31,27.6298176090704
Missouri,13-17 Years,392934,2026-02-07,27.9435770812228
Missouri,13-17 Years,392934,2026-02-14,28.0862767060619
Missouri,13-17 Years,392934,2026-02-21,28.2201765997098
Missouri,13-17 Years,392934,2026-02-28,28.3476326754295
Missouri,13-17 Years,392934,2026-03-07,28.5988804264171
Missouri,13-17 Years,392934,2026-03-14,28.7313988971203
Missouri,13-17 Years,392934,2026-03-21,28.8737297843913
Missouri,13-17 Years,392934,2026-03-28,29.0182401384584
Missouri,13-17 Years,392934,2026-04-04,29.165338668522
Missouri,13-17 Years,392934,2026-04-11,29.3900378184758
Missouri,13-17 Years,392934,2026-04-18,29.4477406969165
Missouri,13-17 Years,392934,2026-04-25,29.4757502201438
Missouri,13-17 Years,392934,2026-05-02,29.4861637399482
Missouri,13-17 Years,392934,2026-05-09,29.504573008116
Missouri,13-17 Years,392934,2026-05-16,29.5085813690633
Missouri,13-17 Years,392934,2026-05-23,29.5098987747473
Missouri,13-17 Years,392934,2026-05-30,29.5099662582491
Missouri,13-17 Years,392934,2026-06-06,29.51
Missouri,13-17 Years,392934,2026-06-13,29.51
Missouri,6 Months - 17 Years,1335526,2025-08-16,2.74620259022526
Missouri,6 Months - 17 Years,1335526,2025-08-23,2.74620259022526
Missouri,6 Months - 17 Years,1335526,2025-08-30,2.74620259022526
Missouri,6 Months - 17 Years,1335526,2025-09-06,2.74620259022526
Missouri,6 Months - 17 Years,1335526,2025-09-13,3.65992440397763
Missouri,6 Months - 17 Years,1335526,2025-09-20,4.15318376457182
Missouri,6 Months - 17 Years,1335526,2025-09-27,5.02719283292215
Missouri,6 Months - 17 Years,1335526,2025-10-04,7.21162631559445
Missouri,6 Months - 17 Years,1335526,2025-10-11,8.74472158839679
Missouri,6 Months - 17 Years,1335526,2025-10-18,10.727690616276
Missouri,6 Months - 17 Years,1335526,2025-10-25,13.1167393032004
Missouri,6 Months - 17 Years,1335526,2025-11-01,15.9256009394943
Missouri,6 Months - 17 Years,1335526,2025-11-08,21.2252948879172
Missouri,6 Months - 17 Years,1335526,2025-11-15,23.3311319149393
Missouri,6 Months - 17 Years,1335526,2025-11-22,24.9998691630941
Missouri,6 Months - 17 Years,1335526,2025-11-29,26.2995857702436
Missouri,6 Months - 17 Years,1335526,2025-12-06,28.5383642753235
Missouri,6 Months - 17 Years,1335526,2025-12-13,29.3757910093518
Missouri,6 Months - 17 Years,1335526,2025-12-20,30.0213326243062
Missouri,6 Months - 17 Years,1335526,2025-12-27,30.5192021602644
Missouri,6 Months - 17 Years,1335526,2026-01-03,31.0351419479303
Missouri,6 Months - 17 Years,1335526,2026-01-10,31.7968649723726
Missouri,6 Months - 17 Years,1335526,2026-01-17,32.0642702385073
Missouri,6 Months - 17 Years,1335526,2026-01-24,32.2843130799113
Missouri,6 Months - 17 Years,1335526,2026-01-31,32.4443790473633
Missouri,6 Months - 17 Years,1335526,2026-02-07,32.8027122583591
Missouri,6 Months - 17 Years,1335526,2026-02-14,32.9761695165506
Missouri,6 Months - 17 Years,1335526,2026-02-21,33.1519395170985
Missouri,6 Months - 17 Years,1335526,2026-02-28,33.3291301181807
Missouri,6 Months - 17 Years,1335526,2026-03-07,33.6799346472409
Missouri,6 Months - 17 Years,1335526,2026-03-14,33.8590996973101
Missouri,6 Months - 17 Years,1335526,2026-03-21,34.0427215999867
Missouri,6 Months - 17 Years,1335526,2026-03-28,34.2206149405378
Missouri,6 Months - 17 Years,1335526,2026-04-04,34.3921018904105
Missouri,6 Months - 17 Years,1335526,2026-04-11,34.6431602150612
Missouri,6 Months - 17 Years,1335526,2026-04-18,34.6951861195332
Missouri,6 Months - 17 Years,1335526,2026-04-25,34.71
Missouri,6 Months - 17 Years,1335526,2026-05-02,34.71
Missouri,6 Months - 17 Years,1335526,2026-05-09,34.71
Missouri,6 Months - 17 Years,1335526,2026-05-16,34.71
Missouri,6 Months - 17 Years,1335526,2026-05-23,34.71
Missouri,6 Months - 17 Years,1335526,2026-05-30,34.71
Missouri,6 Months - 17 Years,1335526,2026-06-06,34.71
Missouri,6 Months - 17 Years,1335526,2026-06-13,34.71
Missouri,18-49 Years,2481136,2025-08-16,0.664176541127504
Missouri,18-49 Years,2481136,2025-08-23,0.664176541127504
Missouri,18-49 Years,2481136,2025-08-30,0.664176541127504
Missouri,18-49 Years,2481136,2025-09-06,0.664176541127504
Missouri,18-49 Years,2481136,2025-09-13,0.856063878464476
Missouri,18-49 Years,2481136,2025-09-20,0.915631701387619
Missouri,18-49 Years,2481136,2025-09-27,1.14842766455025
Missouri,18-49 Years,2481136,2025-10-04,1.81624979578046
Missouri,18-49 Years,2481136,2025-10-11,2.40189991971278
Missouri,18-49 Years,2481136,2025-10-18,3.29876259323961
Missouri,18-49 Years,2481136,2025-10-25,4.51749882794504
Missouri,18-49 Years,2481136,2025-11-01,6.04926489089339
Missouri,18-49 Years,2481136,2025-11-08,9.1361291842161
Missouri,18-49 Years,2481136,2025-11-15,10.4766229219218
Missouri,18-49 Years,2481136,2025-11-22,11.6119112829368
Missouri,18-49 Years,2481136,2025-11-29,12.5642247300602
Missouri,18-49 Years,2481136,2025-12-06,14.2917328867111
Missouri,18-49 Years,2481136,2025-12-13,15.011001316295
Missouri,18-49 Years,2481136,2025-12-20,15.6238108187208
Missouri,18-49 Years,2481136,2025-12-27,16.1467499293094
Missouri,18-49 Years,2481136,2026-01-03,16.7224466589561
Missouri,18-49 Years,2481136,2026-01-10,17.6175155849337
Missouri,18-49 Years,2481136,2026-01-17,17.9680851696917
Missouri,18-49 Years,2481136,2026-01-24,18.2777246736672
Missouri,18-49 Years,2481136,2026-01-31,18.5130331903327
Missouri,18-49 Years,2481136,2026-02-07,19.0254017496105
Missouri,18-49 Years,2481136,2026-02-14,19.2600570808286
Missouri,18-49 Years,2481136,2026-02-21,19.4809630339995
Missouri,18-49 Years,2481136,2026-02-28,19.6779924659614
Missouri,18-49 Years,2481136,2026-03-07,20.0053577657721
Missouri,18-49 Years,2481136,2026-03-14,20.1044706198985
Missouri,18-49 Years,2481136,2026-03-21,20.1552787120465
Missouri,18-49 Years,2481136,2026-03-28,20.1739568122149
Missouri,18-49 Years,2481136,2026-04-04,20.1912421304541
Missouri,18-49 Years,2481136,2026-04-11,20.2130109721092
Missouri,18-49 Years,2481136,2026-04-18,20.2224128011372
Missouri,18-49 Years,2481136,2026-04-25,20.232438549348
Missouri,18-49 Years,2481136,2026-05-02,20.2426722723899
Missouri,18-49 Years,2481136,2026-05-09,20.2763561075419
Missouri,18-49 Years,2481136,2026-05-16,20.3166244806566
Missouri,18-49 Years,2481136,2026-05-23,20.389287564624
Missouri,18-49 Years,2481136,2026-05-30,20.5006524279444
Missouri,18-49 Years,2481136,2026-06-06,20.7788404132521
Missouri,18-49 Years,2481136,2026-06-13,20.9502219649335
Missouri,50-64 Years,1190434,2025-08-16,0.696453980800206
Missouri,50-64 Years,1190434,2025-08-23,0.696453980800206
Missouri,50-64 Years,1190434,2025-08-30,0.696453980800206
Missouri,50-64 Years,1190434,2025-09-06,0.696453980800206
Missouri,50-64 Years,1190434,2025-09-13,1.01635586855084
Missouri,50-64 Years,1190434,2025-09-20,1.33327005675038
Missouri,50-64 Years,1190434,2025-09-27,2.0312498183948
Missouri,50-64 Years,1190434,2025-10-04,3.85123627162507
Missouri,50-64 Years,1190434,2025-10-11,5.19162743803938
Missouri,50-64 Years,1190434,2025-10-18,6.97754558559862
Missouri,50-64 Years,1190434,2025-10-25,9.16827522300154
Missouri,50-64 Years,1190434,2025-11-01,11.7535762608628
Missouri,50-64 Years,1190434,2025-11-08,16.6226855550977
Missouri,50-64 Years,1190434,2025-11-15,18.5117175651497
Missouri,50-64 Years,1190434,2025-11-22,19.957179233873
Missouri,50-64 Years,1190434,2025-11-29,21.0454661830418
Missouri,50-64 Years,1190434,2025-12-06,22.9195286744921
Missouri,50-64 Years,1190434,2025-12-13,23.6274210990576
Missouri,50-64 Years,1190434,2025-12-20,24.1836721108671
Missouri,50-64 Years,1190434,2025-12-27,24.6282231349616
Missouri,50-64 Years,1190434,2026-01-03,25.1334501520294
Missouri,50-64 Years,1190434,2026-01-10,25.9278066583075
Missouri,50-64 Years,1190434,2026-01-17,26.2906411639552
Missouri,50-64 Years,1190434,2026-01-24,26.6554727955025
Missouri,50-64 Years,1190434,2026-01-31,26.9595688414558
Missouri,50-64 Years,1190434,2026-02-07,27.6053121887465
Missouri,50-64 Years,1190434,2026-02-14,27.8740105222652
Missouri,50-64 Years,1190434,2026-02-21,28.0974432609913
Missouri,50-64 Years,1190434,2026-02-28,28.2793019000817
Missouri,50-64 Years,1190434,2026-03-07,28.5891385706231
Missouri,50-64 Years,1190434,2026-03-14,28.7019362348749
Missouri,50-64 Years,1190434,2026-03-21,28.7860673851285
Missouri,50-64 Years,1190434,2026-03-28,28.8473354267396
Missouri,50-64 Years,1190434,2026-04-04,28.9018532034727
Missouri,50-64 Years,1190434,2026-04-11,28.9733011148958
Missouri,50-64 Years,1190434,2026-04-18,28.9864507183862
Missouri,50-64 Years,1190434,2026-04-25,28.99
Missouri,50-64 Years,1190434,2026-05-02,28.99
Missouri,50-64 Years,1190434,2026-05-09,28.99
Missouri,50-64 Years,1190434,2026-05-16,28.99
Missouri,50-64 Years,1190434,2026-05-23,28.99
Missouri,50-64 Years,1190434,2026-05-30,28.99
Missouri,50-64 Years,1190434,2026-06-06,28.99
Missouri,50-64 Years,1190434,2026-06-13,28.99
Missouri,65+ Years,1089714,2025-08-16,2.16649915677315
Missouri,65+ Years,1089714,2025-08-23,2.16649915677315
Missouri,65+ Years,1089714,2025-08-30,2.16649915677315
Missouri,65+ Years,1089714,2025-09-06,2.16649915677315
Missouri,65+ Years,1089714,2025-09-13,3.02579136627606
Missouri,65+ Years,1089714,2025-09-20,3.71642130597023
Missouri,65+ Years,1089714,2025-09-27,5.31477445417516
Missouri,65+ Years,1089714,2025-10-04,9.51591096524366
Missouri,65+ Years,1089714,2025-10-11,12.6229415381876
Missouri,65+ Years,1089714,2025-10-18,16.7682397846419
Missouri,65+ Years,1089714,2025-10-25,21.8696812749225
Missouri,65+ Years,1089714,2025-11-01,27.9282087775596
Missouri,65+ Years,1089714,2025-11-08,39.4511206154694
Missouri,65+ Years,1089714,2025-11-15,44.0398615374655
Missouri,65+ Years,1089714,2025-11-22,47.656295180505
Missouri,65+ Years,1089714,2025-11-29,50.462207853313
Missouri,65+ Years,1089714,2025-12-06,55.3270070719248
Missouri,65+ Years,1089714,2025-12-13,57.1844928131191
Missouri,65+ Years,1089714,2025-12-20,58.6532980571968
Missouri,65+ Years,1089714,2025-12-27,59.8205649091888
Missouri,65+ Years,1089714,2026-01-03,61.0645557699899
Missouri,65+ Years,1089714,2026-01-10,62.9435402507747
Missouri,65+ Years,1089714,2026-01-17,63.6605496271648
Missouri,65+ Years,1089714,2026-01-24,64.2883131666904
Missouri,65+ Years,1089714,2026-01-31,64.7504115339537
Missouri,65+ Years,1089714,2026-02-07,65.7020796523404
Missouri,65+ Years,1089714,2026-02-14,66.0573695019184
Missouri,65+ Years,1089714,2026-02-21,66.3282537122702
Missouri,65+ Years,1089714,2026-02-28,66.5464868221901
Missouri,65+ Years,1089714,2026-03-07,66.9819347815216
Missouri,65+ Years,1089714,2026-03-14,67.2626915364319
Missouri,65+ Years,1089714,2026-03-21,67.6344468660564
Missouri,65+ Years,1089714,2026-03-28,68.0822936362697
Missouri,65+ Years,1089714,2026-04-04,68.6117385517329
Missouri,65+ Years,1089714,2026-04-11,69.5121920302469
Missouri,65+ Years,1089714,2026-04-18,69.8354411117721
Missouri,65+ Years,1089714,2026-04-25,70.0726479047515
Missouri,65+ Years,1089714,2026-05-02,70.218699754112
Missouri,65+ Years,1089714,2026-05-09,70.5045817984627
Missouri,65+ Years,1089714,2026-05-16,70.5992011987802
Missouri,65+ Years,1089714,2026-05-23,70.6637186622814
Missouri,65+ Years,1089714,2026-05-30,70.707295249324
Missouri,65+ Years,1089714,2026-06-06,70.7733172936946
Missouri,65+ Years,1089714,2026-06-13,70.7854822843538
Montana,6 Months - 4 Years,54232,2025-08-16,0.455431640332803
Montana,6 Months - 4 Years,54232,2025-08-23,0.455431640332803
Montana,6 Months - 4 Years,54232,2025-08-30,0.455431640332803
Montana,6 Months - 4 Years,54232,2025-09-06,0.455431640332803
Montana,6 Months - 4 Years,54232,2025-09-13,1.27688757289853
Montana,6 Months - 4 Years,54232,2025-09-20,2.57956957976953
Montana,6 Months - 4 Years,54232,2025-09-27,4.36862111818124
Montana,6 Months - 4 Years,54232,2025-10-04,8.22953635926655
Montana,6 Months - 4 Years,54232,2025-10-11,10.2192015270659
Montana,6 Months - 4 Years,54232,2025-10-18,12.2786151218406
Montana,6 Months - 4 Years,54232,2025-10-25,14.376244798437
Montana,6 Months - 4 Years,54232,2025-11-01,16.6785335686385
Montana,6 Months - 4 Years,54232,2025-11-08,20.8076245849145
Montana,6 Months - 4 Years,54232,2025-11-15,22.4861662665173
Montana,6 Months - 4 Years,54232,2025-11-22,23.9352559877955
Montana,6 Months - 4 Years,54232,2025-11-29,25.1616493107888
Montana,6 Months - 4 Years,54232,2025-12-06,27.2828014945437
Montana,6 Months - 4 Years,54232,2025-12-13,28.0450547287293
Montana,6 Months - 4 Years,54232,2025-12-20,28.5863030956374
Montana,6 Months - 4 Years,54232,2025-12-27,28.9699051207405
Montana,6 Months - 4 Years,54232,2026-01-03,29.4231212115848
Montana,6 Months - 4 Years,54232,2026-01-10,30.147158291491
Montana,6 Months - 4 Years,54232,2026-01-17,30.5463904927695
Montana,6 Months - 4 Years,54232,2026-01-24,31.002800075511
Montana,6 Months - 4 Years,54232,2026-01-31,31.4213606902008
Montana,6 Months - 4 Years,54232,2026-02-07,32.2988336076475
Montana,6 Months - 4 Years,54232,2026-02-14,32.6403656548881
Montana,6 Months - 4 Years,54232,2026-02-21,32.892507682346
Montana,6 Months - 4 Years,54232,2026-02-28,33.0802827837235
Montana,6 Months - 4 Years,54232,2026-03-07,33.4332568501579
Montana,6 Months - 4 Years,54232,2026-03-14,33.6291764452477
Montana,6 Months - 4 Years,54232,2026-03-21,33.8598917491657
Montana,6 Months - 4 Years,54232,2026-03-28,34.1093615315636
Montana,6 Months - 4 Years,54232,2026-04-04,34.3575266104512
Montana,6 Months - 4 Years,54232,2026-04-11,34.7351698533376
Montana,6 Months - 4 Years,54232,2026-04-18,34.8164860143123
Montana,6 Months - 4 Years,54232,2026-04-25,34.84
Montana,6 Months - 4 Years,54232,2026-05-02,34.84
Montana,6 Months - 4 Years,54232,2026-05-09,34.84
Montana,6 Months - 4 Years,54232,2026-05-16,34.84
Montana,6 Months - 4 Years,54232,2026-05-23,34.84
Montana,6 Months - 4 Years,54232,2026-05-30,34.84
Montana,6 Months - 4 Years,54232,2026-06-06,34.84
Montana,6 Months - 4 Years,54232,2026-06-13,34.84
Montana,5-12 Years,104230,2025-08-16,1.94802043479538
Montana,5-12 Years,104230,2025-08-23,1.94802043479538
Montana,5-12 Years,104230,2025-08-30,1.94802043479538
Montana,5-12 Years,104230,2025-09-06,1.94802043479538
Montana,5-12 Years,104230,2025-09-13,2.71405309139313
Montana,5-12 Years,104230,2025-09-20,3.31858470693179
Montana,5-12 Years,104230,2025-09-27,4.20377117684891
Montana,5-12 Years,104230,2025-10-04,6.30962320772695
Montana,5-12 Years,104230,2025-10-11,7.70597156615764
Montana,5-12 Years,104230,2025-10-18,9.44907617675355
Montana,5-12 Years,104230,2025-10-25,11.49681216679
Montana,5-12 Years,104230,2025-11-01,13.8750460757624
Montana,5-12 Years,104230,2025-11-08,18.3236245987105
Montana,5-12 Years,104230,2025-11-15,20.100560029262
Montana,5-12 Years,104230,2025-11-22,21.529837704522
Montana,5-12 Years,104230,2025-11-29,22.6429549292378
Montana,5-12 Years,104230,2025-12-06,24.4799508440669
Montana,5-12 Years,104230,2025-12-13,25.0656071075654
Montana,5-12 Years,104230,2025-12-20,25.4194986256945
Montana,5-12 Years,104230,2025-12-27,25.6189405191365
Montana,5-12 Years,104230,2026-01-03,25.8503008952382
Montana,5-12 Years,104230,2026-01-10,26.2116267333179
Montana,5-12 Years,104230,2026-01-17,26.4356286651396
Montana,5-12 Years,104230,2026-01-24,26.7104097447495
Montana,5-12 Years,104230,2026-01-31,26.9725842114596
Montana,5-12 Years,104230,2026-02-07,27.5121967223985
Montana,5-12 Years,104230,2026-02-14,27.7127428031291
Montana,5-12 Years,104230,2026-02-21,27.8488206309785
Montana,5-12 Years,104230,2026-02-28,27.9362461711566
Montana,5-12 Years,104230,2026-03-07,28.0811725999427
Montana,5-12 Years,104230,2026-03-14,28.1380575878577
Montana,5-12 Years,104230,2026-03-21,28.1878718677633
Montana,5-12 Years,104230,2026-03-28,28.2310635460645
Montana,5-12 Years,104230,2026-04-04,28.2710212142509
Montana,5-12 Years,104230,2026-04-11,28.3263283608304
Montana,5-12 Years,104230,2026-04-18,28.3370386973962
Montana,5-12 Years,104230,2026-04-25,28.34
Montana,5-12 Years,104230,2026-05-02,28.34
Montana,5-12 Years,104230,2026-05-09,28.34
Montana,5-12 Years,104230,2026-05-16,28.34
Montana,5-12 Years,104230,2026-05-23,28.34
Montana,5-12 Years,104230,2026-05-30,28.34
Montana,5-12 Years,104230,2026-06-06,28.34
Montana,5-12 Years,104230,2026-06-13,28.34
Montana,13-17 Years,65539,2025-08-16,0.451742618316604
Montana,13-17 Years,65539,2025-08-23,0.451742618316604
Montana,13-17 Years,65539,2025-08-30,0.451742618316604
Montana,13-17 Years,65539,2025-09-06,0.451742618316604
Montana,13-17 Years,65539,2025-09-13,0.830696274235898
Montana,13-17 Years,65539,2025-09-20,1.40622565548072
Montana,13-17 Years,65539,2025-09-27,2.18602699147294
Montana,13-17 Years,65539,2025-10-04,3.99606169131128
Montana,13-17 Years,65539,2025-10-11,5.1661945494505
Montana,13-17 Years,65539,2025-10-18,6.60574316760056
Montana,13-17 Years,65539,2025-10-25,8.27303239597822
Montana,13-17 Years,65539,2025-11-01,10.1806987669889
Montana,13-17 Years,65539,2025-11-08,13.6666339695938
Montana,13-17 Years,65539,2025-11-15,14.9736129684186
Montana,13-17 Years,65539,2025-11-22,15.9569195073984
Montana,13-17 Years,65539,2025-11-29,16.6876110153691
Montana,13-17 Years,65539,2025-12-06,17.9466193620655
Montana,13-17 Years,65539,2025-12-13,18.4413650950069
Montana,13-17 Years,65539,2025-12-20,18.8558055100849
Montana,13-17 Years,65539,2025-12-27,19.199693693195
Montana,13-17 Years,65539,2026-01-03,19.525526867135
Montana,13-17 Years,65539,2026-01-10,19.9817695356697
Montana,13-17 Years,65539,2026-01-17,20.0865813329838
Montana,13-17 Years,65539,2026-01-24,20.1345205897285
Montana,13-17 Years,65539,2026-01-31,20.1534045613309
Montana,13-17 Years,65539,2026-02-07,20.1976740035694
Montana,13-17 Years,65539,2026-02-14,20.2227323382443
Montana,13-17 Years,65539,2026-02-21,20.2532600645309
Montana,13-17 Years,65539,2026-02-28,20.2891115973574
Montana,13-17 Years,65539,2026-03-07,20.3664745232321
Montana,13-17 Years,65539,2026-03-14,20.4119539144471
Montana,13-17 Years,65539,2026-03-21,20.4630988698605
Montana,13-17 Years,65539,2026-03-28,20.5161274583072
Montana,13-17 Years,65539,2026-04-04,20.5685999333472
Montana,13-17 Years,65539,2026-04-11,20.6479998068457
Montana,13-17 Years,65539,2026-04-18,20.66506776846
Montana,13-17 Years,65539,2026-04-25,20.67
Montana,13-17 Years,65539,2026-05-02,20.67
Montana,13-17 Years,65539,2026-05-09,20.67
Montana,13-17 Years,65539,2026-05-16,20.67
Montana,13-17 Years,65539,2026-05-23,20.67
Montana,13-17 Years,65539,2026-05-30,20.67
Montana,13-17 Years,65539,2026-06-06,20.67
Montana,13-17 Years,65539,2026-06-13,20.67
Montana,6 Months - 17 Years,224000,2025-08-16,1.95369985847832
Montana,6 Months - 17 Years,224000,2025-08-23,1.95369985847832
Montana,6 Months - 17 Years,224000,2025-08-30,1.95369985847832
Montana,6 Months - 17 Years,224000,2025-09-06,1.95369985847832
Montana,6 Months - 17 Years,224000,2025-09-13,2.69885600471501
Montana,6 Months - 17 Years,224000,2025-09-20,3.25507010374627
Montana,6 Months - 17 Years,224000,2025-09-27,4.06849436999459
Montana,6 Months - 17 Years,224000,2025-10-04,6.00289070224464
Montana,6 Months - 17 Years,224000,2025-10-11,7.28450977416444
Montana,6 Months - 17 Years,224000,2025-10-18,8.88336557608392
Montana,6 Months - 17 Years,224000,2025-10-25,10.7612081158705
Montana,6 Months - 17 Years,224000,2025-11-01,12.9429902366232
Montana,6 Months - 17 Years,224000,2025-11-08,17.0233396445607
Montana,6 Months - 17 Years,224000,2025-11-15,18.6477251714688
Montana,6 Months - 17 Years,224000,2025-11-22,19.9499360692727
Montana,6 Months - 17 Years,224000,2025-11-29,20.9689537708425
Montana,6 Months - 17 Years,224000,2025-12-06,22.6878975264182
Montana,6 Months - 17 Years,224000,2025-12-13,23.2800854358628
Montana,6 Months - 17 Years,224000,2025-12-20,23.685282835823
Montana,6 Months - 17 Years,224000,2025-12-27,23.9595065667934
Montana,6 Months - 17 Years,224000,2026-01-03,24.2675671875979
Montana,6 Months - 17 Years,224000,2026-01-10,24.742503559709
Montana,6 Months - 17 Years,224000,2026-01-17,24.9803192245848
Montana,6 Months - 17 Years,224000,2026-01-24,25.2374932284874
Montana,6 Months - 17 Years,224000,2026-01-31,25.4613616466468
Montana,6 Months - 17 Years,224000,2026-02-07,25.9260391945554
Montana,6 Months - 17 Years,224000,2026-02-14,26.1036885035706
Montana,6 Months - 17 Years,224000,2026-02-21,26.2346566919023
Montana,6 Months - 17 Years,224000,2026-02-28,26.3310049648939
Montana,6 Months - 17 Years,224000,2026-03-07,26.5034163919987
Montana,6 Months - 17 Years,224000,2026-03-14,26.5847513360855
Montana,6 Months - 17 Years,224000,2026-03-21,26.6683656745623
Montana,6 Months - 17 Years,224000,2026-03-28,26.750491607455
Montana,6 Months - 17 Years,224000,2026-04-04,26.8294643638339
Montana,6 Months - 17 Years,224000,2026-04-11,26.9446254957937
Montana,6 Months - 17 Years,224000,2026-04-18,26.9682866402184
Montana,6 Months - 17 Years,224000,2026-04-25,26.975
Montana,6 Months - 17 Years,224000,2026-05-02,26.975
Montana,6 Months - 17 Years,224000,2026-05-09,26.975
Montana,6 Months - 17 Years,224000,2026-05-16,26.975
Montana,6 Months - 17 Years,224000,2026-05-23,26.975
Montana,6 Months - 17 Years,224000,2026-05-30,26.975
Montana,6 Months - 17 Years,224000,2026-06-06,26.975
Montana,6 Months - 17 Years,224000,2026-06-13,26.975
Montana,18-49 Years,426848,2025-08-16,0.525239149235134
Montana,18-49 Years,426848,2025-08-23,0.525239149235134
Montana,18-49 Years,426848,2025-08-30,0.525239149235134
Montana,18-49 Years,426848,2025-09-06,0.525239149235134
Montana,18-49 Years,426848,2025-09-13,0.685779619555131
Montana,18-49 Years,426848,2025-09-20,0.75062892308916
Montana,18-49 Years,426848,2025-09-27,1.01252518120841
Montana,18-49 Years,426848,2025-10-04,1.75294898016952
Montana,18-49 Years,426848,2025-10-11,2.34521657892893
Montana,18-49 Years,426848,2025-10-18,3.18045214230096
Montana,18-49 Years,426848,2025-10-25,4.26216822428976
Montana,18-49 Years,426848,2025-11-01,5.60833790123177
Montana,18-49 Years,426848,2025-11-08,8.33052694194781
Montana,18-49 Years,426848,2025-11-15,9.57136258291969
Montana,18-49 Years,426848,2025-11-22,10.6866930766245
Montana,18-49 Years,426848,2025-11-29,11.6621725891218
Montana,18-49 Years,426848,2025-12-06,13.3977895526811
Montana,18-49 Years,426848,2025-12-13,14.0649485780846
Montana,18-49 Years,426848,2025-12-20,14.5738966587024
Montana,18-49 Years,426848,2025-12-27,14.952485714788
Montana,18-49 Years,426848,2026-01-03,15.3158294983662
Montana,18-49 Years,426848,2026-01-10,15.8227610251148
Montana,18-49 Years,426848,2026-01-17,15.9574360884993
Montana,18-49 Years,426848,2026-01-24,16.0389194811521
Montana,18-49 Years,426848,2026-01-31,16.0859661301641
Montana,18-49 Years,426848,2026-02-07,16.2072284146341
Montana,18-49 Years,426848,2026-02-14,16.2995048398265
Montana,18-49 Years,426848,2026-02-21,16.4290068941357
Montana,18-49 Years,426848,2026-02-28,16.5822223050296
Montana,18-49 Years,426848,2026-03-07,16.8746219357698
Montana,18-49 Years,426848,2026-03-14,16.9843387259401
Montana,18-49 Years,426848,2026-03-21,17.0529470436864
Montana,18-49 Years,426848,2026-03-28,17.0883508483695
Montana,18-49 Years,426848,2026-04-04,17.1177147453297
Montana,18-49 Years,426848,2026-04-11,17.1523658148853
Montana,18-49 Years,426848,2026-04-18,17.1584119480898
Montana,18-49 Years,426848,2026-04-25,17.16
Montana,18-49 Years,426848,2026-05-02,17.16
Montana,18-49 Years,426848,2026-05-09,17.16
Montana,18-49 Years,426848,2026-05-16,17.16
Montana,18-49 Years,426848,2026-05-23,17.16
Montana,18-49 Years,426848,2026-05-30,17.16
Montana,18-49 Years,426848,2026-06-06,17.16
Montana,18-49 Years,426848,2026-06-13,17.16
Montana,50-64 Years,207092,2025-08-16,0.761436802729867
Montana,50-64 Years,207092,2025-08-23,0.761436802729867
Montana,50-64 Years,207092,2025-08-30,0.761436802729867
Montana,50-64 Years,207092,2025-09-06,0.761436802729867
Montana,50-64 Years,207092,2025-09-13,1.00177037033709
Montana,50-64 Years,207092,2025-09-20,1.11128289597087
Montana,50-64 Years,207092,2025-09-27,1.55827523707365
Montana,50-64 Years,207092,2025-10-04,2.81739811901959
Montana,50-64 Years,207092,2025-10-11,3.83476354846007
Montana,50-64 Years,207092,2025-10-18,5.27345969620096
Montana,50-64 Years,207092,2025-10-25,7.10246474549372
Montana,50-64 Years,207092,2025-11-01,9.2793468167067
Montana,50-64 Years,207092,2025-11-08,13.375982501237
Montana,50-64 Years,207092,2025-11-15,14.9057753009344
Montana,50-64 Years,207092,2025-11-22,16.0065123891201
Montana,50-64 Years,207092,2025-11-29,16.7860002899558
Montana,50-64 Years,207092,2025-12-06,18.1447865575028
Montana,50-64 Years,207092,2025-12-13,18.6967060636847
Montana,50-64 Years,207092,2025-12-20,19.1770352646857
Montana,50-64 Years,207092,2025-12-27,19.6040260374372
Montana,50-64 Years,207092,2026-01-03,20.1085379961936
Montana,50-64 Years,207092,2026-01-10,20.9302450304765
Montana,50-64 Years,207092,2026-01-17,21.324477440308
Montana,50-64 Years,207092,2026-01-24,21.7239234044768
Montana,50-64 Years,207092,2026-01-31,22.0408554791829
Montana,50-64 Years,207092,2026-02-07,22.6402679305071
Montana,50-64 Years,207092,2026-02-14,22.8093391022113
Montana,50-64 Years,207092,2026-02-21,22.8843411430764
Montana,50-64 Years,207092,2026-02-28,22.9030784985368
Montana,50-64 Years,207092,2026-03-07,22.9448128195123
Montana,50-64 Years,207092,2026-03-14,23.0450042892326
Montana,50-64 Years,207092,2026-03-21,23.2690713680976
Montana,50-64 Years,207092,2026-03-28,23.62012747863
Montana,50-64 Years,207092,2026-04-04,24.0896263988233
Montana,50-64 Years,207092,2026-04-11,24.9647974211229
Montana,50-64 Years,207092,2026-04-18,25.311602122872
Montana,50-64 Years,207092,2026-04-25,25.5750918818014
Montana,50-64 Years,207092,2026-05-02,25.7369364951709
Montana,50-64 Years,207092,2026-05-09,26.0309091060434
Montana,50-64 Years,207092,2026-05-16,26.1026587051522
Montana,50-64 Years,207092,2026-05-23,26.1279367375418
Montana,50-64 Years,207092,2026-05-30,26.1293122458473
Montana,50-64 Years,207092,2026-06-06,26.13
Montana,50-64 Years,207092,2026-06-13,26.13
Montana,65+ Years,213392,2025-08-16,1.69606616904603
Montana,65+ Years,213392,2025-08-23,1.69606616904603
Montana,65+ Years,213392,2025-08-30,1.69606616904603
Montana,65+ Years,213392,2025-09-06,1.69606616904603
Montana,65+ Years,213392,2025-09-13,2.74099521922554
Montana,65+ Years,213392,2025-09-20,4.0854777106755
Montana,65+ Years,213392,2025-09-27,5.98859151332474
Montana,65+ Years,213392,2025-10-04,10.4685142555983
Montana,65+ Years,213392,2025-10-11,13.3769592477075
Montana,65+ Years,213392,2025-10-18,16.9476811231424
Montana,65+ Years,213392,2025-10-25,21.1148002738694
Montana,65+ Years,213392,2025-11-01,25.9975806258907
Montana,65+ Years,213392,2025-11-08,35.2922564770983
Montana,65+ Years,213392,2025-11-15,39.202563255817
Montana,65+ Years,213392,2025-11-22,42.5381893216679
Montana,65+ Years,213392,2025-11-29,45.3266481866128
Montana,65+ Years,213392,2025-12-06,50.1945056814267
Montana,65+ Years,213392,2025-12-13,51.9945746996745
Montana,65+ Years,213392,2025-12-20,53.3206734872667
Montana,65+ Years,213392,2025-12-27,54.2990376297224
Montana,65+ Years,213392,2026-01-03,55.4269477879177
Montana,65+ Years,213392,2026-01-10,57.2070628931848
Montana,65+ Years,213392,2026-01-17,58.1043775000034
Montana,65+ Years,213392,2026-01-24,59.0704838586822
Montana,65+ Years,213392,2026-01-31,59.9086707077209
Montana,65+ Years,213392,2026-02-07,61.6412539258426
Montana,65+ Years,213392,2026-02-14,62.2958365354179
Montana,65+ Years,213392,2026-02-21,62.7704001202558
Montana,65+ Years,213392,2026-02-28,63.1119270607065
Montana,65+ Years,213392,2026-03-07,63.7166280845077
Montana,65+ Years,213392,2026-03-14,63.9960129327827
Montana,65+ Years,213392,2026-03-21,64.2789974259819
Montana,65+ Years,213392,2026-03-28,64.5540343367359
Montana,65+ Years,213392,2026-04-04,64.8175076621343
Montana,65+ Years,213392,2026-04-11,65.1998022323875
Montana,65+ Years,213392,2026-04-18,65.2778961983417
Montana,65+ Years,213392,2026-04-25,65.3
Montana,65+ Years,213392,2026-05-02,65.3
Montana,65+ Years,213392,2026-05-09,65.3
Montana,65+ Years,213392,2026-05-16,65.3
Montana,65+ Years,213392,2026-05-23,65.3
Montana,65+ Years,213392,2026-05-30,65.3
Montana,65+ Years,213392,2026-06-06,65.3
Montana,65+ Years,213392,2026-06-13,65.3
Nebraska,6 Months - 4 Years,116236,2025-08-16,4.12488767324391
Nebraska,6 Months - 4 Years,116236,2025-08-23,4.12488767324391
Nebraska,6 Months - 4 Years,116236,2025-08-30,4.12488767324391
Nebraska,6 Months - 4 Years,116236,2025-09-06,4.12488767324391
Nebraska,6 Months - 4 Years,116236,2025-09-13,5.24389017206144
Nebraska,6 Months - 4 Years,116236,2025-09-20,5.43820866777329
Nebraska,6 Months - 4 Years,116236,2025-09-27,6.2244523060516
Nebraska,6 Months - 4 Years,116236,2025-10-04,8.44798615312944
Nebraska,6 Months - 4 Years,116236,2025-10-11,10.2979289733865
Nebraska,6 Months - 4 Years,116236,2025-10-18,12.9801831809007
Nebraska,6 Months - 4 Years,116236,2025-10-25,16.4282149031405
Nebraska,6 Months - 4 Years,116236,2025-11-01,20.5090122886413
Nebraska,6 Months - 4 Years,116236,2025-11-08,28.081376628663
Nebraska,6 Months - 4 Years,116236,2025-11-15,30.7596491516389
Nebraska,6 Months - 4 Years,116236,2025-11-22,32.5415893961403
Nebraska,6 Months - 4 Years,116236,2025-11-29,33.6933230384887
Nebraska,6 Months - 4 Years,116236,2025-12-06,35.7141842044996
Nebraska,6 Months - 4 Years,116236,2025-12-13,36.6158566859463
Nebraska,6 Months - 4 Years,116236,2025-12-20,37.5013624323159
Nebraska,6 Months - 4 Years,116236,2025-12-27,38.3555193039027
Nebraska,6 Months - 4 Years,116236,2026-01-03,39.2438152032947
Nebraska,6 Months - 4 Years,116236,2026-01-10,40.5975418418765
Nebraska,6 Months - 4 Years,116236,2026-01-17,40.9967818918053
Nebraska,6 Months - 4 Years,116236,2026-01-24,41.2514358007366
Nebraska,6 Months - 4 Years,116236,2026-01-31,41.3983456133422
Nebraska,6 Months - 4 Years,116236,2026-02-07,41.7307948034276
Nebraska,6 Months - 4 Years,116236,2026-02-14,41.9064705348578
Nebraska,6 Months - 4 Years,116236,2026-02-21,42.1003290098284
Nebraska,6 Months - 4 Years,116236,2026-02-28,42.2937070326326
Nebraska,6 Months - 4 Years,116236,2026-03-07,42.6212315990364
Nebraska,6 Months - 4 Years,116236,2026-03-14,42.7179137866098
Nebraska,6 Months - 4 Years,116236,2026-03-21,42.7603338498442
Nebraska,6 Months - 4 Years,116236,2026-03-28,42.7667779499481
Nebraska,6 Months - 4 Years,116236,2026-04-04,42.77
Nebraska,6 Months - 4 Years,116236,2026-04-11,42.77
Nebraska,6 Months - 4 Years,116236,2026-04-18,42.77
Nebraska,6 Months - 4 Years,116236,2026-04-25,42.77
Nebraska,6 Months - 4 Years,116236,2026-05-02,42.77
Nebraska,6 Months - 4 Years,116236,2026-05-09,42.77
Nebraska,6 Months - 4 Years,116236,2026-05-16,42.77
Nebraska,6 Months - 4 Years,116236,2026-05-23,42.77
Nebraska,6 Months - 4 Years,116236,2026-05-30,42.77
Nebraska,6 Months - 4 Years,116236,2026-06-06,42.77
Nebraska,6 Months - 4 Years,116236,2026-06-13,42.77
Nebraska,5-12 Years,213286,2025-08-16,2.73409516082074
Nebraska,5-12 Years,213286,2025-08-23,2.73409516082074
Nebraska,5-12 Years,213286,2025-08-30,2.73409516082074
Nebraska,5-12 Years,213286,2025-09-06,2.73409516082074
Nebraska,5-12 Years,213286,2025-09-13,3.48315543192305
Nebraska,5-12 Years,213286,2025-09-20,3.63201225983057
Nebraska,5-12 Years,213286,2025-09-27,4.22113290344442
Nebraska,5-12 Years,213286,2025-10-04,5.90316029042246
Nebraska,5-12 Years,213286,2025-10-11,7.3756603235491
Nebraska,5-12 Years,213286,2025-10-18,9.60968761191681
Nebraska,5-12 Years,213286,2025-10-25,12.5733550698718
Nebraska,5-12 Years,213286,2025-11-01,16.1452956261878
Nebraska,5-12 Years,213286,2025-11-08,22.9116982202198
Nebraska,5-12 Years,213286,2025-11-15,25.4047749817715
Nebraska,5-12 Years,213286,2025-11-22,27.1427916028765
Nebraska,5-12 Years,213286,2025-11-29,28.3248834354101
Nebraska,5-12 Years,213286,2025-12-06,30.377960307133
Nebraska,5-12 Years,213286,2025-12-13,31.2395625523026
Nebraska,5-12 Years,213286,2025-12-20,32.0269152331866
Nebraska,5-12 Years,213286,2025-12-27,32.7381840220974
Nebraska,5-12 Years,213286,2026-01-03,33.444129775139
Nebraska,5-12 Years,213286,2026-01-10,34.4772093159552
Nebraska,5-12 Years,213286,2026-01-17,34.7435926857463
Nebraska,5-12 Years,213286,2026-01-24,34.8872286308704
Nebraska,5-12 Years,213286,2026-01-31,34.9607929970424
Nebraska,5-12 Years,213286,2026-02-07,35.1760786191113
Nebraska,5-12 Years,213286,2026-02-14,35.405157052146
Nebraska,5-12 Years,213286,2026-02-21,35.7751826235554
Nebraska,5-12 Years,213286,2026-02-28,36.2364928937375
Nebraska,5-12 Years,213286,2026-03-07,37.1078147633704
Nebraska,5-12 Years,213286,2026-03-14,37.4011800521358
Nebraska,5-12 Years,213286,2026-03-21,37.5376098504162
Nebraska,5-12 Years,213286,2026-03-28,37.5592032834721
Nebraska,5-12 Years,213286,2026-04-04,37.57
Nebraska,5-12 Years,213286,2026-04-11,37.57
Nebraska,5-12 Years,213286,2026-04-18,37.57
Nebraska,5-12 Years,213286,2026-04-25,37.57
Nebraska,5-12 Years,213286,2026-05-02,37.57
Nebraska,5-12 Years,213286,2026-05-09,37.5735826435093
Nebraska,5-12 Years,213286,2026-05-16,37.5862583608428
Nebraska,5-12 Years,213286,2026-05-23,37.61532408429
Nebraska,5-12 Years,213286,2026-05-30,37.6646741960797
Nebraska,5-12 Years,213286,2026-06-06,37.7927474286711
Nebraska,5-12 Years,213286,2026-06-13,37.87284040427
Nebraska,13-17 Years,133012,2025-08-16,0.471103542453222
Nebraska,13-17 Years,133012,2025-08-23,0.471103542453222
Nebraska,13-17 Years,133012,2025-08-30,0.471103542453222
Nebraska,13-17 Years,133012,2025-09-06,0.471103542453222
Nebraska,13-17 Years,133012,2025-09-13,0.867285931233981
Nebraska,13-17 Years,133012,2025-09-20,1.47011995726694
Nebraska,13-17 Years,133012,2025-09-27,2.32273274043308
Nebraska,13-17 Years,133012,2025-10-04,4.32889201777908
Nebraska,13-17 Years,133012,2025-10-11,5.61906829665207
Nebraska,13-17 Years,133012,2025-10-18,7.18797645737845
Nebraska,13-17 Years,133012,2025-10-25,9.01737124596067
Nebraska,13-17 Years,133012,2025-11-01,11.1889967555501
Nebraska,13-17 Years,133012,2025-11-08,15.4186824271168
Nebraska,13-17 Years,133012,2025-11-15,17.3119251363416
Nebraska,13-17 Years,133012,2025-11-22,19.0333713111029
Nebraska,13-17 Years,133012,2025-11-29,20.5716506508283
Nebraska,13-17 Years,133012,2025-12-06,23.3756282931256
Nebraska,13-17 Years,133012,2025-12-13,24.5309216014728
Nebraska,13-17 Years,133012,2025-12-20,25.4900574803532
Nebraska,13-17 Years,133012,2025-12-27,26.2756231547919
Nebraska,13-17 Years,133012,2026-01-03,27.0789473916649
Nebraska,13-17 Years,133012,2026-01-10,28.2680491229687
Nebraska,13-17 Years,133012,2026-01-17,28.658135574852
Nebraska,13-17 Years,133012,2026-01-24,28.9511843146896
Nebraska,13-17 Years,133012,2026-01-31,29.131858075675
Nebraska,13-17 Years,133012,2026-02-07,29.4602009671885
Nebraska,13-17 Years,133012,2026-02-14,29.5404524534437
Nebraska,13-17 Years,133012,2026-02-21,29.5706070348654
Nebraska,13-17 Years,133012,2026-02-28,29.5735356782885
Nebraska,13-17 Years,133012,2026-03-07,29.575
Nebraska,13-17 Years,133012,2026-03-14,29.575
Nebraska,13-17 Years,133012,2026-03-21,29.575
Nebraska,13-17 Years,133012,2026-03-28,29.575
Nebraska,13-17 Years,133012,2026-04-04,29.5812756296296
Nebraska,13-17 Years,133012,2026-04-11,29.6001025185185
Nebraska,13-17 Years,133012,2026-04-18,29.6410592592593
Nebraska,13-17 Years,133012,2026-04-25,29.7124032592593
Nebraska,13-17 Years,133012,2026-05-02,29.7959682222222
Nebraska,13-17 Years,133012,2026-05-09,29.9585616296296
Nebraska,13-17 Years,133012,2026-05-16,30.0086048888889
Nebraska,13-17 Years,133012,2026-05-23,30.0282608888889
Nebraska,13-17 Years,133012,2026-05-30,30.0294202962963
Nebraska,13-17 Years,133012,2026-06-06,30.03
Nebraska,13-17 Years,133012,2026-06-13,30.03
Nebraska,6 Months - 17 Years,462534,2025-08-16,2.64698801663189
Nebraska,6 Months - 17 Years,462534,2025-08-23,2.64698801663189
Nebraska,6 Months - 17 Years,462534,2025-08-30,2.64698801663189
Nebraska,6 Months - 17 Years,462534,2025-09-06,2.64698801663189
Nebraska,6 Months - 17 Years,462534,2025-09-13,3.37694726110481
Nebraska,6 Months - 17 Years,462534,2025-09-20,3.52824335148767
Nebraska,6 Months - 17 Years,462534,2025-09-27,4.13938045588469
Nebraska,6 Months - 17 Years,462534,2025-10-04,5.86827783087765
Nebraska,6 Months - 17 Years,462534,2025-10-11,7.29078543448937
Nebraska,6 Months - 17 Years,462534,2025-10-18,9.33864433815194
Nebraska,6 Months - 17 Years,462534,2025-10-25,11.9815139549588
Nebraska,6 Months - 17 Years,462534,2025-11-01,15.1651190302345
Nebraska,6 Months - 17 Years,462534,2025-11-08,21.2478354974283
Nebraska,6 Months - 17 Years,462534,2025-11-15,23.5967954866347
Nebraska,6 Months - 17 Years,462534,2025-11-22,25.3529826922107
Nebraska,6 Months - 17 Years,462534,2025-11-29,26.6517179373471
Nebraska,6 Months - 17 Years,462534,2025-12-06,28.9441566886994
Nebraska,6 Months - 17 Years,462534,2025-12-13,29.9096883574971
Nebraska,6 Months - 17 Years,462534,2025-12-20,30.7786473733744
Nebraska,6 Months - 17 Years,462534,2025-12-27,31.5530471885311
Nebraska,6 Months - 17 Years,462534,2026-01-03,32.3349365312217
Nebraska,6 Months - 17 Years,462534,2026-01-10,33.4909600971211
Nebraska,6 Months - 17 Years,462534,2026-01-17,33.8159572278812
Nebraska,6 Months - 17 Years,462534,2026-01-24,34.0163236764901
Nebraska,6 Months - 17 Years,462534,2026-01-31,34.1311806554383
Nebraska,6 Months - 17 Years,462534,2026-02-07,34.4108650699606
Nebraska,6 Months - 17 Years,462534,2026-02-14,34.5936871166931
Nebraska,6 Months - 17 Years,462534,2026-02-21,34.826639218622
Nebraska,6 Months - 17 Years,462534,2026-02-28,35.0813040558405
Nebraska,6 Months - 17 Years,462534,2026-03-07,35.5316438015357
Nebraska,6 Months - 17 Years,462534,2026-03-14,35.6721032113337
Nebraska,6 Months - 17 Years,462534,2026-03-21,35.7353247729695
Nebraska,6 Months - 17 Years,462534,2026-03-28,35.7451082576565
Nebraska,6 Months - 17 Years,462534,2026-04-04,35.7520504144556
Nebraska,6 Months - 17 Years,462534,2026-04-11,35.7582016578226
Nebraska,6 Months - 17 Years,462534,2026-04-18,35.7721975875468
Nebraska,6 Months - 17 Years,462534,2026-04-25,35.798271811104
Nebraska,6 Months - 17 Years,462534,2026-05-02,35.8329460281771
Nebraska,6 Months - 17 Years,462534,2026-05-09,35.9111459863206
Nebraska,6 Months - 17 Years,462534,2026-05-16,35.94770286932
Nebraska,6 Months - 17 Years,462534,2026-05-23,35.978139325891
Nebraska,6 Months - 17 Years,462534,2026-05-30,36.0031688322452
Nebraska,6 Months - 17 Years,462534,2026-06-06,36.0489513964161
Nebraska,6 Months - 17 Years,462534,2026-06-13,36.0680481888235
Nebraska,18-49 Years,790977,2025-08-16,0.733259362753581
Nebraska,18-49 Years,790977,2025-08-23,0.733259362753581
Nebraska,18-49 Years,790977,2025-08-30,0.733259362753581
Nebraska,18-49 Years,790977,2025-09-06,0.733259362753581
Nebraska,18-49 Years,790977,2025-09-13,0.958825819185043
Nebraska,18-49 Years,790977,2025-09-20,1.05085836796886
Nebraska,18-49 Years,790977,2025-09-27,1.42846357297751
Nebraska,18-49 Years,790977,2025-10-04,2.48936099779454
Nebraska,18-49 Years,790977,2025-10-11,3.32270245583091
Nebraska,18-49 Years,790977,2025-10-18,4.47346203636112
Nebraska,18-49 Years,790977,2025-10-25,5.92786475834808
Nebraska,18-49 Years,790977,2025-11-01,7.68865707671384
Nebraska,18-49 Years,790977,2025-11-08,11.1139096007412
Nebraska,18-49 Years,790977,2025-11-15,12.5377891230457
Nebraska,18-49 Years,790977,2025-11-22,13.7050121029104
Nebraska,18-49 Years,790977,2025-11-29,14.6424592364066
Nebraska,18-49 Years,790977,2025-12-06,16.2676111688202
Nebraska,18-49 Years,790977,2025-12-13,16.8681956187656
Nebraska,18-49 Years,790977,2025-12-20,17.3155255288842
Nebraska,18-49 Years,790977,2025-12-27,17.6497770053327
Nebraska,18-49 Years,790977,2026-01-03,18.0248322435577
Nebraska,18-49 Years,790977,2026-01-10,18.6068144180831
Nebraska,18-49 Years,790977,2026-01-17,18.875540232426
Nebraska,18-49 Years,790977,2026-01-24,19.1495429862513
Nebraska,18-49 Years,790977,2026-01-31,19.3803960065917
Nebraska,18-49 Years,790977,2026-02-07,19.8706910453165
Nebraska,18-49 Years,790977,2026-02-14,20.0729240199372
Nebraska,18-49 Years,790977,2026-02-21,20.2390827732282
Nebraska,18-49 Years,790977,2026-02-28,20.3752468963341
Nebraska,18-49 Years,790977,2026-03-07,20.6183833303051
Nebraska,18-49 Years,790977,2026-03-14,20.7217030605728
Nebraska,18-49 Years,790977,2026-03-21,20.8145144428188
Nebraska,18-49 Years,790977,2026-03-28,20.8967357025627
Nebraska,18-49 Years,790977,2026-04-04,20.9785774086885
Nebraska,18-49 Years,790977,2026-04-11,21.0984117250442
Nebraska,18-49 Years,790977,2026-04-18,21.1300502228567
Nebraska,18-49 Years,790977,2026-04-25,21.1478752729406
Nebraska,18-49 Years,790977,2026-05-02,21.1576234002012
Nebraska,18-49 Years,790977,2026-05-09,21.1837544545677
Nebraska,18-49 Years,790977,2026-05-16,21.2042250735461
Nebraska,18-49 Years,790977,2026-05-23,21.234868555764
Nebraska,18-49 Years,790977,2026-05-30,21.2768576117504
Nebraska,18-49 Years,790977,2026-06-06,21.3761180858157
Nebraska,18-49 Years,790977,2026-06-13,21.4354855392001
Nebraska,50-64 Years,345517,2025-08-16,0.843369012290461
Nebraska,50-64 Years,345517,2025-08-23,0.843369012290461
Nebraska,50-64 Years,345517,2025-08-30,0.843369012290461
Nebraska,50-64 Years,345517,2025-09-06,0.843369012290461
Nebraska,50-64 Years,345517,2025-09-13,1.11413777528228
Nebraska,50-64 Years,345517,2025-09-20,1.24941275773898
Nebraska,50-64 Years,345517,2025-09-27,1.78763429887729
Nebraska,50-64 Years,345517,2025-10-04,3.32015925907601
Nebraska,50-64 Years,345517,2025-10-11,4.62508866842549
Nebraska,50-64 Years,345517,2025-10-18,6.56376378436715
Nebraska,50-64 Years,345517,2025-10-25,9.12109132414363
Nebraska,50-64 Years,345517,2025-11-01,12.237902264507
Nebraska,50-64 Years,345517,2025-11-08,18.2753186381933
Nebraska,50-64 Years,345517,2025-11-15,20.6754628127944
Nebraska,50-64 Years,345517,2025-11-22,22.5229565689871
Nebraska,50-64 Years,345517,2025-11-29,23.9117328131277
Nebraska,50-64 Years,345517,2025-12-06,26.2803203097251
Nebraska,50-64 Years,345517,2025-12-13,27.1482808955504
Nebraska,50-64 Years,345517,2025-12-20,27.8036309635624
Nebraska,50-64 Years,345517,2025-12-27,28.2998187053428
Nebraska,50-64 Years,345517,2026-01-03,28.8222167747624
Nebraska,50-64 Years,345517,2026-01-10,29.6004746138987
Nebraska,50-64 Years,345517,2026-01-17,29.8956062772325
Nebraska,50-64 Years,345517,2026-01-24,30.155447707526
Nebraska,50-64 Years,345517,2026-01-31,30.3502632100894
Nebraska,50-64 Years,345517,2026-02-07,30.7666929859136
Nebraska,50-64 Years,345517,2026-02-14,30.9464557266377
Nebraska,50-64 Years,345517,2026-02-21,31.1072914780211
Nebraska,50-64 Years,345517,2026-02-28,31.2467972798198
Nebraska,50-64 Years,345517,2026-03-07,31.4828065225498
Nebraska,50-64 Years,345517,2026-03-14,31.5610068134255
Nebraska,50-64 Years,345517,2026-03-21,31.6096710166283
Nebraska,50-64 Years,345517,2026-03-28,31.6380018182483
Nebraska,50-64 Years,345517,2026-04-04,31.6701653202569
Nebraska,50-64 Years,345517,2026-04-11,31.7195570461505
Nebraska,50-64 Years,345517,2026-04-18,31.7471988249828
Nebraska,50-64 Years,345517,2026-04-25,31.7799835490715
Nebraska,50-64 Years,345517,2026-05-02,31.8123968175117
Nebraska,50-64 Years,345517,2026-05-09,31.8866976746782
Nebraska,50-64 Years,345517,2026-05-16,31.9237865419885
Nebraska,50-64 Years,345517,2026-05-23,31.9599790679957
Nebraska,50-64 Years,345517,2026-05-30,31.9953755423945
Nebraska,50-64 Years,345517,2026-06-06,32.0657132784794
Nebraska,50-64 Years,345517,2026-06-13,32.1005355053718
Nebraska,65+ Years,319437,2025-08-16,1.48134553118571
Nebraska,65+ Years,319437,2025-08-23,1.48134553118571
Nebraska,65+ Years,319437,2025-08-30,1.48134553118571
Nebraska,65+ Years,319437,2025-09-06,1.48134553118571
Nebraska,65+ Years,319437,2025-09-13,2.11479324636151
Nebraska,65+ Years,319437,2025-09-20,2.68688955683361
Nebraska,65+ Years,319437,2025-09-27,4.24950841479378
Nebraska,65+ Years,319437,2025-10-04,8.45557031660748
Nebraska,65+ Years,319437,2025-10-11,11.6527686878902
Nebraska,65+ Years,319437,2025-10-18,15.990548627653
Nebraska,65+ Years,319437,2025-10-25,21.3744775721101
Nebraska,65+ Years,319437,2025-11-01,27.7589847915018
Nebraska,65+ Years,319437,2025-11-08,39.8359285515372
Nebraska,65+ Years,319437,2025-11-15,44.5438249925495
Nebraska,65+ Years,319437,2025-11-22,48.1492377136405
Nebraska,65+ Years,319437,2025-11-29,50.8405822098292
Nebraska,65+ Years,319437,2025-12-06,55.3641893429538
Nebraska,65+ Years,319437,2025-12-13,56.9432110255369
Nebraska,65+ Years,319437,2025-12-20,58.0610159827972
Nebraska,65+ Years,319437,2025-12-27,58.8543167109168
Nebraska,65+ Years,319437,2026-01-03,59.7394100496442
Nebraska,65+ Years,319437,2026-01-10,61.1005993777562
Nebraska,65+ Years,319437,2026-01-17,61.7416063465206
Nebraska,65+ Years,319437,2026-01-24,62.4100214711879
Nebraska,65+ Years,319437,2026-01-31,62.9888543972127
Nebraska,65+ Years,319437,2026-02-07,64.24529181678
Nebraska,65+ Years,319437,2026-02-14,64.7993784654833
Nebraska,65+ Years,319437,2026-02-21,65.2865911965839
Nebraska,65+ Years,319437,2026-02-28,65.7065348479083
Nebraska,65+ Years,319437,2026-03-07,66.4470345690892
Nebraska,65+ Years,319437,2026-03-14,66.733691799943
Nebraska,65+ Years,319437,2026-03-21,66.9588434724205
Nebraska,65+ Years,319437,2026-03-28,67.1333947778586
Nebraska,65+ Years,319437,2026-04-04,67.3056783065674
Nebraska,65+ Years,319437,2026-04-11,67.5519088623673
Nebraska,65+ Years,319437,2026-04-18,67.6225706135557
Nebraska,65+ Years,319437,2026-04-25,67.6696131644708
Nebraska,65+ Years,319437,2026-05-02,67.7000543220731
Nebraska,65+ Years,319437,2026-05-09,67.7783489143164
Nebraska,65+ Years,319437,2026-05-16,67.8330746285828
Nebraska,65+ Years,319437,2026-05-23,67.9087923215397
Nebraska,65+ Years,319437,2026-05-30,68.0073146688364
Nebraska,65+ Years,319437,2026-06-06,68.2344448549986
Nebraska,65+ Years,319437,2026-06-13,68.3679784527541
Nevada,6 Months - 4 Years,166804,2025-08-16,1.78458905494889
Nevada,6 Months - 4 Years,166804,2025-08-23,1.78458905494889
Nevada,6 Months - 4 Years,166804,2025-08-30,1.78458905494889
Nevada,6 Months - 4 Years,166804,2025-09-06,1.78458905494889
Nevada,6 Months - 4 Years,166804,2025-09-13,2.9659011352511
Nevada,6 Months - 4 Years,166804,2025-09-20,4.52824850113777
Nevada,6 Months - 4 Years,166804,2025-09-27,6.06683509806062
Nevada,6 Months - 4 Years,166804,2025-10-04,9.09765390336559
Nevada,6 Months - 4 Years,166804,2025-10-11,10.5636434537329
Nevada,6 Months - 4 Years,166804,2025-10-18,11.9832676921434
Nevada,6 Months - 4 Years,166804,2025-10-25,13.3674155705876
Nevada,6 Months - 4 Years,166804,2025-11-01,14.9251846181469
Nevada,6 Months - 4 Years,166804,2025-11-08,17.9468571278877
Nevada,6 Months - 4 Years,166804,2025-11-15,19.544469562468
Nevada,6 Months - 4 Years,166804,2025-11-22,21.2890987603159
Nevada,6 Months - 4 Years,166804,2025-11-29,23.0631203033166
Nevada,6 Months - 4 Years,166804,2025-12-06,26.3112968486305
Nevada,6 Months - 4 Years,166804,2025-12-13,27.5253056981527
Nevada,6 Months - 4 Years,166804,2025-12-20,28.355364281572
Nevada,6 Months - 4 Years,166804,2025-12-27,28.8932736013764
Nevada,6 Months - 4 Years,166804,2026-01-03,29.5088066641248
Nevada,6 Months - 4 Years,166804,2026-01-10,30.4703939451384
Nevada,6 Months - 4 Years,166804,2026-01-17,30.9932790825339
Nevada,6 Months - 4 Years,166804,2026-01-24,31.5813853742077
Nevada,6 Months - 4 Years,166804,2026-01-31,32.0952010031614
Nevada,6 Months - 4 Years,166804,2026-02-07,33.1097886003504
Nevada,6 Months - 4 Years,166804,2026-02-14,33.4455535609689
Nevada,6 Months - 4 Years,166804,2026-02-21,33.6427514015282
Nevada,6 Months - 4 Years,166804,2026-02-28,33.741800454017
Nevada,6 Months - 4 Years,166804,2026-03-07,33.8813319451382
Nevada,6 Months - 4 Years,166804,2026-03-14,33.9142871686
Nevada,6 Months - 4 Years,166804,2026-03-21,33.9272849736102
Nevada,6 Months - 4 Years,166804,2026-03-28,33.9290949912034
Nevada,6 Months - 4 Years,166804,2026-04-04,33.9640677037037
Nevada,6 Months - 4 Years,166804,2026-04-11,34.0662708148148
Nevada,6 Months - 4 Years,166804,2026-04-18,34.2886074074074
Nevada,6 Months - 4 Years,166804,2026-04-25,34.6759034074074
Nevada,6 Months - 4 Years,166804,2026-05-02,35.1295417777778
Nevada,6 Months - 4 Years,166804,2026-05-09,36.0121917037037
Nevada,6 Months - 4 Years,166804,2026-05-16,36.2838551111111
Nevada,6 Months - 4 Years,166804,2026-05-23,36.3905591111111
Nevada,6 Months - 4 Years,166804,2026-05-30,36.396853037037
Nevada,6 Months - 4 Years,166804,2026-06-06,36.4
Nevada,6 Months - 4 Years,166804,2026-06-13,36.4
Nevada,5-12 Years,314871,2025-08-16,2.96644385036126
Nevada,5-12 Years,314871,2025-08-23,2.96644385036126
Nevada,5-12 Years,314871,2025-08-30,2.96644385036126
Nevada,5-12 Years,314871,2025-09-06,2.96644385036126
Nevada,5-12 Years,314871,2025-09-13,4.20361025608186
Nevada,5-12 Years,314871,2025-09-20,5.26780340858828
Nevada,5-12 Years,314871,2025-09-27,6.42968833378037
Nevada,5-12 Years,314871,2025-10-04,8.88859971272222
Nevada,5-12 Years,314871,2025-10-11,10.2766350784524
Nevada,5-12 Years,314871,2025-10-18,11.8272028930002
Nevada,5-12 Years,314871,2025-10-25,13.4985704336414
Nevada,5-12 Years,314871,2025-11-01,15.3519125102327
Nevada,5-12 Years,314871,2025-11-08,18.6474795305548
Nevada,5-12 Years,314871,2025-11-15,19.8694953599543
Nevada,5-12 Years,314871,2025-11-22,20.8058134648082
Nevada,5-12 Years,314871,2025-11-29,21.5246498379358
Nevada,5-12 Years,314871,2025-12-06,22.7964422186199
Nevada,5-12 Years,314871,2025-12-13,23.3314438067087
Nevada,5-12 Years,314871,2025-12-20,23.8119041680392
Nevada,5-12 Years,314871,2025-12-27,24.240984355242
Nevada,5-12 Years,314871,2026-01-03,24.6842231128005
Nevada,5-12 Years,314871,2026-01-10,25.3494862732213
Nevada,5-12 Years,314871,2026-01-17,25.5538766848576
Nevada,5-12 Years,314871,2026-01-24,25.694905691825
Nevada,5-12 Years,314871,2026-01-31,25.7832534897703
Nevada,5-12 Years,314871,2026-02-07,25.9841095661613
Nevada,5-12 Years,314871,2026-02-14,26.0890656319065
Nevada,5-12 Years,314871,2026-02-21,26.2039625115861
Nevada,5-12 Years,314871,2026-02-28,26.3220981720415
Nevada,5-12 Years,314871,2026-03-07,26.5394426432104
Nevada,5-12 Years,314871,2026-03-14,26.6215405034696
Nevada,5-12 Years,314871,2026-03-21,26.6785613552643
Nevada,5-12 Years,314871,2026-03-28,26.7170322103328
Nevada,5-12 Years,314871,2026-04-04,26.7669776170383
Nevada,5-12 Years,314871,2026-04-11,26.851164452175
Nevada,5-12 Years,314871,2026-04-18,26.9099055386411
Nevada,5-12 Years,314871,2026-04-25,26.9886820059963
Nevada,5-12 Years,314871,2026-05-02,27.0763733390819
Nevada,5-12 Years,314871,2026-05-09,27.2836746532618
Nevada,5-12 Years,314871,2026-05-16,27.3941833419656
Nevada,5-12 Years,314871,2026-05-23,27.5067529130069
Nevada,5-12 Years,314871,2026-05-30,27.6219195441411
Nevada,5-12 Years,314871,2026-06-06,27.8592898304755
Nevada,5-12 Years,314871,2026-06-13,27.9837505017347
Nevada,13-17 Years,198053,2025-08-16,1.91085211310339
Nevada,13-17 Years,198053,2025-08-23,1.91085211310339
Nevada,13-17 Years,198053,2025-08-30,1.91085211310339
Nevada,13-17 Years,198053,2025-09-06,1.91085211310339
Nevada,13-17 Years,198053,2025-09-13,2.79549566319814
Nevada,13-17 Years,198053,2025-09-20,3.67043434263902
Nevada,13-17 Years,198053,2025-09-27,4.64821748448726
Nevada,13-17 Years,198053,2025-10-04,6.74332131750218
Nevada,13-17 Years,198053,2025-10-11,7.95132064137863
Nevada,13-17 Years,198053,2025-10-18,9.32317125107496
Nevada,13-17 Years,198053,2025-10-25,10.8196307036226
Nevada,13-17 Years,198053,2025-11-01,12.4842277204752
Nevada,13-17 Years,198053,2025-11-08,15.4419604798086
Nevada,13-17 Years,198053,2025-11-15,16.5172529310572
Nevada,13-17 Years,198053,2025-11-22,17.3178218593543
Nevada,13-17 Years,198053,2025-11-29,17.9219983930525
Nevada,13-17 Years,198053,2025-12-06,19.0240819617186
Nevada,13-17 Years,198053,2025-12-13,19.5350591821281
Nevada,13-17 Years,198053,2025-12-20,20.0437134269443
Nevada,13-17 Years,198053,2025-12-27,20.5478446273023
Nevada,13-17 Years,198053,2026-01-03,21.1279882840806
Nevada,13-17 Years,198053,2026-01-10,22.0674801042808
Nevada,13-17 Years,198053,2026-01-17,22.4268329706963
Nevada,13-17 Years,198053,2026-01-24,22.732163745329
Nevada,13-17 Years,198053,2026-01-31,22.9757680654774
Nevada,13-17 Years,198053,2026-02-07,23.6111081030877
Nevada,13-17 Years,198053,2026-02-14,24.0950509168382
Nevada,13-17 Years,198053,2026-02-21,24.7580255326789
Nevada,13-17 Years,198053,2026-02-28,25.5291556230267
Nevada,13-17 Years,198053,2026-03-07,26.9869659941505
Nevada,13-17 Years,198053,2026-03-14,27.5198641047302
Nevada,13-17 Years,198053,2026-03-21,27.8380268110004
Nevada,13-17 Years,198053,2026-03-28,27.986979222922
Nevada,13-17 Years,198053,2026-04-04,28.1077996504501
Nevada,13-17 Years,198053,2026-04-11,28.2452395271936
Nevada,13-17 Years,198053,2026-04-18,28.2688502969641
Nevada,13-17 Years,198053,2026-04-25,28.275
Nevada,13-17 Years,198053,2026-05-02,28.275
Nevada,13-17 Years,198053,2026-05-09,28.275
Nevada,13-17 Years,198053,2026-05-16,28.275
Nevada,13-17 Years,198053,2026-05-23,28.275
Nevada,13-17 Years,198053,2026-05-30,28.275
Nevada,13-17 Years,198053,2026-06-06,28.275
Nevada,13-17 Years,198053,2026-06-13,28.275
Nevada,6 Months - 17 Years,679728,2025-08-16,2.36807769782498
Nevada,6 Months - 17 Years,679728,2025-08-23,2.36807769782498
Nevada,6 Months - 17 Years,679728,2025-08-30,2.36807769782498
Nevada,6 Months - 17 Years,679728,2025-09-06,2.36807769782498
Nevada,6 Months - 17 Years,679728,2025-09-13,3.46802944018222
Nevada,6 Months - 17 Years,679728,2025-09-20,4.55739614190893
Nevada,6 Months - 17 Years,679728,2025-09-27,5.7212671134012
Nevada,6 Months - 17 Years,679728,2025-10-04,8.15395250227445
Nevada,6 Months - 17 Years,679728,2025-10-11,9.48845220250881
Nevada,6 Months - 17 Years,679728,2025-10-18,10.9410475654015
Nevada,6 Months - 17 Years,679728,2025-10-25,12.4836775061458
Nevada,6 Months - 17 Years,679728,2025-11-01,14.2087110159513
Nevada,6 Months - 17 Years,679728,2025-11-08,17.3482612288421
Nevada,6 Months - 17 Years,679728,2025-11-15,18.6163164446156
Nevada,6 Months - 17 Years,679728,2025-11-22,19.6892220647305
Nevada,6 Months - 17 Years,679728,2025-11-29,20.593686845414
Nevada,6 Months - 17 Years,679728,2025-12-06,22.2179642498572
Nevada,6 Months - 17 Years,679728,2025-12-13,22.883009856019
Nevada,6 Months - 17 Years,679728,2025-12-20,23.4443475999946
Nevada,6 Months - 17 Years,679728,2025-12-27,23.9223043345985
Nevada,6 Months - 17 Years,679728,2026-01-03,24.4597054652797
Nevada,6 Months - 17 Years,679728,2026-01-10,25.3044265564009
Nevada,6 Months - 17 Years,679728,2026-01-17,25.6536498391825
Nevada,6 Months - 17 Years,679728,2026-01-24,25.9781809748874
Nevada,6 Months - 17 Years,679728,2026-01-31,26.2419506070828
Nevada,6 Months - 17 Years,679728,2026-02-07,26.8462579790259
Nevada,6 Months - 17 Years,679728,2026-02-14,27.1639650298983
Nevada,6 Months - 17 Years,679728,2026-02-21,27.4983004448755
Nevada,6 Months - 17 Years,679728,2026-02-28,27.8245558701456
Nevada,6 Months - 17 Years,679728,2026-03-07,28.3937933378267
Nevada,6 Months - 17 Years,679728,2026-03-14,28.5804421367612
Nevada,6 Months - 17 Years,679728,2026-03-21,28.6837595305629
Nevada,6 Months - 17 Years,679728,2026-03-28,28.7291960922396
Nevada,6 Months - 17 Years,679728,2026-04-04,28.7917018554557
Nevada,6 Months - 17 Years,679728,2026-04-11,28.9012962436069
Nevada,6 Months - 17 Years,679728,2026-04-18,29.0158264092325
Nevada,6 Months - 17 Years,679728,2026-04-25,29.1900664285753
Nevada,6 Months - 17 Years,679728,2026-05-02,29.3851854660999
Nevada,6 Months - 17 Years,679728,2026-05-09,29.7942381202886
Nevada,6 Months - 17 Years,679728,2026-05-16,29.9550288459243
Nevada,6 Months - 17 Years,679728,2026-05-23,30.0657704025929
Nevada,6 Months - 17 Years,679728,2026-05-30,30.1367096325576
Nevada,6 Months - 17 Years,679728,2026-06-06,30.2450182259494
Nevada,6 Months - 17 Years,679728,2026-06-13,30.2650013139194
Nevada,18-49 Years,1323475,2025-08-16,0.562769890335127
Nevada,18-49 Years,1323475,2025-08-23,0.562769890335127
Nevada,18-49 Years,1323475,2025-08-30,0.562769890335127
Nevada,18-49 Years,1323475,2025-09-06,0.562769890335127
Nevada,18-49 Years,1323475,2025-09-13,0.785960273310384
Nevada,18-49 Years,1323475,2025-09-20,0.964883901433701
Nevada,18-49 Years,1323475,2025-09-27,1.24733610627289
Nevada,18-49 Years,1323475,2025-10-04,1.93330675743194
Nevada,18-49 Years,1323475,2025-10-11,2.38843952861344
Nevada,18-49 Years,1323475,2025-10-18,2.952162767223
Nevada,18-49 Years,1323475,2025-10-25,3.62140771772534
Nevada,18-49 Years,1323475,2025-11-01,4.42977028087864
Nevada,18-49 Years,1323475,2025-11-08,6.03999979573515
Nevada,18-49 Years,1323475,2025-11-15,6.79355896670144
Nevada,18-49 Years,1323475,2025-11-22,7.50547182009416
Nevada,18-49 Years,1323475,2025-11-29,8.16483125892448
Nevada,18-49 Years,1323475,2025-12-06,9.38833377447376
Nevada,18-49 Years,1323475,2025-12-13,9.90102113745154
Nevada,18-49 Years,1323475,2025-12-20,10.3279564998187
Nevada,18-49 Years,1323475,2025-12-27,10.6820924528418
Nevada,18-49 Years,1323475,2026-01-03,11.0724842770393
Nevada,18-49 Years,1323475,2026-01-10,11.6779590506831
Nevada,18-49 Years,1323475,2026-01-17,11.9163193082742
Nevada,18-49 Years,1323475,2026-01-24,12.129630217353
Nevada,18-49 Years,1323475,2026-01-31,12.2998057295828
Nevada,18-49 Years,1323475,2026-02-07,12.7024495861752
Nevada,18-49 Years,1323475,2026-02-14,12.9372237681856
Nevada,18-49 Years,1323475,2026-02-21,13.2055029636443
Nevada,18-49 Years,1323475,2026-02-28,13.4787882976716
Nevada,18-49 Years,1323475,2026-03-07,13.9497581975582
Nevada,18-49 Years,1323475,2026-03-14,14.0922114798234
Nevada,18-49 Years,1323475,2026-03-21,14.1554612693753
Nevada,18-49 Years,1323475,2026-03-28,14.1651537564584
Nevada,18-49 Years,1323475,2026-04-04,14.17
Nevada,18-49 Years,1323475,2026-04-11,14.17
Nevada,18-49 Years,1323475,2026-04-18,14.17
Nevada,18-49 Years,1323475,2026-04-25,14.17
Nevada,18-49 Years,1323475,2026-05-02,14.17
Nevada,18-49 Years,1323475,2026-05-09,14.17
Nevada,18-49 Years,1323475,2026-05-16,14.17
Nevada,18-49 Years,1323475,2026-05-23,14.17
Nevada,18-49 Years,1323475,2026-05-30,14.17
Nevada,18-49 Years,1323475,2026-06-06,14.17
Nevada,18-49 Years,1323475,2026-06-13,14.17
Nevada,50-64 Years,587060,2025-08-16,0.575572932641043
Nevada,50-64 Years,587060,2025-08-23,0.575572932641043
Nevada,50-64 Years,587060,2025-08-30,0.575572932641043
Nevada,50-64 Years,587060,2025-09-06,0.575572932641043
Nevada,50-64 Years,587060,2025-09-13,0.926525232584857
Nevada,50-64 Years,587060,2025-09-20,1.37585785811916
Nevada,50-64 Years,587060,2025-09-27,2.1229435459172
Nevada,50-64 Years,587060,2025-10-04,3.96260545084313
Nevada,50-64 Years,587060,2025-10-11,5.23703066723969
Nevada,50-64 Years,587060,2025-10-18,6.87416019608356
Nevada,50-64 Years,587060,2025-10-25,8.83269929744118
Nevada,50-64 Years,587060,2025-11-01,11.1166945630472
Nevada,50-64 Years,587060,2025-11-08,15.3802483774153
Nevada,50-64 Years,587060,2025-11-15,17.0368132952294
Nevada,50-64 Years,587060,2025-11-22,18.3192520186251
Nevada,50-64 Years,587060,2025-11-29,19.2883444672954
Nevada,50-64 Years,587060,2025-12-06,20.9174977265209
Nevada,50-64 Years,587060,2025-12-13,21.4947226207406
Nevada,50-64 Years,587060,2025-12-20,21.9152491786049
Nevada,50-64 Years,587060,2025-12-27,22.2164302782834
Nevada,50-64 Years,587060,2026-01-03,22.4934812666152
Nevada,50-64 Years,587060,2026-01-10,22.865141691124
Nevada,50-64 Years,587060,2026-01-17,22.9488765488426
Nevada,50-64 Years,587060,2026-01-24,22.9886042973918
Nevada,50-64 Years,587060,2026-01-31,23.006558041055
Nevada,50-64 Years,587060,2026-02-07,23.0709742668685
Nevada,50-64 Years,587060,2026-02-14,23.1735389759942
Nevada,50-64 Years,587060,2026-02-21,23.3668596761732
Nevada,50-64 Years,587060,2026-02-28,23.6387135517283
Nevada,50-64 Years,587060,2026-03-07,24.2218795844778
Nevada,50-64 Years,587060,2026-03-14,24.4863638367009
Nevada,50-64 Years,587060,2026-03-21,24.6884917141014
Nevada,50-64 Years,587060,2026-03-28,24.828348198348
Nevada,50-64 Years,587060,2026-04-04,24.9526448664743
Nevada,50-64 Years,587060,2026-04-11,25.1158175719799
Nevada,50-64 Years,587060,2026-04-18,25.1465941329248
Nevada,50-64 Years,587060,2026-04-25,25.155
Nevada,50-64 Years,587060,2026-05-02,25.155
Nevada,50-64 Years,587060,2026-05-09,25.155
Nevada,50-64 Years,587060,2026-05-16,25.155
Nevada,50-64 Years,587060,2026-05-23,25.155
Nevada,50-64 Years,587060,2026-05-30,25.155
Nevada,50-64 Years,587060,2026-06-06,25.155
Nevada,50-64 Years,587060,2026-06-13,25.155
Nevada,65+ Years,519316,2025-08-16,1.64062646193784
Nevada,65+ Years,519316,2025-08-23,1.64062646193784
Nevada,65+ Years,519316,2025-08-30,1.64062646193784
Nevada,65+ Years,519316,2025-09-06,1.64062646193784
Nevada,65+ Years,519316,2025-09-13,2.72777940651515
Nevada,65+ Years,519316,2025-09-20,4.19114306065557
Nevada,65+ Years,519316,2025-09-27,6.0969037588891
Nevada,65+ Years,519316,2025-10-04,10.4587913518406
Nevada,65+ Years,519316,2025-10-11,13.219235257924
Nevada,65+ Years,519316,2025-10-18,16.5639187950256
Nevada,65+ Years,519316,2025-10-25,20.4020503809067
Nevada,65+ Years,519316,2025-11-01,24.7928990102318
Nevada,65+ Years,519316,2025-11-08,32.8512186113873
Nevada,65+ Years,519316,2025-11-15,35.9456117290755
Nevada,65+ Years,519316,2025-11-22,38.3495559296587
Nevada,65+ Years,519316,2025-11-29,40.1906212890456
Nevada,65+ Years,519316,2025-12-06,43.3436706453234
Nevada,65+ Years,519316,2025-12-13,44.5021886763317
Nevada,65+ Years,519316,2025-12-20,45.3775225057649
Nevada,65+ Years,519316,2025-12-27,46.0523479154177
Nevada,65+ Years,519316,2026-01-03,46.8623207999541
Nevada,65+ Years,519316,2026-01-10,48.1777254946965
Nevada,65+ Years,519316,2026-01-17,48.9030179459605
Nevada,65+ Years,519316,2026-01-24,49.7180564738021
Nevada,65+ Years,519316,2026-01-31,50.4277924767376
Nevada,65+ Years,519316,2026-02-07,51.8150117021799
Nevada,65+ Years,519316,2026-02-14,52.2577498180413
Nevada,65+ Years,519316,2026-02-21,52.5004301941792
Nevada,65+ Years,519316,2026-02-28,52.6065100827778
Nevada,65+ Years,519316,2026-03-07,52.7512031444503
Nevada,65+ Years,519316,2026-03-14,52.7843744764764
Nevada,65+ Years,519316,2026-03-21,52.7973212324926
Nevada,65+ Years,519316,2026-03-28,52.7991070774975
Nevada,65+ Years,519316,2026-04-04,52.8
Nevada,65+ Years,519316,2026-04-11,52.8
Nevada,65+ Years,519316,2026-04-18,52.8
Nevada,65+ Years,519316,2026-04-25,52.8
Nevada,65+ Years,519316,2026-05-02,52.8
Nevada,65+ Years,519316,2026-05-09,52.8
Nevada,65+ Years,519316,2026-05-16,52.8
Nevada,65+ Years,519316,2026-05-23,52.8
Nevada,65+ Years,519316,2026-05-30,52.8
Nevada,65+ Years,519316,2026-06-06,52.8
Nevada,65+ Years,519316,2026-06-13,52.8
New Hampshire,6 Months - 4 Years,57060,2025-08-16,1.92471051093479
New Hampshire,6 Months - 4 Years,57060,2025-08-23,1.92471051093479
New Hampshire,6 Months - 4 Years,57060,2025-08-30,1.92471051093479
New Hampshire,6 Months - 4 Years,57060,2025-09-06,1.92471051093479
New Hampshire,6 Months - 4 Years,57060,2025-09-13,2.84905291569317
New Hampshire,6 Months - 4 Years,57060,2025-09-20,3.80768077463183
New Hampshire,6 Months - 4 Years,57060,2025-09-27,5.09654477197977
New Hampshire,6 Months - 4 Years,57060,2025-10-04,8.07838732857641
New Hampshire,6 Months - 4 Years,57060,2025-10-11,9.9392055403328
New Hampshire,6 Months - 4 Years,57060,2025-10-18,12.1484235127035
New Hampshire,6 Months - 4 Years,57060,2025-10-25,14.694850422919
New Hampshire,6 Months - 4 Years,57060,2025-11-01,17.7443543476309
New Hampshire,6 Months - 4 Years,57060,2025-11-08,23.853928064694
New Hampshire,6 Months - 4 Years,57060,2025-11-15,26.8751610418617
New Hampshire,6 Months - 4 Years,57060,2025-11-22,29.8802441118704
New Hampshire,6 Months - 4 Years,57060,2025-11-29,32.693239754991
New Hampshire,6 Months - 4 Years,57060,2025-12-06,37.5911822061668
New Hampshire,6 Months - 4 Years,57060,2025-12-13,39.2331555859886
New Hampshire,6 Months - 4 Years,57060,2025-12-20,40.2073265835989
New Hampshire,6 Months - 4 Years,57060,2025-12-27,40.7108391742549
New Hampshire,6 Months - 4 Years,57060,2026-01-03,41.2845550855213
New Hampshire,6 Months - 4 Years,57060,2026-01-10,42.1672025489222
New Hampshire,6 Months - 4 Years,57060,2026-01-17,42.723012698788
New Hampshire,6 Months - 4 Years,57060,2026-01-24,43.4120304472634
New Hampshire,6 Months - 4 Years,57060,2026-01-31,44.077630448092
New Hampshire,6 Months - 4 Years,57060,2026-02-07,45.4540933843142
New Hampshire,6 Months - 4 Years,57060,2026-02-14,45.9627171389084
New Hampshire,6 Months - 4 Years,57060,2026-02-21,46.3024883936068
New Hampshire,6 Months - 4 Years,57060,2026-02-28,46.5284830674165
New Hampshire,6 Months - 4 Years,57060,2026-03-07,46.9811535498386
New Hampshire,6 Months - 4 Years,57060,2026-03-14,47.3348514735028
New Hampshire,6 Months - 4 Years,57060,2026-03-21,47.8650664377315
New Hampshire,6 Months - 4 Years,57060,2026-03-28,48.5293431782197
New Hampshire,6 Months - 4 Years,57060,2026-04-04,49.228046899208
New Hampshire,6 Months - 4 Years,57060,2026-04-11,50.3617765120245
New Hampshire,6 Months - 4 Years,57060,2026-04-18,50.6226616010647
New Hampshire,6 Months - 4 Years,57060,2026-04-25,50.7
New Hampshire,6 Months - 4 Years,57060,2026-05-02,50.7
New Hampshire,6 Months - 4 Years,57060,2026-05-09,50.7
New Hampshire,6 Months - 4 Years,57060,2026-05-16,50.7
New Hampshire,6 Months - 4 Years,57060,2026-05-23,50.7
New Hampshire,6 Months - 4 Years,57060,2026-05-30,50.7
New Hampshire,6 Months - 4 Years,57060,2026-06-06,50.7
New Hampshire,6 Months - 4 Years,57060,2026-06-13,50.7
New Hampshire,5-12 Years,111757,2025-08-16,1.2946049263405
New Hampshire,5-12 Years,111757,2025-08-23,1.2946049263405
New Hampshire,5-12 Years,111757,2025-08-30,1.2946049263405
New Hampshire,5-12 Years,111757,2025-09-06,1.2946049263405
New Hampshire,5-12 Years,111757,2025-09-13,1.9243760650952
New Hampshire,5-12 Years,111757,2025-09-20,2.58858358114781
New Hampshire,5-12 Years,111757,2025-09-27,3.6778770766081
New Hampshire,5-12 Years,111757,2025-10-04,6.35081000932915
New Hampshire,5-12 Years,111757,2025-10-11,8.18649140305412
New Hampshire,5-12 Years,111757,2025-10-18,10.5284834662182
New Hampshire,5-12 Years,111757,2025-10-25,13.3252404781672
New Hampshire,5-12 Years,111757,2025-11-01,16.6050190206734
New Hampshire,5-12 Years,111757,2025-11-08,22.7874072073069
New Hampshire,5-12 Years,111757,2025-11-15,25.2557385645083
New Hampshire,5-12 Years,111757,2025-11-22,27.2292622530144
New Hampshire,5-12 Years,111757,2025-11-29,28.785203246517
New Hampshire,5-12 Years,111757,2025-12-06,31.4904290118908
New Hampshire,5-12 Years,111757,2025-12-13,32.5226317329266
New Hampshire,5-12 Years,111757,2025-12-20,33.3344993758142
New Hampshire,5-12 Years,111757,2025-12-27,33.9776271982566
New Hampshire,5-12 Years,111757,2026-01-03,34.6747569080601
New Hampshire,5-12 Years,111757,2026-01-10,35.7371936742689
New Hampshire,5-12 Years,111757,2026-01-17,36.1557213798693
New Hampshire,5-12 Years,111757,2026-01-24,36.5349253404995
New Hampshire,5-12 Years,111757,2026-01-31,36.8370434167345
New Hampshire,5-12 Years,111757,2026-02-07,37.5346047480129
New Hampshire,5-12 Years,111757,2026-02-14,37.9108108586275
New Hampshire,5-12 Years,111757,2026-02-21,38.3173806326866
New Hampshire,5-12 Years,111757,2026-02-28,38.7224282810062
New Hampshire,5-12 Years,111757,2026-03-07,39.4368878734227
New Hampshire,5-12 Years,111757,2026-03-14,39.6803497039724
New Hampshire,5-12 Years,111757,2026-03-21,39.8253833086551
New Hampshire,5-12 Years,111757,2026-03-28,39.8972795791793
New Hampshire,5-12 Years,111757,2026-04-04,39.956399825225
New Hampshire,5-12 Years,111757,2026-04-11,40.0251197635968
New Hampshire,5-12 Years,111757,2026-04-18,40.0369251484821
New Hampshire,5-12 Years,111757,2026-04-25,40.04
New Hampshire,5-12 Years,111757,2026-05-02,40.04
New Hampshire,5-12 Years,111757,2026-05-09,40.04
New Hampshire,5-12 Years,111757,2026-05-16,40.04
New Hampshire,5-12 Years,111757,2026-05-23,40.04
New Hampshire,5-12 Years,111757,2026-05-30,40.04
New Hampshire,5-12 Years,111757,2026-06-06,40.04
New Hampshire,5-12 Years,111757,2026-06-13,40.04
New Hampshire,13-17 Years,78288,2025-08-16,0.430796311999626
New Hampshire,13-17 Years,78288,2025-08-23,0.430796311999626
New Hampshire,13-17 Years,78288,2025-08-30,0.430796311999626
New Hampshire,13-17 Years,78288,2025-09-06,0.430796311999626
New Hampshire,13-17 Years,78288,2025-09-13,1.15519382080888
New Hampshire,13-17 Years,78288,2025-09-20,2.3073834283801
New Hampshire,13-17 Years,78288,2025-09-27,3.9035602400488
New Hampshire,13-17 Years,78288,2025-10-04,7.35476615674723
New Hampshire,13-17 Years,78288,2025-10-11,9.18067843865888
New Hampshire,13-17 Years,78288,2025-10-18,11.099901052216
New Hampshire,13-17 Years,78288,2025-10-25,13.0972683087322
New Hampshire,13-17 Years,78288,2025-11-01,15.3622081888872
New Hampshire,13-17 Years,78288,2025-11-08,19.6655664726064
New Hampshire,13-17 Years,78288,2025-11-15,21.6926732634055
New Hampshire,13-17 Years,78288,2025-11-22,23.6785798784049
New Hampshire,13-17 Years,78288,2025-11-29,25.5206674847688
New Hampshire,13-17 Years,78288,2025-12-06,28.7216182376246
New Hampshire,13-17 Years,78288,2025-12-13,29.8179686690548
New Hampshire,13-17 Years,78288,2025-12-20,30.5083927504045
New Hampshire,13-17 Years,78288,2025-12-27,30.9017512526317
New Hampshire,13-17 Years,78288,2026-01-03,31.2755661037844
New Hampshire,13-17 Years,78288,2026-01-10,31.779777894697
New Hampshire,13-17 Years,78288,2026-01-17,31.9483159419193
New Hampshire,13-17 Years,78288,2026-01-24,32.085725327357
New Hampshire,13-17 Years,78288,2026-01-31,32.1792192313099
New Hampshire,13-17 Years,78288,2026-02-07,32.3639932683763
New Hampshire,13-17 Years,78288,2026-02-14,32.4270634622844
New Hampshire,13-17 Years,78288,2026-02-21,32.4715507441787
New Hampshire,13-17 Years,78288,2026-02-28,32.5020294365069
New Hampshire,13-17 Years,78288,2026-03-07,32.5478307842719
New Hampshire,13-17 Years,78288,2026-03-14,32.5593477786077
New Hampshire,13-17 Years,78288,2026-03-21,32.5640054424074
New Hampshire,13-17 Years,78288,2026-03-28,32.5646684808025
New Hampshire,13-17 Years,78288,2026-04-04,32.5676895555556
New Hampshire,13-17 Years,78288,2026-04-11,32.5757582222222
New Hampshire,13-17 Years,78288,2026-04-18,32.5933111111111
New Hampshire,13-17 Years,78288,2026-04-25,32.6238871111111
New Hampshire,13-17 Years,78288,2026-05-02,32.6597006666667
New Hampshire,13-17 Years,78288,2026-05-09,32.7293835555556
New Hampshire,13-17 Years,78288,2026-05-16,32.7508306666667
New Hampshire,13-17 Years,78288,2026-05-23,32.7592546666667
New Hampshire,13-17 Years,78288,2026-05-30,32.7597515555556
New Hampshire,13-17 Years,78288,2026-06-06,32.76
New Hampshire,13-17 Years,78288,2026-06-13,32.76
New Hampshire,6 Months - 17 Years,247105,2025-08-16,1.17623026061027
New Hampshire,6 Months - 17 Years,247105,2025-08-23,1.17623026061027
New Hampshire,6 Months - 17 Years,247105,2025-08-30,1.17623026061027
New Hampshire,6 Months - 17 Years,247105,2025-09-06,1.17623026061027
New Hampshire,6 Months - 17 Years,247105,2025-09-13,1.91286459148397
New Hampshire,6 Months - 17 Years,247105,2025-09-20,2.86970926016967
New Hampshire,6 Months - 17 Years,247105,2025-09-27,4.12620660513207
New Hampshire,6 Months - 17 Years,247105,2025-10-04,7.00988287119606
New Hampshire,6 Months - 17 Years,247105,2025-10-11,8.81443921936718
New Hampshire,6 Months - 17 Years,247105,2025-10-18,10.9720378778081
New Hampshire,6 Months - 17 Years,247105,2025-10-25,13.4487101379621
New Hampshire,6 Months - 17 Years,247105,2025-11-01,16.3485071532727
New Hampshire,6 Months - 17 Years,247105,2025-11-08,21.910781437573
New Hampshire,6 Months - 17 Years,247105,2025-11-15,24.3468119741776
New Hampshire,6 Months - 17 Years,247105,2025-11-22,26.521211582272
New Hampshire,6 Months - 17 Years,247105,2025-11-29,28.4032884560432
New Hampshire,6 Months - 17 Years,247105,2025-12-06,31.6754356857567
New Hampshire,6 Months - 17 Years,247105,2025-12-13,32.846682667425
New Hampshire,6 Months - 17 Years,247105,2025-12-20,33.6601942187712
New Hampshire,6 Months - 17 Years,247105,2025-12-27,34.2096514283576
New Hampshire,6 Months - 17 Years,247105,2026-01-03,34.7930834637999
New Hampshire,6 Months - 17 Years,247105,2026-01-10,35.6586393408473
New Hampshire,6 Months - 17 Years,247105,2026-01-17,36.0210065839339
New Hampshire,6 Months - 17 Years,247105,2026-01-24,36.3705554569788
New Hampshire,6 Months - 17 Years,247105,2026-01-31,36.6576118638838
New Hampshire,6 Months - 17 Years,247105,2026-02-07,37.2924880453791
New Hampshire,6 Months - 17 Years,247105,2026-02-14,37.5877358086377
New Hampshire,6 Months - 17 Years,247105,2026-02-21,37.8672841346381
New Hampshire,6 Months - 17 Years,247105,2026-02-28,38.1292578060539
New Hampshire,6 Months - 17 Years,247105,2026-03-07,38.6209209367794
New Hampshire,6 Months - 17 Years,247105,2026-03-14,38.8425235584597
New Hampshire,6 Months - 17 Years,247105,2026-03-21,39.045824099823
New Hampshire,6 Months - 17 Years,247105,2026-03-28,39.2266879361109
New Hampshire,6 Months - 17 Years,247105,2026-04-04,39.4022207279189
New Hampshire,6 Months - 17 Years,247105,2026-04-11,39.6561054855014
New Hampshire,6 Months - 17 Years,247105,2026-04-18,39.7172026090142
New Hampshire,6 Months - 17 Years,247105,2026-04-25,39.745897610545
New Hampshire,6 Months - 17 Years,247105,2026-05-02,39.7562909281902
New Hampshire,6 Months - 17 Years,247105,2026-05-09,39.7746363380236
New Hampshire,6 Months - 17 Years,247105,2026-05-16,39.7786030752062
New Hampshire,6 Months - 17 Years,247105,2026-05-23,39.7799007258612
New Hampshire,6 Months - 17 Years,247105,2026-05-30,39.7799669086204
New Hampshire,6 Months - 17 Years,247105,2026-06-06,39.78
New Hampshire,6 Months - 17 Years,247105,2026-06-13,39.78
New Hampshire,18-49 Years,538483,2025-08-16,0.738595255282204
New Hampshire,18-49 Years,538483,2025-08-23,0.738595255282204
New Hampshire,18-49 Years,538483,2025-08-30,0.738595255282204
New Hampshire,18-49 Years,538483,2025-09-06,0.738595255282204
New Hampshire,18-49 Years,538483,2025-09-13,0.96869487978725
New Hampshire,18-49 Years,538483,2025-09-20,1.07118335027966
New Hampshire,18-49 Years,538483,2025-09-27,1.47933195911456
New Hampshire,18-49 Years,538483,2025-10-04,2.64087315349383
New Hampshire,18-49 Years,538483,2025-10-11,3.6229127161898
New Hampshire,18-49 Years,538483,2025-10-18,5.074222940012
New Hampshire,18-49 Years,538483,2025-10-25,6.98738102029153
New Hampshire,18-49 Years,538483,2025-11-01,9.32968469529612
New Hampshire,18-49 Years,538483,2025-11-08,13.8950838773096
New Hampshire,18-49 Years,538483,2025-11-15,15.7349363875371
New Hampshire,18-49 Years,538483,2025-11-22,17.1756907255707
New Hampshire,18-49 Years,538483,2025-11-29,18.2949960705613
New Hampshire,18-49 Years,538483,2025-12-06,20.2910299684904
New Hampshire,18-49 Years,538483,2025-12-13,21.1215228193692
New Hampshire,18-49 Years,538483,2025-12-20,21.84648739392
New Hampshire,18-49 Years,538483,2025-12-27,22.4828230319545
New Hampshire,18-49 Years,538483,2026-01-03,23.1834945075937
New Hampshire,18-49 Years,538483,2026-01-10,24.275149341329
New Hampshire,18-49 Years,538483,2026-01-17,24.6930017411532
New Hampshire,18-49 Years,538483,2026-01-24,25.0543288210469
New Hampshire,18-49 Years,538483,2026-01-31,25.327648158436
New Hampshire,18-49 Years,538483,2026-02-07,25.9399514182254
New Hampshire,18-49 Years,538483,2026-02-14,26.2465449234554
New Hampshire,18-49 Years,538483,2026-02-21,26.5593365348574
New Hampshire,18-49 Years,538483,2026-02-28,26.8536041592134
New Hampshire,18-49 Years,538483,2026-03-07,27.3432220168326
New Hampshire,18-49 Years,538483,2026-03-14,27.4846629677697
New Hampshire,18-49 Years,538483,2026-03-21,27.5461038606961
New Hampshire,18-49 Years,538483,2026-03-28,27.5553679535654
New Hampshire,18-49 Years,538483,2026-04-04,27.56
New Hampshire,18-49 Years,538483,2026-04-11,27.56
New Hampshire,18-49 Years,538483,2026-04-18,27.56
New Hampshire,18-49 Years,538483,2026-04-25,27.56
New Hampshire,18-49 Years,538483,2026-05-02,27.56
New Hampshire,18-49 Years,538483,2026-05-09,27.56
New Hampshire,18-49 Years,538483,2026-05-16,27.56
New Hampshire,18-49 Years,538483,2026-05-23,27.56
New Hampshire,18-49 Years,538483,2026-05-30,27.56
New Hampshire,18-49 Years,538483,2026-06-06,27.56
New Hampshire,18-49 Years,538483,2026-06-13,27.56
New Hampshire,50-64 Years,310221,2025-08-16,0.879424172368849
New Hampshire,50-64 Years,310221,2025-08-23,0.879424172368849
New Hampshire,50-64 Years,310221,2025-08-30,0.879424172368849
New Hampshire,50-64 Years,310221,2025-09-06,0.879424172368849
New Hampshire,50-64 Years,310221,2025-09-13,1.1995793092381
New Hampshire,50-64 Years,310221,2025-09-20,1.41759896743333
New Hampshire,50-64 Years,310221,2025-09-27,2.13471992727198
New Hampshire,50-64 Years,310221,2025-10-04,4.10670157921526
New Hampshire,50-64 Years,310221,2025-10-11,5.62608299444693
New Hampshire,50-64 Years,310221,2025-10-18,7.69953768763504
New Hampshire,50-64 Years,310221,2025-10-25,10.292826652257
New Hampshire,50-64 Years,310221,2025-11-01,13.4027781263423
New Hampshire,50-64 Years,310221,2025-11-08,19.380425331744
New Hampshire,50-64 Years,310221,2025-11-15,21.8033124591659
New Hampshire,50-64 Years,310221,2025-11-22,23.7399173539004
New Hampshire,50-64 Years,310221,2025-11-29,25.2550747865294
New Hampshire,50-64 Years,310221,2025-12-06,27.8543849605512
New Hampshire,50-64 Years,310221,2025-12-13,28.8024747719673
New Hampshire,50-64 Years,310221,2025-12-20,29.5048031350942
New Hampshire,50-64 Years,310221,2025-12-27,30.0251225576333
New Hampshire,50-64 Years,310221,2026-01-03,30.5847950152098
New Hampshire,50-64 Years,310221,2026-01-10,31.4289105200875
New Hampshire,50-64 Years,310221,2026-01-17,31.7759696487489
New Hampshire,50-64 Years,310221,2026-01-24,32.1023816825462
New Hampshire,50-64 Years,310221,2026-01-31,32.3608024299946
New Hampshire,50-64 Years,310221,2026-02-07,32.9123981139861
New Hampshire,50-64 Years,310221,2026-02-14,33.1432040092959
New Hampshire,50-64 Years,310221,2026-02-21,33.3404065059186
New Hampshire,50-64 Years,310221,2026-02-28,33.5116335201621
New Hampshire,50-64 Years,310221,2026-03-07,33.8341617252798
New Hampshire,50-64 Years,310221,2026-03-14,33.9940455495692
New Hampshire,50-64 Years,310221,2026-03-21,34.160140368868
New Hampshire,50-64 Years,310221,2026-03-28,34.32375919923
New Hampshire,50-64 Years,310221,2026-04-04,34.481732025863
New Hampshire,50-64 Years,310221,2026-04-11,34.7133723108655
New Hampshire,50-64 Years,310221,2026-04-18,34.7613440593788
New Hampshire,50-64 Years,310221,2026-04-25,34.775
New Hampshire,50-64 Years,310221,2026-05-02,34.775
New Hampshire,50-64 Years,310221,2026-05-09,34.775
New Hampshire,50-64 Years,310221,2026-05-16,34.775
New Hampshire,50-64 Years,310221,2026-05-23,34.775
New Hampshire,50-64 Years,310221,2026-05-30,34.775
New Hampshire,50-64 Years,310221,2026-06-06,34.775
New Hampshire,50-64 Years,310221,2026-06-13,34.775
New Hampshire,65+ Years,263129,2025-08-16,1.47601247971323
New Hampshire,65+ Years,263129,2025-08-23,1.47601247971323
New Hampshire,65+ Years,263129,2025-08-30,1.47601247971323
New Hampshire,65+ Years,263129,2025-09-06,1.47601247971323
New Hampshire,65+ Years,263129,2025-09-13,2.51439463686142
New Hampshire,65+ Years,263129,2025-09-20,3.96558980864777
New Hampshire,65+ Years,263129,2025-09-27,6.18697103185285
New Hampshire,65+ Years,263129,2025-10-04,11.5396227015211
New Hampshire,65+ Years,263129,2025-10-11,15.1425631912249
New Hampshire,65+ Years,263129,2025-10-18,19.6831186573323
New Hampshire,65+ Years,263129,2025-10-25,25.054754099049
New Hampshire,65+ Years,263129,2025-11-01,31.3172198392455
New Hampshire,65+ Years,263129,2025-11-08,43.0516751387526
New Hampshire,65+ Years,263129,2025-11-15,47.7023271155091
New Hampshire,65+ Years,263129,2025-11-22,51.4027015098493
New Hampshire,65+ Years,263129,2025-11-29,54.2988686020074
New Hampshire,65+ Years,263129,2025-12-06,59.2854794526479
New Hampshire,65+ Years,263129,2025-12-13,61.1317822754563
New Hampshire,65+ Years,263129,2025-12-20,62.5310311752651
New Hampshire,65+ Years,263129,2025-12-27,63.6003980903656
New Hampshire,65+ Years,263129,2026-01-03,64.7876548729026
New Hampshire,65+ Years,263129,2026-01-10,66.6201173141351
New Hampshire,65+ Years,263129,2026-01-17,67.427713148075
New Hampshire,65+ Years,263129,2026-01-24,68.224266045624
New Hampshire,65+ Years,263129,2026-01-31,68.8808956870689
New Hampshire,65+ Years,263129,2026-02-07,70.2876668754151
New Hampshire,65+ Years,263129,2026-02-14,70.8840598629597
New Hampshire,65+ Years,263129,2026-02-21,71.3936933330578
New Hampshire,65+ Years,263129,2026-02-28,71.8285857147532
New Hampshire,65+ Years,263129,2026-03-07,72.6152834867673
New Hampshire,65+ Years,263129,2026-03-14,72.9505706581867
New Hampshire,65+ Years,263129,2026-03-21,73.2485603057945
New Hampshire,65+ Years,263129,2026-03-28,73.512409759427
New Hampshire,65+ Years,263129,2026-04-04,73.7930158742563
New Hampshire,65+ Years,263129,2026-04-11,74.2216163321589
New Hampshire,65+ Years,263129,2026-04-18,74.3657650885033
New Hampshire,65+ Years,263129,2026-04-25,74.4760332048702
New Hampshire,65+ Years,263129,2026-05-02,74.5541482717118
New Hampshire,65+ Years,263129,2026-05-09,74.7397025084565
New Hampshire,65+ Years,263129,2026-05-16,74.8441022551584
New Hampshire,65+ Years,263129,2026-05-23,74.9652505605178
New Hampshire,65+ Years,263129,2026-05-30,75.1031529535555
New Hampshire,65+ Years,263129,2026-06-06,75.3986337623763
New Hampshire,65+ Years,263129,2026-06-13,75.5609820679546
New Jersey,6 Months - 4 Years,464198,2025-08-16,2.27934001290303
New Jersey,6 Months - 4 Years,464198,2025-08-23,2.27934001290303
New Jersey,6 Months - 4 Years,464198,2025-08-30,2.27934001290303
New Jersey,6 Months - 4 Years,464198,2025-09-06,2.27934001290303
New Jersey,6 Months - 4 Years,464198,2025-09-13,3.794206680402
New Jersey,6 Months - 4 Years,464198,2025-09-20,5.8187434697476
New Jersey,6 Months - 4 Years,464198,2025-09-27,7.94569963411824
New Jersey,6 Months - 4 Years,464198,2025-10-04,12.3464386186111
New Jersey,6 Months - 4 Years,464198,2025-10-11,14.7148191849701
New Jersey,6 Months - 4 Years,464198,2025-10-18,17.251583093773
New Jersey,6 Months - 4 Years,464198,2025-10-25,19.9142474619904
New Jersey,6 Months - 4 Years,464198,2025-11-01,22.8877231318749
New Jersey,6 Months - 4 Years,464198,2025-11-08,28.3027252120661
New Jersey,6 Months - 4 Years,464198,2025-11-15,30.5052284342573
New Jersey,6 Months - 4 Years,464198,2025-11-22,32.3923831520198
New Jersey,6 Months - 4 Years,464198,2025-11-29,34.0294094833836
New Jersey,6 Months - 4 Years,464198,2025-12-06,37.1079632246514
New Jersey,6 Months - 4 Years,464198,2025-12-13,38.5463428451336
New Jersey,6 Months - 4 Years,464198,2025-12-20,39.9420677922861
New Jersey,6 Months - 4 Years,464198,2025-12-27,41.2870721910977
New Jersey,6 Months - 4 Years,464198,2026-01-03,42.8242664235227
New Jersey,6 Months - 4 Years,464198,2026-01-10,45.3042057020761
New Jersey,6 Months - 4 Years,464198,2026-01-17,46.2787488212913
New Jersey,6 Months - 4 Years,464198,2026-01-24,47.1203544548654
New Jersey,6 Months - 4 Years,464198,2026-01-31,47.7527110834989
New Jersey,6 Months - 4 Years,464198,2026-02-07,49.130740697814
New Jersey,6 Months - 4 Years,464198,2026-02-14,49.7427795445299
New Jersey,6 Months - 4 Years,464198,2026-02-21,50.3054731465911
New Jersey,6 Months - 4 Years,464198,2026-02-28,50.8314592143512
New Jersey,6 Months - 4 Years,464198,2026-03-07,51.8584487429285
New Jersey,6 Months - 4 Years,464198,2026-03-14,52.3923989649856
New Jersey,6 Months - 4 Years,464198,2026-03-21,52.9616338825729
New Jersey,6 Months - 4 Years,464198,2026-03-28,53.5377850362539
New Jersey,6 Months - 4 Years,464198,2026-04-04,54.126799498182
New Jersey,6 Months - 4 Years,464198,2026-04-11,55.0269447373959
New Jersey,6 Months - 4 Years,464198,2026-04-18,55.2578179991047
New Jersey,6 Months - 4 Years,464198,2026-04-25,55.3704235202824
New Jersey,6 Months - 4 Years,464198,2026-05-02,55.4191969107205
New Jersey,6 Months - 4 Years,464198,2026-05-09,55.541613856854
New Jersey,6 Months - 4 Years,464198,2026-05-16,55.6227992444609
New Jersey,6 Months - 4 Years,464198,2026-05-23,55.7325263437877
New Jersey,6 Months - 4 Years,464198,2026-05-30,55.8725392476203
New Jersey,6 Months - 4 Years,464198,2026-06-06,56.1908367423895
New Jersey,6 Months - 4 Years,464198,2026-06-13,56.3759290827536
New Jersey,5-12 Years,858060,2025-08-16,3.31159097415122
New Jersey,5-12 Years,858060,2025-08-23,3.31159097415122
New Jersey,5-12 Years,858060,2025-08-30,3.31159097415122
New Jersey,5-12 Years,858060,2025-09-06,3.31159097415122
New Jersey,5-12 Years,858060,2025-09-13,4.92775257176415
New Jersey,5-12 Years,858060,2025-09-20,6.61738646715611
New Jersey,5-12 Years,858060,2025-09-27,8.40689792038788
New Jersey,5-12 Years,858060,2025-10-04,12.127152474067
New Jersey,5-12 Years,858060,2025-10-11,14.1255029379533
New Jersey,5-12 Years,858060,2025-10-18,16.251491013648
New Jersey,5-12 Years,858060,2025-10-25,18.4872708180209
New Jersey,5-12 Years,858060,2025-11-01,21.0358920974933
New Jersey,5-12 Years,858060,2025-11-08,25.88623474033
New Jersey,5-12 Years,858060,2025-11-15,28.1417730446547
New Jersey,5-12 Years,858060,2025-11-22,30.327258626776
New Jersey,5-12 Years,858060,2025-11-29,32.3718402847279
New Jersey,5-12 Years,858060,2025-12-06,36.0683424020706
New Jersey,5-12 Years,858060,2025-12-13,37.4961933889601
New Jersey,5-12 Years,858060,2025-12-20,38.5675828943918
New Jersey,5-12 Years,858060,2025-12-27,39.3586883846737
New Jersey,5-12 Years,858060,2026-01-03,40.2182825213426
New Jersey,5-12 Years,858060,2026-01-10,41.5262815575223
New Jersey,5-12 Years,858060,2026-01-17,42.0817954694173
New Jersey,5-12 Years,858060,2026-01-24,42.6132231512413
New Jersey,5-12 Years,858060,2026-01-31,43.0326436989129
New Jersey,5-12 Years,858060,2026-02-07,43.8978551586381
New Jersey,5-12 Years,858060,2026-02-14,44.2243305121201
New Jersey,5-12 Years,858060,2026-02-21,44.4702880471871
New Jersey,5-12 Years,858060,2026-02-28,44.6592047410089
New Jersey,5-12 Years,858060,2026-03-07,45.0038852151031
New Jersey,5-12 Years,858060,2026-03-14,45.1630040331517
New Jersey,5-12 Years,858060,2026-03-21,45.3224157830546
New Jersey,5-12 Years,858060,2026-03-28,45.4879140833461
New Jersey,5-12 Years,858060,2026-04-04,45.7247220515538
New Jersey,5-12 Years,858060,2026-04-11,46.1555497258923
New Jersey,5-12 Years,858060,2026-04-18,46.4326764611473
New Jersey,5-12 Years,858060,2026-04-25,46.7703192901161
New Jersey,5-12 Years,858060,2026-05-02,47.1025563453146
New Jersey,5-12 Years,858060,2026-05-09,47.8183100204607
New Jersey,5-12 Years,858060,2026-05-16,48.1236801736139
New Jersey,5-12 Years,858060,2026-05-23,48.3704881813698
New Jersey,5-12 Years,858060,2026-05-30,48.5662312858716
New Jersey,5-12 Years,858060,2026-06-06,48.9020707679183
New Jersey,5-12 Years,858060,2026-06-13,49.0148930259662
New Jersey,13-17 Years,562512,2025-08-16,1.61739865942158
New Jersey,13-17 Years,562512,2025-08-23,1.61739865942158
New Jersey,13-17 Years,562512,2025-08-30,1.61739865942158
New Jersey,13-17 Years,562512,2025-09-06,1.61739865942158
New Jersey,13-17 Years,562512,2025-09-13,2.55166332013419
New Jersey,13-17 Years,562512,2025-09-20,3.6944828609461
New Jersey,13-17 Years,562512,2025-09-27,5.06965507808767
New Jersey,13-17 Years,562512,2025-10-04,8.11943383299361
New Jersey,13-17 Years,562512,2025-10-11,9.9466812687779
New Jersey,13-17 Years,562512,2025-10-18,12.0684190093593
New Jersey,13-17 Years,562512,2025-10-25,14.4448706886146
New Jersey,13-17 Years,562512,2025-11-01,17.181968633246
New Jersey,13-17 Years,562512,2025-11-08,22.3302693841613
New Jersey,13-17 Years,562512,2025-11-15,24.5104089466512
New Jersey,13-17 Years,562512,2025-11-22,26.408448503539
New Jersey,13-17 Years,562512,2025-11-29,28.0237260639798
New Jersey,13-17 Years,562512,2025-12-06,30.845275532175
New Jersey,13-17 Years,562512,2025-12-13,31.8960182982724
New Jersey,13-17 Years,562512,2025-12-20,32.6788131681297
New Jersey,13-17 Years,562512,2025-12-27,33.2520215806173
New Jersey,13-17 Years,562512,2026-01-03,33.8242517078964
New Jersey,13-17 Years,562512,2026-01-10,34.6451603712409
New Jersey,13-17 Years,562512,2026-01-17,34.9150736799947
New Jersey,13-17 Years,562512,2026-01-24,35.1244106936685
New Jersey,13-17 Years,562512,2026-01-31,35.2600800647556
New Jersey,13-17 Years,562512,2026-02-07,35.520852063037
New Jersey,13-17 Years,562512,2026-02-14,35.5990005026318
New Jersey,13-17 Years,562512,2026-02-21,35.6443205807277
New Jersey,13-17 Years,562512,2026-02-28,35.6710283285075
New Jersey,13-17 Years,562512,2026-03-07,35.7301859399674
New Jersey,13-17 Years,562512,2026-03-14,35.8068177589823
New Jersey,13-17 Years,562512,2026-03-21,35.9499037030335
New Jersey,13-17 Years,562512,2026-03-28,36.1494349468024
New Jersey,13-17 Years,562512,2026-04-04,36.3682557983024
New Jersey,13-17 Years,562512,2026-04-11,36.7391816117247
New Jersey,13-17 Years,562512,2026-04-18,36.8282160418588
New Jersey,13-17 Years,562512,2026-04-25,36.855
New Jersey,13-17 Years,562512,2026-05-02,36.855
New Jersey,13-17 Years,562512,2026-05-09,36.855
New Jersey,13-17 Years,562512,2026-05-16,36.855
New Jersey,13-17 Years,562512,2026-05-23,36.855
New Jersey,13-17 Years,562512,2026-05-30,36.855
New Jersey,13-17 Years,562512,2026-06-06,36.855
New Jersey,13-17 Years,562512,2026-06-13,36.855
New Jersey,6 Months - 17 Years,1884770,2025-08-16,2.50002832845558
New Jersey,6 Months - 17 Years,1884770,2025-08-23,2.50002832845558
New Jersey,6 Months - 17 Years,1884770,2025-08-30,2.50002832845558
New Jersey,6 Months - 17 Years,1884770,2025-09-06,2.50002832845558
New Jersey,6 Months - 17 Years,1884770,2025-09-13,3.86426022835471
New Jersey,6 Months - 17 Years,1884770,2025-09-20,5.45147821953875
New Jersey,6 Months - 17 Years,1884770,2025-09-27,7.17956968070464
New Jersey,6 Months - 17 Years,1884770,2025-10-04,10.8301057158406
New Jersey,6 Months - 17 Years,1884770,2025-10-11,12.8527008749566
New Jersey,6 Months - 17 Years,1884770,2025-10-18,15.0632437161803
New Jersey,6 Months - 17 Years,1884770,2025-10-25,17.4314856352827
New Jersey,6 Months - 17 Years,1884770,2025-11-01,20.1277266795312
New Jersey,6 Months - 17 Years,1884770,2025-11-08,25.1913060401045
New Jersey,6 Months - 17 Years,1884770,2025-11-15,27.4138064883928
New Jersey,6 Months - 17 Years,1884770,2025-11-22,29.4479569223124
New Jersey,6 Months - 17 Years,1884770,2025-11-29,31.2744151392213
New Jersey,6 Months - 17 Years,1884770,2025-12-06,34.5776259209774
New Jersey,6 Months - 17 Years,1884770,2025-12-13,35.8996645932057
New Jersey,6 Months - 17 Years,1884770,2025-12-20,36.9589385871399
New Jersey,6 Months - 17 Years,1884770,2025-12-27,37.8041262367601
New Jersey,6 Months - 17 Years,1884770,2026-01-03,38.7180278156481
New Jersey,6 Months - 17 Years,1884770,2026-01-10,40.1137710986345
New Jersey,6 Months - 17 Years,1884770,2026-01-17,40.6624986263534
New Jersey,6 Months - 17 Years,1884770,2026-01-24,41.1531948859117
New Jersey,6 Months - 17 Years,1884770,2026-01-31,41.5246954746276
New Jersey,6 Months - 17 Years,1884770,2026-02-07,42.3070999962194
New Jersey,6 Months - 17 Years,1884770,2026-02-14,42.6206631484239
New Jersey,6 Months - 17 Years,1884770,2026-02-21,42.8788308227605
New Jersey,6 Months - 17 Years,1884770,2026-02-28,43.0993933983356
New Jersey,6 Months - 17 Years,1884770,2026-03-07,43.5260425333259
New Jersey,6 Months - 17 Years,1884770,2026-03-14,43.7537075112305
New Jersey,6 Months - 17 Years,1884770,2026-03-21,44.009611136912
New Jersey,6 Months - 17 Years,1884770,2026-03-28,44.2896529944442
New Jersey,6 Months - 17 Years,1884770,2026-04-04,44.6319751674105
New Jersey,6 Months - 17 Years,1884770,2026-04-11,45.213695507815
New Jersey,6 Months - 17 Years,1884770,2026-04-18,45.4585802888845
New Jersey,6 Months - 17 Years,1884770,2026-04-25,45.6770530339032
New Jersey,6 Months - 17 Years,1884770,2026-05-02,45.8460154994641
New Jersey,6 Months - 17 Years,1884770,2026-05-09,46.2138485592512
New Jersey,6 Months - 17 Years,1884770,2026-05-16,46.3778133356631
New Jersey,6 Months - 17 Years,1884770,2026-05-23,46.5273146922354
New Jersey,6 Months - 17 Years,1884770,2026-05-30,46.6633206859861
New Jersey,6 Months - 17 Years,1884770,2026-06-06,46.9151295437234
New Jersey,6 Months - 17 Years,1884770,2026-06-13,47.0222030523355
New Jersey,18-49 Years,3599511,2025-08-16,0.859421900948589
New Jersey,18-49 Years,3599511,2025-08-23,0.859421900948589
New Jersey,18-49 Years,3599511,2025-08-30,0.859421900948589
New Jersey,18-49 Years,3599511,2025-09-06,0.859421900948589
New Jersey,18-49 Years,3599511,2025-09-13,1.26827743949759
New Jersey,18-49 Years,3599511,2025-09-20,1.68822822795987
New Jersey,18-49 Years,3599511,2025-09-27,2.27320695466434
New Jersey,18-49 Years,3599511,2025-10-04,3.64294453119716
New Jersey,18-49 Years,3599511,2025-10-11,4.5184645120655
New Jersey,18-49 Years,3599511,2025-10-18,5.57872783841459
New Jersey,18-49 Years,3599511,2025-10-25,6.81129665860071
New Jersey,18-49 Years,3599511,2025-11-01,8.2726472712222
New Jersey,18-49 Years,3599511,2025-11-08,11.1141913397529
New Jersey,18-49 Years,3599511,2025-11-15,12.3810687752072
New Jersey,18-49 Years,3599511,2025-11-22,13.5304291309037
New Jersey,18-49 Years,3599511,2025-11-29,14.561234573412
New Jersey,18-49 Years,3599511,2025-12-06,16.4643030760631
New Jersey,18-49 Years,3599511,2025-12-13,17.2779169840352
New Jersey,18-49 Years,3599511,2025-12-20,17.982747088871
New Jersey,18-49 Years,3599511,2025-12-27,18.5866939180469
New Jersey,18-49 Years,3599511,2026-01-03,19.2203649289761
New Jersey,18-49 Years,3599511,2026-01-10,20.1787004651085
New Jersey,18-49 Years,3599511,2026-01-17,20.5026858352732
New Jersey,18-49 Years,3599511,2026-01-24,20.7512742672685
New Jersey,18-49 Years,3599511,2026-01-31,20.9151070030418
New Jersey,18-49 Years,3599511,2026-02-07,21.2500355386994
New Jersey,18-49 Years,3599511,2026-02-14,21.3738879880018
New Jersey,18-49 Years,3599511,2026-02-21,21.4702202273776
New Jersey,18-49 Years,3599511,2026-02-28,21.5489006880697
New Jersey,18-49 Years,3599511,2026-03-07,21.699413328065
New Jersey,18-49 Years,3599511,2026-03-14,21.7812324088332
New Jersey,18-49 Years,3599511,2026-03-21,21.8760363882527
New Jersey,18-49 Years,3599511,2026-03-28,21.9816810663912
New Jersey,18-49 Years,3599511,2026-04-04,22.1091355987145
New Jersey,18-49 Years,3599511,2026-04-11,22.3251467634648
New Jersey,18-49 Years,3599511,2026-04-18,22.4136284326736
New Jersey,18-49 Years,3599511,2026-04-25,22.4895729922967
New Jersey,18-49 Years,3599511,2026-05-02,22.543162083099
New Jersey,18-49 Years,3599511,2026-05-09,22.6482957609155
New Jersey,18-49 Years,3599511,2026-05-16,22.6830671024749
New Jersey,18-49 Years,3599511,2026-05-23,22.7056943555648
New Jersey,18-49 Years,3599511,2026-05-30,22.7199808023262
New Jersey,18-49 Years,3599511,2026-06-06,22.7414361366149
New Jersey,18-49 Years,3599511,2026-06-13,22.7453754455526
New Jersey,50-64 Years,1828985,2025-08-16,0.606264147601943
New Jersey,50-64 Years,1828985,2025-08-23,0.606264147601943
New Jersey,50-64 Years,1828985,2025-08-30,0.606264147601943
New Jersey,50-64 Years,1828985,2025-09-06,0.606264147601943
New Jersey,50-64 Years,1828985,2025-09-13,0.969382682941211
New Jersey,50-64 Years,1828985,2025-09-20,1.42869650569993
New Jersey,50-64 Years,1828985,2025-09-27,2.23547820720291
New Jersey,50-64 Years,1828985,2025-10-04,4.24812817065891
New Jersey,50-64 Years,1828985,2025-10-11,5.6643983007977
New Jersey,50-64 Years,1828985,2025-10-18,7.50185612157959
New Jersey,50-64 Years,1828985,2025-10-25,9.7136735632859
New Jersey,50-64 Years,1828985,2025-11-01,12.2967555595706
New Jersey,50-64 Years,1828985,2025-11-08,17.1085583083302
New Jersey,50-64 Years,1828985,2025-11-15,18.9439296530163
New Jersey,50-64 Years,1828985,2025-11-22,20.3307666389098
New Jersey,50-64 Years,1828985,2025-11-29,21.3696395454479
New Jersey,50-64 Years,1828985,2025-12-06,23.1898381785068
New Jersey,50-64 Years,1828985,2025-12-13,23.9262062793971
New Jersey,50-64 Years,1828985,2025-12-20,24.5577842209427
New Jersey,50-64 Years,1828985,2025-12-27,25.1051575962343
New Jersey,50-64 Years,1828985,2026-01-03,25.707426405744
New Jersey,50-64 Years,1828985,2026-01-10,26.6431921562797
New Jersey,50-64 Years,1828985,2026-01-17,27.0052258675545
New Jersey,50-64 Years,1828985,2026-01-24,27.3226410077555
New Jersey,50-64 Years,1828985,2026-01-31,27.5657371883427
New Jersey,50-64 Years,1828985,2026-02-07,28.1068654563209
New Jersey,50-64 Years,1828985,2026-02-14,28.3641495266368
New Jersey,50-64 Years,1828985,2026-02-21,28.6166147159182
New Jersey,50-64 Years,1828985,2026-02-28,28.8618951206874
New Jersey,50-64 Years,1828985,2026-03-07,29.3313954199063
New Jersey,50-64 Years,1828985,2026-03-14,29.5484445157887
New Jersey,50-64 Years,1828985,2026-03-21,29.7508239110759
New Jersey,50-64 Years,1828985,2026-03-28,29.9356235219763
New Jersey,50-64 Years,1828985,2026-04-04,30.129781322101
New Jersey,50-64 Years,1828985,2026-04-11,30.4264096222358
New Jersey,50-64 Years,1828985,2026-04-18,30.5202731100173
New Jersey,50-64 Years,1828985,2026-04-25,30.5859713023295
New Jersey,50-64 Years,1828985,2026-05-02,30.6269363809365
New Jersey,50-64 Years,1828985,2026-05-09,30.7157551064317
New Jersey,50-64 Years,1828985,2026-05-16,30.7555002361017
New Jersey,50-64 Years,1828985,2026-05-23,30.7936884887449
New Jersey,50-64 Years,1828985,2026-05-30,30.8302564228982
New Jersey,50-64 Years,1828985,2026-06-06,30.8992931941745
New Jersey,50-64 Years,1828985,2026-06-13,30.9299836096238
New Jersey,65+ Years,1510028,2025-08-16,1.35301133325046
New Jersey,65+ Years,1510028,2025-08-23,1.35301133325046
New Jersey,65+ Years,1510028,2025-08-30,1.35301133325046
New Jersey,65+ Years,1510028,2025-09-06,1.35301133325046
New Jersey,65+ Years,1510028,2025-09-13,2.49648608388849
New Jersey,65+ Years,1510028,2025-09-20,4.2393646488907
New Jersey,65+ Years,1510028,2025-09-27,6.65403843896616
New Jersey,65+ Years,1510028,2025-10-04,12.3007798273127
New Jersey,65+ Years,1510028,2025-10-11,15.9886697372428
New Jersey,65+ Years,1510028,2025-10-18,20.5571669270305
New Jersey,65+ Years,1510028,2025-10-25,25.8727475116989
New Jersey,65+ Years,1510028,2025-11-01,31.962430233894
New Jersey,65+ Years,1510028,2025-11-08,43.1019489805523
New Jersey,65+ Years,1510028,2025-11-15,47.2828521763463
New Jersey,65+ Years,1510028,2025-11-22,50.4259746185711
New Jersey,65+ Years,1510028,2025-11-29,52.7422237234124
New Jersey,65+ Years,1510028,2025-12-06,56.6432709990672
New Jersey,65+ Years,1510028,2025-12-13,58.0382404437236
New Jersey,65+ Years,1510028,2025-12-20,59.0706006894654
New Jersey,65+ Years,1510028,2025-12-27,59.8424456503804
New Jersey,65+ Years,1510028,2026-01-03,60.6813395059435
New Jersey,65+ Years,1510028,2026-01-10,61.9535379579248
New Jersey,65+ Years,1510028,2026-01-17,62.4823021859254
New Jersey,65+ Years,1510028,2026-01-24,62.9876254534508
New Jersey,65+ Years,1510028,2026-01-31,63.4083255241073
New Jersey,65+ Years,1510028,2026-02-07,64.3768652311262
New Jersey,65+ Years,1510028,2026-02-14,64.8839427067729
New Jersey,65+ Years,1510028,2026-02-21,65.4181591356207
New Jersey,65+ Years,1510028,2026-02-28,65.9571946335947
New Jersey,65+ Years,1510028,2026-03-07,66.9719185538637
New Jersey,65+ Years,1510028,2026-03-14,67.388020119409
New Jersey,65+ Years,1510028,2026-03-21,67.7142631820534
New Jersey,65+ Years,1510028,2026-03-28,67.9692128153841
New Jersey,65+ Years,1510028,2026-04-04,68.2750608514671
New Jersey,65+ Years,1510028,2026-04-11,68.7716097763008
New Jersey,65+ Years,1510028,2026-04-18,69.0294355079875
New Jersey,65+ Years,1510028,2026-04-25,69.3139151490693
New Jersey,65+ Years,1510028,2026-05-02,69.5786859328694
New Jersey,65+ Years,1510028,2026-05-09,70.1754530587853
New Jersey,65+ Years,1510028,2026-05-16,70.4622588677462
New Jersey,65+ Years,1510028,2026-05-23,70.7342791540073
New Jersey,65+ Years,1510028,2026-05-30,70.9925063377354
New Jersey,65+ Years,1510028,2026-06-06,71.493486621058
New Jersey,65+ Years,1510028,2026-06-13,71.7307224466212
New Mexico,6 Months - 4 Years,107437,2025-08-16,3.23528497181173
New Mexico,6 Months - 4 Years,107437,2025-08-23,3.23528497181173
New Mexico,6 Months - 4 Years,107437,2025-08-30,3.23528497181173
New Mexico,6 Months - 4 Years,107437,2025-09-06,3.23528497181173
New Mexico,6 Months - 4 Years,107437,2025-09-13,4.20261111538963
New Mexico,6 Months - 4 Years,107437,2025-09-20,4.54712567418824
New Mexico,6 Months - 4 Years,107437,2025-09-27,5.27790144528385
New Mexico,6 Months - 4 Years,107437,2025-10-04,7.17005310076914
New Mexico,6 Months - 4 Years,107437,2025-10-11,8.52069330818166
New Mexico,6 Months - 4 Years,107437,2025-10-18,10.2747910043466
New Mexico,6 Months - 4 Years,107437,2025-10-25,12.4221055222594
New Mexico,6 Months - 4 Years,107437,2025-11-01,15.0344706609911
New Mexico,6 Months - 4 Years,107437,2025-11-08,20.2348569554535
New Mexico,6 Months - 4 Years,107437,2025-11-15,22.6065700203433
New Mexico,6 Months - 4 Years,107437,2025-11-22,24.7701437199741
New Mexico,6 Months - 4 Years,107437,2025-11-29,26.6952011220108
New Mexico,6 Months - 4 Years,107437,2025-12-06,30.1543496915168
New Mexico,6 Months - 4 Years,107437,2025-12-13,31.5004706958434
New Mexico,6 Months - 4 Years,107437,2025-12-20,32.5351376618554
New Mexico,6 Months - 4 Years,107437,2025-12-27,33.3229042016437
New Mexico,6 Months - 4 Years,107437,2026-01-03,34.1731895692501
New Mexico,6 Months - 4 Years,107437,2026-01-10,35.4644208333917
New Mexico,6 Months - 4 Years,107437,2026-01-17,35.9889376172978
New Mexico,6 Months - 4 Years,107437,2026-01-24,36.4732457938234
New Mexico,6 Months - 4 Years,107437,2026-01-31,36.8473364291707
New Mexico,6 Months - 4 Years,107437,2026-02-07,37.6282326513756
New Mexico,6 Months - 4 Years,107437,2026-02-14,37.9335187827669
New Mexico,6 Months - 4 Years,107437,2026-02-21,38.1759897701985
New Mexico,6 Months - 4 Years,107437,2026-02-28,38.374250795884
New Mexico,6 Months - 4 Years,107437,2026-03-07,38.7491928610552
New Mexico,6 Months - 4 Years,107437,2026-03-14,38.9470293402835
New Mexico,6 Months - 4 Years,107437,2026-03-21,39.1680994638296
New Mexico,6 Months - 4 Years,107437,2026-03-28,39.4007257050593
New Mexico,6 Months - 4 Years,107437,2026-04-04,39.6405100003183
New Mexico,6 Months - 4 Years,107437,2026-04-11,40.0106151821721
New Mexico,6 Months - 4 Years,107437,2026-04-18,40.104648887436
New Mexico,6 Months - 4 Years,107437,2026-04-25,40.148852084323
New Mexico,6 Months - 4 Years,107437,2026-05-02,40.1678857254423
New Mexico,6 Months - 4 Years,107437,2026-05-09,40.2522866612882
New Mexico,6 Months - 4 Years,107437,2026-05-16,40.4042130842478
New Mexico,6 Months - 4 Years,107437,2026-05-23,40.7173873286485
New Mexico,6 Months - 4 Years,107437,2026-05-30,41.2264549442665
New Mexico,6 Months - 4 Years,107437,2026-06-06,42.5253030533306
New Mexico,6 Months - 4 Years,107437,2026-06-13,43.3325143634179
New Mexico,5-12 Years,214202,2025-08-16,2.65869771545654
New Mexico,5-12 Years,214202,2025-08-23,2.65869771545654
New Mexico,5-12 Years,214202,2025-08-30,2.65869771545654
New Mexico,5-12 Years,214202,2025-09-06,2.65869771545654
New Mexico,5-12 Years,214202,2025-09-13,3.43182878109826
New Mexico,5-12 Years,214202,2025-09-20,3.66763743184706
New Mexico,5-12 Years,214202,2025-09-27,4.35744766197596
New Mexico,5-12 Years,214202,2025-10-04,6.22973018788425
New Mexico,5-12 Years,214202,2025-10-11,7.65431800809363
New Mexico,5-12 Years,214202,2025-10-18,9.5846096149922
New Mexico,5-12 Years,214202,2025-10-25,11.9883456622614
New Mexico,5-12 Years,214202,2025-11-01,14.867199161449
New Mexico,5-12 Years,214202,2025-11-08,20.4081461104343
New Mexico,5-12 Years,214202,2025-11-15,22.6830782698751
New Mexico,5-12 Years,214202,2025-11-22,24.5295914208243
New Mexico,5-12 Years,214202,2025-11-29,25.9776736946383
New Mexico,5-12 Years,214202,2025-12-06,28.3834211921316
New Mexico,5-12 Years,214202,2025-12-13,29.1687560672531
New Mexico,5-12 Years,214202,2025-12-20,29.6619498964016
New Mexico,5-12 Years,214202,2025-12-27,29.9520743286074
New Mexico,5-12 Years,214202,2026-01-03,30.2354236530953
New Mexico,5-12 Years,214202,2026-01-10,30.6257674073306
New Mexico,5-12 Years,214202,2026-01-17,30.761817748844
New Mexico,5-12 Years,214202,2026-01-24,30.8778243004042
New Mexico,5-12 Years,214202,2026-01-31,30.9665870702575
New Mexico,5-12 Years,214202,2026-02-07,31.1783030011783
New Mexico,5-12 Years,214202,2026-02-14,31.3044678709106
New Mexico,5-12 Years,214202,2026-02-21,31.4533446711502
New Mexico,5-12 Years,214202,2026-02-28,31.6116347214105
New Mexico,5-12 Years,214202,2026-03-07,31.8996691656405
New Mexico,5-12 Years,214202,2026-03-14,32.0000429245082
New Mexico,5-12 Years,214202,2026-03-21,32.0585250093267
New Mexico,5-12 Years,214202,2026-03-28,32.0868111526376
New Mexico,5-12 Years,214202,2026-04-04,32.1371315113706
New Mexico,5-12 Years,214202,2026-04-11,32.2388154614345
New Mexico,5-12 Years,214202,2026-04-18,32.3744670773535
New Mexico,5-12 Years,214202,2026-04-25,32.5892446369844
New Mexico,5-12 Years,214202,2026-05-02,32.8250322982815
New Mexico,5-12 Years,214202,2026-05-09,33.2801987957282
New Mexico,5-12 Years,214202,2026-05-16,33.4170615470168
New Mexico,5-12 Years,214202,2026-05-23,33.4703178918667
New Mexico,5-12 Years,214202,2026-05-30,33.4734392972889
New Mexico,5-12 Years,214202,2026-06-06,33.475
New Mexico,5-12 Years,214202,2026-06-13,33.475
New Mexico,13-17 Years,139564,2025-08-16,0.624286891279113
New Mexico,13-17 Years,139564,2025-08-23,0.624286891279113
New Mexico,13-17 Years,139564,2025-08-30,0.624286891279113
New Mexico,13-17 Years,139564,2025-09-06,0.624286891279113
New Mexico,13-17 Years,139564,2025-09-13,0.966454244834463
New Mexico,13-17 Years,139564,2025-09-20,1.37062913381293
New Mexico,13-17 Years,139564,2025-09-27,2.11166932870516
New Mexico,13-17 Years,139564,2025-10-04,3.97725538033207
New Mexico,13-17 Years,139564,2025-10-11,5.28362731301783
New Mexico,13-17 Years,139564,2025-10-18,6.96571324198917
New Mexico,13-17 Years,139564,2025-10-25,8.99916177707933
New Mexico,13-17 Years,139564,2025-11-01,11.4265983356703
New Mexico,13-17 Years,139564,2025-11-08,16.1253546270394
New Mexico,13-17 Years,139564,2025-11-15,18.1289100396598
New Mexico,13-17 Years,139564,2025-11-22,19.8422807550588
New Mexico,13-17 Years,139564,2025-11-29,21.2802010030682
New Mexico,13-17 Years,139564,2025-12-06,23.8136442262582
New Mexico,13-17 Years,139564,2025-12-13,24.7789185118738
New Mexico,13-17 Years,139564,2025-12-20,25.5182490529225
New Mexico,13-17 Years,139564,2025-12-27,26.0840282679892
New Mexico,13-17 Years,139564,2026-01-03,26.7015112792745
New Mexico,13-17 Years,139564,2026-01-10,27.644814951415
New Mexico,13-17 Years,139564,2026-01-17,28.036609954679
New Mexico,13-17 Years,139564,2026-01-24,28.4065450326744
New Mexico,13-17 Years,139564,2026-01-31,28.7043791148306
New Mexico,13-17 Years,139564,2026-02-07,29.361183929835
New Mexico,13-17 Years,139564,2026-02-14,29.6730775651637
New Mexico,13-17 Years,139564,2026-02-21,29.9731413044952
New Mexico,13-17 Years,139564,2026-02-28,30.2427026012192
New Mexico,13-17 Years,139564,2026-03-07,30.6841979283573
New Mexico,13-17 Years,139564,2026-03-14,30.8091728052017
New Mexico,13-17 Years,139564,2026-03-21,30.862931596699
New Mexico,13-17 Years,139564,2026-03-28,30.8709771988997
New Mexico,13-17 Years,139564,2026-04-04,30.876793037037
New Mexico,13-17 Years,139564,2026-04-11,30.8821721481482
New Mexico,13-17 Years,139564,2026-04-18,30.8938740740741
New Mexico,13-17 Years,139564,2026-04-25,30.9142580740741
New Mexico,13-17 Years,139564,2026-05-02,30.9381337777778
New Mexico,13-17 Years,139564,2026-05-09,30.984589037037
New Mexico,13-17 Years,139564,2026-05-16,30.9988871111111
New Mexico,13-17 Years,139564,2026-05-23,31.0045031111111
New Mexico,13-17 Years,139564,2026-05-30,31.0048343703704
New Mexico,13-17 Years,139564,2026-06-06,31.005
New Mexico,13-17 Years,139564,2026-06-13,31.005
New Mexico,6 Months - 17 Years,461203,2025-08-16,2.45224569873193
New Mexico,6 Months - 17 Years,461203,2025-08-23,2.45224569873193
New Mexico,6 Months - 17 Years,461203,2025-08-30,2.45224569873193
New Mexico,6 Months - 17 Years,461203,2025-09-06,2.45224569873193
New Mexico,6 Months - 17 Years,461203,2025-09-13,3.15372414851044
New Mexico,6 Months - 17 Years,461203,2025-09-20,3.34592598636567
New Mexico,6 Months - 17 Years,461203,2025-09-27,3.96567900691636
New Mexico,6 Months - 17 Years,461203,2025-10-04,5.6660614261803
New Mexico,6 Months - 17 Years,461203,2025-10-11,6.96423809126157
New Mexico,6 Months - 17 Years,461203,2025-10-18,8.72347908675316
New Mexico,6 Months - 17 Years,461203,2025-10-25,10.9232052679481
New Mexico,6 Months - 17 Years,461203,2025-11-01,13.5837472956397
New Mexico,6 Months - 17 Years,461203,2025-11-08,18.7772821855366
New Mexico,6 Months - 17 Years,461203,2025-11-15,20.9813147070749
New Mexico,6 Months - 17 Years,461203,2025-11-22,22.8349511718804
New Mexico,6 Months - 17 Years,461203,2025-11-29,24.3556576514609
New Mexico,6 Months - 17 Years,461203,2025-12-06,26.9839034539266
New Mexico,6 Months - 17 Years,461203,2025-12-13,27.9368460433576
New Mexico,6 Months - 17 Years,461203,2025-12-20,28.6242141969009
New Mexico,6 Months - 17 Years,461203,2025-12-27,29.1134932858497
New Mexico,6 Months - 17 Years,461203,2026-01-03,29.6281729718307
New Mexico,6 Months - 17 Years,461203,2026-01-10,30.3901392786231
New Mexico,6 Months - 17 Years,461203,2026-01-17,30.6888993718757
New Mexico,6 Months - 17 Years,461203,2026-01-24,30.9615920341301
New Mexico,6 Months - 17 Years,461203,2026-01-31,31.1754970431355
New Mexico,6 Months - 17 Years,461203,2026-02-07,31.6487062197757
New Mexico,6 Months - 17 Years,461203,2026-02-14,31.873165162057
New Mexico,6 Months - 17 Years,461203,2026-02-21,32.0913286517221
New Mexico,6 Months - 17 Years,461203,2026-02-28,32.2947331866065
New Mexico,6 Months - 17 Years,461203,2026-03-07,32.652725366067
New Mexico,6 Months - 17 Years,461203,2026-03-14,32.7791614433185
New Mexico,6 Months - 17 Years,461203,2026-03-21,32.8622059997933
New Mexico,6 Months - 17 Years,461203,2026-03-28,32.9146044618614
New Mexico,6 Months - 17 Years,461203,2026-04-04,32.983457057713
New Mexico,6 Months - 17 Years,461203,2026-04-11,33.1003048220621
New Mexico,6 Months - 17 Years,461203,2026-04-18,33.188967315758
New Mexico,6 Months - 17 Years,461203,2026-04-25,33.3108949969782
New Mexico,6 Months - 17 Years,461203,2026-05-02,33.444346878766
New Mexico,6 Months - 17 Years,461203,2026-05-09,33.7441722520596
New Mexico,6 Months - 17 Years,461203,2026-05-16,33.8851581550935
New Mexico,6 Months - 17 Years,461203,2026-05-23,34.0100459108899
New Mexico,6 Months - 17 Years,461203,2026-05-30,34.120429416913
New Mexico,6 Months - 17 Years,461203,2026-06-06,34.3278795825236
New Mexico,6 Months - 17 Years,461203,2026-06-13,34.4199508288713
New Mexico,18-49 Years,845538,2025-08-16,0.616900444078791
New Mexico,18-49 Years,845538,2025-08-23,0.616900444078791
New Mexico,18-49 Years,845538,2025-08-30,0.616900444078791
New Mexico,18-49 Years,845538,2025-09-06,0.616900444078791
New Mexico,18-49 Years,845538,2025-09-13,0.880129804087397
New Mexico,18-49 Years,845538,2025-09-20,1.11694098407753
New Mexico,18-49 Years,845538,2025-09-27,1.57114603819048
New Mexico,18-49 Years,845538,2025-10-04,2.72481456276106
New Mexico,18-49 Years,845538,2025-10-11,3.52321632619542
New Mexico,18-49 Years,845538,2025-10-18,4.5368963974221
New Mexico,18-49 Years,845538,2025-10-25,5.76767720253236
New Mexico,18-49 Years,845538,2025-11-01,7.28282547385377
New Mexico,18-49 Years,845538,2025-11-08,10.393464681998
New Mexico,18-49 Years,845538,2025-11-15,11.962509105711
New Mexico,18-49 Years,845538,2025-11-22,13.5304046248226
New Mexico,18-49 Years,845538,2025-11-29,15.0020182596313
New Mexico,18-49 Years,845538,2025-12-06,17.5681493550431
New Mexico,18-49 Years,845538,2025-12-13,18.4288826714721
New Mexico,18-49 Years,845538,2025-12-20,18.9378779167858
New Mexico,18-49 Years,845538,2025-12-27,19.1972020672373
New Mexico,18-49 Years,845538,2026-01-03,19.4749265859634
New Mexico,18-49 Years,845538,2026-01-10,19.8820983968096
New Mexico,18-49 Years,845538,2026-01-17,20.0986551346315
New Mexico,18-49 Years,845538,2026-01-24,20.3466382870871
New Mexico,18-49 Years,845538,2026-01-31,20.5786974092599
New Mexico,18-49 Years,845538,2026-02-07,21.0870444249493
New Mexico,18-49 Years,845538,2026-02-14,21.3122765123604
New Mexico,18-49 Years,845538,2026-02-21,21.5075271408307
New Mexico,18-49 Years,845538,2026-02-28,21.677936211294
New Mexico,18-49 Years,845538,2026-03-07,22.0015812622825
New Mexico,18-49 Years,845538,2026-03-14,22.1629152237719
New Mexico,18-49 Years,845538,2026-03-21,22.3298962380263
New Mexico,18-49 Years,845538,2026-03-28,22.4936778222827
New Mexico,18-49 Years,845538,2026-04-04,22.6517320258629
New Mexico,18-49 Years,845538,2026-04-11,22.8833723108655
New Mexico,18-49 Years,845538,2026-04-18,22.9313440593788
New Mexico,18-49 Years,845538,2026-04-25,22.945
New Mexico,18-49 Years,845538,2026-05-02,22.945
New Mexico,18-49 Years,845538,2026-05-09,22.945
New Mexico,18-49 Years,845538,2026-05-16,22.945
New Mexico,18-49 Years,845538,2026-05-23,22.945
New Mexico,18-49 Years,845538,2026-05-30,22.945
New Mexico,18-49 Years,845538,2026-06-06,22.945
New Mexico,18-49 Years,845538,2026-06-13,22.945
New Mexico,50-64 Years,386726,2025-08-16,0.789336204088387
New Mexico,50-64 Years,386726,2025-08-23,0.789336204088387
New Mexico,50-64 Years,386726,2025-08-30,0.789336204088387
New Mexico,50-64 Years,386726,2025-09-06,0.789336204088387
New Mexico,50-64 Years,386726,2025-09-13,1.04504521787602
New Mexico,50-64 Years,386726,2025-09-20,1.1749677249092
New Mexico,50-64 Years,386726,2025-09-27,1.69821871565067
New Mexico,50-64 Years,386726,2025-10-04,3.17993020218846
New Mexico,50-64 Years,386726,2025-10-11,4.39358996907821
New Mexico,50-64 Years,386726,2025-10-18,6.13765032543829
New Mexico,50-64 Years,386726,2025-10-25,8.40088175720744
New Mexico,50-64 Years,386726,2025-11-01,11.1667690808904
New Mexico,50-64 Years,386726,2025-11-08,16.5882446474947
New Mexico,50-64 Years,386726,2025-11-15,18.854253376248
New Mexico,50-64 Years,386726,2025-11-22,20.7097565337344
New Mexico,50-64 Years,386726,2025-11-29,22.1834233097685
New Mexico,50-64 Years,386726,2025-12-06,24.6752208456972
New Mexico,50-64 Years,386726,2025-12-13,25.5281893177646
New Mexico,50-64 Years,386726,2025-12-20,26.0996898504496
New Mexico,50-64 Years,386726,2025-12-27,26.4711008742207
New Mexico,50-64 Years,386726,2026-01-03,26.8622298745151
New Mexico,50-64 Years,386726,2026-01-10,27.4369671196802
New Mexico,50-64 Years,386726,2026-01-17,27.6786109824567
New Mexico,50-64 Years,386726,2026-01-24,27.913784444235
New Mexico,50-64 Years,386726,2026-01-31,28.1084732737954
New Mexico,50-64 Years,386726,2026-02-07,28.5440531856778
New Mexico,50-64 Years,386726,2026-02-14,28.7593804637589
New Mexico,50-64 Years,386726,2026-02-21,28.973431929267
New Mexico,50-64 Years,386726,2026-02-28,29.1705738321119
New Mexico,50-64 Years,386726,2026-03-07,29.4967294692214
New Mexico,50-64 Years,386726,2026-03-14,29.5903220305982
New Mexico,50-64 Years,386726,2026-03-21,29.6308539889346
New Mexico,50-64 Years,386726,2026-03-28,29.6369513296449
New Mexico,50-64 Years,386726,2026-04-04,29.6543442962963
New Mexico,50-64 Years,386726,2026-04-11,29.6973771851852
New Mexico,50-64 Years,386726,2026-04-18,29.7909925925926
New Mexico,50-64 Years,386726,2026-04-25,29.9540645925926
New Mexico,50-64 Years,386726,2026-05-02,30.1450702222222
New Mexico,50-64 Years,386726,2026-05-09,30.5167122962963
New Mexico,50-64 Years,386726,2026-05-16,30.6310968888889
New Mexico,50-64 Years,386726,2026-05-23,30.6760248888889
New Mexico,50-64 Years,386726,2026-05-30,30.678674962963
New Mexico,50-64 Years,386726,2026-06-06,30.68
New Mexico,50-64 Years,386726,2026-06-13,30.68
New Mexico,65+ Years,389911,2025-08-16,0.844269345501785
New Mexico,65+ Years,389911,2025-08-23,0.844269345501785
New Mexico,65+ Years,389911,2025-08-30,0.844269345501785
New Mexico,65+ Years,389911,2025-09-06,0.844269345501785
New Mexico,65+ Years,389911,2025-09-13,1.56547724770898
New Mexico,65+ Years,389911,2025-09-20,2.67210591642196
New Mexico,65+ Years,389911,2025-09-27,4.44922355029228
New Mexico,65+ Years,389911,2025-10-04,8.78531439907302
New Mexico,65+ Years,389911,2025-10-11,11.7011096643104
New Mexico,65+ Years,389911,2025-10-18,15.3542539420825
New Mexico,65+ Years,389911,2025-10-25,19.7029185506798
New Mexico,65+ Years,389911,2025-11-01,24.900786105312
New Mexico,65+ Years,389911,2025-11-08,35.0991293338272
New Mexico,65+ Years,389911,2025-11-15,39.7227737090403
New Mexico,65+ Years,389911,2025-11-22,43.9371617470534
New Mexico,65+ Years,389911,2025-11-29,47.5996489028631
New Mexico,65+ Years,389911,2025-12-06,53.7892751193034
New Mexico,65+ Years,389911,2025-12-13,55.7670360602871
New Mexico,65+ Years,389911,2025-12-20,56.8904535359677
New Mexico,65+ Years,389911,2025-12-27,57.4362386045211
New Mexico,65+ Years,389911,2026-01-03,58.0973595537648
New Mexico,65+ Years,389911,2026-01-10,59.1573345675464
New Mexico,65+ Years,389911,2026-01-17,59.9644021555465
New Mexico,65+ Years,389911,2026-01-24,61.0705264855779
New Mexico,65+ Years,389911,2026-01-31,62.2497722997493
New Mexico,65+ Years,389911,2026-02-07,64.7934562192264
New Mexico,65+ Years,389911,2026-02-14,65.8683400446719
New Mexico,65+ Years,389911,2026-02-21,66.7045890700943
New Mexico,65+ Years,389911,2026-02-28,67.3326214687117
New Mexico,65+ Years,389911,2026-03-07,68.402841262506
New Mexico,65+ Years,389911,2026-03-14,68.7944487189162
New Mexico,65+ Years,389911,2026-03-21,69.0881143928886
New Mexico,65+ Years,389911,2026-03-28,69.3154081872003
New Mexico,65+ Years,389911,2026-04-04,69.6098143733889
New Mexico,65+ Years,389911,2026-04-11,70.1064994132879
New Mexico,65+ Years,389911,2026-04-18,70.4196091552284
New Mexico,65+ Years,389911,2026-04-25,70.8219651896987
New Mexico,65+ Years,389911,2026-05-02,71.2704269523928
New Mexico,65+ Years,389911,2026-05-09,72.3866581677836
New Mexico,65+ Years,389911,2026-05-16,73.0664399080784
New Mexico,65+ Years,389911,2026-05-23,73.8587010253175
New Mexico,65+ Years,389911,2026-05-30,74.7736840099061
New Mexico,65+ Years,389911,2026-06-06,76.7886703451458
New Mexico,65+ Years,389911,2026-06-13,77.9294072269647
New York,6 Months - 4 Years,997839,2025-08-16,2.96447374817133
New York,6 Months - 4 Years,997839,2025-08-23,2.96447374817133
New York,6 Months - 4 Years,997839,2025-08-30,2.96447374817133
New York,6 Months - 4 Years,997839,2025-09-06,2.96447374817133
New York,6 Months - 4 Years,997839,2025-09-13,4.53191052056302
New York,6 Months - 4 Years,997839,2025-09-20,6.30293835319366
New York,6 Months - 4 Years,997839,2025-09-27,8.17590149139864
New York,6 Months - 4 Years,997839,2025-10-04,12.067129718422
New York,6 Months - 4 Years,997839,2025-10-11,14.1844545515006
New York,6 Months - 4 Years,997839,2025-10-18,16.4768397547824
New York,6 Months - 4 Years,997839,2025-10-25,18.8971908131572
New York,6 Months - 4 Years,997839,2025-11-01,21.5862093313976
New York,6 Months - 4 Years,997839,2025-11-08,26.4231562105921
New York,6 Months - 4 Years,997839,2025-11-15,28.3110361722437
New York,6 Months - 4 Years,997839,2025-11-22,29.8563638468286
New York,6 Months - 4 Years,997839,2025-11-29,31.1394234563003
New York,6 Months - 4 Years,997839,2025-12-06,33.5220231939759
New York,6 Months - 4 Years,997839,2025-12-13,34.6389897621971
New York,6 Months - 4 Years,997839,2025-12-20,35.7401813532893
New York,6 Months - 4 Years,997839,2025-12-27,36.8024569140932
New York,6 Months - 4 Years,997839,2026-01-03,37.931310346704
New York,6 Months - 4 Years,997839,2026-01-10,39.6775165302436
New York,6 Months - 4 Years,997839,2026-01-17,40.2221762198883
New York,6 Months - 4 Years,997839,2026-01-24,40.592675346171
New York,6 Months - 4 Years,997839,2026-01-31,40.8253173968295
New York,6 Months - 4 Years,997839,2026-02-07,41.3757572352285
New York,6 Months - 4 Years,997839,2026-02-14,41.6934651109774
New York,6 Months - 4 Years,997839,2026-02-21,42.0710890897902
New York,6 Months - 4 Years,997839,2026-02-28,42.4936963632634
New York,6 Months - 4 Years,997839,2026-03-07,43.3418095313196
New York,6 Months - 4 Years,997839,2026-03-14,43.7355369607425
New York,6 Months - 4 Years,997839,2026-03-21,44.0842708180002
New York,6 Months - 4 Years,997839,2026-03-28,44.3894347184903
New York,6 Months - 4 Years,997839,2026-04-04,44.7413830626957
New York,6 Months - 4 Years,997839,2026-04-11,45.3089594449902
New York,6 Months - 4 Years,997839,2026-04-18,45.5610664451522
New York,6 Months - 4 Years,997839,2026-04-25,45.7997257102481
New York,6 Months - 4 Years,997839,2026-05-02,45.9748781751026
New York,6 Months - 4 Years,997839,2026-05-09,46.2964089375835
New York,6 Months - 4 Years,997839,2026-05-16,46.3781302691503
New York,6 Months - 4 Years,997839,2026-05-23,46.4075559792495
New York,6 Months - 4 Years,997839,2026-05-30,46.4091853264165
New York,6 Months - 4 Years,997839,2026-06-06,46.41
New York,6 Months - 4 Years,997839,2026-06-13,46.41
New York,5-12 Years,1765289,2025-08-16,2.50498423394586
New York,5-12 Years,1765289,2025-08-23,2.50498423394586
New York,5-12 Years,1765289,2025-08-30,2.50498423394586
New York,5-12 Years,1765289,2025-09-06,2.50498423394586
New York,5-12 Years,1765289,2025-09-13,3.99545041150823
New York,5-12 Years,1765289,2025-09-20,5.84661440931584
New York,5-12 Years,1765289,2025-09-27,7.78773154353995
New York,5-12 Years,1765289,2025-10-04,11.7993080593127
New York,5-12 Years,1765289,2025-10-11,13.9569334949029
New York,5-12 Years,1765289,2025-10-18,16.268495189221
New York,5-12 Years,1765289,2025-10-25,18.6927802509301
New York,5-12 Years,1765289,2025-11-01,21.3917276789298
New York,5-12 Years,1765289,2025-11-08,26.2918974420516
New York,5-12 Years,1765289,2025-11-15,28.2838994323914
New York,5-12 Years,1765289,2025-11-22,29.9878564449469
New York,5-12 Years,1765289,2025-11-29,31.4365604192778
New York,5-12 Years,1765289,2025-12-06,34.0336281382593
New York,5-12 Years,1765289,2025-12-13,35.0914838647376
New York,5-12 Years,1765289,2025-12-20,35.9781387595124
New York,5-12 Years,1765289,2025-12-27,36.7221609717098
New York,5-12 Years,1765289,2026-01-03,37.5223664052859
New York,5-12 Years,1765289,2026-01-10,38.7453542643612
New York,5-12 Years,1765289,2026-01-17,39.1961770018649
New York,5-12 Years,1765289,2026-01-24,39.5763192561522
New York,5-12 Years,1765289,2026-01-31,39.85822595218
New York,5-12 Years,1765289,2026-02-07,40.4886257090628
New York,5-12 Years,1765289,2026-02-14,40.7964945937118
New York,5-12 Years,1765289,2026-02-21,41.1074338596531
New York,5-12 Years,1765289,2026-02-28,41.4106638846671
New York,5-12 Years,1765289,2026-03-07,41.9700016630209
New York,5-12 Years,1765289,2026-03-14,42.2009407112734
New York,5-12 Years,1765289,2026-03-21,42.3895088825182
New York,5-12 Years,1765289,2026-03-28,42.5380316669989
New York,5-12 Years,1765289,2026-04-04,42.6730351563756
New York,5-12 Years,1765289,2026-04-11,42.8556136463171
New York,5-12 Years,1765289,2026-04-18,42.8904383244204
New York,5-12 Years,1765289,2026-04-25,42.9
New York,5-12 Years,1765289,2026-05-02,42.9
New York,5-12 Years,1765289,2026-05-09,42.9035826435093
New York,5-12 Years,1765289,2026-05-16,42.9162583608428
New York,5-12 Years,1765289,2026-05-23,42.94532408429
New York,5-12 Years,1765289,2026-05-30,42.9946741960797
New York,5-12 Years,1765289,2026-06-06,43.1227474286711
New York,5-12 Years,1765289,2026-06-13,43.20284040427
New York,13-17 Years,1114730,2025-08-16,2.6655941878965
New York,13-17 Years,1114730,2025-08-23,2.6655941878965
New York,13-17 Years,1114730,2025-08-30,2.6655941878965
New York,13-17 Years,1114730,2025-09-06,2.6655941878965
New York,13-17 Years,1114730,2025-09-13,3.9266779549535
New York,13-17 Years,1114730,2025-09-20,5.20289837259326
New York,13-17 Years,1114730,2025-09-27,6.5802587707087
New York,13-17 Years,1114730,2025-10-04,9.47573941772276
New York,13-17 Years,1114730,2025-10-11,11.0706873298551
New York,13-17 Years,1114730,2025-10-18,12.8077508422239
New York,13-17 Years,1114730,2025-10-25,14.6605785184243
New York,13-17 Years,1114730,2025-11-01,16.7577083772031
New York,13-17 Years,1114730,2025-11-08,20.6520286676605
New York,13-17 Years,1114730,2025-11-15,22.3060335315371
New York,13-17 Years,1114730,2025-11-22,23.7769412535049
New York,13-17 Years,1114730,2025-11-29,25.0830029518396
New York,13-17 Years,1114730,2025-12-06,27.5076262708095
New York,13-17 Years,1114730,2025-12-13,28.5770219115635
New York,13-17 Years,1114730,2025-12-20,29.5443681879066
New York,13-17 Years,1114730,2025-12-27,30.4139784921903
New York,13-17 Years,1114730,2026-01-03,31.3660666551822
New York,13-17 Years,1114730,2026-01-10,32.8534946902803
New York,13-17 Years,1114730,2026-01-17,33.4108656786302
New York,13-17 Years,1114730,2026-01-24,33.8764176800811
New York,13-17 Years,1114730,2026-01-31,34.2007971243295
New York,13-17 Years,1114730,2026-02-07,34.8437870970257
New York,13-17 Years,1114730,2026-02-14,35.0597851394795
New York,13-17 Years,1114730,2026-02-21,35.2045354721984
New York,13-17 Years,1114730,2026-02-28,35.3024078402349
New York,13-17 Years,1114730,2026-03-07,35.473750881934
New York,13-17 Years,1114730,2026-03-14,35.5497584835793
New York,13-17 Years,1114730,2026-03-21,35.6252865327537
New York,13-17 Years,1114730,2026-03-28,35.7033019383875
New York,13-17 Years,1114730,2026-04-04,35.8138902202956
New York,13-17 Years,1114730,2026-04-11,36.0142600811845
New York,13-17 Years,1114730,2026-04-18,36.1432003357673
New York,13-17 Years,1114730,2026-04-25,36.2982345835304
New York,13-17 Years,1114730,2026-05-02,36.4436502423362
New York,13-17 Years,1114730,2026-05-09,36.7390305483298
New York,13-17 Years,1114730,2026-05-16,36.8460743976323
New York,13-17 Years,1114730,2026-05-23,36.9162417594029
New York,13-17 Years,1114730,2026-05-30,36.9591892586316
New York,13-17 Years,1114730,2026-06-06,37.023862788202
New York,13-17 Years,1114730,2026-06-13,37.0357397635329
New York,6 Months - 17 Years,3877858,2025-08-16,2.6444734270117
New York,6 Months - 17 Years,3877858,2025-08-23,2.6444734270117
New York,6 Months - 17 Years,3877858,2025-08-30,2.6444734270117
New York,6 Months - 17 Years,3877858,2025-09-06,2.6444734270117
New York,6 Months - 17 Years,3877858,2025-09-13,4.08111745083659
New York,6 Months - 17 Years,3877858,2025-09-20,5.74320715304186
New York,6 Months - 17 Years,3877858,2025-09-27,7.49978672587158
New York,6 Months - 17 Years,3877858,2025-10-04,11.1475260853857
New York,6 Months - 17 Years,3877858,2025-10-11,13.1241933776662
New York,6 Months - 17 Years,3877858,2025-10-18,15.2537006036265
New York,6 Months - 17 Years,3877858,2025-10-25,17.4984749297571
New York,6 Months - 17 Years,3877858,2025-11-01,20.0068341932714
New York,6 Months - 17 Years,3877858,2025-11-08,24.5785148305834
New York,6 Months - 17 Years,3877858,2025-11-15,26.4430500151773
New York,6 Months - 17 Years,3877858,2025-11-22,28.0411744486655
New York,6 Months - 17 Years,3877858,2025-11-29,29.4112889673007
New York,6 Months - 17 Years,3877858,2025-12-06,31.9128964978832
New York,6 Months - 17 Years,3877858,2025-12-13,32.9898632039722
New York,6 Months - 17 Years,3877858,2025-12-20,33.9499610487016
New York,6 Months - 17 Years,3877858,2025-12-27,34.802256477805
New York,6 Months - 17 Years,3877858,2026-01-03,35.7200422625181
New York,6 Months - 17 Years,3877858,2026-01-10,37.1346309004818
New York,6 Months - 17 Years,3877858,2026-01-17,37.6354538380589
New York,6 Months - 17 Years,3877858,2026-01-24,38.0361262973653
New York,6 Months - 17 Years,3877858,2026-01-31,38.3181463240843
New York,6 Months - 17 Years,3877858,2026-02-07,38.9366036414656
New York,6 Months - 17 Years,3877858,2026-02-14,39.2220747179737
New York,6 Months - 17 Years,3877858,2026-02-21,39.4985319161748
New York,6 Months - 17 Years,3877858,2026-02-28,39.7618235365941
New York,6 Months - 17 Years,3877858,2026-03-07,40.2488739283717
New York,6 Months - 17 Years,3877858,2026-03-14,40.452288056384
New York,6 Months - 17 Years,3877858,2026-03-21,40.6221378411161
New York,6 Months - 17 Years,3877858,2026-03-28,40.7642613162929
New York,6 Months - 17 Years,3877858,2026-04-04,40.9257201924287
New York,6 Months - 17 Years,3877858,2026-04-11,41.181258590568
New York,6 Months - 17 Years,3877858,2026-04-18,41.2925347984789
New York,6 Months - 17 Years,3877858,2026-04-25,41.3992526853479
New York,6 Months - 17 Years,3877858,2026-05-02,41.4845823824996
New York,6 Months - 17 Years,3877858,2026-05-09,41.6651236252499
New York,6 Months - 17 Years,3877858,2026-05-16,41.7398247700688
New York,6 Months - 17 Years,3877858,2026-05-23,41.8024456924496
New York,6 Months - 17 Years,3877858,2026-05-30,41.8544335131494
New York,6 Months - 17 Years,3877858,2026-06-06,41.9438855381116
New York,6 Months - 17 Years,3877858,2026-06-13,41.973971473591
New York,18-49 Years,8119092,2025-08-16,0.719624064522755
New York,18-49 Years,8119092,2025-08-23,0.719624064522755
New York,18-49 Years,8119092,2025-08-30,0.719624064522755
New York,18-49 Years,8119092,2025-09-06,0.719624064522755
New York,18-49 Years,8119092,2025-09-13,1.07982071458357
New York,18-49 Years,8119092,2025-09-20,1.47029149994077
New York,18-49 Years,8119092,2025-09-27,2.02964101439125
New York,18-49 Years,8119092,2025-10-04,3.35120932131095
New York,18-49 Years,8119092,2025-10-11,4.21127735074714
New York,18-49 Years,8119092,2025-10-18,5.26807851184742
New York,18-49 Years,8119092,2025-10-25,6.50394366748907
New York,18-49 Years,8119092,2025-11-01,7.95801847272396
New York,18-49 Years,8119092,2025-11-08,10.7387508642737
New York,18-49 Years,8119092,2025-11-15,11.9157323846644
New York,18-49 Years,8119092,2025-11-22,12.9265898922182
New York,18-49 Years,8119092,2025-11-29,13.7884079715941
New York,18-49 Years,8119092,2025-12-06,15.3499822542771
New York,18-49 Years,8119092,2025-12-13,15.9971502181742
New York,18-49 Years,8119092,2025-12-20,16.5461298609394
New York,18-49 Years,8119092,2025-12-27,17.0138287782144
New York,18-49 Years,8119092,2026-01-03,17.5347352610592
New York,18-49 Years,8119092,2026-01-10,18.349823976701
New York,18-49 Years,8119092,2026-01-17,18.6794678032141
New York,18-49 Years,8119092,2026-01-24,18.9790744425808
New York,18-49 Years,8119092,2026-01-31,19.2141076857928
New York,18-49 Years,8119092,2026-02-07,19.7309596915093
New York,18-49 Years,8119092,2026-02-14,19.9675524255507
New York,18-49 Years,8119092,2026-02-21,20.1898714006343
New York,18-49 Years,8119092,2026-02-28,20.398255869342
New York,18-49 Years,8119092,2026-03-07,20.7927769883317
New York,18-49 Years,8119092,2026-03-14,20.9740428423051
New York,18-49 Years,8119092,2026-03-21,21.143969570099
New York,18-49 Years,8119092,2026-03-28,21.300651513577
New York,18-49 Years,8119092,2026-04-04,21.4673794529798
New York,18-49 Years,8119092,2026-04-11,21.7239912657351
New York,18-49 Years,8119092,2026-04-18,21.8066778218019
New York,18-49 Years,8119092,2026-04-25,21.8660518454841
New York,18-49 Years,8119092,2026-05-02,21.9062861289262
New York,18-49 Years,8119092,2026-05-09,22.0044472930512
New York,18-49 Years,8119092,2026-05-16,22.0638277861148
New York,18-49 Years,8119092,2026-05-23,22.1372339862552
New York,18-49 Years,8119092,2026-05-30,22.2251534597572
New York,18-49 Years,8119092,2026-06-06,22.4190941813844
New York,18-49 Years,8119092,2026-06-13,22.5289429181522
New York,50-64 Years,3834831,2025-08-16,0.819613776585549
New York,50-64 Years,3834831,2025-08-23,0.819613776585549
New York,50-64 Years,3834831,2025-08-30,0.819613776585549
New York,50-64 Years,3834831,2025-09-06,0.819613776585549
New York,50-64 Years,3834831,2025-09-13,1.27839030322629
New York,50-64 Years,3834831,2025-09-20,1.82916058388009
New York,50-64 Years,3834831,2025-09-27,2.72125335861683
New York,50-64 Years,3834831,2025-10-04,4.90346094615056
New York,50-64 Years,3834831,2025-10-11,6.39826072923425
New York,50-64 Years,3834831,2025-10-18,8.30288748888819
New York,50-64 Years,3834831,2025-10-25,10.5738287759154
New York,50-64 Years,3834831,2025-11-01,13.2314024055988
New York,50-64 Years,3834831,2025-11-08,18.2198567189508
New York,50-64 Years,3834831,2025-11-15,20.1829983155644
New York,50-64 Years,3834831,2025-11-22,21.7284592958217
New York,50-64 Years,3834831,2025-11-29,22.9398176877216
New York,50-64 Years,3834831,2025-12-06,25.0924359624039
New York,50-64 Years,3834831,2025-12-13,25.9744199800237
New York,50-64 Years,3834831,2025-12-20,26.73138757209
New York,50-64 Years,3834831,2025-12-27,27.3911149092521
New York,50-64 Years,3834831,2026-01-03,28.1538342303375
New York,50-64 Years,3834831,2026-01-10,29.3759100212552
New York,50-64 Years,3834831,2026-01-17,29.9193302163628
New York,50-64 Years,3834831,2026-01-24,30.4495156615381
New York,50-64 Years,3834831,2026-01-31,30.8861166323312
New York,50-64 Years,3834831,2026-02-07,31.8283410923647
New York,50-64 Years,3834831,2026-02-14,32.236618766536
New York,50-64 Years,3834831,2026-02-21,32.5931793278594
New York,50-64 Years,3834831,2026-02-28,32.9025591732463
New York,50-64 Years,3834831,2026-03-07,33.460624525139
New York,50-64 Years,3834831,2026-03-14,33.6893994985983
New York,50-64 Years,3834831,2026-03-21,33.8816971082235
New York,50-64 Years,3834831,2026-03-28,34.045767386143
New York,50-64 Years,3834831,2026-04-04,34.2414945505527
New York,50-64 Years,3834831,2026-04-11,34.5614307496528
New York,50-64 Years,3834831,2026-04-18,34.7227021415062
New York,50-64 Years,3834831,2026-04-25,34.890596639821
New York,50-64 Years,3834831,2026-05-02,35.0235643333333
New York,50-64 Years,3834831,2026-05-09,35.2697805234899
New York,50-64 Years,3834831,2026-05-16,35.3343749932886
New York,50-64 Years,3834831,2026-05-23,35.3580121342282
New York,50-64 Years,3834831,2026-05-30,35.3593373780761
New York,50-64 Years,3834831,2026-06-06,35.36
New York,50-64 Years,3834831,2026-06-13,35.36
New York,65+ Years,3369569,2025-08-16,1.67842780087603
New York,65+ Years,3369569,2025-08-23,1.67842780087603
New York,65+ Years,3369569,2025-08-30,1.67842780087603
New York,65+ Years,3369569,2025-09-06,1.67842780087603
New York,65+ Years,3369569,2025-09-13,2.92836937511142
New York,65+ Years,3369569,2025-09-20,4.72418810109702
New York,65+ Years,3369569,2025-09-27,7.11963259426254
New York,65+ Years,3369569,2025-10-04,12.6491994311856
New York,65+ Years,3369569,2025-10-11,16.1775209783335
New York,65+ Years,3369569,2025-10-18,20.4715099640407
New York,65+ Years,3369569,2025-10-25,25.4250453933974
New York,65+ Years,3369569,2025-11-01,31.1323669756385
New York,65+ Years,3369569,2025-11-08,41.7177080011693
New York,65+ Years,3369569,2025-11-15,45.8878256774634
New York,65+ Years,3369569,2025-11-22,49.2162022048594
New York,65+ Years,3369569,2025-11-29,51.8379374238328
New York,65+ Years,3369569,2025-12-06,56.3772892701986
New York,65+ Years,3369569,2025-12-13,58.0839017701227
New York,65+ Years,3369569,2025-12-20,59.4019194430265
New York,65+ Years,3369569,2025-12-27,60.4331274296402
New York,65+ Years,3369569,2026-01-03,61.6034414044675
New York,65+ Years,3369569,2026-01-10,63.4384745751342
New York,65+ Years,3369569,2026-01-17,64.2829659605628
New York,65+ Years,3369569,2026-01-24,65.1395698517721
New York,65+ Years,3369569,2026-01-31,65.8632853311569
New York,65+ Years,3369569,2026-02-07,67.4193089667889
New York,65+ Years,3369569,2026-02-14,68.0883262142288
New York,65+ Years,3369569,2026-02-21,68.6636976122673
New York,65+ Years,3369569,2026-02-28,69.1497948346887
New York,65+ Years,3369569,2026-03-07,69.9976465209846
New York,65+ Years,3369569,2026-03-14,70.312433393253
New York,65+ Years,3369569,2026-03-21,70.5465016390344
New York,65+ Years,3369569,2026-03-28,70.7230102801355
New York,65+ Years,3369569,2026-04-04,70.9381660973062
New York,65+ Years,3369569,2026-04-11,71.2885858603113
New York,65+ Years,3369569,2026-04-18,71.4829707408684
New York,65+ Years,3369569,2026-04-25,71.7113199276512
New York,65+ Years,3369569,2026-05-02,71.9425095140363
New York,65+ Years,3369569,2026-05-09,72.4938582123247
New York,65+ Years,3369569,2026-05-16,72.7972943575473
New York,65+ Years,3369569,2026-05-23,73.1230109754968
New York,65+ Years,3369569,2026-05-30,73.4722365150942
New York,65+ Years,3369569,2026-06-06,74.2073430342806
New York,65+ Years,3369569,2026-06-13,74.6033479381008
North Carolina,6 Months - 4 Years,547666,2025-08-16,3.75440358768039
North Carolina,6 Months - 4 Years,547666,2025-08-23,3.75440358768039
North Carolina,6 Months - 4 Years,547666,2025-08-30,3.75440358768039
North Carolina,6 Months - 4 Years,547666,2025-09-06,3.75440358768039
North Carolina,6 Months - 4 Years,547666,2025-09-13,5.35000160768803
North Carolina,6 Months - 4 Years,547666,2025-09-20,6.75975697598752
North Carolina,6 Months - 4 Years,547666,2025-09-27,8.27784231677455
North Carolina,6 Months - 4 Years,547666,2025-10-04,11.4655135670511
North Carolina,6 Months - 4 Years,547666,2025-10-11,13.2310888198252
North Carolina,6 Months - 4 Years,547666,2025-10-18,15.1692659872234
North Carolina,6 Months - 4 Years,547666,2025-10-25,17.238676682293
North Carolina,6 Months - 4 Years,547666,2025-11-01,19.5495776750055
North Carolina,6 Months - 4 Years,547666,2025-11-08,23.7248528173403
North Carolina,6 Months - 4 Years,547666,2025-11-15,25.3558971424319
North Carolina,6 Months - 4 Years,547666,2025-11-22,26.6866160184277
North Carolina,6 Months - 4 Years,547666,2025-11-29,27.7894530025071
North Carolina,6 Months - 4 Years,547666,2025-12-06,29.8480280801802
North Carolina,6 Months - 4 Years,547666,2025-12-13,30.8363856692023
North Carolina,6 Months - 4 Years,547666,2025-12-20,31.8342149194814
North Carolina,6 Months - 4 Years,547666,2025-12-27,32.8083375272982
North Carolina,6 Months - 4 Years,547666,2026-01-03,33.8108516976906
North Carolina,6 Months - 4 Years,547666,2026-01-10,35.3362053075245
North Carolina,6 Months - 4 Years,547666,2026-01-17,35.7572577764537
North Carolina,6 Months - 4 Years,547666,2026-01-24,35.9974173418049
North Carolina,6 Months - 4 Years,547666,2026-01-31,36.1220026017181
North Carolina,6 Months - 4 Years,547666,2026-02-07,36.4114728324043
North Carolina,6 Months - 4 Years,547666,2026-02-14,36.5677154993619
North Carolina,6 Months - 4 Years,547666,2026-02-21,36.7497945998014
North Carolina,6 Months - 4 Years,547666,2026-02-28,36.9615805067896
North Carolina,6 Months - 4 Years,547666,2026-03-07,37.433875411402
North Carolina,6 Months - 4 Years,547666,2026-03-14,37.7450467406216
North Carolina,6 Months - 4 Years,547666,2026-03-21,38.1336370060698
North Carolina,6 Months - 4 Years,547666,2026-03-28,38.5752957256026
North Carolina,6 Months - 4 Years,547666,2026-04-04,39.0586638550534
North Carolina,6 Months - 4 Years,547666,2026-04-11,39.8457679952249
North Carolina,6 Months - 4 Years,547666,2026-04-18,40.076440640933
North Carolina,6 Months - 4 Years,547666,2026-04-25,40.2068607150348
North Carolina,6 Months - 4 Years,547666,2026-05-02,40.2685274162239
North Carolina,6 Months - 4 Years,547666,2026-05-09,40.3916032040691
North Carolina,6 Months - 4 Years,547666,2026-05-16,40.435736691022
North Carolina,6 Months - 4 Years,547666,2026-05-23,40.4707911079784
North Carolina,6 Months - 4 Years,547666,2026-05-30,40.4985001238337
North Carolina,6 Months - 4 Years,547666,2026-06-06,40.5416823341344
North Carolina,6 Months - 4 Years,547666,2026-06-13,40.5497186286866
North Carolina,5-12 Years,1028164,2025-08-16,2.32149672756419
North Carolina,5-12 Years,1028164,2025-08-23,2.32149672756419
North Carolina,5-12 Years,1028164,2025-08-30,2.32149672756419
North Carolina,5-12 Years,1028164,2025-09-06,2.32149672756419
North Carolina,5-12 Years,1028164,2025-09-13,3.24111864723275
North Carolina,5-12 Years,1028164,2025-09-20,3.97570029460303
North Carolina,5-12 Years,1028164,2025-09-27,5.01528176662971
North Carolina,5-12 Years,1028164,2025-10-04,7.46228964722336
North Carolina,5-12 Years,1028164,2025-10-11,9.0507706857336
North Carolina,5-12 Years,1028164,2025-10-18,11.0008196266101
North Carolina,5-12 Years,1028164,2025-10-25,13.2764804947893
North Carolina,5-12 Years,1028164,2025-11-01,15.9429842823191
North Carolina,5-12 Years,1028164,2025-11-08,21.01544301721
North Carolina,5-12 Years,1028164,2025-11-15,23.1413718730544
North Carolina,5-12 Years,1028164,2025-11-22,24.948446740828
North Carolina,5-12 Years,1028164,2025-11-29,26.4616603816059
North Carolina,5-12 Years,1028164,2025-12-06,29.1392089976682
North Carolina,5-12 Years,1028164,2025-12-13,30.1888500173171
North Carolina,5-12 Years,1028164,2025-12-20,31.0283923521158
North Carolina,5-12 Years,1028164,2025-12-27,31.6949108024894
North Carolina,5-12 Years,1028164,2026-01-03,32.373398718011
North Carolina,5-12 Years,1028164,2026-01-10,33.3680149530129
North Carolina,5-12 Years,1028164,2026-01-17,33.6900648463923
North Carolina,5-12 Years,1028164,2026-01-24,33.9325280173103
North Carolina,5-12 Years,1028164,2026-01-31,34.0932292856436
North Carolina,5-12 Years,1028164,2026-02-07,34.4378536432341
North Carolina,5-12 Years,1028164,2026-02-14,34.5855010876816
North Carolina,5-12 Years,1028164,2026-02-21,34.7209707140431
North Carolina,5-12 Years,1028164,2026-02-28,34.8486506688041
North Carolina,5-12 Years,1028164,2026-03-07,35.0986716407613
North Carolina,5-12 Years,1028164,2026-03-14,35.2266699084531
North Carolina,5-12 Years,1028164,2026-03-21,35.3620139699526
North Carolina,5-12 Years,1028164,2026-03-28,35.5033909124492
North Carolina,5-12 Years,1028164,2026-04-04,35.6771624540649
North Carolina,5-12 Years,1028164,2026-04-11,35.9719650887204
North Carolina,5-12 Years,1028164,2026-04-18,36.104234766952
North Carolina,5-12 Years,1028164,2026-04-25,36.2287451083852
North Carolina,5-12 Years,1028164,2026-05-02,36.3255690278442
North Carolina,5-12 Years,1028164,2026-05-09,36.5238503074351
North Carolina,5-12 Years,1028164,2026-05-16,36.5989592712641
North Carolina,5-12 Years,1028164,2026-05-23,36.6557690650895
North Carolina,5-12 Years,1028164,2026-05-30,36.6976109867912
North Carolina,5-12 Years,1028164,2026-06-06,36.7625235012016
North Carolina,5-12 Years,1028164,2026-06-13,36.7745779430298
North Carolina,13-17 Years,671392,2025-08-16,2.84725394031602
North Carolina,13-17 Years,671392,2025-08-23,2.84725394031602
North Carolina,13-17 Years,671392,2025-08-30,2.84725394031602
North Carolina,13-17 Years,671392,2025-09-06,2.84725394031602
North Carolina,13-17 Years,671392,2025-09-13,4.05547939806154
North Carolina,13-17 Years,671392,2025-09-20,5.12025215725107
North Carolina,13-17 Years,671392,2025-09-27,6.25977479143524
North Carolina,13-17 Years,671392,2025-10-04,8.64362079812875
North Carolina,13-17 Years,671392,2025-10-11,9.94364887340664
North Carolina,13-17 Years,671392,2025-10-18,11.3469813771164
North Carolina,13-17 Years,671392,2025-10-25,12.8352531248249
North Carolina,13-17 Years,671392,2025-11-01,14.5220638020155
North Carolina,13-17 Years,671392,2025-11-08,17.6798818423661
North Carolina,13-17 Years,671392,2025-11-15,19.0691082153749
North Carolina,13-17 Years,671392,2025-11-22,20.3468233823674
North Carolina,13-17 Years,671392,2025-11-29,21.4956325453592
North Carolina,13-17 Years,671392,2025-12-06,23.5615998748384
North Carolina,13-17 Years,671392,2025-12-13,24.3793061021329
North Carolina,13-17 Years,671392,2025-12-20,25.0268378743186
North Carolina,13-17 Years,671392,2025-12-27,25.5318400656807
North Carolina,13-17 Years,671392,2026-01-03,26.0399041098619
North Carolina,13-17 Years,671392,2026-01-10,26.7776176727345
North Carolina,13-17 Years,671392,2026-01-17,27.0080827788467
North Carolina,13-17 Years,671392,2026-01-24,27.1755884534182
North Carolina,13-17 Years,671392,2026-01-31,27.2846729002552
North Carolina,13-17 Years,671392,2026-02-07,27.5282812853308
North Carolina,13-17 Years,671392,2026-02-14,27.65124708231
North Carolina,13-17 Years,671392,2026-02-21,27.7809923519714
North Carolina,13-17 Years,671392,2026-02-28,27.9064066597176
North Carolina,13-17 Years,671392,2026-03-07,28.1163395019886
North Carolina,13-17 Years,671392,2026-03-14,28.177381702306
North Carolina,13-17 Years,671392,2026-03-21,28.2039730218421
North Carolina,13-17 Years,671392,2026-03-28,28.2079910072807
North Carolina,13-17 Years,671392,2026-04-04,28.2172012387331
North Carolina,13-17 Years,671392,2026-04-11,28.2388049549322
North Carolina,13-17 Years,671392,2026-04-18,28.286636196577
North Carolina,13-17 Years,671392,2026-04-25,28.3722544867838
North Carolina,13-17 Years,671392,2026-05-02,28.4781488688731
North Carolina,13-17 Years,671392,2026-05-09,28.6986185322846
North Carolina,13-17 Years,671392,2026-05-16,28.7827041129642
North Carolina,13-17 Years,671392,2026-05-23,28.835358553742
North Carolina,13-17 Years,671392,2026-05-30,28.864389053147
North Carolina,13-17 Years,671392,2026-06-06,28.9076562409015
North Carolina,13-17 Years,671392,2026-06-13,28.91556348483
North Carolina,6 Months - 17 Years,2247222,2025-08-16,2.78955576563748
North Carolina,6 Months - 17 Years,2247222,2025-08-23,2.78955576563748
North Carolina,6 Months - 17 Years,2247222,2025-08-30,2.78955576563748
North Carolina,6 Months - 17 Years,2247222,2025-09-06,2.78955576563748
North Carolina,6 Months - 17 Years,2247222,2025-09-13,3.950331087059
North Carolina,6 Months - 17 Years,2247222,2025-09-20,4.94891740825565
North Carolina,6 Months - 17 Years,2247222,2025-09-27,6.12540298204478
North Carolina,6 Months - 17 Years,2247222,2025-10-04,8.71041621616356
North Carolina,6 Months - 17 Years,2247222,2025-10-11,10.2385206959424
North Carolina,6 Months - 17 Years,2247222,2025-10-18,11.9957219632982
North Carolina,6 Months - 17 Years,2247222,2025-10-25,13.9492147416312
North Carolina,6 Months - 17 Years,2247222,2025-11-01,16.1917291591929
North Carolina,6 Months - 17 Years,2247222,2025-11-08,20.3905989047382
North Carolina,6 Months - 17 Years,2247222,2025-11-15,22.1495137415866
North Carolina,6 Months - 17 Years,2247222,2025-11-22,23.6697091617949
North Carolina,6 Months - 17 Years,2247222,2025-11-29,24.9723363428833
North Carolina,6 Months - 17 Years,2247222,2025-12-06,27.3227087542086
North Carolina,6 Months - 17 Years,2247222,2025-12-13,28.2963605643937
North Carolina,6 Months - 17 Years,2247222,2025-12-20,29.1253266398435
North Carolina,6 Months - 17 Years,2247222,2025-12-27,29.8239513318619
North Carolina,6 Months - 17 Years,2247222,2026-01-03,30.5345364507524
North Carolina,6 Months - 17 Years,2247222,2026-01-10,31.5837905535769
North Carolina,6 Months - 17 Years,2247222,2026-01-17,31.9034586165783
North Carolina,6 Months - 17 Years,2247222,2026-01-24,32.1248171119382
North Carolina,6 Months - 17 Years,2247222,2026-01-31,32.2629973671569
North Carolina,6 Months - 17 Years,2247222,2026-02-07,32.5689391663684
North Carolina,6 Months - 17 Years,2247222,2026-02-14,32.7133317225589
North Carolina,6 Months - 17 Years,2247222,2026-02-21,32.8599932653426
North Carolina,6 Months - 17 Years,2247222,2026-02-28,33.0099977551142
North Carolina,6 Months - 17 Years,2247222,2026-03-07,33.311918268769
North Carolina,6 Months - 17 Years,2247222,2026-03-14,33.4691994455058
North Carolina,6 Months - 17 Years,2247222,2026-03-21,33.6340524964459
North Carolina,6 Months - 17 Years,2247222,2026-03-28,33.8031040404612
North Carolina,6 Months - 17 Years,2247222,2026-04-04,34.0024333182479
North Carolina,6 Months - 17 Years,2247222,2026-04-11,34.333126592524
North Carolina,6 Months - 17 Years,2247222,2026-04-18,34.4675225400229
North Carolina,6 Months - 17 Years,2247222,2026-04-25,34.5841695254945
North Carolina,6 Months - 17 Years,2247222,2026-05-02,34.6691928665809
North Carolina,6 Months - 17 Years,2247222,2026-05-09,34.8439845830618
North Carolina,6 Months - 17 Years,2247222,2026-05-16,34.9112555396783
North Carolina,6 Months - 17 Years,2247222,2026-05-23,34.9643050386122
North Carolina,6 Months - 17 Years,2247222,2026-05-30,35.0053713297747
North Carolina,6 Months - 17 Years,2247222,2026-06-06,35.0707833048333
North Carolina,6 Months - 17 Years,2247222,2026-06-13,35.0853214133422
North Carolina,18-49 Years,4326851,2025-08-16,0.682998641891239
North Carolina,18-49 Years,4326851,2025-08-23,0.682998641891239
North Carolina,18-49 Years,4326851,2025-08-30,0.682998641891239
North Carolina,18-49 Years,4326851,2025-09-06,0.682998641891239
North Carolina,18-49 Years,4326851,2025-09-13,0.884509855294448
North Carolina,18-49 Years,4326851,2025-09-20,0.954765215936827
North Carolina,18-49 Years,4326851,2025-09-27,1.23150243154079
North Carolina,18-49 Years,4326851,2025-10-04,2.02256625684474
North Carolina,18-49 Years,4326851,2025-10-11,2.70084769111572
North Carolina,18-49 Years,4326851,2025-10-18,3.71937502293532
North Carolina,18-49 Years,4326851,2025-10-25,5.08704743180952
North Carolina,18-49 Years,4326851,2025-11-01,6.7987300466692
North Carolina,18-49 Years,4326851,2025-11-08,10.249485172042
North Carolina,18-49 Years,4326851,2025-11-15,11.774010448325
North Carolina,18-49 Years,4326851,2025-11-22,13.0896401292577
North Carolina,18-49 Years,4326851,2025-11-29,14.1890540039024
North Carolina,18-49 Years,4326851,2025-12-06,16.082254820006
North Carolina,18-49 Years,4326851,2025-12-13,16.7425814315226
North Carolina,18-49 Years,4326851,2025-12-20,17.1849025472404
North Carolina,18-49 Years,4326851,2025-12-27,17.4723481261741
North Carolina,18-49 Years,4326851,2026-01-03,17.8033618963044
North Carolina,18-49 Years,4326851,2026-01-10,18.3208352525799
North Carolina,18-49 Years,4326851,2026-01-17,18.6032961185377
North Carolina,18-49 Years,4326851,2026-01-24,18.9267033073841
North Carolina,18-49 Years,4326851,2026-01-31,19.2255251637749
North Carolina,18-49 Years,4326851,2026-02-07,19.8614512124394
North Carolina,18-49 Years,4326851,2026-02-14,20.1208666570318
North Carolina,18-49 Years,4326851,2026-02-21,20.3244659459284
North Carolina,18-49 Years,4326851,2026-02-28,20.4853242012589
North Carolina,18-49 Years,4326851,2026-03-07,20.7818943847762
North Carolina,18-49 Years,4326851,2026-03-14,20.9213203145006
North Carolina,18-49 Years,4326851,2026-03-21,21.0613564193165
North Carolina,18-49 Years,4326851,2026-03-28,21.2029671125323
North Carolina,18-49 Years,4326851,2026-04-04,21.381151993425
North Carolina,18-49 Years,4326851,2026-04-11,21.6859994560094
North Carolina,18-49 Years,4326851,2026-04-18,21.8391396079686
North Carolina,18-49 Years,4326851,2026-04-25,21.9949462927249
North Carolina,18-49 Years,4326851,2026-05-02,22.1168014490845
North Carolina,18-49 Years,4326851,2026-05-09,22.3423988011457
North Carolina,18-49 Years,4326851,2026-05-16,22.4015446810944
North Carolina,18-49 Years,4326851,2026-05-23,22.4231808702107
North Carolina,18-49 Years,4326851,2026-05-30,22.4243936234036
North Carolina,18-49 Years,4326851,2026-06-06,22.425
North Carolina,18-49 Years,4326851,2026-06-13,22.425
North Carolina,50-64 Years,2055568,2025-08-16,0.611758007111973
North Carolina,50-64 Years,2055568,2025-08-23,0.611758007111973
North Carolina,50-64 Years,2055568,2025-08-30,0.611758007111973
North Carolina,50-64 Years,2055568,2025-09-06,0.611758007111973
North Carolina,50-64 Years,2055568,2025-09-13,0.937396501498047
North Carolina,50-64 Years,2055568,2025-09-20,1.3124265403578
North Carolina,50-64 Years,2055568,2025-09-27,1.98772672652343
North Carolina,50-64 Years,2055568,2025-10-04,3.68147967817661
North Carolina,50-64 Years,2055568,2025-10-11,4.8722830536224
North Carolina,50-64 Years,2055568,2025-10-18,6.41315849736693
North Carolina,50-64 Years,2055568,2025-10-25,8.27261147469908
North Carolina,50-64 Years,2055568,2025-11-01,10.4666621965552
North Carolina,50-64 Years,2055568,2025-11-08,14.6279670786623
North Carolina,50-64 Years,2055568,2025-11-15,16.302032641072
North Carolina,50-64 Years,2055568,2025-11-22,17.6467793659108
North Carolina,50-64 Years,2055568,2025-11-29,18.7124137096522
North Carolina,50-64 Years,2055568,2025-12-06,20.5706125674805
North Carolina,50-64 Years,2055568,2025-12-13,21.2758341196593
North Carolina,50-64 Years,2055568,2025-12-20,21.8231094994376
North Carolina,50-64 Years,2055568,2025-12-27,22.2563104138026
North Carolina,50-64 Years,2055568,2026-01-03,22.7749644665212
North Carolina,50-64 Years,2055568,2026-01-10,23.6148758559223
North Carolina,50-64 Years,2055568,2026-01-17,24.0512363242521
North Carolina,50-64 Years,2055568,2026-01-24,24.5341986586282
North Carolina,50-64 Years,2055568,2026-01-31,24.983664597101
North Carolina,50-64 Years,2055568,2026-02-07,25.9954855070505
North Carolina,50-64 Years,2055568,2026-02-14,26.4873150479257
North Carolina,50-64 Years,2055568,2026-02-21,26.956149031335
North Carolina,50-64 Years,2055568,2026-02-28,27.3868821308903
North Carolina,50-64 Years,2055568,2026-03-07,28.1591728450195
North Carolina,50-64 Years,2055568,2026-03-14,28.4588345827813
North Carolina,50-64 Years,2055568,2026-03-21,28.6876017974466
North Carolina,50-64 Years,2055568,2026-03-28,28.8554529456734
North Carolina,50-64 Years,2055568,2026-04-04,29.0054022643568
North Carolina,50-64 Years,2055568,2026-04-11,29.2032004478863
North Carolina,50-64 Years,2055568,2026-04-18,29.2400105317157
North Carolina,50-64 Years,2055568,2026-04-25,29.25
North Carolina,50-64 Years,2055568,2026-05-02,29.25
North Carolina,50-64 Years,2055568,2026-05-09,29.2535826435093
North Carolina,50-64 Years,2055568,2026-05-16,29.2662583608428
North Carolina,50-64 Years,2055568,2026-05-23,29.29532408429
North Carolina,50-64 Years,2055568,2026-05-30,29.3446741960797
North Carolina,50-64 Years,2055568,2026-06-06,29.4727474286711
North Carolina,50-64 Years,2055568,2026-06-13,29.55284040427
North Carolina,65+ Years,1814542,2025-08-16,0.64302432778775
North Carolina,65+ Years,1814542,2025-08-23,0.64302432778775
North Carolina,65+ Years,1814542,2025-08-30,0.64302432778775
North Carolina,65+ Years,1814542,2025-09-06,0.64302432778775
North Carolina,65+ Years,1814542,2025-09-13,1.68793811590686
North Carolina,65+ Years,1814542,2025-09-20,3.4870151326034
North Carolina,65+ Years,1814542,2025-09-27,6.15389431288887
North Carolina,65+ Years,1814542,2025-10-04,12.2830753765555
North Carolina,65+ Years,1814542,2025-10-11,16.1608787131039
North Carolina,65+ Years,1814542,2025-10-18,20.8578752327706
North Carolina,65+ Years,1814542,2025-10-25,26.2478684198812
North Carolina,65+ Years,1814542,2025-11-01,32.4175797785016
North Carolina,65+ Years,1814542,2025-11-08,43.7498888468275
North Carolina,65+ Years,1814542,2025-11-15,48.1090535972915
North Carolina,65+ Years,1814542,2025-11-22,51.5024686329047
North Carolina,65+ Years,1814542,2025-11-29,54.1118587363695
North Carolina,65+ Years,1814542,2025-12-06,58.6103200449833
North Carolina,65+ Years,1814542,2025-12-13,60.3068259472716
North Carolina,65+ Years,1814542,2025-12-20,61.6346349258616
North Carolina,65+ Years,1814542,2025-12-27,62.6890056358378
North Carolina,65+ Years,1814542,2026-01-03,63.868284929747
North Carolina,65+ Years,1814542,2026-01-10,65.7014397267402
North Carolina,65+ Years,1814542,2026-01-17,66.496660709701
North Carolina,65+ Years,1814542,2026-01-24,67.2721479973062
North Carolina,65+ Years,1814542,2026-01-31,67.9196696303073
North Carolina,65+ Years,1814542,2026-02-07,69.3636004944233
North Carolina,65+ Years,1814542,2026-02-14,70.0498373250767
North Carolina,65+ Years,1814542,2026-02-21,70.7095117050605
North Carolina,65+ Years,1814542,2026-02-28,71.3337538897491
North Carolina,65+ Years,1814542,2026-03-07,72.5022653230153
North Carolina,65+ Years,1814542,2026-03-14,73.0075222685956
North Carolina,65+ Years,1814542,2026-03-21,73.4456281594565
North Carolina,65+ Years,1814542,2026-03-28,73.8242866568633
North Carolina,65+ Years,1814542,2026-04-04,74.2490725948181
North Carolina,65+ Years,1814542,2026-04-11,74.9204990859492
North Carolina,65+ Years,1814542,2026-04-18,75.2029077731187
North Carolina,65+ Years,1814542,2026-04-25,75.461408271917
North Carolina,65+ Years,1814542,2026-05-02,75.6457212093355
North Carolina,65+ Years,1814542,2026-05-09,75.9828163629595
North Carolina,65+ Years,1814542,2026-05-16,76.0673064213652
North Carolina,65+ Years,1814542,2026-05-23,76.0975061951789
North Carolina,65+ Years,1814542,2026-05-30,76.0991687317263
North Carolina,65+ Years,1814542,2026-06-06,76.1
North Carolina,65+ Years,1814542,2026-06-13,76.1
North Dakota,6 Months - 4 Years,47850,2025-08-16,2.37146713467205
North Dakota,6 Months - 4 Years,47850,2025-08-23,2.37146713467205
North Dakota,6 Months - 4 Years,47850,2025-08-30,2.37146713467205
North Dakota,6 Months - 4 Years,47850,2025-09-06,2.37146713467205
North Dakota,6 Months - 4 Years,47850,2025-09-13,3.01695479013257
North Dakota,6 Months - 4 Years,47850,2025-09-20,3.13835544376756
North Dakota,6 Months - 4 Years,47850,2025-09-27,3.61242724789586
North Dakota,6 Months - 4 Years,47850,2025-10-04,4.97433609537411
North Dakota,6 Months - 4 Years,47850,2025-10-11,6.2177111469637
North Dakota,6 Months - 4 Years,47850,2025-10-18,8.16892908541106
North Dakota,6 Months - 4 Years,47850,2025-10-25,10.8060787604544
North Dakota,6 Months - 4 Years,47850,2025-11-01,13.9989174797186
North Dakota,6 Months - 4 Years,47850,2025-11-08,20.0576229909971
North Dakota,6 Months - 4 Years,47850,2025-11-15,22.2729867375992
North Dakota,6 Months - 4 Years,47850,2025-11-22,23.7920916437079
North Dakota,6 Months - 4 Years,47850,2025-11-29,24.7984620220501
North Dakota,6 Months - 4 Years,47850,2025-12-06,26.5173540393979
North Dakota,6 Months - 4 Years,47850,2025-12-13,27.2073997996643
North Dakota,6 Months - 4 Years,47850,2025-12-20,27.8116421038792
North Dakota,6 Months - 4 Years,47850,2025-12-27,28.3383600727686
North Dakota,6 Months - 4 Years,47850,2026-01-03,28.8565379005012
North Dakota,6 Months - 4 Years,47850,2026-01-10,29.605954190251
North Dakota,6 Months - 4 Years,47850,2026-01-17,29.7996858275901
North Dakota,6 Months - 4 Years,47850,2026-01-24,29.9068165479209
North Dakota,6 Months - 4 Years,47850,2026-01-31,29.9627379119249
North Dakota,6 Months - 4 Years,47850,2026-02-07,30.1062520223792
North Dakota,6 Months - 4 Years,47850,2026-02-14,30.2115863725736
North Dakota,6 Months - 4 Years,47850,2026-02-21,30.3629105702895
North Dakota,6 Months - 4 Years,47850,2026-02-28,30.5597021854169
North Dakota,6 Months - 4 Years,47850,2026-03-07,31.0032876364532
North Dakota,6 Months - 4 Years,47850,2026-03-14,31.2668342829145
North Dakota,6 Months - 4 Years,47850,2026-03-21,31.5561874884931
North Dakota,6 Months - 4 Years,47850,2026-03-28,31.849658452545
North Dakota,6 Months - 4 Years,47850,2026-04-04,32.138911618373
North Dakota,6 Months - 4 Years,47850,2026-04-11,32.5746437316364
North Dakota,6 Months - 4 Years,47850,2026-04-18,32.6680409336568
North Dakota,6 Months - 4 Years,47850,2026-04-25,32.695
North Dakota,6 Months - 4 Years,47850,2026-05-02,32.695
North Dakota,6 Months - 4 Years,47850,2026-05-09,32.695
North Dakota,6 Months - 4 Years,47850,2026-05-16,32.695
North Dakota,6 Months - 4 Years,47850,2026-05-23,32.695
North Dakota,6 Months - 4 Years,47850,2026-05-30,32.695
North Dakota,6 Months - 4 Years,47850,2026-06-06,32.695
North Dakota,6 Months - 4 Years,47850,2026-06-13,32.695
North Dakota,5-12 Years,81723,2025-08-16,2.75018048903119
North Dakota,5-12 Years,81723,2025-08-23,2.75018048903119
North Dakota,5-12 Years,81723,2025-08-30,2.75018048903119
North Dakota,5-12 Years,81723,2025-09-06,2.75018048903119
North Dakota,5-12 Years,81723,2025-09-13,3.50517788023242
North Dakota,5-12 Years,81723,2025-09-20,3.65375678406261
North Dakota,5-12 Years,81723,2025-09-27,4.25750765231827
North Dakota,5-12 Years,81723,2025-10-04,5.96095119062519
North Dakota,5-12 Years,81723,2025-10-11,7.33637372558196
North Dakota,5-12 Years,81723,2025-10-18,9.28408755489725
North Dakota,5-12 Years,81723,2025-10-25,11.778036046294
North Dakota,5-12 Years,81723,2025-11-01,14.7899132376519
North Dakota,5-12 Years,81723,2025-11-08,20.6078926833083
North Dakota,5-12 Years,81723,2025-11-15,22.9688510657396
North Dakota,5-12 Years,81723,2025-11-22,24.8442409431147
North Dakota,5-12 Years,81723,2025-11-29,26.2776824142232
North Dakota,5-12 Years,81723,2025-12-06,28.6238409465415
North Dakota,5-12 Years,81723,2025-12-13,29.3530896296727
North Dakota,5-12 Years,81723,2025-12-20,29.7751317929066
North Dakota,5-12 Years,81723,2025-12-27,29.9949984273307
North Dakota,5-12 Years,81723,2026-01-03,30.2456175684457
North Dakota,5-12 Years,81723,2026-01-10,30.6302419293551
North Dakota,5-12 Years,81723,2026-01-17,30.8678242230759
North Dakota,5-12 Years,81723,2026-01-24,31.1643437206097
North Dakota,5-12 Years,81723,2026-01-31,31.4631648318227
North Dakota,5-12 Years,81723,2026-02-07,32.126915330593
North Dakota,5-12 Years,81723,2026-02-14,32.4359060961086
North Dakota,5-12 Years,81723,2026-02-21,32.7113898399249
North Dakota,5-12 Years,81723,2026-02-28,32.9470763399544
North Dakota,5-12 Years,81723,2026-03-07,33.3523155185673
North Dakota,5-12 Years,81723,2026-03-14,33.4955926762473
North Dakota,5-12 Years,81723,2026-03-21,33.5940807978633
North Dakota,5-12 Years,81723,2026-03-28,33.6580129293443
North Dakota,5-12 Years,81723,2026-04-04,33.7135907821724
North Dakota,5-12 Years,81723,2026-04-11,33.7839961463757
North Dakota,5-12 Years,81723,2026-04-18,33.7966320309461
North Dakota,5-12 Years,81723,2026-04-25,33.8
North Dakota,5-12 Years,81723,2026-05-02,33.8
North Dakota,5-12 Years,81723,2026-05-09,33.8
North Dakota,5-12 Years,81723,2026-05-16,33.8
North Dakota,5-12 Years,81723,2026-05-23,33.8
North Dakota,5-12 Years,81723,2026-05-30,33.8
North Dakota,5-12 Years,81723,2026-06-06,33.8
North Dakota,5-12 Years,81723,2026-06-13,33.8
North Dakota,13-17 Years,46826,2025-08-16,0.827548589177755
North Dakota,13-17 Years,46826,2025-08-23,0.827548589177755
North Dakota,13-17 Years,46826,2025-08-30,0.827548589177755
North Dakota,13-17 Years,46826,2025-09-06,0.827548589177755
North Dakota,13-17 Years,46826,2025-09-13,1.10165804079847
North Dakota,13-17 Years,46826,2025-09-20,1.24764801589724
North Dakota,13-17 Years,46826,2025-09-27,1.84556531576125
North Dakota,13-17 Years,46826,2025-10-04,3.52330308696676
North Dakota,13-17 Years,46826,2025-10-11,4.84207858046142
North Dakota,13-17 Years,46826,2025-10-18,6.66248794895119
North Dakota,13-17 Years,46826,2025-10-25,8.95360167731829
North Dakota,13-17 Years,46826,2025-11-01,11.7024584958641
North Dakota,13-17 Years,46826,2025-11-08,16.9860019952007
North Dakota,13-17 Years,46826,2025-11-15,19.1273734645444
North Dakota,13-17 Years,46826,2025-11-22,20.833674349431
North Dakota,13-17 Years,46826,2025-11-29,22.143081888436
North Dakota,13-17 Years,46826,2025-12-06,24.2919324264458
North Dakota,13-17 Years,46826,2025-12-13,24.9776736947785
North Dakota,13-17 Years,46826,2025-12-20,25.3988596921428
North Dakota,13-17 Years,46826,2025-12-27,25.6353556778604
North Dakota,13-17 Years,46826,2026-01-03,25.8350705692656
North Dakota,13-17 Years,46826,2026-01-10,26.0769876449799
North Dakota,13-17 Years,46826,2026-01-17,26.1189950124849
North Dakota,13-17 Years,46826,2026-01-24,26.13
North Dakota,13-17 Years,46826,2026-01-31,26.13
North Dakota,13-17 Years,46826,2026-02-07,26.13
North Dakota,13-17 Years,46826,2026-02-14,26.13
North Dakota,13-17 Years,46826,2026-02-21,26.13
North Dakota,13-17 Years,46826,2026-02-28,26.13
North Dakota,13-17 Years,46826,2026-03-07,26.13
North Dakota,13-17 Years,46826,2026-03-14,26.13
North Dakota,13-17 Years,46826,2026-03-21,26.13
North Dakota,13-17 Years,46826,2026-03-28,26.13
North Dakota,13-17 Years,46826,2026-04-04,26.13
North Dakota,13-17 Years,46826,2026-04-11,26.13
North Dakota,13-17 Years,46826,2026-04-18,26.13
North Dakota,13-17 Years,46826,2026-04-25,26.13
North Dakota,13-17 Years,46826,2026-05-02,26.13
North Dakota,13-17 Years,46826,2026-05-09,26.13
North Dakota,13-17 Years,46826,2026-05-16,26.13
North Dakota,13-17 Years,46826,2026-05-23,26.13
North Dakota,13-17 Years,46826,2026-05-30,26.13
North Dakota,13-17 Years,46826,2026-06-06,26.13
North Dakota,13-17 Years,46826,2026-06-13,26.13
North Dakota,6 Months - 17 Years,176398,2025-08-16,2.53541767766098
North Dakota,6 Months - 17 Years,176398,2025-08-23,2.53541767766098
North Dakota,6 Months - 17 Years,176398,2025-08-30,2.53541767766098
North Dakota,6 Months - 17 Years,176398,2025-09-06,2.53541767766098
North Dakota,6 Months - 17 Years,176398,2025-09-13,3.22319333322644
North Dakota,6 Months - 17 Years,176398,2025-09-20,3.34591083302048
North Dakota,6 Months - 17 Years,176398,2025-09-27,3.83075574307934
North Dakota,6 Months - 17 Years,176398,2025-10-04,5.21565244021686
North Dakota,6 Months - 17 Years,176398,2025-10-11,6.41902574624472
North Dakota,6 Months - 17 Years,176398,2025-10-18,8.2380246325542
North Dakota,6 Months - 17 Years,176398,2025-10-25,10.661388670332
North Dakota,6 Months - 17 Years,176398,2025-11-01,13.6218563289396
North Dakota,6 Months - 17 Years,176398,2025-11-08,19.3662468461182
North Dakota,6 Months - 17 Years,176398,2025-11-15,21.6532074126195
North Dakota,6 Months - 17 Years,176398,2025-11-22,23.4113258582376
North Dakota,6 Months - 17 Years,176398,2025-11-29,24.7163010017
North Dakota,6 Months - 17 Years,176398,2025-12-06,26.8733130461155
North Dakota,6 Months - 17 Years,176398,2025-12-13,27.5850351611053
North Dakota,6 Months - 17 Years,176398,2025-12-20,28.0483812079213
North Dakota,6 Months - 17 Years,176398,2025-12-27,28.3399101829194
North Dakota,6 Months - 17 Years,176398,2026-01-03,28.6398365584551
North Dakota,6 Months - 17 Years,176398,2026-01-10,29.0719074730944
North Dakota,6 Months - 17 Years,176398,2026-01-17,29.2444876017448
North Dakota,6 Months - 17 Years,176398,2026-01-24,29.4071297391795
North Dakota,6 Months - 17 Years,176398,2026-01-31,29.5390786082797
North Dakota,6 Months - 17 Years,176398,2026-02-07,29.8357030682649
North Dakota,6 Months - 17 Years,176398,2026-02-14,29.9802383319029
North Dakota,6 Months - 17 Years,176398,2026-02-21,30.1242906188111
North Dakota,6 Months - 17 Years,176398,2026-02-28,30.2658215095381
North Dakota,6 Months - 17 Years,176398,2026-03-07,30.5385382828032
North Dakota,6 Months - 17 Years,176398,2026-03-14,30.667700890622
North Dakota,6 Months - 17 Years,176398,2026-03-21,30.7907689844214
North Dakota,6 Months - 17 Years,176398,2026-03-28,30.9029967469639
North Dakota,6 Months - 17 Years,176398,2026-04-04,31.0091556498901
North Dakota,6 Months - 17 Years,176398,2026-04-11,31.1607819269696
North Dakota,6 Months - 17 Years,176398,2026-04-18,31.1913830969057
North Dakota,6 Months - 17 Years,176398,2026-04-25,31.2
North Dakota,6 Months - 17 Years,176398,2026-05-02,31.2
North Dakota,6 Months - 17 Years,176398,2026-05-09,31.2
North Dakota,6 Months - 17 Years,176398,2026-05-16,31.2
North Dakota,6 Months - 17 Years,176398,2026-05-23,31.2
North Dakota,6 Months - 17 Years,176398,2026-05-30,31.2
North Dakota,6 Months - 17 Years,176398,2026-06-06,31.2
North Dakota,6 Months - 17 Years,176398,2026-06-13,31.2
North Dakota,18-49 Years,322599,2025-08-16,0.710693647350223
North Dakota,18-49 Years,322599,2025-08-23,0.710693647350223
North Dakota,18-49 Years,322599,2025-08-30,0.710693647350223
North Dakota,18-49 Years,322599,2025-09-06,0.710693647350223
North Dakota,18-49 Years,322599,2025-09-13,0.926814865516325
North Dakota,18-49 Years,322599,2025-09-20,1.01464478106922
North Dakota,18-49 Years,322599,2025-09-27,1.36054038583018
North Dakota,18-49 Years,322599,2025-10-04,2.34993367713701
North Dakota,18-49 Years,322599,2025-10-11,3.21627176495929
North Dakota,18-49 Years,322599,2025-10-18,4.53480921196439
North Dakota,18-49 Years,322599,2025-10-25,6.299989987544
North Dakota,18-49 Years,322599,2025-11-01,8.4630783450334
North Dakota,18-49 Years,322599,2025-11-08,12.6707563144503
North Dakota,18-49 Years,322599,2025-11-15,14.347103143846
North Dakota,18-49 Years,322599,2025-11-22,15.6356087973343
North Dakota,18-49 Years,322599,2025-11-29,16.6002854639087
North Dakota,18-49 Years,322599,2025-12-06,18.2356530058031
North Dakota,18-49 Years,322599,2025-12-13,18.8211346297129
North Dakota,18-49 Years,322599,2025-12-20,19.2489894285537
North Dakota,18-49 Years,322599,2025-12-27,19.5627219125885
North Dakota,18-49 Years,322599,2026-01-03,19.9023172931295
North Dakota,18-49 Years,322599,2026-01-10,20.4150289390318
North Dakota,18-49 Years,322599,2026-01-17,20.6270258156604
North Dakota,18-49 Years,322599,2026-01-24,20.8296618781483
North Dakota,18-49 Years,322599,2026-01-31,21.0005300562012
North Dakota,18-49 Years,322599,2026-02-07,21.406411811527
North Dakota,18-49 Years,322599,2026-02-14,21.6416027187381
North Dakota,18-49 Years,322599,2026-02-21,21.9089779072116
North Dakota,18-49 Years,322599,2026-02-28,22.1867105662266
North Dakota,18-49 Years,322599,2026-03-07,22.6922523575793
North Dakota,18-49 Years,322599,2026-03-14,22.8761209440609
North Dakota,18-49 Years,322599,2026-03-21,22.9949871344736
North Dakota,18-49 Years,322599,2026-03-28,23.0625563654929
North Dakota,18-49 Years,322599,2026-04-04,23.119768439169
North Dakota,18-49 Years,322599,2026-04-11,23.1894672091744
North Dakota,18-49 Years,322599,2026-04-18,23.2017549168936
North Dakota,18-49 Years,322599,2026-04-25,23.205
North Dakota,18-49 Years,322599,2026-05-02,23.205
North Dakota,18-49 Years,322599,2026-05-09,23.205
North Dakota,18-49 Years,322599,2026-05-16,23.205
North Dakota,18-49 Years,322599,2026-05-23,23.205
North Dakota,18-49 Years,322599,2026-05-30,23.205
North Dakota,18-49 Years,322599,2026-06-06,23.205
North Dakota,18-49 Years,322599,2026-06-13,23.205
North Dakota,50-64 Years,130764,2025-08-16,0.9374897306243
North Dakota,50-64 Years,130764,2025-08-23,0.9374897306243
North Dakota,50-64 Years,130764,2025-08-30,0.9374897306243
North Dakota,50-64 Years,130764,2025-09-06,0.9374897306243
North Dakota,50-64 Years,130764,2025-09-13,1.22964351410531
North Dakota,50-64 Years,130764,2025-09-20,1.36110426978307
North Dakota,50-64 Years,130764,2025-09-27,1.88063484519809
North Dakota,50-64 Years,130764,2025-10-04,3.36521632996964
North Dakota,50-64 Years,130764,2025-10-11,4.67941615838044
North Dakota,50-64 Years,130764,2025-10-18,6.68884068928761
North Dakota,50-64 Years,130764,2025-10-25,9.35714129148462
North Dakota,50-64 Years,130764,2025-11-01,12.5521410271721
North Dakota,50-64 Years,130764,2025-11-08,18.5496391206285
North Dakota,50-64 Years,130764,2025-11-15,20.7137494908974
North Dakota,50-64 Years,130764,2025-11-22,22.1797403540842
North Dakota,50-64 Years,130764,2025-11-29,23.1159531444833
North Dakota,50-64 Years,130764,2025-12-06,24.6024566295356
North Dakota,50-64 Years,130764,2025-12-13,25.0598451303154
North Dakota,50-64 Years,130764,2025-12-20,25.3394928876059
North Dakota,50-64 Years,130764,2025-12-27,25.5057322169508
North Dakota,50-64 Years,130764,2026-01-03,25.702211642221
North Dakota,50-64 Years,130764,2026-01-10,26.0129293733613
North Dakota,50-64 Years,130764,2026-01-17,26.2060891136658
North Dakota,50-64 Years,130764,2026-01-24,26.4457121363365
North Dakota,50-64 Years,130764,2026-01-31,26.6826269173559
North Dakota,50-64 Years,130764,2026-02-07,27.1945630142989
North Dakota,50-64 Years,130764,2026-02-14,27.4153853789116
North Dakota,50-64 Years,130764,2026-02-21,27.5964282321804
North Dakota,50-64 Years,130764,2026-02-28,27.7388369113173
North Dakota,50-64 Years,130764,2026-03-07,27.9754019018685
North Dakota,50-64 Years,130764,2026-03-14,28.0546000181693
North Dakota,50-64 Years,130764,2026-03-21,28.106808613858
North Dakota,50-64 Years,130764,2026-03-28,28.1392839904088
North Dakota,50-64 Years,130764,2026-04-04,28.1672555477126
North Dakota,50-64 Years,130764,2026-04-11,28.2021821358384
North Dakota,50-64 Years,130764,2026-04-18,28.2083640318167
North Dakota,50-64 Years,130764,2026-04-25,28.21
North Dakota,50-64 Years,130764,2026-05-02,28.21
North Dakota,50-64 Years,130764,2026-05-09,28.2171652870187
North Dakota,50-64 Years,130764,2026-05-16,28.2425167216857
North Dakota,50-64 Years,130764,2026-05-23,28.3006481685799
North Dakota,50-64 Years,130764,2026-05-30,28.3993483921594
North Dakota,50-64 Years,130764,2026-06-06,28.6554948573422
North Dakota,50-64 Years,130764,2026-06-13,28.8156808085399
North Dakota,65+ Years,123141,2025-08-16,1.56305941639511
North Dakota,65+ Years,123141,2025-08-23,1.56305941639511
North Dakota,65+ Years,123141,2025-08-30,1.56305941639511
North Dakota,65+ Years,123141,2025-09-06,1.56305941639511
North Dakota,65+ Years,123141,2025-09-13,2.09338895035102
North Dakota,65+ Years,123141,2025-09-20,2.40226390424289
North Dakota,65+ Years,123141,2025-09-27,3.65229037234936
North Dakota,65+ Years,123141,2025-10-04,7.18640413332711
North Dakota,65+ Years,123141,2025-10-11,10.1031430821045
North Dakota,65+ Years,123141,2025-10-18,14.307649976277
North Dakota,65+ Years,123141,2025-10-25,19.7151068625269
North Dakota,65+ Years,123141,2025-11-01,26.1678527330845
North Dakota,65+ Years,123141,2025-11-08,38.3306051319641
North Dakota,65+ Years,123141,2025-11-15,42.8712786970552
North Dakota,65+ Years,123141,2025-11-22,46.1253445311187
North Dakota,65+ Years,123141,2025-11-29,48.3885821086958
North Dakota,65+ Years,123141,2025-12-06,52.1909223982804
North Dakota,65+ Years,123141,2025-12-13,53.5737111446598
North Dakota,65+ Years,123141,2025-12-20,54.6325856332035
North Dakota,65+ Years,123141,2025-12-27,55.4571412748058
North Dakota,65+ Years,123141,2026-01-03,56.3607632108616
North Dakota,65+ Years,123141,2026-01-10,57.7448424512043
North Dakota,65+ Years,123141,2026-01-17,58.3256193910324
North Dakota,65+ Years,123141,2026-01-24,58.8785244485467
North Dakota,65+ Years,123141,2026-01-31,59.3233317211481
North Dakota,65+ Years,123141,2026-02-07,60.2824099561577
North Dakota,65+ Years,123141,2026-02-14,60.6942898325101
North Dakota,65+ Years,123141,2026-02-21,61.0547448423782
North Dakota,65+ Years,123141,2026-02-28,61.3755256885101
North Dakota,65+ Years,123141,2026-03-07,61.9859727822409
North Dakota,65+ Years,123141,2026-03-14,62.2802052569692
North Dakota,65+ Years,123141,2026-03-21,62.5754595811191
North Dakota,65+ Years,123141,2026-03-28,62.8709493684039
North Dakota,65+ Years,123141,2026-04-04,63.2288943210932
North Dakota,65+ Years,123141,2026-04-11,63.8284066909747
North Dakota,65+ Years,123141,2026-04-18,64.0991728632026
North Dakota,65+ Years,123141,2026-04-25,64.3568822522667
North Dakota,65+ Years,123141,2026-05-02,64.5563727707619
North Dakota,65+ Years,123141,2026-05-09,64.9560751338184
North Dakota,65+ Years,123141,2026-05-16,65.0971918014146
North Dakota,65+ Years,123141,2026-05-23,65.1946905878382
North Dakota,65+ Years,123141,2026-05-30,65.2600119999844
North Dakota,65+ Years,123141,2026-06-06,65.3593772640939
North Dakota,65+ Years,123141,2026-06-13,65.3777040796157
Ohio,6 Months - 4 Years,618200,2025-08-16,2.96815718141322
Ohio,6 Months - 4 Years,618200,2025-08-23,2.96815718141322
Ohio,6 Months - 4 Years,618200,2025-08-30,2.96815718141322
Ohio,6 Months - 4 Years,618200,2025-09-06,2.96815718141322
Ohio,6 Months - 4 Years,618200,2025-09-13,4.15883254925574
Ohio,6 Months - 4 Years,618200,2025-09-20,5.12618350716409
Ohio,6 Months - 4 Years,618200,2025-09-27,6.2839061002785
Ohio,6 Months - 4 Years,618200,2025-10-04,8.84491435730367
Ohio,6 Months - 4 Years,618200,2025-10-11,10.3579032758698
Ohio,6 Months - 4 Years,618200,2025-10-18,12.0891605994617
Ohio,6 Months - 4 Years,618200,2025-10-25,14.0209305549521
Ohio,6 Months - 4 Years,618200,2025-11-01,16.2816795818888
Ohio,6 Months - 4 Years,618200,2025-11-08,20.6722199894353
Ohio,6 Months - 4 Years,618200,2025-11-15,22.711180581488
Ohio,6 Months - 4 Years,618200,2025-11-22,24.6527953708358
Ohio,6 Months - 4 Years,618200,2025-11-29,26.4431060607355
Ohio,6 Months - 4 Years,618200,2025-12-06,29.6748406387152
Ohio,6 Months - 4 Years,618200,2025-12-13,30.9324206750701
Ohio,6 Months - 4 Years,618200,2025-12-20,31.8909191718005
Ohio,6 Months - 4 Years,618200,2025-12-27,32.6065604103348
Ohio,6 Months - 4 Years,618200,2026-01-03,33.3397901167982
Ohio,6 Months - 4 Years,618200,2026-01-10,34.4132443111586
Ohio,6 Months - 4 Years,618200,2026-01-17,34.7857451217657
Ohio,6 Months - 4 Years,618200,2026-01-24,35.0883085664525
Ohio,6 Months - 4 Years,618200,2026-01-31,35.3012693383274
Ohio,6 Months - 4 Years,618200,2026-02-07,35.7584524149912
Ohio,6 Months - 4 Years,618200,2026-02-14,35.9600210169514
Ohio,6 Months - 4 Years,618200,2026-02-21,36.146965211963
Ohio,6 Months - 4 Years,618200,2026-02-28,36.3139056195184
Ohio,6 Months - 4 Years,618200,2026-03-07,36.5963475695848
Ohio,6 Months - 4 Years,618200,2026-03-14,36.6871340969065
Ohio,6 Months - 4 Years,618200,2026-03-21,36.7395010475708
Ohio,6 Months - 4 Years,618200,2026-03-28,36.7663590296394
Ohio,6 Months - 4 Years,618200,2026-04-04,36.8435365870773
Ohio,6 Months - 4 Years,618200,2026-04-11,37.027556462811
Ohio,6 Months - 4 Years,618200,2026-04-18,37.3428247194588
Ohio,6 Months - 4 Years,618200,2026-04-25,37.8737277938751
Ohio,6 Months - 4 Years,618200,2026-05-02,38.4886815767057
Ohio,6 Months - 4 Years,618200,2026-05-09,39.7057085900579
Ohio,6 Months - 4 Years,618200,2026-05-16,40.103132638164
Ohio,6 Months - 4 Years,618200,2026-05-23,40.2894480899073
Ohio,6 Months - 4 Years,618200,2026-05-30,40.339934145236
Ohio,6 Months - 4 Years,618200,2026-06-06,40.4066997615046
Ohio,6 Months - 4 Years,618200,2026-06-13,40.418200814636
Ohio,5-12 Years,1142096,2025-08-16,1.89125405290983
Ohio,5-12 Years,1142096,2025-08-23,1.89125405290983
Ohio,5-12 Years,1142096,2025-08-30,1.89125405290983
Ohio,5-12 Years,1142096,2025-09-06,1.89125405290983
Ohio,5-12 Years,1142096,2025-09-13,2.59407760766103
Ohio,5-12 Years,1142096,2025-09-20,3.09333836427758
Ohio,5-12 Years,1142096,2025-09-27,3.94497030046774
Ohio,5-12 Years,1142096,2025-10-04,6.05481830156126
Ohio,5-12 Years,1142096,2025-10-11,7.51864271088603
Ohio,5-12 Years,1142096,2025-10-18,9.39769650097922
Ohio,5-12 Years,1142096,2025-10-25,11.6521523700126
Ohio,5-12 Years,1142096,2025-11-01,14.3039180875216
Ohio,5-12 Years,1142096,2025-11-08,19.3249666657518
Ohio,5-12 Years,1142096,2025-11-15,21.354268783284
Ohio,5-12 Years,1142096,2025-11-22,22.9955255710047
Ohio,5-12 Years,1142096,2025-11-29,24.2914061149803
Ohio,5-12 Years,1142096,2025-12-06,26.4898229239364
Ohio,5-12 Years,1142096,2025-12-13,27.2499806080642
Ohio,5-12 Years,1142096,2025-12-20,27.7677438187403
Ohio,5-12 Years,1142096,2025-12-27,28.1195992657142
Ohio,5-12 Years,1142096,2026-01-03,28.5598443634252
Ohio,5-12 Years,1142096,2026-01-10,29.2859695236653
Ohio,5-12 Years,1142096,2026-01-17,29.7570996002873
Ohio,5-12 Years,1142096,2026-01-24,30.3546356086926
Ohio,5-12 Years,1142096,2026-01-31,30.9663519969529
Ohio,5-12 Years,1142096,2026-02-07,32.3246889859942
Ohio,5-12 Years,1142096,2026-02-14,32.9607660244856
Ohio,5-12 Years,1142096,2026-02-21,33.5267794196622
Ohio,5-12 Years,1142096,2026-02-28,33.9998240213827
Ohio,5-12 Years,1142096,2026-03-07,34.7690336397973
Ohio,5-12 Years,1142096,2026-03-14,34.9898219111711
Ohio,5-12 Years,1142096,2026-03-21,35.0914325869534
Ohio,5-12 Years,1142096,2026-03-28,35.1164589865497
Ohio,5-12 Years,1142096,2026-04-04,35.1505627217106
Ohio,5-12 Years,1142096,2026-04-11,35.2116834484732
Ohio,5-12 Years,1142096,2026-04-18,35.3027560313049
Ohio,5-12 Years,1142096,2026-04-25,35.4509214805734
Ohio,5-12 Years,1142096,2026-05-02,35.6165279271443
Ohio,5-12 Years,1142096,2026-05-09,35.9368990758289
Ohio,5-12 Years,1142096,2026-05-16,36.0338466751129
Ohio,5-12 Years,1142096,2026-05-23,36.0716689146169
Ohio,5-12 Years,1142096,2026-05-30,36.0738896382056
Ohio,5-12 Years,1142096,2026-06-06,36.075
Ohio,5-12 Years,1142096,2026-06-13,36.075
Ohio,13-17 Years,742187,2025-08-16,1.73013262807399
Ohio,13-17 Years,742187,2025-08-23,1.73013262807399
Ohio,13-17 Years,742187,2025-08-30,1.73013262807399
Ohio,13-17 Years,742187,2025-09-06,1.73013262807399
Ohio,13-17 Years,742187,2025-09-13,2.36177148358727
Ohio,13-17 Years,742187,2025-09-20,2.7939317316305
Ohio,13-17 Years,742187,2025-09-27,3.52753660717921
Ohio,13-17 Years,742187,2025-10-04,5.34228722933224
Ohio,13-17 Years,742187,2025-10-11,6.58049841878438
Ohio,13-17 Years,742187,2025-10-18,8.14580360589139
Ohio,13-17 Years,742187,2025-10-25,10.0222624920974
Ohio,13-17 Years,742187,2025-11-01,12.2750145530274
Ohio,13-17 Years,742187,2025-11-08,16.7068787215766
Ohio,13-17 Years,742187,2025-11-15,18.7094159593319
Ohio,13-17 Years,742187,2025-11-22,20.5276573940896
Ohio,13-17 Years,742187,2025-11-29,22.1200635192121
Ohio,13-17 Years,742187,2025-12-06,24.8898533244313
Ohio,13-17 Years,742187,2025-12-13,25.8695394355166
Ohio,13-17 Years,742187,2025-12-20,26.5316251418267
Ohio,13-17 Years,742187,2025-12-27,26.9605638996714
Ohio,13-17 Years,742187,2026-01-03,27.415688968294
Ohio,13-17 Years,742187,2026-01-10,28.0899282654863
Ohio,13-17 Years,742187,2026-01-17,28.3877253138271
Ohio,13-17 Years,742187,2026-01-24,28.6836527557699
Ohio,13-17 Years,742187,2026-01-31,28.9185438620135
Ohio,13-17 Years,742187,2026-02-07,29.3828135064526
Ohio,13-17 Years,742187,2026-02-14,29.5349439315119
Ohio,13-17 Years,742187,2026-02-21,29.6277906344294
Ohio,13-17 Years,742187,2026-02-28,29.6830983651715
Ohio,13-17 Years,742187,2026-03-07,29.786389677672
Ohio,13-17 Years,742187,2026-03-14,29.8525669317909
Ohio,13-17 Years,742187,2026-03-21,29.9432852889416
Ohio,13-17 Years,742187,2026-03-28,30.0561989555696
Ohio,13-17 Years,742187,2026-04-04,30.1965101557251
Ohio,13-17 Years,742187,2026-04-11,30.441671479485
Ohio,13-17 Years,742187,2026-04-18,30.5412151925501
Ohio,13-17 Years,742187,2026-04-25,30.6233640358426
Ohio,13-17 Years,742187,2026-05-02,30.6775406727144
Ohio,13-17 Years,742187,2026-05-09,30.7762536100565
Ohio,13-17 Years,742187,2026-05-16,30.8006407966005
Ohio,13-17 Years,742187,2026-05-23,30.8092901839641
Ohio,13-17 Years,742187,2026-05-30,30.8097633946547
Ohio,13-17 Years,742187,2026-06-06,30.81
Ohio,13-17 Years,742187,2026-06-13,30.81
Ohio,6 Months - 17 Years,2502483,2025-08-16,2.04183498648064
Ohio,6 Months - 17 Years,2502483,2025-08-23,2.04183498648064
Ohio,6 Months - 17 Years,2502483,2025-08-30,2.04183498648064
Ohio,6 Months - 17 Years,2502483,2025-09-06,2.04183498648064
Ohio,6 Months - 17 Years,2502483,2025-09-13,2.80774726392332
Ohio,6 Months - 17 Years,2502483,2025-09-20,3.36167385996435
Ohio,6 Months - 17 Years,2502483,2025-09-27,4.22255159476101
Ohio,6 Months - 17 Years,2502483,2025-10-04,6.30514099045675
Ohio,6 Months - 17 Years,2502483,2025-10-11,7.69909984684613
Ohio,6 Months - 17 Years,2502483,2025-10-18,9.44347623728708
Ohio,6 Months - 17 Years,2502483,2025-10-25,11.5108161465339
Ohio,6 Months - 17 Years,2502483,2025-11-01,13.9585535688788
Ohio,6 Months - 17 Years,2502483,2025-11-08,18.6765858958003
Ohio,6 Months - 17 Years,2502483,2025-11-15,20.7078197603918
Ohio,6 Months - 17 Years,2502483,2025-11-22,22.4723447790692
Ohio,6 Months - 17 Years,2502483,2025-11-29,23.9635348163285
Ohio,6 Months - 17 Years,2502483,2025-12-06,26.5447898201234
Ohio,6 Months - 17 Years,2502483,2025-12-13,27.463459545751
Ohio,6 Months - 17 Years,2502483,2025-12-20,28.0999538096379
Ohio,6 Months - 17 Years,2502483,2025-12-27,28.5335563739647
Ohio,6 Months - 17 Years,2502483,2026-01-03,29.0294934986148
Ohio,6 Months - 17 Years,2502483,2026-01-10,29.8032602210463
Ohio,6 Months - 17 Years,2502483,2026-01-17,30.2034715301349
Ohio,6 Months - 17 Years,2502483,2026-01-24,30.6468117138048
Ohio,6 Months - 17 Years,2502483,2026-01-31,31.0486806450899
Ohio,6 Months - 17 Years,2502483,2026-02-07,31.9170092668386
Ohio,6 Months - 17 Years,2502483,2026-02-14,32.2945375627719
Ohio,6 Months - 17 Years,2502483,2026-02-21,32.6161639693819
Ohio,6 Months - 17 Years,2502483,2026-02-28,32.8817954825176
Ohio,6 Months - 17 Years,2502483,2026-03-07,33.332705361646
Ohio,6 Months - 17 Years,2502483,2026-03-14,33.4862592375402
Ohio,6 Months - 17 Years,2502483,2026-03-21,33.5867804542781
Ohio,6 Months - 17 Years,2502483,2026-03-28,33.6513522535315
Ohio,6 Months - 17 Years,2502483,2026-04-04,33.742563418525
Ohio,6 Months - 17 Years,2502483,2026-04-11,33.9050333326638
Ohio,6 Months - 17 Years,2502483,2026-04-18,34.0473750905733
Ohio,6 Months - 17 Years,2502483,2026-04-25,34.2448658236049
Ohio,6 Months - 17 Years,2502483,2026-05-02,34.4414806839045
Ohio,6 Months - 17 Years,2502483,2026-05-09,34.816345832524
Ohio,6 Months - 17 Years,2502483,2026-05-16,34.9248402104629
Ohio,6 Months - 17 Years,2502483,2026-05-23,34.9663876593674
Ohio,6 Months - 17 Years,2502483,2026-05-30,34.9687958864558
Ohio,6 Months - 17 Years,2502483,2026-06-06,34.97
Ohio,6 Months - 17 Years,2502483,2026-06-13,34.97
Ohio,18-49 Years,4704025,2025-08-16,0.715084671744912
Ohio,18-49 Years,4704025,2025-08-23,0.715084671744912
Ohio,18-49 Years,4704025,2025-08-30,0.715084671744912
Ohio,18-49 Years,4704025,2025-09-06,0.715084671744912
Ohio,18-49 Years,4704025,2025-09-13,0.972389410602856
Ohio,18-49 Years,4704025,2025-09-20,1.14313753510634
Ohio,18-49 Years,4704025,2025-09-27,1.55278601824328
Ohio,18-49 Years,4704025,2025-10-04,2.63522717381767
Ohio,18-49 Years,4704025,2025-10-11,3.43101529434721
Ohio,18-49 Years,4704025,2025-10-18,4.48571237204497
Ohio,18-49 Years,4704025,2025-10-25,5.78696079101861
Ohio,18-49 Years,4704025,2025-11-01,7.35617933892151
Ohio,18-49 Years,4704025,2025-11-08,10.4215364726274
Ohio,18-49 Years,4704025,2025-11-15,11.7399242671346
Ohio,18-49 Years,4704025,2025-11-22,12.8697291548039
Ohio,18-49 Years,4704025,2025-11-29,13.8156457762016
Ohio,18-49 Years,4704025,2025-12-06,15.4676172814754
Ohio,18-49 Years,4704025,2025-12-13,16.0773680811659
Ohio,18-49 Years,4704025,2025-12-20,16.5240326289812
Ohio,18-49 Years,4704025,2025-12-27,16.849224765406
Ohio,18-49 Years,4704025,2026-01-03,17.2099777118714
Ohio,18-49 Years,4704025,2026-01-10,17.7651506279584
Ohio,18-49 Years,4704025,2026-01-17,18.0198473713665
Ohio,18-49 Years,4704025,2026-01-24,18.2777977648534
Ohio,18-49 Years,4704025,2026-01-31,18.4898432612801
Ohio,18-49 Years,4704025,2026-02-07,18.9244902928546
Ohio,18-49 Years,4704025,2026-02-14,19.085774659496
Ohio,18-49 Years,4704025,2026-02-21,19.2026325372609
Ohio,18-49 Years,4704025,2026-02-28,19.286704718406
Ohio,18-49 Years,4704025,2026-03-07,19.4319004308676
Ohio,18-49 Years,4704025,2026-03-14,19.4904691696574
Ohio,18-49 Years,4704025,2026-03-21,19.5417487376674
Ohio,18-49 Years,4704025,2026-03-28,19.5887233641692
Ohio,18-49 Years,4704025,2026-04-04,19.6506582678999
Ohio,18-49 Years,4704025,2026-04-11,19.7574659174461
Ohio,18-49 Years,4704025,2026-04-18,19.8201047670146
Ohio,18-49 Years,4704025,2026-04-25,19.8947912888831
Ohio,18-49 Years,4704025,2026-05-02,19.970619468131
Ohio,18-49 Years,4704025,2026-05-09,20.1473024834752
Ohio,18-49 Years,4704025,2026-05-16,20.2388558510224
Ohio,18-49 Years,4704025,2026-05-23,20.3309911666587
Ohio,18-49 Years,4704025,2026-05-30,20.4239668561345
Ohio,18-49 Years,4704025,2026-06-06,20.6129395739374
Ohio,18-49 Years,4704025,2026-06-13,20.7099813529136
Ohio,50-64 Years,2314153,2025-08-16,0.580278307047091
Ohio,50-64 Years,2314153,2025-08-23,0.580278307047091
Ohio,50-64 Years,2314153,2025-08-30,0.580278307047091
Ohio,50-64 Years,2314153,2025-09-06,0.580278307047091
Ohio,50-64 Years,2314153,2025-09-13,0.797224274833337
Ohio,50-64 Years,2314153,2025-09-20,0.953417074039872
Ohio,50-64 Years,2314153,2025-09-27,1.51355422968345
Ohio,50-64 Years,2314153,2025-10-04,3.06691285872562
Ohio,50-64 Years,2314153,2025-10-11,4.26799866044236
Ohio,50-64 Years,2314153,2025-10-18,5.90853781531463
Ohio,50-64 Years,2314153,2025-10-25,7.9666213901733
Ohio,50-64 Years,2314153,2025-11-01,10.4502279750114
Ohio,50-64 Years,2314153,2025-11-08,15.276351424446
Ohio,50-64 Years,2314153,2025-11-15,17.2970032745122
Ohio,50-64 Years,2314153,2025-11-22,18.9689929888338
Ohio,50-64 Years,2314153,2025-11-29,20.3096998102367
Ohio,50-64 Years,2314153,2025-12-06,22.5711461822397
Ohio,50-64 Years,2314153,2025-12-13,23.3309519432411
Ohio,50-64 Years,2314153,2025-12-20,23.8223359129464
Ohio,50-64 Years,2314153,2025-12-27,24.1281844894006
Ohio,50-64 Years,2314153,2026-01-03,24.4769602862252
Ohio,50-64 Years,2314153,2026-01-10,25.0169665655208
Ohio,50-64 Years,2314153,2026-01-17,25.3124731414391
Ohio,50-64 Years,2314153,2026-01-24,25.653229686976
Ohio,50-64 Years,2314153,2026-01-31,25.9720679938097
Ohio,50-64 Years,2314153,2026-02-07,26.6618523296053
Ohio,50-64 Years,2314153,2026-02-14,26.9598061877712
Ohio,50-64 Years,2314153,2026-02-21,27.2095344868954
Ohio,50-64 Years,2314153,2026-02-28,27.4152172660796
Ohio,50-64 Years,2314153,2026-03-07,27.7775123714589
Ohio,50-64 Years,2314153,2026-03-14,27.9214625857724
Ohio,50-64 Years,2314153,2026-03-21,28.0398194722029
Ohio,50-64 Years,2314153,2026-03-28,28.1365737031733
Ohio,50-64 Years,2314153,2026-04-04,28.2344301771379
Ohio,50-64 Years,2314153,2026-04-11,28.3775936262394
Ohio,50-64 Years,2314153,2026-04-18,28.4209349621243
Ohio,50-64 Years,2314153,2026-04-25,28.4512089521096
Ohio,50-64 Years,2314153,2026-05-02,28.4712324739753
Ohio,50-64 Years,2314153,2026-05-09,28.5200171268771
Ohio,50-64 Years,2314153,2026-05-16,28.5495144826002
Ohio,50-64 Years,2314153,2026-05-23,28.5861260348843
Ohio,50-64 Years,2314153,2026-05-30,28.6300797437975
Ohio,50-64 Years,2314153,2026-06-06,28.7270470906922
Ohio,50-64 Years,2314153,2026-06-13,28.7819714590761
Ohio,65+ Years,2097638,2025-08-16,1.436438941571
Ohio,65+ Years,2097638,2025-08-23,1.436438941571
Ohio,65+ Years,2097638,2025-08-30,1.436438941571
Ohio,65+ Years,2097638,2025-09-06,1.436438941571
Ohio,65+ Years,2097638,2025-09-13,2.4546402275419
Ohio,65+ Years,2097638,2025-09-20,3.88298003910926
Ohio,65+ Years,2097638,2025-09-27,6.01050871592499
Ohio,65+ Years,2097638,2025-10-04,11.0980048066448
Ohio,65+ Years,2097638,2025-10-11,14.5103180688788
Ohio,65+ Years,2097638,2025-10-18,18.8089618102818
Ohio,65+ Years,2097638,2025-10-25,23.8745290765863
Ohio,65+ Years,2097638,2025-11-01,29.7225093658449
Ohio,65+ Years,2097638,2025-11-08,40.5157113834359
Ohio,65+ Years,2097638,2025-11-15,44.6322282999699
Ohio,65+ Years,2097638,2025-11-22,47.769652883546
Ohio,65+ Years,2097638,2025-11-29,50.1008794757141
Ohio,65+ Years,2097638,2025-12-06,53.9796095452259
Ohio,65+ Years,2097638,2025-12-13,55.294552760903
Ohio,65+ Years,2097638,2025-12-20,56.1910181163935
Ohio,65+ Years,2097638,2025-12-27,56.7998507479542
Ohio,65+ Years,2097638,2026-01-03,57.4837624894519
Ohio,65+ Years,2097638,2026-01-10,58.5355631703251
Ohio,65+ Years,2097638,2026-01-17,59.0506442230945
Ohio,65+ Years,2097638,2026-01-24,59.6078975472592
Ohio,65+ Years,2097638,2026-01-31,60.1175421605372
Ohio,65+ Years,2097638,2026-02-07,61.2759266841313
Ohio,65+ Years,2097638,2026-02-14,61.8528875205892
Ohio,65+ Years,2097638,2026-02-21,62.4214138575523
Ohio,65+ Years,2097638,2026-02-28,62.9660048400883
Ohio,65+ Years,2097638,2026-03-07,63.9794891942787
Ohio,65+ Years,2097638,2026-03-14,64.3956248902058
Ohio,65+ Years,2097638,2026-03-21,64.7289931937413
Ohio,65+ Years,2097638,2026-03-28,64.9982478498266
Ohio,65+ Years,2097638,2026-04-04,65.3331874667877
Ohio,65+ Years,2097638,2026-04-11,65.891194423614
Ohio,65+ Years,2097638,2026-04-18,66.2081179417403
Ohio,65+ Years,2097638,2026-04-25,66.5689595151938
Ohio,65+ Years,2097638,2026-05-02,66.8917542850836
Ohio,65+ Years,2097638,2026-05-09,67.5490926765612
Ohio,65+ Years,2097638,2026-05-16,67.7906161601946
Ohio,65+ Years,2097638,2026-05-23,67.9568331277306
Ohio,65+ Years,2097638,2026-05-30,68.0658730897946
Ohio,65+ Years,2097638,2026-06-06,68.231837854477
Ohio,65+ Years,2097638,2026-06-13,68.2624431808637
Oklahoma,6 Months - 4 Years,229178,2025-08-16,3.42901634985033
Oklahoma,6 Months - 4 Years,229178,2025-08-23,3.42901634985033
Oklahoma,6 Months - 4 Years,229178,2025-08-30,3.42901634985033
Oklahoma,6 Months - 4 Years,229178,2025-09-06,3.42901634985033
Oklahoma,6 Months - 4 Years,229178,2025-09-13,4.37480481334682
Oklahoma,6 Months - 4 Years,229178,2025-09-20,4.56721031767324
Oklahoma,6 Months - 4 Years,229178,2025-09-27,5.24411068576298
Oklahoma,6 Months - 4 Years,229178,2025-10-04,7.11866251508184
Oklahoma,6 Months - 4 Years,229178,2025-10-11,8.59152511302783
Oklahoma,6 Months - 4 Years,229178,2025-10-18,10.6300149758411
Oklahoma,6 Months - 4 Years,229178,2025-10-25,13.1830017214737
Oklahoma,6 Months - 4 Years,229178,2025-11-01,16.1986615497165
Oklahoma,6 Months - 4 Years,229178,2025-11-08,21.8405823428779
Oklahoma,6 Months - 4 Years,229178,2025-11-15,23.9480107204747
Oklahoma,6 Months - 4 Years,229178,2025-11-22,25.473033821572
Oklahoma,6 Months - 4 Years,229178,2025-11-29,26.5436394135308
Oklahoma,6 Months - 4 Years,229178,2025-12-06,28.3267987428295
Oklahoma,6 Months - 4 Years,229178,2025-12-13,28.951044418868
Oklahoma,6 Months - 4 Years,229178,2025-12-20,29.4037028933809
Oklahoma,6 Months - 4 Years,229178,2025-12-27,29.7371101518063
Oklahoma,6 Months - 4 Years,229178,2026-01-03,30.1155143547809
Oklahoma,6 Months - 4 Years,229178,2026-01-10,30.7053339009094
Oklahoma,6 Months - 4 Years,229178,2026-01-17,30.9898733355213
Oklahoma,6 Months - 4 Years,229178,2026-01-24,31.2903930879296
Oklahoma,6 Months - 4 Years,229178,2026-01-31,31.5527848333304
Oklahoma,6 Months - 4 Years,229178,2026-02-07,32.1164845697677
Oklahoma,6 Months - 4 Years,229178,2026-02-14,32.3519439751566
Oklahoma,6 Months - 4 Years,229178,2026-02-21,32.5465845497968
Oklahoma,6 Months - 4 Years,229178,2026-02-28,32.7132657037711
Oklahoma,6 Months - 4 Years,229178,2026-03-07,33.0461879901812
Oklahoma,6 Months - 4 Years,229178,2026-03-14,33.2502749588738
Oklahoma,6 Months - 4 Years,229178,2026-03-21,33.5040289442616
Oklahoma,6 Months - 4 Years,229178,2026-03-28,33.7879737895685
Oklahoma,6 Months - 4 Years,229178,2026-04-04,34.07468990356
Oklahoma,6 Months - 4 Years,229178,2026-04-11,34.5189550457112
Oklahoma,6 Months - 4 Years,229178,2026-04-18,34.6165569286328
Oklahoma,6 Months - 4 Years,229178,2026-04-25,34.645
Oklahoma,6 Months - 4 Years,229178,2026-05-02,34.645
Oklahoma,6 Months - 4 Years,229178,2026-05-09,34.6485826435093
Oklahoma,6 Months - 4 Years,229178,2026-05-16,34.6612583608428
Oklahoma,6 Months - 4 Years,229178,2026-05-23,34.69032408429
Oklahoma,6 Months - 4 Years,229178,2026-05-30,34.7396741960797
Oklahoma,6 Months - 4 Years,229178,2026-06-06,34.8677474286711
Oklahoma,6 Months - 4 Years,229178,2026-06-13,34.94784040427
Oklahoma,5-12 Years,431280,2025-08-16,2.28478517147522
Oklahoma,5-12 Years,431280,2025-08-23,2.28478517147522
Oklahoma,5-12 Years,431280,2025-08-30,2.28478517147522
Oklahoma,5-12 Years,431280,2025-09-06,2.28478517147522
Oklahoma,5-12 Years,431280,2025-09-13,3.01595321785777
Oklahoma,5-12 Years,431280,2025-09-20,3.36341069380856
Oklahoma,5-12 Years,431280,2025-09-27,4.00584761471437
Oklahoma,5-12 Years,431280,2025-10-04,5.62640076940708
Oklahoma,5-12 Years,431280,2025-10-11,6.77311953581321
Oklahoma,5-12 Years,431280,2025-10-18,8.26289839078867
Oklahoma,5-12 Years,431280,2025-10-25,10.0653497378511
Oklahoma,5-12 Years,431280,2025-11-01,12.1938952069687
Oklahoma,5-12 Years,431280,2025-11-08,16.2363497306482
Oklahoma,5-12 Years,431280,2025-11-15,17.8698832306908
Oklahoma,5-12 Years,431280,2025-11-22,19.1868790546686
Oklahoma,5-12 Years,431280,2025-11-29,20.2255725399737
Oklahoma,5-12 Years,431280,2025-12-06,21.9994551893185
Oklahoma,5-12 Years,431280,2025-12-13,22.6326957752493
Oklahoma,5-12 Years,431280,2025-12-20,23.0867588854387
Oklahoma,5-12 Years,431280,2025-12-27,23.4119644188123
Oklahoma,5-12 Years,431280,2026-01-03,23.7762246640143
Oklahoma,5-12 Years,431280,2026-01-10,24.3394255009997
Oklahoma,5-12 Years,431280,2026-01-17,24.6098617517968
Oklahoma,5-12 Years,431280,2026-01-24,24.8922730050023
Oklahoma,5-12 Years,431280,2026-01-31,25.1279280951527
Oklahoma,5-12 Years,431280,2026-02-07,25.6018689077865
Oklahoma,5-12 Years,431280,2026-02-14,25.7646962752274
Oklahoma,5-12 Years,431280,2026-02-21,25.8689360886739
Oklahoma,5-12 Years,431280,2026-02-28,25.9358180264237
Oklahoma,5-12 Years,431280,2026-03-07,26.0700221589482
Oklahoma,5-12 Years,431280,2026-03-14,26.1808833892066
Oklahoma,5-12 Years,431280,2026-03-21,26.3529705741744
Oklahoma,5-12 Years,431280,2026-03-28,26.5726474666982
Oklahoma,5-12 Years,431280,2026-04-04,26.8053070162721
Oklahoma,5-12 Years,431280,2026-04-11,27.1856420572893
Oklahoma,5-12 Years,431280,2026-04-18,27.273798764979
Oklahoma,5-12 Years,431280,2026-04-25,27.3
Oklahoma,5-12 Years,431280,2026-05-02,27.3
Oklahoma,5-12 Years,431280,2026-05-09,27.3085983444224
Oklahoma,5-12 Years,431280,2026-05-16,27.3390200660228
Oklahoma,5-12 Years,431280,2026-05-23,27.4087778022959
Oklahoma,5-12 Years,431280,2026-05-30,27.5272180705912
Oklahoma,5-12 Years,431280,2026-06-06,27.8345938288107
Oklahoma,5-12 Years,431280,2026-06-13,28.0268169702479
Oklahoma,13-17 Years,268671,2025-08-16,0.717762696524957
Oklahoma,13-17 Years,268671,2025-08-23,0.717762696524957
Oklahoma,13-17 Years,268671,2025-08-30,0.717762696524957
Oklahoma,13-17 Years,268671,2025-09-06,0.717762696524957
Oklahoma,13-17 Years,268671,2025-09-13,0.97747004669029
Oklahoma,13-17 Years,268671,2025-09-20,1.15199442601556
Oklahoma,13-17 Years,268671,2025-09-27,1.64420835323968
Oklahoma,13-17 Years,268671,2025-10-04,2.97381925812357
Oklahoma,13-17 Years,268671,2025-10-11,3.96746219564471
Oklahoma,13-17 Years,268671,2025-10-18,5.29519358182521
Oklahoma,13-17 Years,268671,2025-10-25,6.94718778292139
Oklahoma,13-17 Years,268671,2025-11-01,8.95847376347621
Oklahoma,13-17 Years,268671,2025-11-08,12.9467062192631
Oklahoma,13-17 Years,268671,2025-11-15,14.7311244398341
Oklahoma,13-17 Years,268671,2025-11-22,16.3173935415298
Oklahoma,13-17 Years,268671,2025-11-29,17.6735714863199
Oklahoma,13-17 Years,268671,2025-12-06,19.9917903112699
Oklahoma,13-17 Years,268671,2025-12-13,20.7738714547574
Oklahoma,13-17 Years,268671,2025-12-20,21.2680006674352
Oklahoma,13-17 Years,268671,2025-12-27,21.558874902087
Oklahoma,13-17 Years,268671,2026-01-03,21.8731967882657
Oklahoma,13-17 Years,268671,2026-01-10,22.341678625984
Oklahoma,13-17 Years,268671,2026-01-17,22.5754397662884
Oklahoma,13-17 Years,268671,2026-01-24,22.8282510674939
Oklahoma,13-17 Years,268671,2026-01-31,23.0437456167146
Oklahoma,13-17 Years,268671,2026-02-07,23.4760675006094
Oklahoma,13-17 Years,268671,2026-02-14,23.6259677468989
Oklahoma,13-17 Years,268671,2026-02-21,23.7227771065508
Oklahoma,13-17 Years,268671,2026-02-28,23.7818799922921
Oklahoma,13-17 Years,268671,2026-03-07,23.8781407666231
Oklahoma,13-17 Years,268671,2026-03-14,23.9143023839663
Oklahoma,13-17 Years,268671,2026-03-21,23.9447954270753
Oklahoma,13-17 Years,268671,2026-03-28,23.9711387241355
Oklahoma,13-17 Years,268671,2026-04-04,23.99943195422
Oklahoma,13-17 Years,268671,2026-04-11,24.0425262065129
Oklahoma,13-17 Years,268671,2026-04-18,24.0576243643668
Oklahoma,13-17 Years,268671,2026-04-25,24.0700140826445
Oklahoma,13-17 Years,268671,2026-05-02,24.0800274003186
Oklahoma,13-17 Years,268671,2026-05-09,24.10891996453
Oklahoma,13-17 Years,268671,2026-05-16,24.1355214798304
Oklahoma,13-17 Years,268671,2026-05-23,24.1784676936265
Oklahoma,13-17 Years,268671,2026-05-30,24.2403383023498
Oklahoma,13-17 Years,268671,2026-06-06,24.3906455202654
Oklahoma,13-17 Years,268671,2026-06-13,24.4819933890348
Oklahoma,6 Months - 17 Years,929130,2025-08-16,2.29500940748673
Oklahoma,6 Months - 17 Years,929130,2025-08-23,2.29500940748673
Oklahoma,6 Months - 17 Years,929130,2025-08-30,2.29500940748673
Oklahoma,6 Months - 17 Years,929130,2025-09-06,2.29500940748673
Oklahoma,6 Months - 17 Years,929130,2025-09-13,2.96021268101016
Oklahoma,6 Months - 17 Years,929130,2025-09-20,3.15905624971094
Oklahoma,6 Months - 17 Years,929130,2025-09-27,3.71558322741884
Oklahoma,6 Months - 17 Years,929130,2025-10-04,5.21797655784873
Oklahoma,6 Months - 17 Years,929130,2025-10-11,6.35535667680938
Oklahoma,6 Months - 17 Years,929130,2025-10-18,7.89211163920864
Oklahoma,6 Months - 17 Years,929130,2025-10-25,9.80220167334175
Oklahoma,6 Months - 17 Years,929130,2025-11-01,12.0879136601606
Oklahoma,6 Months - 17 Years,929130,2025-11-08,16.4797742138324
Oklahoma,6 Months - 17 Years,929130,2025-11-15,18.271749151948
Oklahoma,6 Months - 17 Years,929130,2025-11-22,19.717760673694
Oklahoma,6 Months - 17 Years,929130,2025-11-29,20.8545232236113
Oklahoma,6 Months - 17 Years,929130,2025-12-06,22.7819381427961
Oklahoma,6 Months - 17 Years,929130,2025-12-13,23.452410851239
Oklahoma,6 Months - 17 Years,929130,2025-12-20,23.9149798077042
Oklahoma,6 Months - 17 Years,929130,2025-12-27,24.2304840964865
Oklahoma,6 Months - 17 Years,929130,2026-01-03,24.5836819938556
Oklahoma,6 Months - 17 Years,929130,2026-01-10,25.1275557912302
Oklahoma,6 Months - 17 Years,929130,2026-01-17,25.3968365139472
Oklahoma,6 Months - 17 Years,929130,2026-01-24,25.685015529937
Oklahoma,6 Months - 17 Years,929130,2026-01-31,25.931353508548
Oklahoma,6 Months - 17 Years,929130,2026-02-07,26.4324103572496
Oklahoma,6 Months - 17 Years,929130,2026-02-14,26.6110041861622
Oklahoma,6 Months - 17 Years,929130,2026-02-21,26.7308412165669
Oklahoma,6 Months - 17 Years,929130,2026-02-28,26.8116793588117
Oklahoma,6 Months - 17 Years,929130,2026-03-07,26.9667929679281
Oklahoma,6 Months - 17 Years,929130,2026-03-14,27.0690982733968
Oklahoma,6 Months - 17 Years,929130,2026-03-21,27.2078043619425
Oklahoma,6 Months - 17 Years,929130,2026-03-28,27.3719581813056
Oklahoma,6 Months - 17 Years,929130,2026-04-04,27.5407067792826
Oklahoma,6 Months - 17 Years,929130,2026-04-11,27.80760217061
Oklahoma,6 Months - 17 Years,929130,2026-04-18,27.8674318470677
Oklahoma,6 Months - 17 Years,929130,2026-04-25,27.885
Oklahoma,6 Months - 17 Years,929130,2026-05-02,27.885
Oklahoma,6 Months - 17 Years,929130,2026-05-09,27.890732229615
Oklahoma,6 Months - 17 Years,929130,2026-05-16,27.9110133773485
Oklahoma,6 Months - 17 Years,929130,2026-05-23,27.9575185348639
Oklahoma,6 Months - 17 Years,929130,2026-05-30,28.0364787137275
Oklahoma,6 Months - 17 Years,929130,2026-06-06,28.2413958858738
Oklahoma,6 Months - 17 Years,929130,2026-06-13,28.3695446468319
Oklahoma,18-49 Years,1641710,2025-08-16,0.697034636002606
Oklahoma,18-49 Years,1641710,2025-08-23,0.697034636002606
Oklahoma,18-49 Years,1641710,2025-08-30,0.697034636002606
Oklahoma,18-49 Years,1641710,2025-09-06,0.697034636002606
Oklahoma,18-49 Years,1641710,2025-09-13,0.904514476216214
Oklahoma,18-49 Years,1641710,2025-09-20,0.977769167963177
Oklahoma,18-49 Years,1641710,2025-09-27,1.27516825975864
Oklahoma,18-49 Years,1641710,2025-10-04,2.11445853666834
Oklahoma,18-49 Years,1641710,2025-10-11,2.78948559888072
Oklahoma,18-49 Years,1641710,2025-10-18,3.74297566653466
Oklahoma,18-49 Years,1641710,2025-10-25,4.96617310545442
Oklahoma,18-49 Years,1641710,2025-11-01,6.45425084425384
Oklahoma,18-49 Years,1641710,2025-11-08,9.35844983806602
Oklahoma,18-49 Years,1641710,2025-11-15,10.5650240380697
Oklahoma,18-49 Years,1641710,2025-11-22,11.5495461903917
Oklahoma,18-49 Years,1641710,2025-11-29,12.3334821203678
Oklahoma,18-49 Years,1641710,2025-12-06,13.6775765849092
Oklahoma,18-49 Years,1641710,2025-12-13,14.1569332368496
Oklahoma,18-49 Years,1641710,2025-12-20,14.4970153944585
Oklahoma,18-49 Years,1641710,2025-12-27,14.7377362766172
Oklahoma,18-49 Years,1641710,2026-01-03,15.0132375574829
Oklahoma,18-49 Years,1641710,2026-01-10,15.4434434542321
Oklahoma,18-49 Years,1641710,2026-01-17,15.6573664408592
Oklahoma,18-49 Years,1641710,2026-01-24,15.890662155997
Oklahoma,18-49 Years,1641710,2026-01-31,16.1075173783527
Oklahoma,18-49 Years,1641710,2026-02-07,16.6103112708335
Oklahoma,18-49 Years,1641710,2026-02-14,16.8788897845834
Oklahoma,18-49 Years,1641710,2026-02-21,17.1585385888506
Oklahoma,18-49 Years,1641710,2026-02-28,17.4294676166835
Oklahoma,18-49 Years,1641710,2026-03-07,17.9061376467211
Oklahoma,18-49 Years,1641710,2026-03-14,18.0687600230108
Oklahoma,18-49 Years,1641710,2026-03-21,18.166351891544
Oklahoma,18-49 Years,1641710,2026-03-28,18.2161728583596
Oklahoma,18-49 Years,1641710,2026-04-04,18.2621723224481
Oklahoma,18-49 Years,1641710,2026-04-11,18.322164561055
Oklahoma,18-49 Years,1641710,2026-04-18,18.3422456731805
Oklahoma,18-49 Years,1641710,2026-04-25,18.3586948536301
Oklahoma,18-49 Years,1641710,2026-05-02,18.3693900935551
Oklahoma,18-49 Years,1641710,2026-05-09,18.3886898693878
Oklahoma,18-49 Years,1641710,2026-05-16,18.393278675815
Oklahoma,18-49 Years,1641710,2026-05-23,18.3948715663654
Oklahoma,18-49 Years,1641710,2026-05-30,18.3949571887885
Oklahoma,18-49 Years,1641710,2026-06-06,18.395
Oklahoma,18-49 Years,1641710,2026-06-13,18.395
Oklahoma,50-64 Years,712704,2025-08-16,0.550945703820174
Oklahoma,50-64 Years,712704,2025-08-23,0.550945703820174
Oklahoma,50-64 Years,712704,2025-08-30,0.550945703820174
Oklahoma,50-64 Years,712704,2025-09-06,0.550945703820174
Oklahoma,50-64 Years,712704,2025-09-13,0.738468036742155
Oklahoma,50-64 Years,712704,2025-09-20,0.848468925656455
Oklahoma,50-64 Years,712704,2025-09-27,1.29428010905753
Oklahoma,50-64 Years,712704,2025-10-04,2.55329893633218
Oklahoma,50-64 Years,712704,2025-10-11,3.56900271287272
Oklahoma,50-64 Years,712704,2025-10-18,5.00811274344491
Oklahoma,50-64 Years,712704,2025-10-25,6.85900409179513
Oklahoma,50-64 Years,712704,2025-11-01,9.11495491401225
Oklahoma,50-64 Years,712704,2025-11-08,13.5226328347765
Oklahoma,50-64 Years,712704,2025-11-15,15.3500631976757
Oklahoma,50-64 Years,712704,2025-11-22,16.837693720688
Oklahoma,50-64 Years,712704,2025-11-29,18.0303745816727
Oklahoma,50-64 Years,712704,2025-12-06,20.1269154272873
Oklahoma,50-64 Years,712704,2025-12-13,20.9426032472487
Oklahoma,50-64 Years,712704,2025-12-20,21.5937083639843
Oklahoma,50-64 Years,712704,2025-12-27,22.1156624826079
Oklahoma,50-64 Years,712704,2026-01-03,22.6813745459549
Oklahoma,50-64 Years,712704,2026-01-10,23.5458008710776
Oklahoma,50-64 Years,712704,2026-01-17,23.8871910016292
Oklahoma,50-64 Years,712704,2026-01-24,24.1946226243728
Oklahoma,50-64 Years,712704,2026-01-31,24.4307648460408
Oklahoma,50-64 Years,712704,2026-02-07,24.9401749843218
Oklahoma,50-64 Years,712704,2026-02-14,25.1651500238867
Oklahoma,50-64 Years,712704,2026-02-21,25.3695827661064
Oklahoma,50-64 Years,712704,2026-02-28,25.5494841298503
Oklahoma,50-64 Years,712704,2026-03-07,25.8575915247815
Oklahoma,50-64 Years,712704,2026-03-14,25.9627175462512
Oklahoma,50-64 Years,712704,2026-03-21,26.0306905761771
Oklahoma,50-64 Years,712704,2026-03-28,26.0725598088352
Oklahoma,50-64 Years,712704,2026-04-04,26.1210302195861
Oklahoma,50-64 Years,712704,2026-04-11,26.1971177589682
Oklahoma,50-64 Years,712704,2026-04-18,26.2419274598673
Oklahoma,50-64 Years,712704,2026-04-25,26.2940926417077
Oklahoma,50-64 Years,712704,2026-05-02,26.3390237189168
Oklahoma,50-64 Years,712704,2026-05-09,26.4230192701485
Oklahoma,50-64 Years,712704,2026-05-16,26.4458045166405
Oklahoma,50-64 Years,712704,2026-05-23,26.4542786082374
Oklahoma,50-64 Years,712704,2026-05-30,26.4547595360791
Oklahoma,50-64 Years,712704,2026-06-06,26.455
Oklahoma,50-64 Years,712704,2026-06-13,26.455
Oklahoma,65+ Years,653159,2025-08-16,1.47062484558902
Oklahoma,65+ Years,653159,2025-08-23,1.47062484558902
Oklahoma,65+ Years,653159,2025-08-30,1.47062484558902
Oklahoma,65+ Years,653159,2025-09-06,1.47062484558902
Oklahoma,65+ Years,653159,2025-09-13,2.18259570710767
Oklahoma,65+ Years,653159,2025-09-20,2.93080215169925
Oklahoma,65+ Years,653159,2025-09-27,4.43421882284459
Oklahoma,65+ Years,653159,2025-10-04,8.29035146869535
Oklahoma,65+ Years,653159,2025-10-11,11.0705057076217
Oklahoma,65+ Years,653159,2025-10-18,14.7242147345257
Oklahoma,65+ Years,653159,2025-10-25,19.1768005091986
Oklahoma,65+ Years,653159,2025-11-01,24.4451060064865
Oklahoma,65+ Years,653159,2025-11-08,34.440099370458
Oklahoma,65+ Years,653159,2025-11-15,38.4247252429769
Oklahoma,65+ Years,653159,2025-11-22,41.5810968198982
Oklahoma,65+ Years,653159,2025-11-29,44.0501491161876
Oklahoma,65+ Years,653159,2025-12-06,48.3608029503267
Oklahoma,65+ Years,653159,2025-12-13,50.0223332152888
Oklahoma,65+ Years,653159,2025-12-20,51.3446630047705
Oklahoma,65+ Years,653159,2025-12-27,52.415403499608
Oklahoma,65+ Years,653159,2026-01-03,53.6571795546033
Oklahoma,65+ Years,653159,2026-01-10,55.6357562581368
Oklahoma,65+ Years,653159,2026-01-17,56.5740320188767
Oklahoma,65+ Years,653159,2026-01-24,57.5431251262236
Oklahoma,65+ Years,653159,2026-01-31,58.3796083982646
Oklahoma,65+ Years,653159,2026-02-07,60.1968956243088
Oklahoma,65+ Years,653159,2026-02-14,61.0005461648407
Oklahoma,65+ Years,653159,2026-02-21,61.7084194866391
Oklahoma,65+ Years,653159,2026-02-28,62.3184710802821
Oklahoma,65+ Years,653159,2026-03-07,63.3898203192026
Oklahoma,65+ Years,653159,2026-03-14,63.7952298336407
Oklahoma,65+ Years,653159,2026-03-21,64.1031095564198
Oklahoma,65+ Years,653159,2026-03-28,64.3354592369639
Oklahoma,65+ Years,653159,2026-04-04,64.5826501203953
Oklahoma,65+ Years,653159,2026-04-11,64.9540339605752
Oklahoma,65+ Years,653159,2026-04-18,65.1006413580025
Oklahoma,65+ Years,653159,2026-04-25,65.2328790138461
Oklahoma,65+ Years,653159,2026-05-02,65.3310171056026
Oklahoma,65+ Years,653159,2026-05-09,65.5306889563631
Oklahoma,65+ Years,653159,2026-05-16,65.6053162737169
Oklahoma,65+ Years,653159,2026-05-23,65.662440098621
Oklahoma,65+ Years,653159,2026-05-30,65.7052796551931
Oklahoma,65+ Years,653159,2026-06-06,65.7718189755914
Oklahoma,65+ Years,653159,2026-06-13,65.7841825056716
Oregon,6 Months - 4 Years,200037,2025-08-16,1.9767834292136
Oregon,6 Months - 4 Years,200037,2025-08-23,1.9767834292136
Oregon,6 Months - 4 Years,200037,2025-08-30,1.9767834292136
Oregon,6 Months - 4 Years,200037,2025-09-06,1.9767834292136
Oregon,6 Months - 4 Years,200037,2025-09-13,3.25748830073064
Oregon,6 Months - 4 Years,200037,2025-09-20,4.9389496370356
Oregon,6 Months - 4 Years,200037,2025-09-27,6.65914927739963
Oregon,6 Months - 4 Years,200037,2025-10-04,10.1570207623722
Oregon,6 Months - 4 Years,200037,2025-10-11,11.9775304473873
Oregon,6 Months - 4 Years,200037,2025-10-18,13.8719883095469
Oregon,6 Months - 4 Years,200037,2025-10-25,15.8177010764859
Oregon,6 Months - 4 Years,200037,2025-11-01,17.9837588526654
Oregon,6 Months - 4 Years,200037,2025-11-08,21.9486325533061
Oregon,6 Months - 4 Years,200037,2025-11-15,23.6255414169831
Oregon,6 Months - 4 Years,200037,2025-11-22,25.1294479458819
Oregon,6 Months - 4 Years,200037,2025-11-29,26.479699921681
Oregon,6 Months - 4 Years,200037,2025-12-06,29.009344137201
Oregon,6 Months - 4 Years,200037,2025-12-13,30.1624713986718
Oregon,6 Months - 4 Years,200037,2025-12-20,31.2432912969846
Oregon,6 Months - 4 Years,200037,2025-12-27,32.2367560328032
Oregon,6 Months - 4 Years,200037,2026-01-03,33.2710656407417
Oregon,6 Months - 4 Years,200037,2026-01-10,34.841628869761
Oregon,6 Months - 4 Years,200037,2026-01-17,35.3184670763663
Oregon,6 Months - 4 Years,200037,2026-01-24,35.6367187147746
Oregon,6 Months - 4 Years,200037,2026-01-31,35.8313587333611
Oregon,6 Months - 4 Years,200037,2026-02-07,36.2816458970618
Oregon,6 Months - 4 Years,200037,2026-02-14,36.5257860141375
Oregon,6 Months - 4 Years,200037,2026-02-21,36.8032799983316
Oregon,6 Months - 4 Years,200037,2026-02-28,37.1045120697959
Oregon,6 Months - 4 Years,200037,2026-03-07,37.7031835039992
Oregon,6 Months - 4 Years,200037,2026-03-14,37.9904236836337
Oregon,6 Months - 4 Years,200037,2026-03-21,38.2593078242322
Oregon,6 Months - 4 Years,200037,2026-03-28,38.4993396161596
Oregon,6 Months - 4 Years,200037,2026-04-04,38.7255326290933
Oregon,6 Months - 4 Years,200037,2026-04-11,39.0470923440411
Oregon,6 Months - 4 Years,200037,2026-04-18,39.1118014502891
Oregon,6 Months - 4 Years,200037,2026-04-25,39.13
Oregon,6 Months - 4 Years,200037,2026-05-02,39.13
Oregon,6 Months - 4 Years,200037,2026-05-09,39.1830231239383
Oregon,6 Months - 4 Years,200037,2026-05-16,39.3706237404739
Oregon,6 Months - 4 Years,200037,2026-05-23,39.8007964474913
Oregon,6 Months - 4 Years,200037,2026-05-30,40.5311781019793
Oregon,6 Months - 4 Years,200037,2026-06-06,42.4266619443324
Oregon,6 Months - 4 Years,200037,2026-06-13,43.6120379831955
Oregon,5-12 Years,391027,2025-08-16,2.28014329759776
Oregon,5-12 Years,391027,2025-08-23,2.28014329759776
Oregon,5-12 Years,391027,2025-08-30,2.28014329759776
Oregon,5-12 Years,391027,2025-09-06,2.28014329759776
Oregon,5-12 Years,391027,2025-09-13,3.10182556601995
Oregon,5-12 Years,391027,2025-09-20,3.64780710201978
Oregon,5-12 Years,391027,2025-09-27,4.53838363308858
Oregon,5-12 Years,391027,2025-10-04,6.72076632373917
Oregon,5-12 Years,391027,2025-10-11,8.2184185785303
Oregon,5-12 Years,391027,2025-10-18,10.1287222122267
Oregon,5-12 Years,391027,2025-10-25,12.4084632810802
Oregon,5-12 Years,391027,2025-11-01,15.0782435512666
Oregon,5-12 Years,391027,2025-11-08,20.0931183815592
Oregon,5-12 Years,391027,2025-11-15,22.0679354440938
Oregon,5-12 Years,391027,2025-11-22,23.6233028657602
Oregon,5-12 Years,391027,2025-11-29,24.8447922944431
Oregon,5-12 Years,391027,2025-12-06,27.0303236241875
Oregon,5-12 Years,391027,2025-12-13,27.9665679555159
Oregon,5-12 Years,391027,2025-12-20,28.8150273129882
Oregon,5-12 Years,391027,2025-12-27,29.5711426640866
Oregon,5-12 Years,391027,2026-01-03,30.3181779375344
Oregon,5-12 Years,391027,2026-01-10,31.4074912567179
Oregon,5-12 Years,391027,2026-01-17,31.6847446967538
Oregon,5-12 Years,391027,2026-01-24,31.8309236109822
Oregon,5-12 Years,391027,2026-01-31,31.9040716325896
Oregon,5-12 Years,391027,2026-02-07,32.1258870923125
Oregon,5-12 Years,391027,2026-02-14,32.3816606002076
Oregon,5-12 Years,391027,2026-02-21,32.8101506710705
Oregon,5-12 Years,391027,2026-02-28,33.3613202323567
Oregon,5-12 Years,391027,2026-03-07,34.4404004206822
Oregon,5-12 Years,391027,2026-03-14,34.8385948939527
Oregon,5-12 Years,391027,2026-03-21,35.0618965440625
Oregon,5-12 Years,391027,2026-03-28,35.1471329828129
Oregon,5-12 Years,391027,2026-04-04,35.2127171266602
Oregon,5-12 Years,391027,2026-04-11,35.2806466841709
Oregon,5-12 Years,391027,2026-04-18,35.2920626060231
Oregon,5-12 Years,391027,2026-04-25,35.295
Oregon,5-12 Years,391027,2026-05-02,35.295
Oregon,5-12 Years,391027,2026-05-09,35.3014487583168
Oregon,5-12 Years,391027,2026-05-16,35.3242650495171
Oregon,5-12 Years,391027,2026-05-23,35.3765833517219
Oregon,5-12 Years,391027,2026-05-30,35.4654135529434
Oregon,5-12 Years,391027,2026-06-06,35.695945371608
Oregon,5-12 Years,391027,2026-06-13,35.8401127276859
Oregon,13-17 Years,248705,2025-08-16,0.57614460186361
Oregon,13-17 Years,248705,2025-08-23,0.57614460186361
Oregon,13-17 Years,248705,2025-08-30,0.57614460186361
Oregon,13-17 Years,248705,2025-09-06,0.57614460186361
Oregon,13-17 Years,248705,2025-09-13,0.960369269798434
Oregon,13-17 Years,248705,2025-09-20,1.48159511541822
Oregon,13-17 Years,248705,2025-09-27,2.34821451326395
Oregon,13-17 Years,248705,2025-10-04,4.48165585825044
Oregon,13-17 Years,248705,2025-10-11,5.94145941862547
Oregon,13-17 Years,248705,2025-10-18,7.79521249387656
Oregon,13-17 Years,248705,2025-10-25,10.0122840658199
Oregon,13-17 Years,248705,2025-11-01,12.6407342027917
Oregon,13-17 Years,248705,2025-11-08,17.699414874377
Oregon,13-17 Years,248705,2025-11-15,19.8520436323244
Oregon,13-17 Years,248705,2025-11-22,21.6936718795955
Oregon,13-17 Years,248705,2025-11-29,23.2228631706912
Oregon,13-17 Years,248705,2025-12-06,25.838184828331
Oregon,13-17 Years,248705,2025-12-13,26.7511094357744
Oregon,13-17 Years,248705,2025-12-20,27.3735880337541
Oregon,13-17 Years,248705,2025-12-27,27.7833104731123
Oregon,13-17 Years,248705,2026-01-03,28.1923708945105
Oregon,13-17 Years,248705,2026-01-10,28.7708735471115
Oregon,13-17 Years,248705,2026-01-17,28.9678568289835
Oregon,13-17 Years,248705,2026-01-24,29.1304807700656
Oregon,13-17 Years,248705,2026-01-31,29.2558160319434
Oregon,13-17 Years,248705,2026-02-07,29.584786560333
Oregon,13-17 Years,248705,2026-02-14,29.8433645902504
Oregon,13-17 Years,248705,2026-02-21,30.2038641414968
Oregon,13-17 Years,248705,2026-02-28,30.6215555679849
Oregon,13-17 Years,248705,2026-03-07,31.3907792034571
Oregon,13-17 Years,248705,2026-03-14,31.6480748083062
Oregon,13-17 Years,248705,2026-03-21,31.7754493648138
Oregon,13-17 Years,248705,2026-03-28,31.8079992427559
Oregon,13-17 Years,248705,2026-04-04,31.829936302986
Oregon,13-17 Years,248705,2026-04-11,31.8466144795711
Oregon,13-17 Years,248705,2026-04-18,31.8493185580784
Oregon,13-17 Years,248705,2026-04-25,31.85
Oregon,13-17 Years,248705,2026-05-02,31.85
Oregon,13-17 Years,248705,2026-05-09,31.85
Oregon,13-17 Years,248705,2026-05-16,31.85
Oregon,13-17 Years,248705,2026-05-23,31.85
Oregon,13-17 Years,248705,2026-05-30,31.85
Oregon,13-17 Years,248705,2026-06-06,31.85
Oregon,13-17 Years,248705,2026-06-13,31.85
Oregon,6 Months - 17 Years,839769,2025-08-16,1.86517278008413
Oregon,6 Months - 17 Years,839769,2025-08-23,1.86517278008413
Oregon,6 Months - 17 Years,839769,2025-08-30,1.86517278008413
Oregon,6 Months - 17 Years,839769,2025-09-06,1.86517278008413
Oregon,6 Months - 17 Years,839769,2025-09-13,2.65095962944773
Oregon,6 Months - 17 Years,839769,2025-09-20,3.34284802686414
Oregon,6 Months - 17 Years,839769,2025-09-27,4.32850248405015
Oregon,6 Months - 17 Years,839769,2025-10-04,6.65352387512782
Oregon,6 Months - 17 Years,839769,2025-10-11,8.17089601530537
Oregon,6 Months - 17 Years,839769,2025-10-18,10.0420236757687
Oregon,6 Months - 17 Years,839769,2025-10-25,12.2287299756822
Oregon,6 Months - 17 Years,839769,2025-11-01,14.7824491352928
Oregon,6 Months - 17 Years,839769,2025-11-08,19.6039833529503
Oregon,6 Months - 17 Years,839769,2025-11-15,21.5745697085386
Oregon,6 Months - 17 Years,839769,2025-11-22,23.2050804426313
Oregon,6 Months - 17 Years,839769,2025-11-29,24.5435936352448
Oregon,6 Months - 17 Years,839769,2025-12-06,26.931229438599
Oregon,6 Months - 17 Years,839769,2025-12-13,27.9104452320774
Oregon,6 Months - 17 Years,839769,2025-12-20,28.7444154918638
Oregon,6 Months - 17 Years,839769,2025-12-27,29.4479552268556
Oregon,6 Months - 17 Years,839769,2026-01-03,30.1531014629653
Oregon,6 Months - 17 Years,839769,2026-01-10,31.1828985350146
Oregon,6 Months - 17 Years,839769,2026-01-17,31.474714900916
Oregon,6 Months - 17 Years,839769,2026-01-24,31.6599995205549
Oregon,6 Months - 17 Years,839769,2026-01-31,31.7727404933135
Oregon,6 Months - 17 Years,839769,2026-02-07,32.0731938002275
Oregon,6 Months - 17 Years,839769,2026-02-14,32.3226380724264
Oregon,6 Months - 17 Years,839769,2026-02-21,32.6878230335553
Oregon,6 Months - 17 Years,839769,2026-02-28,33.1306123348503
Oregon,6 Months - 17 Years,839769,2026-03-07,33.9872052429977
Oregon,6 Months - 17 Years,839769,2026-03-14,34.3134949411299
Oregon,6 Months - 17 Years,839769,2026-03-21,34.5187049677571
Oregon,6 Months - 17 Years,839769,2026-03-28,34.6248518599151
Oregon,6 Months - 17 Years,839769,2026-04-04,34.7129428163953
Oregon,6 Months - 17 Years,839769,2026-04-11,34.8170168768183
Oregon,6 Months - 17 Years,839769,2026-04-18,34.8352148265726
Oregon,6 Months - 17 Years,839769,2026-04-25,34.84
Oregon,6 Months - 17 Years,839769,2026-05-02,34.84
Oregon,6 Months - 17 Years,839769,2026-05-09,34.8500314018262
Oregon,6 Months - 17 Years,839769,2026-05-16,34.8855234103599
Oregon,6 Months - 17 Years,839769,2026-05-23,34.9669074360119
Oregon,6 Months - 17 Years,839769,2026-05-30,35.1050877490231
Oregon,6 Months - 17 Years,839769,2026-06-06,35.4636928002791
Oregon,6 Months - 17 Years,839769,2026-06-13,35.6879531319559
Oregon,18-49 Years,1803746,2025-08-16,0.605909467786688
Oregon,18-49 Years,1803746,2025-08-23,0.605909467786688
Oregon,18-49 Years,1803746,2025-08-30,0.605909467786688
Oregon,18-49 Years,1803746,2025-09-06,0.605909467786688
Oregon,18-49 Years,1803746,2025-09-13,0.805498188726293
Oregon,18-49 Years,1803746,2025-09-20,0.910057678597259
Oregon,18-49 Years,1803746,2025-09-27,1.27545331706445
Oregon,18-49 Years,1803746,2025-10-04,2.28625726133723
Oregon,18-49 Years,1803746,2025-10-11,3.06599294262319
Oregon,18-49 Years,1803746,2025-10-18,4.12959461848983
Oregon,18-49 Years,1803746,2025-10-25,5.46284812041054
Oregon,18-49 Years,1803746,2025-11-01,7.07147465145419
Oregon,18-49 Years,1803746,2025-11-08,10.1948627220723
Oregon,18-49 Years,1803746,2025-11-15,11.4975463225062
Oregon,18-49 Years,1803746,2025-11-22,12.5716324231689
Oregon,18-49 Years,1803746,2025-11-29,13.4353010416902
Oregon,18-49 Years,1803746,2025-12-06,14.914987570216
Oregon,18-49 Years,1803746,2025-12-13,15.4376543254242
Oregon,18-49 Years,1803746,2025-12-20,15.8018773794148
Oregon,18-49 Years,1803746,2025-12-27,16.0543719145967
Oregon,18-49 Years,1803746,2026-01-03,16.3517619035769
Oregon,18-49 Years,1803746,2026-01-10,16.824557361553
Oregon,18-49 Years,1803746,2026-01-17,17.084330950237
Oregon,18-49 Years,1803746,2026-01-24,17.3841376172996
Oregon,18-49 Years,1803746,2026-01-31,17.6692531378361
Oregon,18-49 Years,1803746,2026-02-07,18.2981700861156
Oregon,18-49 Years,1803746,2026-02-14,18.5803253708825
Oregon,18-49 Years,1803746,2026-02-21,18.8270596812102
Oregon,18-49 Years,1803746,2026-02-28,19.0462243081316
Oregon,18-49 Years,1803746,2026-03-07,19.4732816064397
Oregon,18-49 Years,1803746,2026-03-14,19.6968476615361
Oregon,18-49 Years,1803746,2026-03-21,19.9382185110327
Oregon,18-49 Years,1803746,2026-03-28,20.1884505938544
Oregon,18-49 Years,1803746,2026-04-04,20.4632811518954
Oregon,18-49 Years,1803746,2026-04-11,20.902466701304
Oregon,18-49 Years,1803746,2026-04-18,21.0454200547719
Oregon,18-49 Years,1803746,2026-04-25,21.1444330349114
Oregon,18-49 Years,1803746,2026-05-02,21.2058175796935
Oregon,18-49 Years,1803746,2026-05-09,21.3405189581681
Oregon,18-49 Years,1803746,2026-05-16,21.4026530929087
Oregon,18-49 Years,1803746,2026-05-23,21.463898827364
Oregon,18-49 Years,1803746,2026-05-30,21.5240153318819
Oregon,18-49 Years,1803746,2026-06-06,21.6398634060635
Oregon,18-49 Years,1803746,2026-06-13,21.6937560918558
Oregon,50-64 Years,784877,2025-08-16,0.617818248267142
Oregon,50-64 Years,784877,2025-08-23,0.617818248267142
Oregon,50-64 Years,784877,2025-08-30,0.617818248267142
Oregon,50-64 Years,784877,2025-09-06,0.617818248267142
Oregon,50-64 Years,784877,2025-09-13,0.93924734777377
Oregon,50-64 Years,784877,2025-09-20,1.30188785941423
Oregon,50-64 Years,784877,2025-09-27,1.96523773317866
Oregon,50-64 Years,784877,2025-10-04,3.63427494921492
Oregon,50-64 Years,784877,2025-10-11,4.79813468752936
Oregon,50-64 Years,784877,2025-10-18,6.29119261907352
Oregon,50-64 Years,784877,2025-10-25,8.09570134990729
Oregon,50-64 Years,784877,2025-11-01,10.2600571716578
Oregon,50-64 Years,784877,2025-11-08,14.4863597868716
Oregon,50-64 Years,784877,2025-11-15,16.3346086208536
Oregon,50-64 Years,784877,2025-11-22,17.9571341639179
Oregon,50-64 Years,784877,2025-11-29,19.3510255682591
Oregon,50-64 Years,784877,2025-12-06,21.8195235344153
Oregon,50-64 Years,784877,2025-12-13,22.7562323074909
Oregon,50-64 Years,784877,2025-12-20,23.4617948088249
Oregon,50-64 Years,784877,2025-12-27,23.9927933603976
Oregon,50-64 Years,784877,2026-01-03,24.5941985692161
Oregon,50-64 Years,784877,2026-01-10,25.5338549164213
Oregon,50-64 Years,784877,2026-01-17,25.9740254923822
Oregon,50-64 Years,784877,2026-01-24,26.4270628843757
Oregon,50-64 Years,784877,2026-01-31,26.8144576665956
Oregon,50-64 Years,784877,2026-02-07,27.6475502695775
Oregon,50-64 Years,784877,2026-02-14,28.0035477899316
Oregon,50-64 Years,784877,2026-02-21,28.3067807627233
Oregon,50-64 Years,784877,2026-02-28,28.5635885444125
Oregon,50-64 Years,784877,2026-03-07,29.0243126179915
Oregon,50-64 Years,784877,2026-03-14,29.2118883322595
Oregon,50-64 Years,784877,2026-03-21,29.3691813293351
Oregon,50-64 Years,784877,2026-03-28,29.5043792696817
Oregon,50-64 Years,784877,2026-04-04,29.6748989646861
Oregon,50-64 Years,784877,2026-04-11,29.9627088722179
Oregon,50-64 Years,784877,2026-04-18,30.1279241721139
Oregon,50-64 Years,784877,2026-04-25,30.3137631662886
Oregon,50-64 Years,784877,2026-05-02,30.4707561771727
Oregon,50-64 Years,784877,2026-05-09,30.7639005502758
Oregon,50-64 Years,784877,2026-05-16,30.8431013524908
Oregon,50-64 Years,784877,2026-05-23,30.8725007957295
Oregon,50-64 Years,784877,2026-05-30,30.8741669319098
Oregon,50-64 Years,784877,2026-06-06,30.875
Oregon,50-64 Years,784877,2026-06-13,30.875
Oregon,65+ Years,789527,2025-08-16,1.77262785354276
Oregon,65+ Years,789527,2025-08-23,1.77262785354276
Oregon,65+ Years,789527,2025-08-30,1.77262785354276
Oregon,65+ Years,789527,2025-09-06,1.77262785354276
Oregon,65+ Years,789527,2025-09-13,2.78863796826484
Oregon,65+ Years,789527,2025-09-20,4.03102113779549
Oregon,65+ Years,789527,2025-09-27,5.98763191771292
Oregon,65+ Years,789527,2025-10-04,10.7392201369372
Oregon,65+ Years,789527,2025-10-11,13.9761116684301
Oregon,65+ Years,789527,2025-10-18,18.0900840554973
Oregon,65+ Years,789527,2025-10-25,22.9774814061411
Oregon,65+ Years,789527,2025-11-01,28.6643052948481
Oregon,65+ Years,789527,2025-11-08,39.2468808342885
Oregon,65+ Years,789527,2025-11-15,43.3199586357646
Oregon,65+ Years,789527,2025-11-22,46.448466742741
Oregon,65+ Years,789527,2025-11-29,48.840767428092
Oregon,65+ Years,789527,2025-12-06,53.0747627385432
Oregon,65+ Years,789527,2025-12-13,54.8229058049134
Oregon,65+ Years,789527,2025-12-20,56.3494891278019
Oregon,65+ Years,789527,2025-12-27,57.6961099200047
Oregon,65+ Years,789527,2026-01-03,59.2064448372845
Oregon,65+ Years,789527,2026-01-10,61.5884778348628
Oregon,65+ Years,789527,2026-01-17,62.5635341971298
Oregon,65+ Years,789527,2026-01-24,63.4505650879379
Oregon,65+ Years,789527,2026-01-31,64.1250694112723
Oregon,65+ Years,789527,2026-02-07,65.5174110326634
Oregon,65+ Years,789527,2026-02-14,66.0493607668674
Oregon,65+ Years,789527,2026-02-21,66.4605799710562
Oregon,65+ Years,789527,2026-02-28,66.779696381515
Oregon,65+ Years,789527,2026-03-07,67.3372746808821
Oregon,65+ Years,789527,2026-03-14,67.5637595861943
Oregon,65+ Years,789527,2026-03-21,67.7606589849348
Oregon,65+ Years,789527,2026-03-28,67.9353445518968
Oregon,65+ Years,789527,2026-04-04,68.1401409147682
Oregon,65+ Years,789527,2026-04-11,68.4723396354104
Oregon,65+ Years,789527,2026-04-18,68.6288230450478
Oregon,65+ Years,789527,2026-04-25,68.7843129974274
Oregon,65+ Years,789527,2026-05-02,68.9028791910447
Oregon,65+ Years,789527,2026-05-09,69.1214281317009
Oregon,65+ Years,789527,2026-05-16,69.1778238483066
Oregon,65+ Years,789527,2026-05-23,69.1982897841174
Oregon,65+ Years,789527,2026-05-30,69.1994299280392
Oregon,65+ Years,789527,2026-06-06,69.2
Oregon,65+ Years,789527,2026-06-13,69.2
Pennsylvania,6 Months - 4 Years,622576,2025-08-16,2.70508179716634
Pennsylvania,6 Months - 4 Years,622576,2025-08-23,2.70508179716634
Pennsylvania,6 Months - 4 Years,622576,2025-08-30,2.70508179716634
Pennsylvania,6 Months - 4 Years,622576,2025-09-06,2.70508179716634
Pennsylvania,6 Months - 4 Years,622576,2025-09-13,4.140510871094
Pennsylvania,6 Months - 4 Years,622576,2025-09-20,5.77160985115609
Pennsylvania,6 Months - 4 Years,622576,2025-09-27,7.56909539858888
Pennsylvania,6 Months - 4 Years,622576,2025-10-04,11.3922587177897
Pennsylvania,6 Months - 4 Years,622576,2025-10-11,13.5651225502428
Pennsylvania,6 Months - 4 Years,622576,2025-10-18,16.0034165263066
Pennsylvania,6 Months - 4 Years,622576,2025-10-25,18.6434168561437
Pennsylvania,6 Months - 4 Years,622576,2025-11-01,21.5837717533293
Pennsylvania,6 Months - 4 Years,622576,2025-11-08,26.8433500380436
Pennsylvania,6 Months - 4 Years,622576,2025-11-15,28.8168070455485
Pennsylvania,6 Months - 4 Years,622576,2025-11-22,30.3467933990729
Pennsylvania,6 Months - 4 Years,622576,2025-11-29,31.5398201003069
Pennsylvania,6 Months - 4 Years,622576,2025-12-06,33.6777351877842
Pennsylvania,6 Months - 4 Years,622576,2025-12-13,34.5992761142368
Pennsylvania,6 Months - 4 Years,622576,2025-12-20,35.4440573872079
Pennsylvania,6 Months - 4 Years,622576,2025-12-27,36.2185350391018
Pennsylvania,6 Months - 4 Years,622576,2026-01-03,37.0687720134918
Pennsylvania,6 Months - 4 Years,622576,2026-01-10,38.3997279160696
Pennsylvania,6 Months - 4 Years,622576,2026-01-17,38.8959695262619
Pennsylvania,6 Months - 4 Years,622576,2026-01-24,39.3090849623056
Pennsylvania,6 Months - 4 Years,622576,2026-01-31,39.5995140465079
Pennsylvania,6 Months - 4 Years,622576,2026-02-07,40.1900698161973
Pennsylvania,6 Months - 4 Years,622576,2026-02-14,40.4059308501442
Pennsylvania,6 Months - 4 Years,622576,2026-02-21,40.5678584129333
Pennsylvania,6 Months - 4 Years,622576,2026-02-28,40.691502978156
Pennsylvania,6 Months - 4 Years,622576,2026-03-07,40.9097722061168
Pennsylvania,6 Months - 4 Years,622576,2026-03-14,41.0002560465723
Pennsylvania,6 Months - 4 Years,622576,2026-03-21,41.0811599865031
Pennsylvania,6 Months - 4 Years,622576,2026-03-28,41.1582401951266
Pennsylvania,6 Months - 4 Years,622576,2026-04-04,41.2840840626328
Pennsylvania,6 Months - 4 Years,622576,2026-04-11,41.5276404103195
Pennsylvania,6 Months - 4 Years,622576,2026-04-18,41.7451564878815
Pennsylvania,6 Months - 4 Years,622576,2026-04-25,42.0462418134439
Pennsylvania,6 Months - 4 Years,622576,2026-05-02,42.3475951384566
Pennsylvania,6 Months - 4 Years,622576,2026-05-09,42.9229673857973
Pennsylvania,6 Months - 4 Years,622576,2026-05-16,43.0902355823807
Pennsylvania,6 Months - 4 Years,622576,2026-05-23,43.1544126366185
Pennsylvania,6 Months - 4 Years,622576,2026-05-30,43.1581375455395
Pennsylvania,6 Months - 4 Years,622576,2026-06-06,43.16
Pennsylvania,6 Months - 4 Years,622576,2026-06-13,43.16
Pennsylvania,5-12 Years,1168584,2025-08-16,2.1096305189712
Pennsylvania,5-12 Years,1168584,2025-08-23,2.1096305189712
Pennsylvania,5-12 Years,1168584,2025-08-30,2.1096305189712
Pennsylvania,5-12 Years,1168584,2025-09-06,2.1096305189712
Pennsylvania,5-12 Years,1168584,2025-09-13,3.14871256477759
Pennsylvania,5-12 Years,1168584,2025-09-20,4.25267640958501
Pennsylvania,5-12 Years,1168584,2025-09-27,5.59869886140445
Pennsylvania,5-12 Years,1168584,2025-10-04,8.60083723535486
Pennsylvania,5-12 Years,1168584,2025-10-11,10.424234626778
Pennsylvania,5-12 Years,1168584,2025-10-18,12.5670739073308
Pennsylvania,5-12 Years,1168584,2025-10-25,14.979773235513
Pennsylvania,5-12 Years,1168584,2025-11-01,17.7397921033877
Pennsylvania,5-12 Years,1168584,2025-11-08,22.8459058680686
Pennsylvania,5-12 Years,1168584,2025-11-15,24.88875351071
Pennsylvania,5-12 Years,1168584,2025-11-22,26.5630167197964
Pennsylvania,5-12 Years,1168584,2025-11-29,27.9230440279846
Pennsylvania,5-12 Years,1168584,2025-12-06,30.3177419039821
Pennsylvania,5-12 Years,1168584,2025-12-13,31.2543588348578
Pennsylvania,5-12 Years,1168584,2025-12-20,32.0086177142571
Pennsylvania,5-12 Years,1168584,2025-12-27,32.6228840085711
Pennsylvania,5-12 Years,1168584,2026-01-03,33.3175950640894
Pennsylvania,5-12 Years,1168584,2026-01-10,34.4105266872051
Pennsylvania,5-12 Years,1168584,2026-01-17,34.9006737557492
Pennsylvania,5-12 Years,1168584,2026-01-24,35.3824361984959
Pennsylvania,5-12 Years,1168584,2026-01-31,35.7657798970441
Pennsylvania,5-12 Years,1168584,2026-02-07,36.5353493990254
Pennsylvania,5-12 Years,1168584,2026-02-14,36.8055720879314
Pennsylvania,5-12 Years,1168584,2026-02-21,36.9888724632897
Pennsylvania,5-12 Years,1168584,2026-02-28,37.1080562037709
Pennsylvania,5-12 Years,1168584,2026-03-07,37.296341243616
Pennsylvania,5-12 Years,1168584,2026-03-14,37.3553737008973
Pennsylvania,5-12 Years,1168584,2026-03-21,37.3932028703437
Pennsylvania,5-12 Years,1168584,2026-03-28,37.4180124121645
Pennsylvania,5-12 Years,1168584,2026-04-04,37.4611458601413
Pennsylvania,5-12 Years,1168584,2026-04-11,37.5468675429683
Pennsylvania,5-12 Years,1168584,2026-04-18,37.6472766593317
Pennsylvania,5-12 Years,1168584,2026-04-25,37.8006734313308
Pennsylvania,5-12 Years,1168584,2026-05-02,37.9649432205585
Pennsylvania,5-12 Years,1168584,2026-05-09,38.2810892411019
Pennsylvania,5-12 Years,1168584,2026-05-16,38.3752828421578
Pennsylvania,5-12 Years,1168584,2026-05-23,38.4117980082838
Pennsylvania,5-12 Years,1168584,2026-05-30,38.413932669428
Pennsylvania,5-12 Years,1168584,2026-06-06,38.415
Pennsylvania,5-12 Years,1168584,2026-06-13,38.415
Pennsylvania,13-17 Years,763069,2025-08-16,1.33130077979446
Pennsylvania,13-17 Years,763069,2025-08-23,1.33130077979446
Pennsylvania,13-17 Years,763069,2025-08-30,1.33130077979446
Pennsylvania,13-17 Years,763069,2025-09-06,1.33130077979446
Pennsylvania,13-17 Years,763069,2025-09-13,2.08751450863007
Pennsylvania,13-17 Years,763069,2025-09-20,3.00083755337218
Pennsylvania,13-17 Years,763069,2025-09-27,4.10847126256388
Pennsylvania,13-17 Years,763069,2025-10-04,6.57327281782333
Pennsylvania,13-17 Years,763069,2025-10-11,8.06258271272332
Pennsylvania,13-17 Years,763069,2025-10-18,9.80502359381273
Pennsylvania,13-17 Years,763069,2025-10-25,11.7629168401038
Pennsylvania,13-17 Years,763069,2025-11-01,14.0076843763854
Pennsylvania,13-17 Years,763069,2025-11-08,18.1888647218286
Pennsylvania,13-17 Years,763069,2025-11-15,19.90668393522
Pennsylvania,13-17 Years,763069,2025-11-22,21.3548535889421
Pennsylvania,13-17 Years,763069,2025-11-29,22.5482528986214
Pennsylvania,13-17 Years,763069,2025-12-06,24.5972948115782
Pennsylvania,13-17 Years,763069,2025-12-13,25.3267599362906
Pennsylvania,13-17 Years,763069,2025-12-20,25.8415875780024
Pennsylvania,13-17 Years,763069,2025-12-27,26.2006061932101
Pennsylvania,13-17 Years,763069,2026-01-03,26.5917760265196
Pennsylvania,13-17 Years,763069,2026-01-10,27.1840428986962
Pennsylvania,13-17 Years,763069,2026-01-17,27.4489983112658
Pennsylvania,13-17 Years,763069,2026-01-24,27.7149830772234
Pennsylvania,13-17 Years,763069,2026-01-31,27.9350704988935
Pennsylvania,13-17 Years,763069,2026-02-07,28.4002745997683
Pennsylvania,13-17 Years,763069,2026-02-14,28.5920761129457
Pennsylvania,13-17 Years,763069,2026-02-21,28.7505844283105
Pennsylvania,13-17 Years,763069,2026-02-28,28.8780916955978
Pennsylvania,13-17 Years,763069,2026-03-07,29.0903581361516
Pennsylvania,13-17 Years,763069,2026-03-14,29.1600376336836
Pennsylvania,13-17 Years,763069,2026-03-21,29.2040518308748
Pennsylvania,13-17 Years,763069,2026-03-28,29.2309002856568
Pennsylvania,13-17 Years,763069,2026-04-04,29.2653409877225
Pennsylvania,13-17 Years,763069,2026-04-11,29.3230145281909
Pennsylvania,13-17 Years,763069,2026-04-18,29.3660112699906
Pennsylvania,13-17 Years,763069,2026-04-25,29.4229045576775
Pennsylvania,13-17 Years,763069,2026-05-02,29.479463646275
Pennsylvania,13-17 Years,763069,2026-05-09,29.593985385533
Pennsylvania,13-17 Years,763069,2026-05-16,29.6348759982039
Pennsylvania,13-17 Years,763069,2026-05-23,29.6604075147314
Pennsylvania,13-17 Years,763069,2026-05-30,29.6748851887151
Pennsylvania,13-17 Years,763069,2026-06-06,29.6964361366149
Pennsylvania,13-17 Years,763069,2026-06-13,29.7003754455526
Pennsylvania,6 Months - 17 Years,2554230,2025-08-16,2.04589074568325
Pennsylvania,6 Months - 17 Years,2554230,2025-08-23,2.04589074568325
Pennsylvania,6 Months - 17 Years,2554230,2025-08-30,2.04589074568325
Pennsylvania,6 Months - 17 Years,2554230,2025-09-06,2.04589074568325
Pennsylvania,6 Months - 17 Years,2554230,2025-09-13,3.11102694990716
Pennsylvania,6 Months - 17 Years,2554230,2025-09-20,4.30399930927425
Pennsylvania,6 Months - 17 Years,2554230,2025-09-27,5.70457395683897
Pennsylvania,6 Months - 17 Years,2554230,2025-10-04,8.77745934446974
Pennsylvania,6 Months - 17 Years,2554230,2025-10-11,10.6018766017121
Pennsylvania,6 Months - 17 Years,2554230,2025-10-18,12.7122929035117
Pennsylvania,6 Months - 17 Years,2554230,2025-10-25,15.0583974790316
Pennsylvania,6 Months - 17 Years,2554230,2025-11-01,17.7220856798749
Pennsylvania,6 Months - 17 Years,2554230,2025-11-08,22.6094037967597
Pennsylvania,6 Months - 17 Years,2554230,2025-11-15,24.5419721737219
Pennsylvania,6 Months - 17 Years,2554230,2025-11-22,26.1135143708226
Pennsylvania,6 Months - 17 Years,2554230,2025-11-29,27.3822755642781
Pennsylvania,6 Months - 17 Years,2554230,2025-12-06,29.6160837070943
Pennsylvania,6 Months - 17 Years,2554230,2025-12-13,30.4962451023618
Pennsylvania,6 Months - 17 Years,2554230,2025-12-20,31.2141970416317
Pennsylvania,6 Months - 17 Years,2554230,2025-12-27,31.8055583804509
Pennsylvania,6 Months - 17 Years,2554230,2026-01-03,32.4634096040205
Pennsylvania,6 Months - 17 Years,2554230,2026-01-10,33.4888119747717
Pennsylvania,6 Months - 17 Years,2554230,2026-01-17,33.9231531619003
Pennsylvania,6 Months - 17 Years,2554230,2026-01-24,34.3325345976859
Pennsylvania,6 Months - 17 Years,2554230,2026-01-31,34.6490525095573
Pennsylvania,6 Months - 17 Years,2554230,2026-02-07,35.2897593166416
Pennsylvania,6 Months - 17 Years,2554230,2026-02-14,35.5208458646148
Pennsylvania,6 Months - 17 Years,2554230,2026-02-21,35.6857688916005
Pennsylvania,6 Months - 17 Years,2554230,2026-02-28,35.8013183103042
Pennsylvania,6 Months - 17 Years,2554230,2026-03-07,35.9911995538457
Pennsylvania,6 Months - 17 Years,2554230,2026-03-14,36.0565836751151
Pennsylvania,6 Months - 17 Years,2554230,2026-03-21,36.1037014073314
Pennsylvania,6 Months - 17 Years,2554230,2026-03-28,36.139468892032
Pennsylvania,6 Months - 17 Years,2554230,2026-04-04,36.1969520593147
Pennsylvania,6 Months - 17 Years,2554230,2026-04-11,36.3068738533099
Pennsylvania,6 Months - 17 Years,2554230,2026-04-18,36.4161067262608
Pennsylvania,6 Months - 17 Years,2554230,2026-04-25,36.5742986024973
Pennsylvania,6 Months - 17 Years,2554230,2026-05-02,36.7373861771442
Pennsylvania,6 Months - 17 Years,2554230,2026-05-09,37.0497952578359
Pennsylvania,6 Months - 17 Years,2554230,2026-05-16,37.1415530686892
Pennsylvania,6 Months - 17 Years,2554230,2026-05-23,37.1769121859496
Pennsylvania,6 Months - 17 Years,2554230,2026-05-30,37.1789707286499
Pennsylvania,6 Months - 17 Years,2554230,2026-06-06,37.18
Pennsylvania,6 Months - 17 Years,2554230,2026-06-13,37.18
Pennsylvania,18-49 Years,5103316,2025-08-16,0.415052743733055
Pennsylvania,18-49 Years,5103316,2025-08-23,0.415052743733055
Pennsylvania,18-49 Years,5103316,2025-08-30,0.415052743733055
Pennsylvania,18-49 Years,5103316,2025-09-06,0.415052743733055
Pennsylvania,18-49 Years,5103316,2025-09-13,0.792477280297465
Pennsylvania,18-49 Years,5103316,2025-09-20,1.3740107149448
Pennsylvania,18-49 Years,5103316,2025-09-27,2.11504013015261
Pennsylvania,18-49 Years,5103316,2025-10-04,3.77511366209594
Pennsylvania,18-49 Years,5103316,2025-10-11,4.7893294291506
Pennsylvania,18-49 Years,5103316,2025-10-18,5.98601126015165
Pennsylvania,18-49 Years,5103316,2025-10-25,7.33778589497242
Pennsylvania,18-49 Years,5103316,2025-11-01,8.88728245717678
Pennsylvania,18-49 Years,5103316,2025-11-08,11.7644042075646
Pennsylvania,18-49 Years,5103316,2025-11-15,12.9288973742188
Pennsylvania,18-49 Years,5103316,2025-11-22,13.8935210857895
Pennsylvania,18-49 Years,5103316,2025-11-29,14.6764689577016
Pennsylvania,18-49 Years,5103316,2025-12-06,16.0189846529823
Pennsylvania,18-49 Years,5103316,2025-12-13,16.4971177571331
Pennsylvania,18-49 Years,5103316,2025-12-20,16.835968115559
Pennsylvania,18-49 Years,5103316,2025-12-27,17.075867959724
Pennsylvania,18-49 Years,5103316,2026-01-03,17.3548493614465
Pennsylvania,18-49 Years,5103316,2026-01-10,17.7959887131196
Pennsylvania,18-49 Years,5103316,2026-01-17,18.0299278498362
Pennsylvania,18-49 Years,5103316,2026-01-24,18.2913421557932
Pennsylvania,18-49 Years,5103316,2026-01-31,18.5265683947525
Pennsylvania,18-49 Years,5103316,2026-02-07,19.0201528397351
Pennsylvania,18-49 Years,5103316,2026-02-14,19.2151537510444
Pennsylvania,18-49 Years,5103316,2026-02-21,19.3632017406303
Pennsylvania,18-49 Years,5103316,2026-02-28,19.474285451291
Pennsylvania,18-49 Years,5103316,2026-03-07,19.6678460733109
Pennsylvania,18-49 Years,5103316,2026-03-14,19.7449616708553
Pennsylvania,18-49 Years,5103316,2026-03-21,19.8102301809671
Pennsylvania,18-49 Years,5103316,2026-03-28,19.8682990816473
Pennsylvania,18-49 Years,5103316,2026-04-04,19.9500523620482
Pennsylvania,18-49 Years,5103316,2026-04-11,20.0962078588999
Pennsylvania,18-49 Years,5103316,2026-04-18,20.199116843866
Pennsylvania,18-49 Years,5103316,2026-04-25,20.331638329444
Pennsylvania,18-49 Years,5103316,2026-05-02,20.465759705196
Pennsylvania,18-49 Years,5103316,2026-05-09,20.7512748353639
Pennsylvania,18-49 Years,5103316,2026-05-16,20.8692745383042
Pennsylvania,18-49 Years,5103316,2026-05-23,20.9600254640234
Pennsylvania,18-49 Years,5103316,2026-05-30,21.0275297550669
Pennsylvania,18-49 Years,5103316,2026-06-06,21.1378289613148
Pennsylvania,18-49 Years,5103316,2026-06-13,21.1673964041368
Pennsylvania,50-64 Years,2605116,2025-08-16,0.632507102426807
Pennsylvania,50-64 Years,2605116,2025-08-23,0.632507102426807
Pennsylvania,50-64 Years,2605116,2025-08-30,0.632507102426807
Pennsylvania,50-64 Years,2605116,2025-09-06,0.632507102426807
Pennsylvania,50-64 Years,2605116,2025-09-13,1.00891259425598
Pennsylvania,50-64 Years,2605116,2025-09-20,1.4829804282418
Pennsylvania,50-64 Years,2605116,2025-09-27,2.35101291706497
Pennsylvania,50-64 Years,2605116,2025-10-04,4.53645472120198
Pennsylvania,50-64 Years,2605116,2025-10-11,6.09102249695137
Pennsylvania,50-64 Years,2605116,2025-10-18,8.12152818281059
Pennsylvania,50-64 Years,2605116,2025-10-25,10.575933800399
Pennsylvania,50-64 Years,2605116,2025-11-01,13.4451796802603
Pennsylvania,50-64 Years,2605116,2025-11-08,18.8090450289286
Pennsylvania,50-64 Years,2605116,2025-11-15,20.8922835181667
Pennsylvania,50-64 Years,2605116,2025-11-22,22.4971598385604
Pennsylvania,50-64 Years,2605116,2025-11-29,23.6849595094144
Pennsylvania,50-64 Years,2605116,2025-12-06,25.5912710078775
Pennsylvania,50-64 Years,2605116,2025-12-13,26.1583341282082
Pennsylvania,50-64 Years,2605116,2025-12-20,26.4682244005379
Pennsylvania,50-64 Years,2605116,2025-12-27,26.6123082142921
Pennsylvania,50-64 Years,2605116,2026-01-03,26.7590238454091
Pennsylvania,50-64 Years,2605116,2026-01-10,26.9642348790001
Pennsylvania,50-64 Years,2605116,2026-01-17,27.0630811980386
Pennsylvania,50-64 Years,2605116,2026-01-24,27.171695992966
Pennsylvania,50-64 Years,2605116,2026-01-31,27.2738776612909
Pennsylvania,50-64 Years,2605116,2026-02-07,27.5156898110853
Pennsylvania,50-64 Years,2605116,2026-02-14,27.6501714588293
Pennsylvania,50-64 Years,2605116,2026-02-21,27.7967690075203
Pennsylvania,50-64 Years,2605116,2026-02-28,27.9495265828557
Pennsylvania,50-64 Years,2605116,2026-03-07,28.2470299628053
Pennsylvania,50-64 Years,2605116,2026-03-14,28.3823773201906
Pennsylvania,50-64 Years,2605116,2026-03-21,28.5019078569722
Pennsylvania,50-64 Years,2605116,2026-03-28,28.6029148575191
Pennsylvania,50-64 Years,2605116,2026-04-04,28.6966397965109
Pennsylvania,50-64 Years,2605116,2026-04-11,28.8271356272412
Pennsylvania,50-64 Years,2605116,2026-04-18,28.8528388466123
Pennsylvania,50-64 Years,2605116,2026-04-25,28.86
Pennsylvania,50-64 Years,2605116,2026-05-02,28.86
Pennsylvania,50-64 Years,2605116,2026-05-09,28.86
Pennsylvania,50-64 Years,2605116,2026-05-16,28.86
Pennsylvania,50-64 Years,2605116,2026-05-23,28.86
Pennsylvania,50-64 Years,2605116,2026-05-30,28.86
Pennsylvania,50-64 Years,2605116,2026-06-06,28.86
Pennsylvania,50-64 Years,2605116,2026-06-13,28.86
Pennsylvania,65+ Years,2447687,2025-08-16,0.745227411045667
Pennsylvania,65+ Years,2447687,2025-08-23,0.745227411045667
Pennsylvania,65+ Years,2447687,2025-08-30,0.745227411045667
Pennsylvania,65+ Years,2447687,2025-09-06,0.745227411045667
Pennsylvania,65+ Years,2447687,2025-09-13,2.19483056722174
Pennsylvania,65+ Years,2447687,2025-09-20,4.59588641726895
Pennsylvania,65+ Years,2447687,2025-09-27,8.015191533119
Pennsylvania,65+ Years,2447687,2025-10-04,15.7315146741186
Pennsylvania,65+ Years,2447687,2025-10-11,20.105158039901
Pennsylvania,65+ Years,2447687,2025-10-18,25.0136689386171
Pennsylvania,65+ Years,2447687,2025-10-25,30.3115109582648
Pennsylvania,65+ Years,2447687,2025-11-01,36.1541345434648
Pennsylvania,65+ Years,2447687,2025-11-08,46.4539514694256
Pennsylvania,65+ Years,2447687,2025-11-15,50.1994444069642
Pennsylvania,65+ Years,2447687,2025-11-22,53.0033402887598
Pennsylvania,65+ Years,2447687,2025-11-29,55.0566846117868
Pennsylvania,65+ Years,2447687,2025-12-06,58.43091835211
Pennsylvania,65+ Years,2447687,2025-12-13,59.5422107671923
Pennsylvania,65+ Years,2447687,2025-12-20,60.275896502917
Pennsylvania,65+ Years,2447687,2025-12-27,60.757123725572
Pennsylvania,65+ Years,2447687,2026-01-03,61.3123605002666
Pennsylvania,65+ Years,2447687,2026-01-10,62.1795770699967
Pennsylvania,65+ Years,2447687,2026-01-17,62.649126110079
Pennsylvania,65+ Years,2447687,2026-01-24,63.190344095497
Pennsylvania,65+ Years,2447687,2026-01-31,63.7073646286859
Pennsylvania,65+ Years,2447687,2026-02-07,64.8712167734584
Pennsylvania,65+ Years,2447687,2026-02-14,65.4396085139867
Pennsylvania,65+ Years,2447687,2026-02-21,65.9799987036035
Pennsylvania,65+ Years,2447687,2026-02-28,66.4675140649645
Pennsylvania,65+ Years,2447687,2026-03-07,67.3072619104798
Pennsylvania,65+ Years,2447687,2026-03-14,67.588369307095
Pennsylvania,65+ Years,2447687,2026-03-21,67.7583281658302
Pennsylvania,65+ Years,2447687,2026-03-28,67.8498172677925
Pennsylvania,65+ Years,2447687,2026-04-04,67.9490450777685
Pennsylvania,65+ Years,2447687,2026-04-11,68.0961640789698
Pennsylvania,65+ Years,2447687,2026-04-18,68.1735731877127
Pennsylvania,65+ Years,2447687,2026-04-25,68.2617701891989
Pennsylvania,65+ Years,2447687,2026-05-02,68.3447241510351
Pennsylvania,65+ Years,2447687,2026-05-09,68.5300314721602
Pennsylvania,65+ Years,2447687,2026-05-16,68.6171214433696
Pennsylvania,65+ Years,2447687,2026-05-23,68.6977548698109
Pennsylvania,65+ Years,2447687,2026-05-30,68.77240414466
Pennsylvania,65+ Years,2447687,2026-06-06,68.9147520135239
Pennsylvania,65+ Years,2447687,2026-06-13,68.9798137952711
Rhode Island,6 Months - 4 Years,48561,2025-08-16,5.53577306383774
Rhode Island,6 Months - 4 Years,48561,2025-08-23,5.53577306383774
Rhode Island,6 Months - 4 Years,48561,2025-08-30,5.53577306383774
Rhode Island,6 Months - 4 Years,48561,2025-09-06,5.53577306383774
Rhode Island,6 Months - 4 Years,48561,2025-09-13,7.31660998745333
Rhode Island,6 Months - 4 Years,48561,2025-09-20,8.17620805190987
Rhode Island,6 Months - 4 Years,48561,2025-09-27,9.40856072022105
Rhode Island,6 Months - 4 Years,48561,2025-10-04,12.3202727979803
Rhode Island,6 Months - 4 Years,48561,2025-10-11,14.1943734950441
Rhode Island,6 Months - 4 Years,48561,2025-10-18,16.4710598159284
Rhode Island,6 Months - 4 Years,48561,2025-10-25,19.1317384549928
Rhode Island,6 Months - 4 Years,48561,2025-11-01,22.3136902856212
Rhode Island,6 Months - 4 Years,48561,2025-11-08,28.5983129042992
Rhode Island,6 Months - 4 Years,48561,2025-11-15,31.5249317234853
Rhode Island,6 Months - 4 Years,48561,2025-11-22,34.2838498603921
Rhode Island,6 Months - 4 Years,48561,2025-11-29,36.8075827368775
Rhode Island,6 Months - 4 Years,48561,2025-12-06,41.3662098345427
Rhode Island,6 Months - 4 Years,48561,2025-12-13,43.1405844966393
Rhode Island,6 Months - 4 Years,48561,2025-12-20,44.4924252121372
Rhode Island,6 Months - 4 Years,48561,2025-12-27,45.5071033054488
Rhode Island,6 Months - 4 Years,48561,2026-01-03,46.5860929584085
Rhode Island,6 Months - 4 Years,48561,2026-01-10,48.2050480046476
Rhode Island,6 Months - 4 Years,48561,2026-01-17,48.8296767739759
Rhode Island,6 Months - 4 Years,48561,2026-01-24,49.3872239431908
Rhode Island,6 Months - 4 Years,48561,2026-01-31,49.8216415630782
Rhode Island,6 Months - 4 Years,48561,2026-02-07,50.800317548364
Rhode Island,6 Months - 4 Years,48561,2026-02-14,51.2854346756246
Rhode Island,6 Months - 4 Years,48561,2026-02-21,51.7782865479597
Rhode Island,6 Months - 4 Years,48561,2026-02-28,52.2625829084402
Rhode Island,6 Months - 4 Years,48561,2026-03-07,53.1648681318529
Rhode Island,6 Months - 4 Years,48561,2026-03-14,53.5393322994787
Rhode Island,6 Months - 4 Years,48561,2026-03-21,53.8439596529493
Rhode Island,6 Months - 4 Years,48561,2026-03-28,54.088093483101
Rhode Island,6 Months - 4 Years,48561,2026-04-04,54.3476598025349
Rhode Island,6 Months - 4 Years,48561,2026-04-11,54.7412471108993
Rhode Island,6 Months - 4 Years,48561,2026-04-18,54.8908467088226
Rhode Island,6 Months - 4 Years,48561,2026-04-25,55.0188950778266
Rhode Island,6 Months - 4 Years,48561,2026-05-02,55.105233302895
Rhode Island,6 Months - 4 Years,48561,2026-05-09,55.2620853852204
Rhode Island,6 Months - 4 Years,48561,2026-05-16,55.3003953074718
Rhode Island,6 Months - 4 Years,48561,2026-05-23,55.3138975557278
Rhode Island,6 Months - 4 Years,48561,2026-05-30,55.3146325185759
Rhode Island,6 Months - 4 Years,48561,2026-06-06,55.315
Rhode Island,6 Months - 4 Years,48561,2026-06-13,55.315
Rhode Island,5-12 Years,88413,2025-08-16,2.03699764274824
Rhode Island,5-12 Years,88413,2025-08-23,2.03699764274824
Rhode Island,5-12 Years,88413,2025-08-30,2.03699764274824
Rhode Island,5-12 Years,88413,2025-09-06,2.03699764274824
Rhode Island,5-12 Years,88413,2025-09-13,2.63203296834673
Rhode Island,5-12 Years,88413,2025-09-20,2.82214725789199
Rhode Island,5-12 Years,88413,2025-09-27,3.59064313640784
Rhode Island,5-12 Years,88413,2025-10-04,5.76298958902527
Rhode Island,5-12 Years,88413,2025-10-11,7.51417191243536
Rhode Island,5-12 Years,88413,2025-10-18,9.99697455610123
Rhode Island,5-12 Years,88413,2025-10-25,13.2044779205199
Rhode Island,5-12 Years,88413,2025-11-01,17.1493458218494
Rhode Island,5-12 Years,88413,2025-11-08,24.9643753755181
Rhode Island,5-12 Years,88413,2025-11-15,28.3244913770939
Rhode Island,5-12 Years,88413,2025-11-22,31.1692044617453
Rhode Island,5-12 Years,88413,2025-11-29,33.5385578429666
Rhode Island,5-12 Years,88413,2025-12-06,37.7488548667242
Rhode Island,5-12 Years,88413,2025-12-13,39.4043627864457
Rhode Island,5-12 Years,88413,2025-12-20,40.7258880064446
Rhode Island,5-12 Years,88413,2025-12-27,41.7792283983635
Rhode Island,5-12 Years,88413,2026-01-03,42.903309385339
Rhode Island,5-12 Years,88413,2026-01-10,44.6033143148788
Rhode Island,5-12 Years,88413,2026-01-17,45.24172596542
Rhode Island,5-12 Years,88413,2026-01-24,45.7938205330854
Rhode Island,5-12 Years,88413,2026-01-31,46.2091447149456
Rhode Island,5-12 Years,88413,2026-02-07,47.1294934649685
Rhode Island,5-12 Years,88413,2026-02-14,47.572084975262
Rhode Island,5-12 Years,88413,2026-02-21,48.0103647374985
Rhode Island,5-12 Years,88413,2026-02-28,48.4214333601458
Rhode Island,5-12 Years,88413,2026-03-07,49.132563738458
Rhode Island,5-12 Years,88413,2026-03-14,49.3724361091882
Rhode Island,5-12 Years,88413,2026-03-21,49.5194050022679
Rhode Island,5-12 Years,88413,2026-03-28,49.5992176488623
Rhode Island,5-12 Years,88413,2026-04-04,49.6753166988881
Rhode Island,5-12 Years,88413,2026-04-11,49.7778701765697
Rhode Island,5-12 Years,88413,2026-04-18,49.8147120044918
Rhode Island,5-12 Years,88413,2026-04-25,49.8465127512335
Rhode Island,5-12 Years,88413,2026-05-02,49.86802343162
Rhode Island,5-12 Years,88413,2026-05-09,49.9070029330697
Rhode Island,5-12 Years,88413,2026-05-16,49.9164282025626
Rhode Island,5-12 Years,88413,2026-05-23,49.9197315238258
Rhode Island,5-12 Years,88413,2026-05-30,49.9199105079419
Rhode Island,5-12 Years,88413,2026-06-06,49.92
Rhode Island,5-12 Years,88413,2026-06-13,49.92
Rhode Island,13-17 Years,59663,2025-08-16,0.430074650209552
Rhode Island,13-17 Years,59663,2025-08-23,0.430074650209552
Rhode Island,13-17 Years,59663,2025-08-30,0.430074650209552
Rhode Island,13-17 Years,59663,2025-09-06,0.430074650209552
Rhode Island,13-17 Years,59663,2025-09-13,0.957115494204984
Rhode Island,13-17 Years,59663,2025-09-20,1.85841933934016
Rhode Island,13-17 Years,59663,2025-09-27,3.14937307930627
Rhode Island,13-17 Years,59663,2025-10-04,6.18414478947741
Rhode Island,13-17 Years,59663,2025-10-11,8.17307075001579
Rhode Island,13-17 Years,59663,2025-10-18,10.639802422586
Rhode Island,13-17 Years,59663,2025-10-25,13.5182658253906
Rhode Island,13-17 Years,59663,2025-11-01,16.8358107400743
Rhode Island,13-17 Years,59663,2025-11-08,22.9659156071132
Rhode Island,13-17 Years,59663,2025-11-15,25.3336477854506
Rhode Island,13-17 Years,59663,2025-11-22,27.1725927199745
Rhode Island,13-17 Years,59663,2025-11-29,28.5699798715338
Rhode Island,13-17 Years,59663,2025-12-06,30.9219779512909
Rhode Island,13-17 Years,59663,2025-12-13,31.745680835562
Rhode Island,13-17 Years,59663,2025-12-20,32.3315149309645
Rhode Island,13-17 Years,59663,2025-12-27,32.747316472628
Rhode Island,13-17 Years,59663,2026-01-03,33.1946040502378
Rhode Island,13-17 Years,59663,2026-01-10,33.8672064556244
Rhode Island,13-17 Years,59663,2026-01-17,34.1572556385898
Rhode Island,13-17 Years,59663,2026-01-24,34.4397091672119
Rhode Island,13-17 Years,59663,2026-01-31,34.6622635181761
Rhode Island,13-17 Years,59663,2026-02-07,35.1091285243969
Rhode Island,13-17 Years,59663,2026-02-14,35.2644611273384
Rhode Island,13-17 Years,59663,2026-02-21,35.3690540034511
Rhode Island,13-17 Years,59663,2026-02-28,35.4390771245249
Rhode Island,13-17 Years,59663,2026-03-07,35.5627729582735
Rhode Island,13-17 Years,59663,2026-03-14,35.6232553622247
Rhode Island,13-17 Years,59663,2026-03-21,35.6889267607325
Rhode Island,13-17 Years,59663,2026-03-28,35.756256604541
Rhode Island,13-17 Years,59663,2026-04-04,35.8218117483754
Rhode Island,13-17 Years,59663,2026-04-11,35.9189244912336
Rhode Island,13-17 Years,59663,2026-04-18,35.9392063799689
Rhode Island,13-17 Years,59663,2026-04-25,35.945
Rhode Island,13-17 Years,59663,2026-05-02,35.945
Rhode Island,13-17 Years,59663,2026-05-09,35.945
Rhode Island,13-17 Years,59663,2026-05-16,35.945
Rhode Island,13-17 Years,59663,2026-05-23,35.945
Rhode Island,13-17 Years,59663,2026-05-30,35.945
Rhode Island,13-17 Years,59663,2026-06-06,35.945
Rhode Island,13-17 Years,59663,2026-06-13,35.945
Rhode Island,6 Months - 17 Years,196637,2025-08-16,2.71259122057638
Rhode Island,6 Months - 17 Years,196637,2025-08-23,2.71259122057638
Rhode Island,6 Months - 17 Years,196637,2025-08-30,2.71259122057638
Rhode Island,6 Months - 17 Years,196637,2025-09-06,2.71259122057638
Rhode Island,6 Months - 17 Years,196637,2025-09-13,3.56189769569366
Rhode Island,6 Months - 17 Years,196637,2025-09-20,3.93404502633514
Rhode Island,6 Months - 17 Years,196637,2025-09-27,4.85211850741103
Rhode Island,6 Months - 17 Years,196637,2025-10-04,7.28814648300694
Rhode Island,6 Months - 17 Years,196637,2025-10-11,9.08897758437629
Rhode Island,6 Months - 17 Years,196637,2025-10-18,11.4843920814277
Rhode Island,6 Months - 17 Years,196637,2025-10-25,14.444267491644
Rhode Island,6 Months - 17 Years,196637,2025-11-01,18.0094074418084
Rhode Island,6 Months - 17 Years,196637,2025-11-08,24.948882914298
Rhode Island,6 Months - 17 Years,196637,2025-11-15,27.893606512636
Rhode Island,6 Months - 17 Years,196637,2025-11-22,30.3811858972128
Rhode Island,6 Months - 17 Years,196637,2025-11-29,32.4463808335048
Rhode Island,6 Months - 17 Years,196637,2025-12-06,36.0883923724242
Rhode Island,6 Months - 17 Years,196637,2025-12-13,37.491150374702
Rhode Island,6 Months - 17 Years,196637,2025-12-20,38.5849172722566
Rhode Island,6 Months - 17 Years,196637,2025-12-27,39.4371123511151
Rhode Island,6 Months - 17 Years,196637,2026-01-03,40.3527096018833
Rhode Island,6 Months - 17 Years,196637,2026-01-10,41.7398113405479
Rhode Island,6 Months - 17 Years,196637,2026-01-17,42.2817773198908
Rhode Island,6 Months - 17 Years,196637,2026-01-24,42.7683214159713
Rhode Island,6 Months - 17 Years,196637,2026-01-31,43.1451470691993
Rhode Island,6 Months - 17 Years,196637,2026-02-07,43.9761778938592
Rhode Island,6 Months - 17 Years,196637,2026-02-14,44.365719724908
Rhode Island,6 Months - 17 Years,196637,2026-02-21,44.7409698684953
Rhode Island,6 Months - 17 Years,196637,2026-02-28,45.0907700016321
Rhode Island,6 Months - 17 Years,196637,2026-03-07,45.7161302285222
Rhode Island,6 Months - 17 Years,196637,2026-03-14,45.9544310784438
Rhode Island,6 Months - 17 Years,196637,2026-03-21,46.1320404433202
Rhode Island,6 Months - 17 Years,196637,2026-03-28,46.2610057006494
Rhode Island,6 Months - 17 Years,196637,2026-04-04,46.3904824181818
Rhode Island,6 Months - 17 Years,196637,2026-04-11,46.5770798634999
Rhode Island,6 Months - 17 Years,196637,2026-04-18,46.6405855883245
Rhode Island,6 Months - 17 Years,196637,2026-04-25,46.6910845608904
Rhode Island,6 Months - 17 Years,196637,2026-05-02,46.7231702806654
Rhode Island,6 Months - 17 Years,196637,2026-05-09,46.7810696081634
Rhode Island,6 Months - 17 Years,196637,2026-05-16,46.794836027445
Rhode Island,6 Months - 17 Years,196637,2026-05-23,46.7996146990962
Rhode Island,6 Months - 17 Years,196637,2026-05-30,46.7998715663654
Rhode Island,6 Months - 17 Years,196637,2026-06-06,46.8
Rhode Island,6 Months - 17 Years,196637,2026-06-13,46.8
Rhode Island,18-49 Years,439908,2025-08-16,1.02586834578528
Rhode Island,18-49 Years,439908,2025-08-23,1.02586834578528
Rhode Island,18-49 Years,439908,2025-08-30,1.02586834578528
Rhode Island,18-49 Years,439908,2025-09-06,1.02586834578528
Rhode Island,18-49 Years,439908,2025-09-13,1.43369043493756
Rhode Island,18-49 Years,439908,2025-09-20,1.76238765537118
Rhode Island,18-49 Years,439908,2025-09-27,2.35850472858181
Rhode Island,18-49 Years,439908,2025-10-04,3.85570109407582
Rhode Island,18-49 Years,439908,2025-10-11,4.90086089797868
Rhode Island,18-49 Years,439908,2025-10-18,6.24380904093119
Rhode Island,18-49 Years,439908,2025-10-25,7.86551520347021
Rhode Island,18-49 Years,439908,2025-11-01,9.80195827366124
Rhode Island,18-49 Years,439908,2025-11-08,13.5460337193545
Rhode Island,18-49 Years,439908,2025-11-15,15.129937079289
Rhode Island,18-49 Years,439908,2025-11-22,16.4754848205472
Rhode Island,18-49 Years,439908,2025-11-29,17.6148822870652
Rhode Island,18-49 Years,439908,2025-12-06,19.6980311604398
Rhode Island,18-49 Years,439908,2025-12-13,20.5873333580467
Rhode Island,18-49 Years,439908,2025-12-20,21.3686159210066
Rhode Island,18-49 Years,439908,2025-12-27,22.0583629321883
Rhode Island,18-49 Years,439908,2026-01-03,22.8381046975012
Rhode Island,18-49 Years,439908,2026-01-10,24.0735795020124
Rhode Island,18-49 Years,439908,2026-01-17,24.5772373014684
Rhode Island,18-49 Years,439908,2026-01-24,25.0360223464463
Rhode Island,18-49 Years,439908,2026-01-31,25.4015103933718
Rhode Island,18-49 Years,439908,2026-02-07,26.231523968161
Rhode Island,18-49 Years,439908,2026-02-14,26.6584966620837
Rhode Island,18-49 Years,439908,2026-02-21,27.1006003527497
Rhode Island,18-49 Years,439908,2026-02-28,27.5256241341845
Rhode Island,18-49 Years,439908,2026-03-07,28.2577559873582
Rhode Island,18-49 Years,439908,2026-03-14,28.4913279447097
Rhode Island,18-49 Years,439908,2026-03-21,28.6155336908823
Rhode Island,18-49 Years,439908,2026-03-28,28.6647162110597
Rhode Island,18-49 Years,439908,2026-04-04,28.7226926342438
Rhode Island,18-49 Years,439908,2026-04-11,28.8135228233988
Rhode Island,18-49 Years,439908,2026-04-18,28.8904464431605
Rhode Island,18-49 Years,439908,2026-04-25,29.0038681152224
Rhode Island,18-49 Years,439908,2026-05-02,29.1372533671688
Rhode Island,18-49 Years,439908,2026-05-09,29.4490008474788
Rhode Island,18-49 Years,439908,2026-05-16,29.6097108445815
Rhode Island,18-49 Years,439908,2026-05-23,29.7656712556529
Rhode Island,18-49 Years,439908,2026-05-30,29.9178828416418
Rhode Island,18-49 Years,439908,2026-06-06,30.2241771615674
Rhode Island,18-49 Years,439908,2026-06-13,30.3792495202679
Rhode Island,50-64 Years,218471,2025-08-16,0.669511014327722
Rhode Island,50-64 Years,218471,2025-08-23,0.669511014327722
Rhode Island,50-64 Years,218471,2025-08-30,0.669511014327722
Rhode Island,50-64 Years,218471,2025-09-06,0.669511014327722
Rhode Island,50-64 Years,218471,2025-09-13,1.05395555974295
Rhode Island,50-64 Years,218471,2025-09-20,1.52556557146574
Rhode Island,50-64 Years,218471,2025-09-27,2.44146346382263
Rhode Island,50-64 Years,218471,2025-10-04,4.77495497105874
Rhode Island,50-64 Years,218471,2025-10-11,6.43712911304839
Rhode Island,50-64 Years,218471,2025-10-18,8.60260200982217
Rhode Island,50-64 Years,218471,2025-10-25,11.2342690794702
Rhode Island,50-64 Years,218471,2025-11-01,14.36486493521
Rhode Island,50-64 Years,218471,2025-11-08,20.3746740114266
Rhode Island,50-64 Years,218471,2025-11-15,22.8676658916072
Rhode Island,50-64 Years,218471,2025-11-22,24.9334913385516
Rhode Island,50-64 Years,218471,2025-11-29,26.6106065536762
Rhode Island,50-64 Years,218471,2025-12-06,29.5134514004302
Rhode Island,50-64 Years,218471,2025-12-13,30.5710041048396
Rhode Island,50-64 Years,218471,2025-12-20,31.3401546482858
Rhode Island,50-64 Years,218471,2025-12-27,31.9027357818185
Rhode Island,50-64 Years,218471,2026-01-03,32.5757990442418
Rhode Island,50-64 Years,218471,2026-01-10,33.6632182951406
Rhode Island,50-64 Years,218471,2026-01-17,34.276361414416
Rhode Island,50-64 Years,218471,2026-01-24,34.9778714081313
Rhode Island,50-64 Years,218471,2026-01-31,35.6021648221302
Rhode Island,50-64 Years,218471,2026-02-07,36.8408818348779
Rhode Island,50-64 Years,218471,2026-02-14,37.2527755336152
Rhode Island,50-64 Years,218471,2026-02-21,37.493051089565
Rhode Island,50-64 Years,218471,2026-02-28,37.6159387304868
Rhode Island,50-64 Years,218471,2026-03-07,37.8111681612786
Rhode Island,50-64 Years,218471,2026-03-14,37.8862506368296
Rhode Island,50-64 Years,218471,2026-03-21,37.9534350366925
Rhode Island,50-64 Years,218471,2026-03-28,38.0156157942518
Rhode Island,50-64 Years,218471,2026-04-04,38.0885057837762
Rhode Island,50-64 Years,218471,2026-04-11,38.2065611266264
Rhode Island,50-64 Years,218471,2026-04-18,38.2590148836417
Rhode Island,50-64 Years,218471,2026-04-25,38.3100893407472
Rhode Island,50-64 Years,218471,2026-05-02,38.352545962351
Rhode Island,50-64 Years,218471,2026-05-09,38.4460794042405
Rhode Island,50-64 Years,218471,2026-05-16,38.4888976526806
Rhode Island,50-64 Years,218471,2026-05-23,38.5285444363026
Rhode Island,50-64 Years,218471,2026-05-30,38.5652084054174
Rhode Island,50-64 Years,218471,2026-06-06,38.6342931941745
Rhode Island,50-64 Years,218471,2026-06-13,38.6649836096238
Rhode Island,65+ Years,192477,2025-08-16,2.09874044843204
Rhode Island,65+ Years,192477,2025-08-23,2.09874044843204
Rhode Island,65+ Years,192477,2025-08-30,2.09874044843204
Rhode Island,65+ Years,192477,2025-09-06,2.09874044843204
Rhode Island,65+ Years,192477,2025-09-13,3.15771458839401
Rhode Island,65+ Years,192477,2025-09-20,4.31781921413091
Rhode Island,65+ Years,192477,2025-09-27,6.3726889957248
Rhode Island,65+ Years,192477,2025-10-04,11.5074280079261
Rhode Island,65+ Years,192477,2025-10-11,15.0902340113077
Rhode Island,65+ Years,192477,2025-10-18,19.6999035001828
Rhode Island,65+ Years,192477,2025-10-25,25.2530833753032
Rhode Island,65+ Years,192477,2025-11-01,31.8313340030039
Rhode Island,65+ Years,192477,2025-11-08,44.4404891012877
Rhode Island,65+ Years,192477,2025-11-15,49.7200061081218
Rhode Island,65+ Years,192477,2025-11-22,54.1479980524997
Rhode Island,65+ Years,192477,2025-11-29,57.7339296100831
Rhode Island,65+ Years,192477,2025-12-06,63.7274592374967
Rhode Island,65+ Years,192477,2025-12-13,65.6782318279061
Rhode Island,65+ Years,192477,2025-12-20,66.8765742364672
Rhode Island,65+ Years,192477,2025-12-27,67.5585673275668
Rhode Island,65+ Years,192477,2026-01-03,68.2793438092808
Rhode Island,65+ Years,192477,2026-01-10,69.3310368238508
Rhode Island,65+ Years,192477,2026-01-17,69.8224638210533
Rhode Island,65+ Years,192477,2026-01-24,70.3421836779657
Rhode Island,65+ Years,192477,2026-01-31,70.8036097321958
Rhode Island,65+ Years,192477,2026-02-07,71.833012780751
Rhode Island,65+ Years,192477,2026-02-14,72.3130515276115
Rhode Island,65+ Years,192477,2026-02-21,72.7620307120239
Rhode Island,65+ Years,192477,2026-02-28,73.1894258110251
Rhode Island,65+ Years,192477,2026-03-07,74.0437770136857
Rhode Island,65+ Years,192477,2026-03-14,74.4996133748099
Rhode Island,65+ Years,192477,2026-03-21,74.9939043196595
Rhode Island,65+ Years,192477,2026-03-28,75.5135756487754
Rhode Island,65+ Years,192477,2026-04-04,76.1199927002254
Rhode Island,65+ Years,192477,2026-04-11,77.1234356597559
Rhode Island,65+ Years,192477,2026-04-18,77.5092670441721
Rhode Island,65+ Years,192477,2026-04-25,77.8268005939983
Rhode Island,65+ Years,192477,2026-05-02,78.0527465276006
Rhode Island,65+ Years,192477,2026-05-09,78.5334305802429
Rhode Island,65+ Years,192477,2026-05-16,78.7363960486482
Rhode Island,65+ Years,192477,2026-05-23,78.9148952805657
Rhode Island,65+ Years,192477,2026-05-30,79.0711949424929
Rhode Island,65+ Years,192477,2026-06-06,79.3491753705849
Rhode Island,65+ Years,192477,2026-06-13,79.4541849766062
South Carolina,6 Months - 4 Years,263110,2025-08-16,1.8990692141807
South Carolina,6 Months - 4 Years,263110,2025-08-23,1.8990692141807
South Carolina,6 Months - 4 Years,263110,2025-08-30,1.8990692141807
South Carolina,6 Months - 4 Years,263110,2025-09-06,1.8990692141807
South Carolina,6 Months - 4 Years,263110,2025-09-13,2.75345854920006
South Carolina,6 Months - 4 Years,263110,2025-09-20,3.57080468353216
South Carolina,6 Months - 4 Years,263110,2025-09-27,4.51236179540495
South Carolina,6 Months - 4 Years,263110,2025-10-04,6.55908137875707
South Carolina,6 Months - 4 Years,263110,2025-10-11,7.72750437962672
South Carolina,6 Months - 4 Years,263110,2025-10-18,9.02537412456825
South Carolina,6 Months - 4 Years,263110,2025-10-25,10.4494444281154
South Carolina,6 Months - 4 Years,263110,2025-11-01,12.1305546496424
South Carolina,6 Months - 4 Years,263110,2025-11-08,15.4795832744029
South Carolina,6 Months - 4 Years,263110,2025-11-15,17.1699035403301
South Carolina,6 Months - 4 Years,263110,2025-11-22,18.9102669668533
South Carolina,6 Months - 4 Years,263110,2025-11-29,20.6276807739888
South Carolina,6 Months - 4 Years,263110,2025-12-06,23.833218164809
South Carolina,6 Months - 4 Years,263110,2025-12-13,25.1356150624488
South Carolina,6 Months - 4 Years,263110,2025-12-20,26.1526384070621
South Carolina,6 Months - 4 Years,263110,2025-12-27,26.9364362910019
South Carolina,6 Months - 4 Years,263110,2026-01-03,27.8095436352129
South Carolina,6 Months - 4 Years,263110,2026-01-10,29.1639741513862
South Carolina,6 Months - 4 Years,263110,2026-01-17,29.7492130605184
South Carolina,6 Months - 4 Years,263110,2026-01-24,30.3166054326584
South Carolina,6 Months - 4 Years,263110,2026-01-31,30.7885154795768
South Carolina,6 Months - 4 Years,263110,2026-02-07,31.8409859736692
South Carolina,6 Months - 4 Years,263110,2026-02-14,32.3408715502957
South Carolina,6 Months - 4 Years,263110,2026-02-21,32.8216269316688
South Carolina,6 Months - 4 Years,263110,2026-02-28,33.2779967262844
South Carolina,6 Months - 4 Years,263110,2026-03-07,34.1405442490495
South Carolina,6 Months - 4 Years,263110,2026-03-14,34.5348198308007
South Carolina,6 Months - 4 Years,263110,2026-03-21,34.900210430115
South Carolina,6 Months - 4 Years,263110,2026-03-28,35.2259834239938
South Carolina,6 Months - 4 Years,263110,2026-04-04,35.5318795569459
South Carolina,6 Months - 4 Years,263110,2026-04-11,35.9644708654423
South Carolina,6 Months - 4 Years,263110,2026-04-18,36.0508062711008
South Carolina,6 Months - 4 Years,263110,2026-04-25,36.075
South Carolina,6 Months - 4 Years,263110,2026-05-02,36.075
South Carolina,6 Months - 4 Years,263110,2026-05-09,36.075
South Carolina,6 Months - 4 Years,263110,2026-05-16,36.075
South Carolina,6 Months - 4 Years,263110,2026-05-23,36.075
South Carolina,6 Months - 4 Years,263110,2026-05-30,36.075
South Carolina,6 Months - 4 Years,263110,2026-06-06,36.075
South Carolina,6 Months - 4 Years,263110,2026-06-13,36.075
South Carolina,5-12 Years,503694,2025-08-16,3.22464177876902
South Carolina,5-12 Years,503694,2025-08-23,3.22464177876902
South Carolina,5-12 Years,503694,2025-08-30,3.22464177876902
South Carolina,5-12 Years,503694,2025-09-06,3.22464177876902
South Carolina,5-12 Years,503694,2025-09-13,4.24486678024074
South Carolina,5-12 Years,503694,2025-09-20,4.70937542912561
South Carolina,5-12 Years,503694,2025-09-27,5.47739102985824
South Carolina,5-12 Years,503694,2025-10-04,7.36590106811519
South Carolina,5-12 Years,503694,2025-10-11,8.66937464648653
South Carolina,5-12 Years,503694,2025-10-18,10.3389467015623
South Carolina,5-12 Years,503694,2025-10-25,12.3348529328803
South Carolina,5-12 Years,503694,2025-11-01,14.6681744372936
South Carolina,5-12 Years,503694,2025-11-08,19.0480448699676
South Carolina,5-12 Years,503694,2025-11-15,20.7833718109256
South Carolina,5-12 Years,503694,2025-11-22,22.1574831384161
South Carolina,5-12 Years,503694,2025-11-29,23.2136041669357
South Carolina,5-12 Years,503694,2025-12-06,24.965270173327
South Carolina,5-12 Years,503694,2025-12-13,25.536174141981
South Carolina,5-12 Years,503694,2025-12-20,25.8951840027669
South Carolina,5-12 Years,503694,2025-12-27,26.1128052951572
South Carolina,5-12 Years,503694,2026-01-03,26.3742106489052
South Carolina,5-12 Years,503694,2026-01-10,26.7909875047397
South Carolina,5-12 Years,503694,2026-01-17,27.050963644794
South Carolina,5-12 Years,503694,2026-01-24,27.3842705719015
South Carolina,5-12 Years,503694,2026-01-31,27.7479507210756
South Carolina,5-12 Years,503694,2026-02-07,28.6378440016499
South Carolina,5-12 Years,503694,2026-02-14,29.171053362856
South Carolina,5-12 Years,503694,2026-02-21,29.7742803954829
South Carolina,5-12 Years,503694,2026-02-28,30.4185606736745
South Carolina,5-12 Years,503694,2026-03-07,31.686372964085
South Carolina,5-12 Years,503694,2026-03-14,32.2605961504886
South Carolina,5-12 Years,503694,2026-03-21,32.7563010271913
South Carolina,5-12 Years,503694,2026-03-28,33.1641819836524
South Carolina,5-12 Years,503694,2026-04-04,33.5404060922989
South Carolina,5-12 Years,503694,2026-04-11,34.0600812714669
South Carolina,5-12 Years,503694,2026-04-18,34.1617568027543
South Carolina,5-12 Years,503694,2026-04-25,34.19
South Carolina,5-12 Years,503694,2026-05-02,34.19
South Carolina,5-12 Years,503694,2026-05-09,34.1993148731243
South Carolina,5-12 Years,503694,2026-05-16,34.2322717381914
South Carolina,5-12 Years,503694,2026-05-23,34.3078426191539
South Carolina,5-12 Years,503694,2026-05-30,34.4361529098072
South Carolina,5-12 Years,503694,2026-06-06,34.7691433145449
South Carolina,5-12 Years,503694,2026-06-13,34.9773850511019
South Carolina,13-17 Years,322642,2025-08-16,2.65584615171817
South Carolina,13-17 Years,322642,2025-08-23,2.65584615171817
South Carolina,13-17 Years,322642,2025-08-30,2.65584615171817
South Carolina,13-17 Years,322642,2025-09-06,2.65584615171817
South Carolina,13-17 Years,322642,2025-09-13,3.37688878951352
South Carolina,13-17 Years,322642,2025-09-20,3.50094726857288
South Carolina,13-17 Years,322642,2025-09-27,3.92921579235468
South Carolina,13-17 Years,322642,2025-10-04,5.11265786148997
South Carolina,13-17 Years,322642,2025-10-11,6.0285270272608
South Carolina,13-17 Years,322642,2025-10-18,7.28144591990132
South Carolina,13-17 Years,322642,2025-10-25,8.85097988528839
South Carolina,13-17 Years,322642,2025-11-01,10.7345372001129
South Carolina,13-17 Years,322642,2025-11-08,14.3578333874937
South Carolina,13-17 Years,322642,2025-11-15,15.8289140579464
South Carolina,13-17 Years,322642,2025-11-22,17.0061890618122
South Carolina,13-17 Years,322642,2025-11-29,17.9262726160356
South Carolina,13-17 Years,322642,2025-12-06,19.494731058942
South Carolina,13-17 Years,322642,2025-12-13,20.0514419779866
South Carolina,13-17 Years,322642,2025-12-20,20.4473684458671
South Carolina,13-17 Years,322642,2025-12-27,20.7290168324531
South Carolina,13-17 Years,322642,2026-01-03,21.0484747582015
South Carolina,13-17 Years,322642,2026-01-10,21.544453135619
South Carolina,13-17 Years,322642,2026-01-17,21.7839881188126
South Carolina,13-17 Years,322642,2026-01-24,22.0405367856157
South Carolina,13-17 Years,322642,2026-01-31,22.276670502786
South Carolina,13-17 Years,322642,2026-02-07,22.8315929807804
South Carolina,13-17 Years,322642,2026-02-14,23.1429982159568
South Carolina,13-17 Years,322642,2026-02-21,23.4805952651871
South Carolina,13-17 Years,322642,2026-02-28,23.8116198679166
South Carolina,13-17 Years,322642,2026-03-07,24.3754952516499
South Carolina,13-17 Years,322642,2026-03-14,24.5437499413043
South Carolina,13-17 Years,322642,2026-03-21,24.618006258783
South Carolina,13-17 Years,322642,2026-03-28,24.6293354195943
South Carolina,13-17 Years,322642,2026-04-04,24.635
South Carolina,13-17 Years,322642,2026-04-11,24.635
South Carolina,13-17 Years,322642,2026-04-18,24.635
South Carolina,13-17 Years,322642,2026-04-25,24.635
South Carolina,13-17 Years,322642,2026-05-02,24.635
South Carolina,13-17 Years,322642,2026-05-09,24.635
South Carolina,13-17 Years,322642,2026-05-16,24.635
South Carolina,13-17 Years,322642,2026-05-23,24.635
South Carolina,13-17 Years,322642,2026-05-30,24.635
South Carolina,13-17 Years,322642,2026-06-06,24.635
South Carolina,13-17 Years,322642,2026-06-13,24.635
South Carolina,6 Months - 17 Years,1089446,2025-08-16,2.7456850388146
South Carolina,6 Months - 17 Years,1089446,2025-08-23,2.7456850388146
South Carolina,6 Months - 17 Years,1089446,2025-08-30,2.7456850388146
South Carolina,6 Months - 17 Years,1089446,2025-09-06,2.7456850388146
South Carolina,6 Months - 17 Years,1089446,2025-09-13,3.6292795343429
South Carolina,6 Months - 17 Years,1089446,2025-09-20,4.0570344296319
South Carolina,6 Months - 17 Years,1089446,2025-09-27,4.7488955941798
South Carolina,6 Months - 17 Years,1089446,2025-10-04,6.44042654835782
South Carolina,6 Months - 17 Years,1089446,2025-10-11,7.59018727687913
South Carolina,6 Months - 17 Years,1089446,2025-10-18,9.04468647991211
South Carolina,6 Months - 17 Years,1089446,2025-10-25,10.7782333142945
South Carolina,6 Months - 17 Years,1089446,2025-11-01,12.8268493556516
South Carolina,6 Months - 17 Years,1089446,2025-11-08,16.7498158274722
South Carolina,6 Months - 17 Years,1089446,2025-11-15,18.3970379535003
South Carolina,6 Months - 17 Years,1089446,2025-11-22,19.7889902935825
South Carolina,6 Months - 17 Years,1089446,2025-11-29,20.9383020400452
South Carolina,6 Months - 17 Years,1089446,2025-12-06,22.9250612646406
South Carolina,6 Months - 17 Years,1089446,2025-12-13,23.6395388239613
South Carolina,6 Months - 17 Years,1089446,2025-12-20,24.1470068742046
South Carolina,6 Months - 17 Years,1089446,2025-12-27,24.5060706196904
South Carolina,6 Months - 17 Years,1089446,2026-01-03,24.9208295463512
South Carolina,6 Months - 17 Years,1089446,2026-01-10,25.5719757673133
South Carolina,6 Months - 17 Years,1089446,2026-01-17,25.9016742818615
South Carolina,6 Months - 17 Years,1089446,2026-01-24,26.2671511088366
South Carolina,6 Months - 17 Years,1089446,2026-01-31,26.616453635818
South Carolina,6 Months - 17 Years,1089446,2026-02-07,27.4441785914653
South Carolina,6 Months - 17 Years,1089446,2026-02-14,27.9066189204004
South Carolina,6 Months - 17 Years,1089446,2026-02-21,28.4086053340223
South Carolina,6 Months - 17 Years,1089446,2026-02-28,28.9247288286139
South Carolina,6 Months - 17 Years,1089446,2026-03-07,29.9074656804386
South Carolina,6 Months - 17 Years,1089446,2026-03-14,30.3263276638767
South Carolina,6 Months - 17 Years,1089446,2026-03-21,30.6689909365556
South Carolina,6 Months - 17 Years,1089446,2026-03-28,30.9367565905377
South Carolina,6 Months - 17 Years,1089446,2026-04-04,31.1801765878916
South Carolina,6 Months - 17 Years,1089446,2026-04-11,31.5095898859371
South Carolina,6 Months - 17 Years,1089446,2026-04-18,31.5726547202784
South Carolina,6 Months - 17 Years,1089446,2026-04-25,31.59
South Carolina,6 Months - 17 Years,1089446,2026-05-02,31.59
South Carolina,6 Months - 17 Years,1089446,2026-05-09,31.5942991722112
South Carolina,6 Months - 17 Years,1089446,2026-05-16,31.6095100330114
South Carolina,6 Months - 17 Years,1089446,2026-05-23,31.6443889011479
South Carolina,6 Months - 17 Years,1089446,2026-05-30,31.7036090352956
South Carolina,6 Months - 17 Years,1089446,2026-06-06,31.8572969144053
South Carolina,6 Months - 17 Years,1089446,2026-06-13,31.953408485124
South Carolina,18-49 Years,2061529,2025-08-16,0.650389652201929
South Carolina,18-49 Years,2061529,2025-08-23,0.650389652201929
South Carolina,18-49 Years,2061529,2025-08-30,0.650389652201929
South Carolina,18-49 Years,2061529,2025-09-06,0.650389652201929
South Carolina,18-49 Years,2061529,2025-09-13,0.86156832835115
South Carolina,18-49 Years,2061529,2025-09-20,0.967201526458623
South Carolina,18-49 Years,2061529,2025-09-27,1.25139990138914
South Carolina,18-49 Years,2061529,2025-10-04,2.01455140961733
South Carolina,18-49 Years,2061529,2025-10-11,2.58353419450824
South Carolina,18-49 Years,2061529,2025-10-18,3.34348895520918
South Carolina,18-49 Years,2061529,2025-10-25,4.28683283813892
South Carolina,18-49 Years,2061529,2025-11-01,5.42953749524115
South Carolina,18-49 Years,2061529,2025-11-08,7.66409817676171
South Carolina,18-49 Years,2061529,2025-11-15,8.6127503473077
South Carolina,18-49 Years,2061529,2025-11-22,9.41508287434585
South Carolina,18-49 Years,2061529,2025-11-29,10.0975507943739
South Carolina,18-49 Years,2061529,2025-12-06,11.3771969376987
South Carolina,18-49 Years,2061529,2025-12-13,11.9738088771228
South Carolina,18-49 Years,2061529,2025-12-20,12.5502850513934
South Carolina,18-49 Years,2061529,2025-12-27,13.096282090997
South Carolina,18-49 Years,2061529,2026-01-03,13.676866775186
South Carolina,18-49 Years,2061529,2026-01-10,14.5735246572624
South Carolina,18-49 Years,2061529,2026-01-17,14.8581509202022
South Carolina,18-49 Years,2061529,2026-01-24,15.0567290072579
South Carolina,18-49 Years,2061529,2026-01-31,15.1836358435493
South Carolina,18-49 Years,2061529,2026-02-07,15.4817164240442
South Carolina,18-49 Years,2061529,2026-02-14,15.6543450827032
South Carolina,18-49 Years,2061529,2026-02-21,15.8566034572885
South Carolina,18-49 Years,2061529,2026-02-28,16.0697132539565
South Carolina,18-49 Years,2061529,2026-03-07,16.4515203399323
South Carolina,18-49 Years,2061529,2026-03-14,16.5801662370983
South Carolina,18-49 Years,2061529,2026-03-21,16.6515000284624
South Carolina,18-49 Years,2061529,2026-03-28,16.6821000073281
South Carolina,18-49 Years,2061529,2026-04-04,16.727860323103
South Carolina,18-49 Years,2061529,2026-04-11,16.812553328153
South Carolina,18-49 Years,2061529,2026-04-18,16.9124555598146
South Carolina,18-49 Years,2061529,2026-04-25,17.0656734313308
South Carolina,18-49 Years,2061529,2026-05-02,17.2299432205585
South Carolina,18-49 Years,2061529,2026-05-09,17.5460892411019
South Carolina,18-49 Years,2061529,2026-05-16,17.6402828421577
South Carolina,18-49 Years,2061529,2026-05-23,17.6767980082838
South Carolina,18-49 Years,2061529,2026-05-30,17.6789326694279
South Carolina,18-49 Years,2061529,2026-06-06,17.68
South Carolina,18-49 Years,2061529,2026-06-13,17.68
South Carolina,50-64 Years,1020779,2025-08-16,0.748893369591537
South Carolina,50-64 Years,1020779,2025-08-23,0.748893369591537
South Carolina,50-64 Years,1020779,2025-08-30,0.748893369591537
South Carolina,50-64 Years,1020779,2025-09-06,0.748893369591537
South Carolina,50-64 Years,1020779,2025-09-13,1.20559182753816
South Carolina,50-64 Years,1020779,2025-09-20,1.78933522752713
South Carolina,50-64 Years,1020779,2025-09-27,2.6357273925918
South Carolina,50-64 Years,1020779,2025-10-04,4.64383683449584
South Carolina,50-64 Years,1020779,2025-10-11,5.98632038251788
South Carolina,50-64 Years,1020779,2025-10-18,7.67757031761868
South Carolina,50-64 Years,1020779,2025-10-25,9.66252007114977
South Carolina,50-64 Years,1020779,2025-11-01,11.9290019979285
South Carolina,50-64 Years,1020779,2025-11-08,16.0257101827132
South Carolina,50-64 Years,1020779,2025-11-15,17.4837275593572
South Carolina,50-64 Years,1020779,2025-11-22,18.504351108669
South Carolina,50-64 Years,1020779,2025-11-29,19.2132851078049
South Carolina,50-64 Years,1020779,2025-12-06,20.4646572038601
South Carolina,50-64 Years,1020779,2025-12-13,21.0056296998347
South Carolina,50-64 Years,1020779,2025-12-20,21.514026677748
South Carolina,50-64 Years,1020779,2025-12-27,21.9971035101773
South Carolina,50-64 Years,1020779,2026-01-03,22.5598073982299
South Carolina,50-64 Years,1020779,2026-01-10,23.472983019907
South Carolina,50-64 Years,1020779,2026-01-17,23.8595760809115
South Carolina,50-64 Years,1020779,2026-01-24,24.2186745701562
South Carolina,50-64 Years,1020779,2026-01-31,24.5062760648008
South Carolina,50-64 Years,1020779,2026-02-07,25.1374560477487
South Carolina,50-64 Years,1020779,2026-02-14,25.4219409513866
South Carolina,50-64 Years,1020779,2026-02-21,25.6835419612441
South Carolina,50-64 Years,1020779,2026-02-28,25.9274056657937
South Carolina,50-64 Years,1020779,2026-03-07,26.4031191695741
South Carolina,50-64 Years,1020779,2026-03-14,26.6481889571225
South Carolina,50-64 Years,1020779,2026-03-21,26.9068165639692
South Carolina,50-64 Years,1020779,2026-03-28,27.1672085123919
South Carolina,50-64 Years,1020779,2026-04-04,27.4376642034725
South Carolina,50-64 Years,1020779,2026-04-11,27.8550392522488
South Carolina,50-64 Years,1020779,2026-04-18,27.9728421478801
South Carolina,50-64 Years,1020779,2026-04-25,28.0405034754043
South Carolina,50-64 Years,1020779,2026-05-02,28.0719835138463
South Carolina,50-64 Years,1020779,2026-05-09,28.1279683033683
South Carolina,50-64 Years,1020779,2026-05-16,28.1404867997424
South Carolina,50-64 Years,1020779,2026-05-23,28.1446731954825
South Carolina,50-64 Years,1020779,2026-05-30,28.1448910651608
South Carolina,50-64 Years,1020779,2026-06-06,28.145
South Carolina,50-64 Years,1020779,2026-06-13,28.145
South Carolina,65+ Years,976375,2025-08-16,2.05530200130691
South Carolina,65+ Years,976375,2025-08-23,2.05530200130691
South Carolina,65+ Years,976375,2025-08-30,2.05530200130691
South Carolina,65+ Years,976375,2025-09-06,2.05530200130691
South Carolina,65+ Years,976375,2025-09-13,2.8803543948519
South Carolina,65+ Years,976375,2025-09-20,3.55694817211162
South Carolina,65+ Years,976375,2025-09-27,5.08848487664423
South Carolina,65+ Years,976375,2025-10-04,9.10104475115577
South Carolina,65+ Years,976375,2025-10-11,12.1000542527372
South Carolina,65+ Years,976375,2025-10-18,16.1408471964435
South Carolina,65+ Years,976375,2025-10-25,21.1048722925606
South Carolina,65+ Years,976375,2025-11-01,26.8944458454761
South Carolina,65+ Years,976375,2025-11-08,37.5762722249351
South Carolina,65+ Years,976375,2025-11-15,41.4749225628591
South Carolina,65+ Years,976375,2025-11-22,44.2366112440943
South Carolina,65+ Years,976375,2025-11-29,46.1267634280444
South Carolina,65+ Years,976375,2025-12-06,49.2364218003549
South Carolina,65+ Years,976375,2025-12-13,50.2873472858574
South Carolina,65+ Years,976375,2025-12-20,51.0161132786219
South Carolina,65+ Years,976375,2025-12-27,51.5321711957451
South Carolina,65+ Years,976375,2026-01-03,52.1739969773421
South Carolina,65+ Years,976375,2026-01-10,53.2290193522456
South Carolina,65+ Years,976375,2026-01-17,53.8855403550246
South Carolina,65+ Years,976375,2026-01-24,54.7030998136947
South Carolina,65+ Years,976375,2026-01-31,55.5373673659283
South Carolina,65+ Years,976375,2026-02-07,57.4175011486929
South Carolina,65+ Years,976375,2026-02-14,58.3214120423718
South Carolina,65+ Years,976375,2026-02-21,59.1541503009477
South Carolina,65+ Years,976375,2026-02-28,59.8988118547463
South Carolina,65+ Years,976375,2026-03-07,61.2394532018569
South Carolina,65+ Years,976375,2026-03-14,61.7653310549388
South Carolina,65+ Years,976375,2026-03-21,62.1727290288722
South Carolina,65+ Years,976375,2026-03-28,62.4853114800447
South Carolina,65+ Years,976375,2026-04-04,62.8216921926243
South Carolina,65+ Years,976375,2026-04-11,63.3311491552767
South Carolina,65+ Years,976375,2026-04-18,63.53087954694
South Carolina,65+ Years,976375,2026-04-25,63.7114621343301
South Carolina,65+ Years,976375,2026-05-02,63.8555187471451
South Carolina,65+ Years,976375,2026-05-09,64.1851093884524
South Carolina,65+ Years,976375,2026-05-16,64.3520020947442
South Carolina,65+ Years,976375,2026-05-23,64.5251906365065
South Carolina,65+ Years,976375,2026-05-30,64.7041692752232
South Carolina,65+ Years,976375,2026-06-06,65.0668319623152
South Carolina,65+ Years,976375,2026-06-13,65.25183687578
South Dakota,6 Months - 4 Years,54559,2025-08-16,2.40695326019831
South Dakota,6 Months - 4 Years,54559,2025-08-23,2.40695326019831
South Dakota,6 Months - 4 Years,54559,2025-08-30,2.40695326019831
South Dakota,6 Months - 4 Years,54559,2025-09-06,2.40695326019831
South Dakota,6 Months - 4 Years,54559,2025-09-13,3.41888077314577
South Dakota,6 Months - 4 Years,54559,2025-09-20,4.30470891660911
South Dakota,6 Months - 4 Years,54559,2025-09-27,5.41859172166191
South Dakota,6 Months - 4 Years,54559,2025-10-04,7.93373053907418
South Dakota,6 Months - 4 Years,54559,2025-10-11,9.47503210766239
South Dakota,6 Months - 4 Years,54559,2025-10-18,11.2917641803231
South Dakota,6 Months - 4 Years,54559,2025-10-25,13.3536979448622
South Dakota,6 Months - 4 Years,54559,2025-11-01,15.7526644121672
South Dakota,6 Months - 4 Years,54559,2025-11-08,20.3004282376513
South Dakota,6 Months - 4 Years,54559,2025-11-15,22.2203317407393
South Dakota,6 Months - 4 Years,54559,2025-11-22,23.8842721944518
South Dakota,6 Months - 4 Years,54559,2025-11-29,25.3401165719265
South Dakota,6 Months - 4 Years,54559,2025-12-06,28.1030125549028
South Dakota,6 Months - 4 Years,54559,2025-12-13,29.4373867797535
South Dakota,6 Months - 4 Years,54559,2025-12-20,30.7693663441923
South Dakota,6 Months - 4 Years,54559,2025-12-27,32.0535906775141
South Dakota,6 Months - 4 Years,54559,2026-01-03,33.370963755667
South Dakota,6 Months - 4 Years,54559,2026-01-10,35.3713861970215
South Dakota,6 Months - 4 Years,54559,2026-01-17,35.9328846977776
South Dakota,6 Months - 4 Years,54559,2026-01-24,36.2620068392843
South Dakota,6 Months - 4 Years,54559,2026-01-31,36.4257991528273
South Dakota,6 Months - 4 Years,54559,2026-02-07,36.7402988519803
South Dakota,6 Months - 4 Years,54559,2026-02-14,36.8349355739724
South Dakota,6 Months - 4 Years,54559,2026-02-21,36.8939116356867
South Dakota,6 Months - 4 Years,54559,2026-02-28,36.933377616734
South Dakota,6 Months - 4 Years,54559,2026-03-07,37.0153655335028
South Dakota,6 Months - 4 Years,54559,2026-03-14,37.0925618045755
South Dakota,6 Months - 4 Years,54559,2026-03-21,37.2202918812744
South Dakota,6 Months - 4 Years,54559,2026-03-28,37.3887261514785
South Dakota,6 Months - 4 Years,54559,2026-04-04,37.569386778469
South Dakota,6 Months - 4 Years,54559,2026-04-11,37.8687141286613
South Dakota,6 Months - 4 Years,54559,2026-04-18,37.9390106169235
South Dakota,6 Months - 4 Years,54559,2026-04-25,37.96
South Dakota,6 Months - 4 Years,54559,2026-05-02,37.96
South Dakota,6 Months - 4 Years,54559,2026-05-09,37.96
South Dakota,6 Months - 4 Years,54559,2026-05-16,37.96
South Dakota,6 Months - 4 Years,54559,2026-05-23,37.96
South Dakota,6 Months - 4 Years,54559,2026-05-30,37.96
South Dakota,6 Months - 4 Years,54559,2026-06-06,37.96
South Dakota,6 Months - 4 Years,54559,2026-06-13,37.96
South Dakota,5-12 Years,98180,2025-08-16,2.04721355940615
South Dakota,5-12 Years,98180,2025-08-23,2.04721355940615
South Dakota,5-12 Years,98180,2025-08-30,2.04721355940615
South Dakota,5-12 Years,98180,2025-09-06,2.04721355940615
South Dakota,5-12 Years,98180,2025-09-13,2.65605458612812
South Dakota,5-12 Years,98180,2025-09-20,2.86700667443318
South Dakota,5-12 Years,98180,2025-09-27,3.53310374098146
South Dakota,5-12 Years,98180,2025-10-04,5.35665429119426
South Dakota,5-12 Years,98180,2025-10-11,6.75021611652061
South Dakota,5-12 Years,98180,2025-10-18,8.64124894034681
South Dakota,5-12 Years,98180,2025-10-25,11.0035546061571
South Dakota,5-12 Years,98180,2025-11-01,13.8492517287896
South Dakota,5-12 Years,98180,2025-11-08,19.3622114664943
South Dakota,5-12 Years,98180,2025-11-15,21.647460712251
South Dakota,5-12 Years,98180,2025-11-22,23.52213935728
South Dakota,5-12 Years,98180,2025-11-29,25.03380561114
South Dakota,5-12 Years,98180,2025-12-06,27.6759640646858
South Dakota,5-12 Years,98180,2025-12-13,28.6832994198391
South Dakota,5-12 Years,98180,2025-12-20,29.4664651083739
South Dakota,5-12 Years,98180,2025-12-27,30.0762328752251
South Dakota,5-12 Years,98180,2026-01-03,30.7320375800024
South Dakota,5-12 Years,98180,2026-01-10,31.7270479877805
South Dakota,5-12 Years,98180,2026-01-17,32.1243836590185
South Dakota,5-12 Years,98180,2026-01-24,32.4855516982862
South Dakota,5-12 Years,98180,2026-01-31,32.7574869794853
South Dakota,5-12 Years,98180,2026-02-07,33.3132973774817
South Dakota,5-12 Years,98180,2026-02-14,33.5234556362556
South Dakota,5-12 Years,98180,2026-02-21,33.6850682517785
South Dakota,5-12 Years,98180,2026-02-28,33.8046261439869
South Dakota,5-12 Years,98180,2026-03-07,33.9883883969528
South Dakota,5-12 Years,98180,2026-03-14,34.0361056038512
South Dakota,5-12 Years,98180,2026-03-21,34.0557441215561
South Dakota,5-12 Years,98180,2026-03-28,34.058581373852
South Dakota,5-12 Years,98180,2026-04-04,34.06
South Dakota,5-12 Years,98180,2026-04-11,34.06
South Dakota,5-12 Years,98180,2026-04-18,34.06
South Dakota,5-12 Years,98180,2026-04-25,34.06
South Dakota,5-12 Years,98180,2026-05-02,34.06
South Dakota,5-12 Years,98180,2026-05-09,34.06
South Dakota,5-12 Years,98180,2026-05-16,34.06
South Dakota,5-12 Years,98180,2026-05-23,34.06
South Dakota,5-12 Years,98180,2026-05-30,34.06
South Dakota,5-12 Years,98180,2026-06-06,34.06
South Dakota,5-12 Years,98180,2026-06-13,34.06
South Dakota,13-17 Years,59835,2025-08-16,0.588456897957503
South Dakota,13-17 Years,59835,2025-08-23,0.588456897957503
South Dakota,13-17 Years,59835,2025-08-30,0.588456897957503
South Dakota,13-17 Years,59835,2025-09-06,0.588456897957503
South Dakota,13-17 Years,59835,2025-09-13,0.980868341932172
South Dakota,13-17 Years,59835,2025-09-20,1.51328017531058
South Dakota,13-17 Years,59835,2025-09-27,2.41572122328326
South Dakota,13-17 Years,59835,2025-10-04,4.64847157484021
South Dakota,13-17 Years,59835,2025-10-11,6.20762213158445
South Dakota,13-17 Years,59835,2025-10-18,8.22201350646082
South Dakota,13-17 Years,59835,2025-10-25,10.6374385428464
South Dakota,13-17 Years,59835,2025-11-01,13.4472102719102
South Dakota,13-17 Years,59835,2025-11-08,18.6670363239
South Dakota,13-17 Years,59835,2025-11-15,20.6661622302822
South Dakota,13-17 Years,59835,2025-11-22,22.1861737019802
South Dakota,13-17 Years,59835,2025-11-29,23.3056415177758
South Dakota,13-17 Years,59835,2025-12-06,25.1423447997013
South Dakota,13-17 Years,59835,2025-12-13,25.7472842939218
South Dakota,13-17 Years,59835,2025-12-20,26.1472313830266
South Dakota,13-17 Years,59835,2025-12-27,26.4010910639922
South Dakota,13-17 Years,59835,2026-01-03,26.6258280252571
South Dakota,13-17 Years,59835,2026-01-10,26.9137959490798
South Dakota,13-17 Years,59835,2026-01-17,26.9732000046969
South Dakota,13-17 Years,59835,2026-01-24,26.9979465437144
South Dakota,13-17 Years,59835,2026-01-31,27.0070044715606
South Dakota,13-17 Years,59835,2026-02-07,27.0340986713667
South Dakota,13-17 Years,59835,2026-02-14,27.0646626598827
South Dakota,13-17 Years,59835,2026-02-21,27.1152727586408
South Dakota,13-17 Years,59835,2026-02-28,27.1791197621902
South Dakota,13-17 Years,59835,2026-03-07,27.3003156478396
South Dakota,13-17 Years,59835,2026-03-14,27.3413372915096
South Dakota,13-17 Years,59835,2026-03-21,27.3604548252388
South Dakota,13-17 Years,59835,2026-03-28,27.3634849417463
South Dakota,13-17 Years,59835,2026-04-04,27.3676895555556
South Dakota,13-17 Years,59835,2026-04-11,27.3757582222222
South Dakota,13-17 Years,59835,2026-04-18,27.3933111111111
South Dakota,13-17 Years,59835,2026-04-25,27.4238871111111
South Dakota,13-17 Years,59835,2026-05-02,27.4597006666667
South Dakota,13-17 Years,59835,2026-05-09,27.5293835555556
South Dakota,13-17 Years,59835,2026-05-16,27.5508306666667
South Dakota,13-17 Years,59835,2026-05-23,27.5592546666667
South Dakota,13-17 Years,59835,2026-05-30,27.5597515555556
South Dakota,13-17 Years,59835,2026-06-06,27.56
South Dakota,13-17 Years,59835,2026-06-13,27.56
South Dakota,6 Months - 17 Years,212574,2025-08-16,2.02906977135463
South Dakota,6 Months - 17 Years,212574,2025-08-23,2.02906977135463
South Dakota,6 Months - 17 Years,212574,2025-08-30,2.02906977135463
South Dakota,6 Months - 17 Years,212574,2025-09-06,2.02906977135463
South Dakota,6 Months - 17 Years,212574,2025-09-13,2.67487946768403
South Dakota,6 Months - 17 Years,212574,2025-09-20,2.97609553481243
South Dakota,6 Months - 17 Years,212574,2025-09-27,3.69370832539851
South Dakota,6 Months - 17 Years,212574,2025-10-04,5.58825516323287
South Dakota,6 Months - 17 Years,212574,2025-10-11,6.99131478902542
South Dakota,6 Months - 17 Years,212574,2025-10-18,8.86311854670677
South Dakota,6 Months - 17 Years,212574,2025-10-25,11.1708602880328
South Dakota,6 Months - 17 Years,212574,2025-11-01,13.9242614426399
South Dakota,6 Months - 17 Years,212574,2025-11-08,19.1988047944658
South Dakota,6 Months - 17 Years,212574,2025-11-15,21.3392968771825
South Dakota,6 Months - 17 Years,212574,2025-11-22,23.0621018530909
South Dakota,6 Months - 17 Years,212574,2025-11-29,24.4291043525386
South Dakota,6 Months - 17 Years,212574,2025-12-06,26.8211105281312
South Dakota,6 Months - 17 Years,212574,2025-12-13,27.7525691924423
South Dakota,6 Months - 17 Years,212574,2025-12-20,28.5026912828152
South Dakota,6 Months - 17 Years,212574,2025-12-27,29.1062333804631
South Dakota,6 Months - 17 Years,212574,2026-01-03,29.7319570058046
South Dakota,6 Months - 17 Years,212574,2026-01-10,30.661938752766
South Dakota,6 Months - 17 Years,212574,2026-01-17,30.9831962461732
South Dakota,6 Months - 17 Years,212574,2026-01-24,31.2400428908768
South Dakota,6 Months - 17 Years,212574,2026-01-31,31.4148644987617
South Dakota,6 Months - 17 Years,212574,2026-02-07,31.7723615605076
South Dakota,6 Months - 17 Years,212574,2026-02-14,31.9073180903298
South Dakota,6 Months - 17 Years,212574,2026-02-21,32.014292100111
South Dakota,6 Months - 17 Years,212574,2026-02-28,32.098897646797
South Dakota,6 Months - 17 Years,212574,2026-03-07,32.2412482241083
South Dakota,6 Months - 17 Years,212574,2026-03-14,32.2919833180541
South Dakota,6 Months - 17 Years,212574,2026-03-21,32.3294621007878
South Dakota,6 Months - 17 Years,212574,2026-03-28,32.357281779354
South Dakota,6 Months - 17 Years,212574,2026-04-04,32.3865197228665
South Dakota,6 Months - 17 Years,212574,2026-04-11,32.4300213725856
South Dakota,6 Months - 17 Years,212574,2026-04-18,32.4472048846027
South Dakota,6 Months - 17 Years,212574,2026-04-25,32.4626728071685
South Dakota,6 Months - 17 Years,212574,2026-05-02,32.4735081345429
South Dakota,6 Months - 17 Years,212574,2026-05-09,32.4932507220113
South Dakota,6 Months - 17 Years,212574,2026-05-16,32.4981281593201
South Dakota,6 Months - 17 Years,212574,2026-05-23,32.4998580367928
South Dakota,6 Months - 17 Years,212574,2026-05-30,32.4999526789309
South Dakota,6 Months - 17 Years,212574,2026-06-06,32.5
South Dakota,6 Months - 17 Years,212574,2026-06-13,32.5
South Dakota,18-49 Years,349194,2025-08-16,0.701257547574626
South Dakota,18-49 Years,349194,2025-08-23,0.701257547574626
South Dakota,18-49 Years,349194,2025-08-30,0.701257547574626
South Dakota,18-49 Years,349194,2025-09-06,0.701257547574626
South Dakota,18-49 Years,349194,2025-09-13,0.912209230683951
South Dakota,18-49 Years,349194,2025-09-20,0.993262539674359
South Dakota,18-49 Years,349194,2025-09-27,1.31367396805931
South Dakota,18-49 Years,349194,2025-10-04,2.22811088521823
South Dakota,18-49 Years,349194,2025-10-11,3.00395631833211
South Dakota,18-49 Years,349194,2025-10-18,4.15832787043078
South Dakota,18-49 Years,349194,2025-10-25,5.70034116088576
South Dakota,18-49 Years,349194,2025-11-01,7.62820535358011
South Dakota,18-49 Years,349194,2025-11-08,11.5128705965651
South Dakota,18-49 Years,349194,2025-11-15,13.2301325492863
South Dakota,18-49 Years,349194,2025-11-22,14.7154024055759
South Dakota,18-49 Years,349194,2025-11-29,15.9648917807105
South Dakota,18-49 Years,349194,2025-12-06,18.1438572202132
South Dakota,18-49 Years,349194,2025-12-13,18.9367098797998
South Dakota,18-49 Years,349194,2025-12-20,19.502181188805
South Dakota,18-49 Years,349194,2025-12-27,19.8994901341428
South Dakota,18-49 Years,349194,2026-01-03,20.337626670887
South Dakota,18-49 Years,349194,2026-01-10,21.0071236181961
South Dakota,18-49 Years,349194,2026-01-17,21.3151760785742
South Dakota,18-49 Years,349194,2026-01-24,21.6296392707959
South Dakota,18-49 Years,349194,2026-01-31,21.8928359739964
South Dakota,18-49 Years,349194,2026-02-07,22.4451030934852
South Dakota,18-49 Years,349194,2026-02-14,22.6645972555299
South Dakota,18-49 Years,349194,2026-02-21,22.8375204775372
South Dakota,18-49 Years,349194,2026-02-28,22.9740775342837
South Dakota,18-49 Years,349194,2026-03-07,23.2185501559824
South Dakota,18-49 Years,349194,2026-03-14,23.3279576241081
South Dakota,18-49 Years,349194,2026-03-21,23.4331713848934
South Dakota,18-49 Years,349194,2026-03-28,23.5310329885328
South Dakota,18-49 Years,349194,2026-04-04,23.6236527645138
South Dakota,18-49 Years,349194,2026-04-11,23.7559408144424
South Dakota,18-49 Years,349194,2026-04-18,23.782527156317
South Dakota,18-49 Years,349194,2026-04-25,23.79
South Dakota,18-49 Years,349194,2026-05-02,23.79
South Dakota,18-49 Years,349194,2026-05-09,23.800747930528
South Dakota,18-49 Years,349194,2026-05-16,23.8387750825285
South Dakota,18-49 Years,349194,2026-05-23,23.9259722528699
South Dakota,18-49 Years,349194,2026-05-30,24.074022588239
South Dakota,18-49 Years,349194,2026-06-06,24.4582422860133
South Dakota,18-49 Years,349194,2026-06-13,24.6985212128099
South Dakota,50-64 Years,164405,2025-08-16,0.732184900528943
South Dakota,50-64 Years,164405,2025-08-23,0.732184900528943
South Dakota,50-64 Years,164405,2025-08-30,0.732184900528943
South Dakota,50-64 Years,164405,2025-09-06,0.732184900528943
South Dakota,50-64 Years,164405,2025-09-13,0.960196971585072
South Dakota,50-64 Years,164405,2025-09-20,1.06394214925373
South Dakota,50-64 Years,164405,2025-09-27,1.46905128026701
South Dakota,50-64 Years,164405,2025-10-04,2.63199605360755
South Dakota,50-64 Years,164405,2025-10-11,3.66613081339149
South Dakota,50-64 Years,164405,2025-10-18,5.26416413811003
South Dakota,50-64 Years,164405,2025-10-25,7.43398892881586
South Dakota,50-64 Years,164405,2025-11-01,10.1310118451115
South Dakota,50-64 Years,164405,2025-11-08,15.4722616922209
South Dakota,50-64 Years,164405,2025-11-15,17.6854949545975
South Dakota,50-64 Years,164405,2025-11-22,19.4622490152201
South Dakota,50-64 Years,164405,2025-11-29,20.8659269584126
South Dakota,50-64 Years,164405,2025-12-06,23.3315205507092
South Dakota,50-64 Years,164405,2025-12-13,24.2932641945229
South Dakota,50-64 Years,164405,2025-12-20,25.0652228484438
South Dakota,50-64 Years,164405,2025-12-27,25.6890768821376
South Dakota,50-64 Years,164405,2026-01-03,26.3719825066347
South Dakota,50-64 Years,164405,2026-01-10,27.4221254430723
South Dakota,50-64 Years,164405,2026-01-17,27.8432222472294
South Dakota,50-64 Years,164405,2026-01-24,28.2279438306467
South Dakota,50-64 Years,164405,2026-01-31,28.5328924501137
South Dakota,50-64 Years,164405,2026-02-07,29.2152171043861
South Dakota,50-64 Years,164405,2026-02-14,29.5458475738575
South Dakota,50-64 Years,164405,2026-02-21,29.8732518044673
South Dakota,50-64 Years,164405,2026-02-28,30.188712550132
South Dakota,50-64 Years,164405,2026-03-07,30.7735069111365
South Dakota,50-64 Years,164405,2026-03-14,31.0159549378347
South Dakota,50-64 Years,164405,2026-03-21,31.2144832825463
South Dakota,50-64 Years,164405,2026-03-28,31.3754025848442
South Dakota,50-64 Years,164405,2026-04-04,31.5493584896767
South Dakota,50-64 Years,164405,2026-04-11,31.8162242965047
South Dakota,50-64 Years,164405,2026-04-18,31.9222108887443
South Dakota,50-64 Years,164405,2026-04-25,32.0160368430111
South Dakota,50-64 Years,164405,2026-05-02,32.0810488072573
South Dakota,50-64 Years,164405,2026-05-09,32.1995043320678
South Dakota,50-64 Years,164405,2026-05-16,32.2287689559206
South Dakota,50-64 Years,164405,2026-05-23,32.2391482207569
South Dakota,50-64 Years,164405,2026-05-30,32.2397160735856
South Dakota,50-64 Years,164405,2026-06-06,32.24
South Dakota,50-64 Years,164405,2026-06-13,32.24
South Dakota,65+ Years,157177,2025-08-16,1.6790811951883
South Dakota,65+ Years,157177,2025-08-23,1.6790811951883
South Dakota,65+ Years,157177,2025-08-30,1.6790811951883
South Dakota,65+ Years,157177,2025-09-06,1.6790811951883
South Dakota,65+ Years,157177,2025-09-13,2.22756268294264
South Dakota,65+ Years,157177,2025-09-20,2.51409238287008
South Dakota,65+ Years,157177,2025-09-27,3.66784587348484
South Dakota,65+ Years,157177,2025-10-04,6.93518593300377
South Dakota,65+ Years,157177,2025-10-11,9.61081810394312
South Dakota,65+ Years,157177,2025-10-18,13.4554880810948
South Dakota,65+ Years,157177,2025-10-25,18.4463999106988
South Dakota,65+ Years,157177,2025-11-01,24.5510507917506
South Dakota,65+ Years,157177,2025-11-08,36.5396577347371
South Dakota,65+ Years,157177,2025-11-15,41.583977338904
South Dakota,65+ Years,157177,2025-11-22,45.743590022677
South Dakota,65+ Years,157177,2025-11-29,49.0571887482252
South Dakota,65+ Years,157177,2025-12-06,54.6104418715834
South Dakota,65+ Years,157177,2025-12-13,56.4420987053382
South Dakota,65+ Years,157177,2025-12-20,57.5944194040835
South Dakota,65+ Years,157177,2025-12-27,58.2791102346305
South Dakota,65+ Years,157177,2026-01-03,59.0297482239076
South Dakota,65+ Years,157177,2026-01-10,60.1583618476394
South Dakota,65+ Years,157177,2026-01-17,60.7330351817311
South Dakota,65+ Years,157177,2026-01-24,61.3682742147751
South Dakota,65+ Years,157177,2026-01-31,61.9383523926063
South Dakota,65+ Years,157177,2026-02-07,63.1559398355497
South Dakota,65+ Years,157177,2026-02-14,63.6631156343717
South Dakota,65+ Years,157177,2026-02-21,64.0765070532222
South Dakota,65+ Years,157177,2026-02-28,64.4116515453446
South Dakota,65+ Years,157177,2026-03-07,65.0098908695904
South Dakota,65+ Years,157177,2026-03-14,65.2589895729816
South Dakota,65+ Years,157177,2026-03-21,65.4767570654766
South Dakota,65+ Years,157177,2026-03-28,65.6701111716335
South Dakota,65+ Years,157177,2026-04-04,65.8951499831799
South Dakota,65+ Years,157177,2026-04-11,66.2576399066325
South Dakota,65+ Years,157177,2026-04-18,66.4176312629251
South Dakota,65+ Years,157177,2026-04-25,66.5730054644111
South Dakota,65+ Years,157177,2026-05-02,66.7031912420617
South Dakota,65+ Years,157177,2026-05-09,66.9946218996154
South Dakota,65+ Years,157177,2026-05-16,67.1334928021009
South Dakota,65+ Years,157177,2026-05-23,67.2673520145972
South Dakota,65+ Years,157177,2026-05-30,67.3963239813989
South Dakota,65+ Years,157177,2026-06-06,67.646743310529
South Dakota,65+ Years,157177,2026-06-13,67.7653612233106
Tennessee,6 Months - 4 Years,367452,2025-08-16,4.10551457729314
Tennessee,6 Months - 4 Years,367452,2025-08-23,4.10551457729314
Tennessee,6 Months - 4 Years,367452,2025-08-30,4.10551457729314
Tennessee,6 Months - 4 Years,367452,2025-09-06,4.10551457729314
Tennessee,6 Months - 4 Years,367452,2025-09-13,5.44087448505477
Tennessee,6 Months - 4 Years,367452,2025-09-20,6.11000961681001
Tennessee,6 Months - 4 Years,367452,2025-09-27,7.06424315775861
Tennessee,6 Months - 4 Years,367452,2025-10-04,9.31626229990367
Tennessee,6 Months - 4 Years,367452,2025-10-11,10.7988950748379
Tennessee,6 Months - 4 Years,367452,2025-10-18,12.6428971467409
Tennessee,6 Months - 4 Years,367452,2025-10-25,14.7995802305023
Tennessee,6 Months - 4 Years,367452,2025-11-01,17.2892656176785
Tennessee,6 Months - 4 Years,367452,2025-11-08,21.8825286550898
Tennessee,6 Months - 4 Years,367452,2025-11-15,23.6247914623983
Tennessee,6 Months - 4 Years,367452,2025-11-22,24.9488196992998
Tennessee,6 Months - 4 Years,367452,2025-11-29,25.9635130779342
Tennessee,6 Months - 4 Years,367452,2025-12-06,27.8191945246909
Tennessee,6 Months - 4 Years,367452,2025-12-13,28.6810008089324
Tennessee,6 Months - 4 Years,367452,2025-12-20,29.534842057116
Tennessee,6 Months - 4 Years,367452,2025-12-27,30.3664839492733
Tennessee,6 Months - 4 Years,367452,2026-01-03,31.2649783244223
Tennessee,6 Months - 4 Years,367452,2026-01-10,32.6679886160423
Tennessee,6 Months - 4 Years,367452,2026-01-17,33.1211714256194
Tennessee,6 Months - 4 Years,367452,2026-01-24,33.4433187466021
Tennessee,6 Months - 4 Years,367452,2026-01-31,33.6620245307596
Tennessee,6 Months - 4 Years,367452,2026-02-07,34.2442835849506
Tennessee,6 Months - 4 Years,367452,2026-02-14,34.7208174705403
Tennessee,6 Months - 4 Years,367452,2026-02-21,35.4099693934356
Tennessee,6 Months - 4 Years,367452,2026-02-28,36.2428104787059
Tennessee,6 Months - 4 Years,367452,2026-03-07,37.8610499529897
Tennessee,6 Months - 4 Years,367452,2026-03-14,38.4851195055613
Tennessee,6 Months - 4 Years,367452,2026-03-21,38.8858608739789
Tennessee,6 Months - 4 Years,367452,2026-03-28,39.1030929096192
Tennessee,6 Months - 4 Years,367452,2026-04-04,39.2961156194626
Tennessee,6 Months - 4 Years,367452,2026-04-11,39.5411983420373
Tennessee,6 Months - 4 Years,367452,2026-04-18,39.6052083118705
Tennessee,6 Months - 4 Years,367452,2026-04-25,39.645264049862
Tennessee,6 Months - 4 Years,367452,2026-05-02,39.6662605561122
Tennessee,6 Months - 4 Years,367452,2026-05-09,39.7036147707043
Tennessee,6 Months - 4 Years,367452,2026-05-16,39.7119806552564
Tennessee,6 Months - 4 Years,367452,2026-05-23,39.714781182495
Tennessee,6 Months - 4 Years,367452,2026-05-30,39.7149270608317
Tennessee,6 Months - 4 Years,367452,2026-06-06,39.715
Tennessee,6 Months - 4 Years,367452,2026-06-13,39.715
Tennessee,5-12 Years,672635,2025-08-16,3.1100336412862
Tennessee,5-12 Years,672635,2025-08-23,3.1100336412862
Tennessee,5-12 Years,672635,2025-08-30,3.1100336412862
Tennessee,5-12 Years,672635,2025-09-06,3.1100336412862
Tennessee,5-12 Years,672635,2025-09-13,4.07848680813316
Tennessee,5-12 Years,672635,2025-09-20,4.49337463380834
Tennessee,5-12 Years,672635,2025-09-27,5.31068079622702
Tennessee,5-12 Years,672635,2025-10-04,7.39901177531967
Tennessee,5-12 Years,672635,2025-10-11,8.8973565609338
Tennessee,5-12 Years,672635,2025-10-18,10.8603375415061
Tennessee,5-12 Years,672635,2025-10-25,13.2486987195886
Tennessee,5-12 Years,672635,2025-11-01,16.0756952261162
Tennessee,5-12 Years,672635,2025-11-08,21.459715250975
Tennessee,5-12 Years,672635,2025-11-15,23.6493413897686
Tennessee,5-12 Years,672635,2025-11-22,25.4228305530403
Tennessee,5-12 Years,672635,2025-11-29,26.8141834187311
Tennessee,5-12 Years,672635,2025-12-06,29.1319833201957
Tennessee,5-12 Years,672635,2025-12-13,29.8948834389792
Tennessee,5-12 Years,672635,2025-12-20,30.3802242457741
Tennessee,5-12 Years,672635,2025-12-27,30.6735993918848
Tennessee,5-12 Years,672635,2026-01-03,30.9815188152503
Tennessee,5-12 Years,672635,2026-01-10,31.4320874025729
Tennessee,5-12 Years,672635,2026-01-17,31.63805667142
Tennessee,5-12 Years,672635,2026-01-24,31.8475846732235
Tennessee,5-12 Years,672635,2026-01-31,32.0115945251922
Tennessee,5-12 Years,672635,2026-02-07,32.3167242623611
Tennessee,5-12 Years,672635,2026-02-14,32.3980664462422
Tennessee,5-12 Years,672635,2026-02-21,32.4301398912423
Tennessee,5-12 Years,672635,2026-02-28,32.4333799637474
Tennessee,5-12 Years,672635,2026-03-07,32.435
Tennessee,5-12 Years,672635,2026-03-14,32.435
Tennessee,5-12 Years,672635,2026-03-21,32.435
Tennessee,5-12 Years,672635,2026-03-28,32.435
Tennessee,5-12 Years,672635,2026-04-04,32.435
Tennessee,5-12 Years,672635,2026-04-11,32.435
Tennessee,5-12 Years,672635,2026-04-18,32.435
Tennessee,5-12 Years,672635,2026-04-25,32.435
Tennessee,5-12 Years,672635,2026-05-02,32.435
Tennessee,5-12 Years,672635,2026-05-09,32.4428818157206
Tennessee,5-12 Years,672635,2026-05-16,32.4707683938542
Tennessee,5-12 Years,672635,2026-05-23,32.5347129854379
Tennessee,5-12 Years,672635,2026-05-30,32.6432832313753
Tennessee,5-12 Years,672635,2026-06-06,32.9250443430764
Tennessee,5-12 Years,672635,2026-06-13,33.1012488893939
Tennessee,13-17 Years,433367,2025-08-16,0.396935664459449
Tennessee,13-17 Years,433367,2025-08-23,0.396935664459449
Tennessee,13-17 Years,433367,2025-08-30,0.396935664459449
Tennessee,13-17 Years,433367,2025-09-06,0.396935664459449
Tennessee,13-17 Years,433367,2025-09-13,0.945008983509756
Tennessee,13-17 Years,433367,2025-09-20,1.83197361639529
Tennessee,13-17 Years,433367,2025-09-27,3.08497209042029
Tennessee,13-17 Years,433367,2025-10-04,5.84194781401559
Tennessee,13-17 Years,433367,2025-10-11,7.5099637653682
Tennessee,13-17 Years,433367,2025-10-18,9.47740006670924
Tennessee,13-17 Years,433367,2025-10-25,11.6750989853881
Tennessee,13-17 Years,433367,2025-11-01,14.1160246847682
Tennessee,13-17 Years,433367,2025-11-08,18.396937866661
Tennessee,13-17 Years,433367,2025-11-15,19.8533728106415
Tennessee,13-17 Years,433367,2025-11-22,20.8372296214254
Tennessee,13-17 Years,433367,2025-11-29,21.5009362714458
Tennessee,13-17 Years,433367,2025-12-06,22.6965802037159
Tennessee,13-17 Years,433367,2025-12-13,23.2694541906644
Tennessee,13-17 Years,433367,2025-12-20,23.8700383702609
Tennessee,13-17 Years,433367,2025-12-27,24.4844071648826
Tennessee,13-17 Years,433367,2026-01-03,25.1629628294144
Tennessee,13-17 Years,433367,2026-01-10,26.2443125659308
Tennessee,13-17 Years,433367,2026-01-17,26.6131362018338
Tennessee,13-17 Years,433367,2026-01-24,26.8868125929127
Tennessee,13-17 Years,433367,2026-01-31,27.0671369713274
Tennessee,13-17 Years,433367,2026-02-07,27.4648584491806
Tennessee,13-17 Years,433367,2026-02-14,27.6574101507306
Tennessee,13-17 Years,433367,2026-02-21,27.8522726974449
Tennessee,13-17 Years,433367,2026-02-28,28.0349675039614
Tennessee,13-17 Years,433367,2026-03-07,28.3373906956211
Tennessee,13-17 Years,433367,2026-03-14,28.4240577670105
Tennessee,13-17 Years,433367,2026-03-21,28.4615477311685
Tennessee,13-17 Years,433367,2026-03-28,28.4671825770562
Tennessee,13-17 Years,433367,2026-04-04,28.47
Tennessee,13-17 Years,433367,2026-04-11,28.47
Tennessee,13-17 Years,433367,2026-04-18,28.47
Tennessee,13-17 Years,433367,2026-04-25,28.47
Tennessee,13-17 Years,433367,2026-05-02,28.47
Tennessee,13-17 Years,433367,2026-05-09,28.47
Tennessee,13-17 Years,433367,2026-05-16,28.47
Tennessee,13-17 Years,433367,2026-05-23,28.47
Tennessee,13-17 Years,433367,2026-05-30,28.47
Tennessee,13-17 Years,433367,2026-06-06,28.47
Tennessee,13-17 Years,433367,2026-06-13,28.47
Tennessee,6 Months - 17 Years,1473454,2025-08-16,2.71956587464565
Tennessee,6 Months - 17 Years,1473454,2025-08-23,2.71956587464565
Tennessee,6 Months - 17 Years,1473454,2025-08-30,2.71956587464565
Tennessee,6 Months - 17 Years,1473454,2025-09-06,2.71956587464565
Tennessee,6 Months - 17 Years,1473454,2025-09-13,3.66797130181185
Tennessee,6 Months - 17 Years,1473454,2025-09-20,4.25026051969217
Tennessee,6 Months - 17 Years,1473454,2025-09-27,5.16043042185769
Tennessee,6 Months - 17 Years,1473454,2025-10-04,7.36638213555873
Tennessee,6 Months - 17 Years,1473454,2025-10-11,8.86783791768308
Tennessee,6 Months - 17 Years,1473454,2025-10-18,10.7760163636711
Tennessee,6 Months - 17 Years,1473454,2025-10-25,13.0406973063001
Tennessee,6 Months - 17 Years,1473454,2025-11-01,15.6691988251441
Tennessee,6 Months - 17 Years,1473454,2025-11-08,20.5436467334892
Tennessee,6 Months - 17 Years,1473454,2025-11-15,22.4058228001463
Tennessee,6 Months - 17 Years,1473454,2025-11-22,23.8239084357739
Tennessee,6 Months - 17 Years,1473454,2025-11-29,24.8927777224014
Tennessee,6 Months - 17 Years,1473454,2025-12-06,26.7534512302825
Tennessee,6 Months - 17 Years,1473454,2025-12-13,27.4908206508766
Tennessee,6 Months - 17 Years,1473454,2025-12-20,28.1082537951351
Tennessee,6 Months - 17 Years,1473454,2025-12-27,28.6288788506899
Tennessee,6 Months - 17 Years,1473454,2026-01-03,29.1826915209967
Tennessee,6 Months - 17 Years,1473454,2026-01-10,30.0223120213347
Tennessee,6 Months - 17 Years,1473454,2026-01-17,30.3195710477184
Tennessee,6 Months - 17 Years,1473454,2026-01-24,30.5621654488354
Tennessee,6 Months - 17 Years,1473454,2026-01-31,30.7404535991904
Tennessee,6 Months - 17 Years,1473454,2026-02-07,31.157830789482
Tennessee,6 Months - 17 Years,1473454,2026-02-14,31.3935142419951
Tennessee,6 Months - 17 Years,1473454,2026-02-21,31.6613038516987
Tennessee,6 Months - 17 Years,1473454,2026-02-28,31.9395871665106
Tennessee,6 Months - 17 Years,1473454,2026-03-07,32.4442330877154
Tennessee,6 Months - 17 Years,1473454,2026-03-14,32.6269885675737
Tennessee,6 Months - 17 Years,1473454,2026-03-21,32.7451745261611
Tennessee,6 Months - 17 Years,1473454,2026-03-28,32.8126188293888
Tennessee,6 Months - 17 Years,1473454,2026-04-04,32.869768439169
Tennessee,6 Months - 17 Years,1473454,2026-04-11,32.9394672091744
Tennessee,6 Months - 17 Years,1473454,2026-04-18,32.9517549168936
Tennessee,6 Months - 17 Years,1473454,2026-04-25,32.955
Tennessee,6 Months - 17 Years,1473454,2026-05-02,32.955
Tennessee,6 Months - 17 Years,1473454,2026-05-09,32.9585826435093
Tennessee,6 Months - 17 Years,1473454,2026-05-16,32.9712583608428
Tennessee,6 Months - 17 Years,1473454,2026-05-23,33.00032408429
Tennessee,6 Months - 17 Years,1473454,2026-05-30,33.0496741960797
Tennessee,6 Months - 17 Years,1473454,2026-06-06,33.1777474286711
Tennessee,6 Months - 17 Years,1473454,2026-06-13,33.25784040427
Tennessee,18-49 Years,2837672,2025-08-16,0.396226562999451
Tennessee,18-49 Years,2837672,2025-08-23,0.396226562999451
Tennessee,18-49 Years,2837672,2025-08-30,0.396226562999451
Tennessee,18-49 Years,2837672,2025-09-06,0.396226562999451
Tennessee,18-49 Years,2837672,2025-09-13,0.770534402633017
Tennessee,18-49 Years,2837672,2025-09-20,1.31099848812784
Tennessee,18-49 Years,2837672,2025-09-27,1.96850051684197
Tennessee,18-49 Years,2837672,2025-10-04,3.30413901857971
Tennessee,18-49 Years,2837672,2025-10-11,3.98861926835571
Tennessee,18-49 Years,2837672,2025-10-18,4.68621515898212
Tennessee,18-49 Years,2837672,2025-10-25,5.39755415987561
Tennessee,18-49 Years,2837672,2025-11-01,6.21043858403167
Tennessee,18-49 Years,2837672,2025-11-08,7.80146592934885
Tennessee,18-49 Years,2837672,2025-11-15,8.63135168044835
Tennessee,18-49 Years,2837672,2025-11-22,9.51719236481107
Tennessee,18-49 Years,2837672,2025-11-29,10.39110350562
Tennessee,18-49 Years,2837672,2025-12-06,11.9321311490723
Tennessee,18-49 Years,2837672,2025-12-13,12.4507437638511
Tennessee,18-49 Years,2837672,2025-12-20,12.7513640964262
Tennessee,18-49 Years,2837672,2025-12-27,12.8982201289611
Tennessee,18-49 Years,2837672,2026-01-03,13.0836736480621
Tennessee,18-49 Years,2837672,2026-01-10,13.3907221708046
Tennessee,18-49 Years,2837672,2026-01-17,13.6475466350304
Tennessee,18-49 Years,2837672,2026-01-24,14.0059368653352
Tennessee,18-49 Years,2837672,2026-01-31,14.3781964060392
Tennessee,18-49 Years,2837672,2026-02-07,15.1272835969022
Tennessee,18-49 Years,2837672,2026-02-14,15.3867476961347
Tennessee,18-49 Years,2837672,2026-02-21,15.5356334483823
Tennessee,18-49 Years,2837672,2026-02-28,15.6037275693283
Tennessee,18-49 Years,2837672,2026-03-07,15.6976957998955
Tennessee,18-49 Years,2837672,2026-03-14,15.7195866159814
Tennessee,18-49 Years,2837672,2026-03-21,15.7282033381119
Tennessee,18-49 Years,2837672,2026-03-28,15.729401112704
Tennessee,18-49 Years,2837672,2026-04-04,15.73
Tennessee,18-49 Years,2837672,2026-04-11,15.73
Tennessee,18-49 Years,2837672,2026-04-18,15.73
Tennessee,18-49 Years,2837672,2026-04-25,15.73
Tennessee,18-49 Years,2837672,2026-05-02,15.73
Tennessee,18-49 Years,2837672,2026-05-09,15.73
Tennessee,18-49 Years,2837672,2026-05-16,15.73
Tennessee,18-49 Years,2837672,2026-05-23,15.73
Tennessee,18-49 Years,2837672,2026-05-30,15.73
Tennessee,18-49 Years,2837672,2026-06-06,15.73
Tennessee,18-49 Years,2837672,2026-06-13,15.73
Tennessee,50-64 Years,1334868,2025-08-16,0.384115471564129
Tennessee,50-64 Years,1334868,2025-08-23,0.384115471564129
Tennessee,50-64 Years,1334868,2025-08-30,0.384115471564129
Tennessee,50-64 Years,1334868,2025-09-06,0.384115471564129
Tennessee,50-64 Years,1334868,2025-09-13,0.889635623287315
Tennessee,50-64 Years,1334868,2025-09-20,1.66873005079183
Tennessee,50-64 Years,1334868,2025-09-27,2.72838873631563
Tennessee,50-64 Years,1334868,2025-10-04,4.94252758358164
Tennessee,50-64 Years,1334868,2025-10-11,6.17070182910891
Tennessee,50-64 Years,1334868,2025-10-18,7.52685500841934
Tennessee,50-64 Years,1334868,2025-10-25,8.97166685098242
Tennessee,50-64 Years,1334868,2025-11-01,10.554508291217
Tennessee,50-64 Years,1334868,2025-11-08,13.3078145339665
Tennessee,50-64 Years,1334868,2025-11-15,14.2591781642852
Tennessee,50-64 Years,1334868,2025-11-22,14.9309489805402
Tennessee,50-64 Years,1334868,2025-11-29,15.4254256954031
Tennessee,50-64 Years,1334868,2025-12-06,16.4148019570563
Tennessee,50-64 Years,1334868,2025-12-13,17.0857942322744
Tennessee,50-64 Years,1334868,2025-12-20,17.9947386756848
Tennessee,50-64 Years,1334868,2025-12-27,19.0680230815002
Tennessee,50-64 Years,1334868,2026-01-03,20.1717014028803
Tennessee,50-64 Years,1334868,2026-01-10,21.9180770231709
Tennessee,50-64 Years,1334868,2026-01-17,22.3099068956976
Tennessee,50-64 Years,1334868,2026-01-24,22.425
Tennessee,50-64 Years,1334868,2026-01-31,22.425
Tennessee,50-64 Years,1334868,2026-02-07,22.425
Tennessee,50-64 Years,1334868,2026-02-14,22.425
Tennessee,50-64 Years,1334868,2026-02-21,22.425
Tennessee,50-64 Years,1334868,2026-02-28,22.425
Tennessee,50-64 Years,1334868,2026-03-07,22.425
Tennessee,50-64 Years,1334868,2026-03-14,22.425
Tennessee,50-64 Years,1334868,2026-03-21,22.425
Tennessee,50-64 Years,1334868,2026-03-28,22.425
Tennessee,50-64 Years,1334868,2026-04-04,22.425
Tennessee,50-64 Years,1334868,2026-04-11,22.425
Tennessee,50-64 Years,1334868,2026-04-18,22.425
Tennessee,50-64 Years,1334868,2026-04-25,22.425
Tennessee,50-64 Years,1334868,2026-05-02,22.425
Tennessee,50-64 Years,1334868,2026-05-09,22.425
Tennessee,50-64 Years,1334868,2026-05-16,22.425
Tennessee,50-64 Years,1334868,2026-05-23,22.425
Tennessee,50-64 Years,1334868,2026-05-30,22.425
Tennessee,50-64 Years,1334868,2026-06-06,22.425
Tennessee,50-64 Years,1334868,2026-06-13,22.425
Tennessee,65+ Years,1180543,2025-08-16,0.647972984074179
Tennessee,65+ Years,1180543,2025-08-23,0.647972984074179
Tennessee,65+ Years,1180543,2025-08-30,0.647972984074179
Tennessee,65+ Years,1180543,2025-09-06,0.647972984074179
Tennessee,65+ Years,1180543,2025-09-13,1.71110549356204
Tennessee,65+ Years,1180543,2025-09-20,3.50848025108026
Tennessee,65+ Years,1180543,2025-09-27,6.13590054635419
Tennessee,65+ Years,1180543,2025-10-04,12.1082562078532
Tennessee,65+ Years,1180543,2025-10-11,15.7758498745581
Tennessee,65+ Years,1180543,2025-10-18,20.1273242234908
Tennessee,65+ Years,1180543,2025-10-25,25.0467536794096
Tennessee,65+ Years,1180543,2025-11-01,30.6436341046721
Tennessee,65+ Years,1180543,2025-11-08,40.8926738799224
Tennessee,65+ Years,1180543,2025-11-15,44.8776089643874
Tennessee,65+ Years,1180543,2025-11-22,48.0359029052235
Tennessee,65+ Years,1180543,2025-11-29,50.4809639242249
Tennessee,65+ Years,1180543,2025-12-06,54.5709065900176
Tennessee,65+ Years,1180543,2025-12-13,55.948285223651
Tennessee,65+ Years,1180543,2025-12-20,56.8636474428103
Tennessee,65+ Years,1180543,2025-12-27,57.4645844055389
Tennessee,65+ Years,1180543,2026-01-03,58.188509223298
Tennessee,65+ Years,1180543,2026-01-10,59.3576381789302
Tennessee,65+ Years,1180543,2026-01-17,60.087192827419
Tennessee,65+ Years,1180543,2026-01-24,60.9664462869099
Tennessee,65+ Years,1180543,2026-01-31,61.7603663567297
Tennessee,65+ Years,1180543,2026-02-07,63.2675320913475
Tennessee,65+ Years,1180543,2026-02-14,63.6974715316706
Tennessee,65+ Years,1180543,2026-02-21,63.8727566849048
Tennessee,65+ Years,1180543,2026-02-28,63.8909188949683
Tennessee,65+ Years,1180543,2026-03-07,63.9
Tennessee,65+ Years,1180543,2026-03-14,63.9
Tennessee,65+ Years,1180543,2026-03-21,63.9
Tennessee,65+ Years,1180543,2026-03-28,63.9
Tennessee,65+ Years,1180543,2026-04-04,63.9620666666667
Tennessee,65+ Years,1180543,2026-04-11,64.1482666666667
Tennessee,65+ Years,1180543,2026-04-18,64.5533333333333
Tennessee,65+ Years,1180543,2026-04-25,65.2589333333333
Tennessee,65+ Years,1180543,2026-05-02,66.0854
Tennessee,65+ Years,1180543,2026-05-09,67.6934666666667
Tennessee,65+ Years,1180543,2026-05-16,68.1884
Tennessee,65+ Years,1180543,2026-05-23,68.3828
Tennessee,65+ Years,1180543,2026-05-30,68.3942666666667
Tennessee,65+ Years,1180543,2026-06-06,68.4
Tennessee,65+ Years,1180543,2026-06-13,68.4
Texas,6 Months - 4 Years,1780398,2025-08-16,3.90496259307645
Texas,6 Months - 4 Years,1780398,2025-08-23,3.90496259307645
Texas,6 Months - 4 Years,1780398,2025-08-30,3.90496259307645
Texas,6 Months - 4 Years,1780398,2025-09-06,3.90496259307645
Texas,6 Months - 4 Years,1780398,2025-09-13,5.29111730592612
Texas,6 Months - 4 Years,1780398,2025-09-20,6.17600494968256
Texas,6 Months - 4 Years,1780398,2025-09-27,7.27382270938826
Texas,6 Months - 4 Years,1780398,2025-10-04,9.73959338135413
Texas,6 Months - 4 Years,1780398,2025-10-11,11.2434287283171
Texas,6 Months - 4 Years,1780398,2025-10-18,13.0118139871415
Texas,6 Months - 4 Years,1780398,2025-10-25,15.0117537018905
Texas,6 Months - 4 Years,1780398,2025-11-01,17.3255115798831
Texas,6 Months - 4 Years,1780398,2025-11-08,21.6871808792432
Texas,6 Months - 4 Years,1780398,2025-11-15,23.5209644360885
Texas,6 Months - 4 Years,1780398,2025-11-22,25.1021088615902
Texas,6 Months - 4 Years,1780398,2025-11-29,26.4494028458726
Texas,6 Months - 4 Years,1780398,2025-12-06,28.8579500529697
Texas,6 Months - 4 Years,1780398,2025-12-13,29.8132958106944
Texas,6 Months - 4 Years,1780398,2025-12-20,30.58207497447
Texas,6 Months - 4 Years,1780398,2025-12-27,31.2059361278319
Texas,6 Months - 4 Years,1780398,2026-01-03,31.9140612824731
Texas,6 Months - 4 Years,1780398,2026-01-10,33.0280843492424
Texas,6 Months - 4 Years,1780398,2026-01-17,33.5185115325817
Texas,6 Months - 4 Years,1780398,2026-01-24,34.000433364561
Texas,6 Months - 4 Years,1780398,2026-01-31,34.4096416489422
Texas,6 Months - 4 Years,1780398,2026-02-07,35.3404454151358
Texas,6 Months - 4 Years,1780398,2026-02-14,35.8115683343717
Texas,6 Months - 4 Years,1780398,2026-02-21,36.2891478030818
Texas,6 Months - 4 Years,1780398,2026-02-28,36.7526281650482
Texas,6 Months - 4 Years,1780398,2026-03-07,37.5984473703329
Texas,6 Months - 4 Years,1780398,2026-03-14,37.9205545944865
Texas,6 Months - 4 Years,1780398,2026-03-21,38.1514045358817
Texas,6 Months - 4 Years,1780398,2026-03-28,38.3152556351676
Texas,6 Months - 4 Years,1780398,2026-04-04,38.5359482681714
Texas,6 Months - 4 Years,1780398,2026-04-11,38.918628003518
Texas,6 Months - 4 Years,1780398,2026-04-18,39.2035687141048
Texas,6 Months - 4 Years,1780398,2026-04-25,39.5785066996117
Texas,6 Months - 4 Years,1780398,2026-05-02,39.9517050374177
Texas,6 Months - 4 Years,1780398,2026-05-09,40.7100942971109
Texas,6 Months - 4 Years,1780398,2026-05-16,40.9839223755372
Texas,6 Months - 4 Years,1780398,2026-05-23,41.1577569351086
Texas,6 Months - 4 Years,1780398,2026-05-30,41.258723352964
Texas,6 Months - 4 Years,1780398,2026-06-06,41.4096371556171
Texas,6 Months - 4 Years,1780398,2026-06-13,41.4372674151781
Texas,5-12 Years,3355459,2025-08-16,3.45418277488575
Texas,5-12 Years,3355459,2025-08-23,3.45418277488575
Texas,5-12 Years,3355459,2025-08-30,3.45418277488575
Texas,5-12 Years,3355459,2025-09-06,3.45418277488575
Texas,5-12 Years,3355459,2025-09-13,4.71866804999613
Texas,5-12 Years,3355459,2025-09-20,5.58457674286549
Texas,5-12 Years,3355459,2025-09-27,6.6759037864158
Texas,5-12 Years,3355459,2025-10-04,9.14270525345711
Texas,5-12 Years,3355459,2025-10-11,10.66880308422
Texas,5-12 Years,3355459,2025-10-18,12.4853803153142
Texas,5-12 Years,3355459,2025-10-25,14.5508038173683
Texas,5-12 Years,3355459,2025-11-01,16.9248980772394
Texas,5-12 Years,3355459,2025-11-08,21.3321579597622
Texas,5-12 Years,3355459,2025-11-15,23.0910771121391
Texas,5-12 Years,3355459,2025-11-22,24.5240060392744
Texas,5-12 Years,3355459,2025-11-29,25.6892483804737
Texas,5-12 Years,3355459,2025-12-06,27.7799816575925
Texas,5-12 Years,3355459,2025-12-13,28.6543156425993
Texas,5-12 Years,3355459,2025-12-20,29.4177221982694
Texas,5-12 Years,3355459,2025-12-27,30.0856069465829
Texas,5-12 Years,3355459,2026-01-03,30.8122812904163
Texas,5-12 Years,3355459,2026-01-10,31.9370307282195
Texas,5-12 Years,3355459,2026-01-17,32.3575236758076
Texas,5-12 Years,3355459,2026-01-24,32.7124442479129
Texas,5-12 Years,3355459,2026-01-31,32.9689545731349
Texas,5-12 Years,3355459,2026-02-07,33.5089746300926
Texas,5-12 Years,3355459,2026-02-14,33.7271755076013
Texas,5-12 Years,3355459,2026-02-21,33.9105758395558
Texas,5-12 Years,3355459,2026-02-28,34.0685896200741
Texas,5-12 Years,3355459,2026-03-07,34.3653492194872
Texas,5-12 Years,3355459,2026-03-14,34.5083268610572
Texas,5-12 Years,3355459,2026-03-21,34.6537393050594
Texas,5-12 Years,3355459,2026-03-28,34.8001539259853
Texas,5-12 Years,3355459,2026-04-04,34.9723749451518
Texas,5-12 Years,3355459,2026-04-11,35.256852474641
Texas,5-12 Years,3355459,2026-04-18,35.3774529004399
Texas,5-12 Years,3355459,2026-04-25,35.4857051231819
Texas,5-12 Years,3355459,2026-05-02,35.5619642322095
Texas,5-12 Years,3355459,2026-05-09,35.7014640852258
Texas,5-12 Years,3355459,2026-05-16,35.7364546393949
Texas,5-12 Years,3355459,2026-05-23,35.74896648444
Texas,5-12 Years,3355459,2026-05-30,35.7496554948133
Texas,5-12 Years,3355459,2026-06-06,35.75
Texas,5-12 Years,3355459,2026-06-13,35.75
Texas,13-17 Years,2110677,2025-08-16,3.06797127218095
Texas,13-17 Years,2110677,2025-08-23,3.06797127218095
Texas,13-17 Years,2110677,2025-08-30,3.06797127218095
Texas,13-17 Years,2110677,2025-09-06,3.06797127218095
Texas,13-17 Years,2110677,2025-09-13,4.20932572486728
Texas,13-17 Years,2110677,2025-09-20,5.01638672615868
Texas,13-17 Years,2110677,2025-09-27,5.97758331270731
Texas,13-17 Years,2110677,2025-10-04,8.0996389041584
Texas,13-17 Years,2110677,2025-10-11,9.35913826997027
Texas,13-17 Years,2110677,2025-10-18,10.8099196303202
Texas,13-17 Years,2110677,2025-10-25,12.4282167683966
Texas,13-17 Years,2110677,2025-11-01,14.2978542961963
Texas,13-17 Years,2110677,2025-11-08,17.8450402684556
Texas,13-17 Years,2110677,2025-11-15,19.3936571258028
Texas,13-17 Years,2110677,2025-11-22,20.7841100013321
Texas,13-17 Years,2110677,2025-11-29,21.9944351458367
Texas,13-17 Years,2110677,2025-12-06,24.0991770743678
Texas,13-17 Years,2110677,2025-12-13,24.8511819032347
Texas,13-17 Years,2110677,2025-12-20,25.3714571594332
Texas,13-17 Years,2110677,2025-12-27,25.72155181792
Texas,13-17 Years,2110677,2026-01-03,26.10010634284
Texas,13-17 Years,2110677,2026-01-10,26.6694329676486
Texas,13-17 Years,2110677,2026-01-17,26.9262867891351
Texas,13-17 Years,2110677,2026-01-24,27.185303165271
Texas,13-17 Years,2110677,2026-01-31,27.3970376464734
Texas,13-17 Years,2110677,2026-02-07,27.8308905002936
Texas,13-17 Years,2110677,2026-02-14,27.9923688061863
Texas,13-17 Years,2110677,2026-02-21,28.1103410997508
Texas,13-17 Years,2110677,2026-02-28,28.195410286751
Texas,13-17 Years,2110677,2026-03-07,28.3396540422735
Texas,13-17 Years,2110677,2026-03-14,28.3958453846378
Texas,13-17 Years,2110677,2026-03-21,28.44338752864
Texas,13-17 Years,2110677,2026-03-28,28.4839616015683
Texas,13-17 Years,2110677,2026-04-04,28.5262626162112
Texas,13-17 Years,2110677,2026-04-11,28.5898006785602
Texas,13-17 Years,2110677,2026-04-18,28.6116290081819
Texas,13-17 Years,2110677,2026-04-25,28.6286948536301
Texas,13-17 Years,2110677,2026-05-02,28.6393900935551
Texas,13-17 Years,2110677,2026-05-09,28.6586898693878
Texas,13-17 Years,2110677,2026-05-16,28.663278675815
Texas,13-17 Years,2110677,2026-05-23,28.6648715663654
Texas,13-17 Years,2110677,2026-05-30,28.6649571887885
Texas,13-17 Years,2110677,2026-06-06,28.665
Texas,13-17 Years,2110677,2026-06-13,28.665
Texas,6 Months - 17 Years,7246534,2025-08-16,3.49627829422797
Texas,6 Months - 17 Years,7246534,2025-08-23,3.49627829422797
Texas,6 Months - 17 Years,7246534,2025-08-30,3.49627829422797
Texas,6 Months - 17 Years,7246534,2025-09-06,3.49627829422797
Texas,6 Months - 17 Years,7246534,2025-09-13,4.76274728565109
Texas,6 Months - 17 Years,7246534,2025-09-20,5.6096972595304
Texas,6 Months - 17 Years,7246534,2025-09-27,6.65518446006414
Texas,6 Months - 17 Years,7246534,2025-10-04,8.99870223766257
Texas,6 Months - 17 Years,7246534,2025-10-11,10.4255810770114
Texas,6 Months - 17 Years,7246534,2025-10-18,12.1022422991052
Texas,6 Months - 17 Years,7246534,2025-10-25,13.9959092623618
Texas,6 Months - 17 Years,7246534,2025-11-01,16.1814310012689
Texas,6 Months - 17 Years,7246534,2025-11-08,20.2862661640394
Texas,6 Months - 17 Years,7246534,2025-11-15,21.9971688596116
Texas,6 Months - 17 Years,7246534,2025-11-22,23.459754991871
Texas,6 Months - 17 Years,7246534,2025-11-29,24.6946717688525
Texas,6 Months - 17 Years,7246534,2025-12-06,26.89035118016
Texas,6 Months - 17 Years,7246534,2025-12-13,27.7552833502756
Texas,6 Months - 17 Years,7246534,2025-12-20,28.4486597201218
Texas,6 Months - 17 Years,7246534,2025-12-27,29.0064994067408
Texas,6 Months - 17 Years,7246534,2026-01-03,29.6184168676548
Texas,6 Months - 17 Years,7246534,2026-01-10,30.5611177976358
Texas,6 Months - 17 Years,7246534,2026-01-17,30.9446838376813
Texas,6 Months - 17 Years,7246534,2026-01-24,31.2981190614646
Texas,6 Months - 17 Years,7246534,2026-01-31,31.5757079208515
Texas,6 Months - 17 Years,7246534,2026-02-07,32.1767907565218
Texas,6 Months - 17 Years,7246534,2026-02-14,32.4413730716964
Texas,6 Months - 17 Years,7246534,2026-02-21,32.6800388367686
Texas,6 Months - 17 Years,7246534,2026-02-28,32.8937227769226
Texas,6 Months - 17 Years,7246534,2026-03-07,33.2820493300563
Texas,6 Months - 17 Years,7246534,2026-03-14,33.4409357191751
Texas,6 Months - 17 Years,7246534,2026-03-21,33.5727827216986
Texas,6 Months - 17 Years,7246534,2026-03-28,33.6843333768201
Texas,6 Months - 17 Years,7246534,2026-04-04,33.8230074459541
Texas,6 Months - 17 Years,7246534,2026-04-11,34.0548049899971
Texas,6 Months - 17 Years,7246534,2026-04-18,34.183828677401
Texas,6 Months - 17 Years,7246534,2026-04-25,34.3273085494227
Texas,6 Months - 17 Years,7246534,2026-05-02,34.4496130480691
Texas,6 Months - 17 Years,7246534,2026-05-09,34.6855869425828
Texas,6 Months - 17 Years,7246534,2026-05-16,34.7579648194827
Texas,6 Months - 17 Years,7246534,2026-05-23,34.7951699423923
Texas,6 Months - 17 Years,7246534,2026-05-30,34.810434859134
Texas,6 Months - 17 Years,7246534,2026-06-06,34.8320289580673
Texas,6 Months - 17 Years,7246534,2026-06-13,34.835889713307
Texas,18-49 Years,12914190,2025-08-16,0.773114028823226
Texas,18-49 Years,12914190,2025-08-23,0.773114028823226
Texas,18-49 Years,12914190,2025-08-30,0.773114028823226
Texas,18-49 Years,12914190,2025-09-06,0.773114028823226
Texas,18-49 Years,12914190,2025-09-13,1.23576074734352
Texas,18-49 Years,12914190,2025-09-20,1.81495095954734
Texas,18-49 Years,12914190,2025-09-27,2.46275619250084
Texas,18-49 Years,12914190,2025-10-04,3.85103204981778
Texas,18-49 Years,12914190,2025-10-11,4.64014687336699
Texas,18-49 Years,12914190,2025-10-18,5.52091019382981
Texas,18-49 Years,12914190,2025-10-25,6.47853245032207
Texas,18-49 Years,12914190,2025-11-01,7.57004758568074
Texas,18-49 Years,12914190,2025-11-08,9.60713410826074
Texas,18-49 Years,12914190,2025-11-15,10.4701613111989
Texas,18-49 Years,12914190,2025-11-22,11.2304969352916
Texas,18-49 Years,12914190,2025-11-29,11.8959738781619
Texas,18-49 Years,12914190,2025-12-06,13.1111841316435
Texas,18-49 Years,12914190,2025-12-13,13.6221081668585
Texas,18-49 Years,12914190,2025-12-20,14.0609218128525
Texas,18-49 Years,12914190,2025-12-27,14.4383414310408
Texas,18-49 Years,12914190,2026-01-03,14.8528550435618
Texas,18-49 Years,12914190,2026-01-10,15.4955504378794
Texas,18-49 Years,12914190,2026-01-17,15.7356089112805
Texas,18-49 Years,12914190,2026-01-24,15.9411239920568
Texas,18-49 Years,12914190,2026-01-31,16.1061330525655
Texas,18-49 Years,12914190,2026-02-07,16.5418848530246
Texas,18-49 Years,12914190,2026-02-14,16.8862003248214
Texas,18-49 Years,12914190,2026-02-21,17.3676185349028
Texas,18-49 Years,12914190,2026-02-28,17.9328281723318
Texas,18-49 Years,12914190,2026-03-07,19.0013564856124
Texas,18-49 Years,12914190,2026-03-14,19.3876685682109
Texas,18-49 Years,12914190,2026-03-21,19.6115378301175
Texas,18-49 Years,12914190,2026-03-28,19.7087802591708
Texas,18-49 Years,12914190,2026-04-04,19.7862492967513
Texas,18-49 Years,12914190,2026-04-11,19.871699510584
Texas,18-49 Years,12914190,2026-04-18,19.8862346458864
Texas,18-49 Years,12914190,2026-04-25,19.89
Texas,18-49 Years,12914190,2026-05-02,19.89
Texas,18-49 Years,12914190,2026-05-09,19.8993148731243
Texas,18-49 Years,12914190,2026-05-16,19.9322717381914
Texas,18-49 Years,12914190,2026-05-23,20.0078426191539
Texas,18-49 Years,12914190,2026-05-30,20.1361529098072
Texas,18-49 Years,12914190,2026-06-06,20.4691433145449
Texas,18-49 Years,12914190,2026-06-13,20.6773850511019
Texas,50-64 Years,5023507,2025-08-16,0.425480325839727
Texas,50-64 Years,5023507,2025-08-23,0.425480325839727
Texas,50-64 Years,5023507,2025-08-30,0.425480325839727
Texas,50-64 Years,5023507,2025-09-06,0.425480325839727
Texas,50-64 Years,5023507,2025-09-13,0.819569000187879
Texas,50-64 Years,5023507,2025-09-20,1.44165282535174
Texas,50-64 Years,5023507,2025-09-27,2.26080105595005
Texas,50-64 Years,5023507,2025-10-04,4.14263630701676
Texas,50-64 Years,5023507,2025-10-11,5.32253961599165
Texas,50-64 Years,5023507,2025-10-18,6.73550104897044
Texas,50-64 Years,5023507,2025-10-25,8.35861385919737
Texas,50-64 Years,5023507,2025-11-01,10.2577879160576
Texas,50-64 Years,5023507,2025-11-08,13.8922969669803
Texas,50-64 Years,5023507,2025-11-15,15.4696964691723
Texas,50-64 Years,5023507,2025-11-22,16.8655198774472
Texas,50-64 Years,5023507,2025-11-29,18.0699695881501
Texas,50-64 Years,5023507,2025-12-06,20.1823901083921
Texas,50-64 Years,5023507,2025-12-13,20.9574859407289
Texas,50-64 Years,5023507,2025-12-20,21.5145919839373
Texas,50-64 Years,5023507,2025-12-27,21.9125370302867
Texas,50-64 Years,5023507,2026-01-03,22.3769076997092
Texas,50-64 Years,5023507,2026-01-10,23.1134024694422
Texas,50-64 Years,5023507,2026-01-17,23.5025060991939
Texas,50-64 Years,5023507,2026-01-24,23.9366735366389
Texas,50-64 Years,5023507,2026-01-31,24.3303416007863
Texas,50-64 Years,5023507,2026-02-07,25.1712758274131
Texas,50-64 Years,5023507,2026-02-14,25.5265089217174
Texas,50-64 Years,5023507,2026-02-21,25.8186500835525
Texas,50-64 Years,5023507,2026-02-28,26.0489236288144
Texas,50-64 Years,5023507,2026-03-07,26.4239938504729
Texas,50-64 Years,5023507,2026-03-14,26.5407613293971
Texas,50-64 Years,5023507,2026-03-21,26.609090209649
Texas,50-64 Years,5023507,2026-03-28,26.6442028215103
Texas,50-64 Years,5023507,2026-04-04,26.6733255222015
Texas,50-64 Years,5023507,2026-04-11,26.707610125634
Texas,50-64 Years,5023507,2026-04-18,26.7134756813286
Texas,50-64 Years,5023507,2026-04-25,26.715
Texas,50-64 Years,5023507,2026-05-02,26.715
Texas,50-64 Years,5023507,2026-05-09,26.715
Texas,50-64 Years,5023507,2026-05-16,26.715
Texas,50-64 Years,5023507,2026-05-23,26.715
Texas,50-64 Years,5023507,2026-05-30,26.715
Texas,50-64 Years,5023507,2026-06-06,26.715
Texas,50-64 Years,5023507,2026-06-13,26.715
Texas,65+ Years,3873683,2025-08-16,1.62356437810683
Texas,65+ Years,3873683,2025-08-23,1.62356437810683
Texas,65+ Years,3873683,2025-08-30,1.62356437810683
Texas,65+ Years,3873683,2025-09-06,1.62356437810683
Texas,65+ Years,3873683,2025-09-13,2.91890555393448
Texas,65+ Years,3873683,2025-09-20,4.83255028447358
Texas,65+ Years,3873683,2025-09-27,7.11338668040601
Texas,65+ Years,3873683,2025-10-04,12.1415914462523
Texas,65+ Years,3873683,2025-10-11,15.1255379986031
Texas,65+ Years,3873683,2025-10-18,18.5651507243863
Texas,65+ Years,3873683,2025-10-25,22.3987354150268
Texas,65+ Years,3873683,2025-11-01,26.8115905250975
Texas,65+ Years,3873683,2025-11-08,35.1125200391975
Texas,65+ Years,3873683,2025-11-15,38.6337830556428
Texas,65+ Years,3873683,2025-11-22,41.712137662776
Texas,65+ Years,3873683,2025-11-29,44.3643197314528
Texas,65+ Years,3873683,2025-12-06,49.0962936451118
Texas,65+ Years,3873683,2025-12-13,50.9386320152399
Texas,65+ Years,3873683,2025-12-20,52.3784880911363
Texas,65+ Years,3873683,2025-12-27,53.5180166961516
Texas,65+ Years,3873683,2026-01-03,54.8822315345477
Texas,65+ Years,3873683,2026-01-10,57.0962998095656
Texas,65+ Years,3873683,2026-01-17,58.2571077697389
Texas,65+ Years,3873683,2026-01-24,59.5347102726991
Texas,65+ Years,3873683,2026-01-31,60.6811608581244
Texas,65+ Years,3873683,2026-02-07,63.108040225099
Texas,65+ Years,3873683,2026-02-14,64.0833594351165
Texas,65+ Years,3873683,2026-02-21,64.8407311912141
Texas,65+ Years,3873683,2026-02-28,65.4361357047814
Texas,65+ Years,3873683,2026-03-07,66.5452583466258
Texas,65+ Years,3873683,2026-03-14,67.0930582872891
Texas,65+ Years,3873683,2026-03-21,67.6721724207929
Texas,65+ Years,3873683,2026-03-28,68.2770651743292
Texas,65+ Years,3873683,2026-04-04,69.0105845030793
Texas,65+ Years,3873683,2026-04-11,70.247016189507
Texas,65+ Years,3873683,2026-04-18,70.7979547856754
Texas,65+ Years,3873683,2026-04-25,71.3090351562941
Texas,65+ Years,3873683,2026-05-02,71.6795499857939
Texas,65+ Years,3873683,2026-05-09,72.3597112141189
Texas,65+ Years,3873683,2026-05-16,72.5325832616642
Texas,65+ Years,3873683,2026-05-23,72.5948299561046
Texas,65+ Years,3873683,2026-05-30,72.5982766520349
Texas,65+ Years,3873683,2026-06-06,72.6
Texas,65+ Years,3873683,2026-06-13,72.6
Utah,6 Months - 4 Years,218018,2025-08-16,1.77574488403001
Utah,6 Months - 4 Years,218018,2025-08-23,1.77574488403001
Utah,6 Months - 4 Years,218018,2025-08-30,1.77574488403001
Utah,6 Months - 4 Years,218018,2025-09-06,1.77574488403001
Utah,6 Months - 4 Years,218018,2025-09-13,2.77563256104333
Utah,6 Months - 4 Years,218018,2025-09-20,3.97539604198793
Utah,6 Months - 4 Years,218018,2025-09-27,5.44862365360615
Utah,6 Months - 4 Years,218018,2025-10-04,8.7436960091966
Utah,6 Months - 4 Years,218018,2025-10-11,10.7391829641062
Utah,6 Months - 4 Years,218018,2025-10-18,13.0728665167612
Utah,6 Months - 4 Years,218018,2025-10-25,15.7033684689322
Utah,6 Months - 4 Years,218018,2025-11-01,18.7480769647477
Utah,6 Months - 4 Years,218018,2025-11-08,24.5261465834485
Utah,6 Months - 4 Years,218018,2025-11-15,27.037307188937
Utah,6 Months - 4 Years,218018,2025-11-22,29.272014634279
Utah,6 Months - 4 Years,218018,2025-11-29,31.1780128424627
Utah,6 Months - 4 Years,218018,2025-12-06,34.3774421080613
Utah,6 Months - 4 Years,218018,2025-12-13,35.3957961870669
Utah,6 Months - 4 Years,218018,2025-12-20,35.9803038430157
Utah,6 Months - 4 Years,218018,2025-12-27,36.2732097584254
Utah,6 Months - 4 Years,218018,2026-01-03,36.6307291666447
Utah,6 Months - 4 Years,218018,2026-01-10,37.2089254038491
Utah,6 Months - 4 Years,218018,2026-01-17,37.6511170925603
Utah,6 Months - 4 Years,218018,2026-01-24,38.2429030624158
Utah,6 Months - 4 Years,218018,2026-01-31,38.8303737712614
Utah,6 Months - 4 Years,218018,2026-02-07,39.9814237280134
Utah,6 Months - 4 Years,218018,2026-02-14,40.3441281086677
Utah,6 Months - 4 Years,218018,2026-02-21,40.5193755276098
Utah,6 Months - 4 Years,218018,2026-02-28,40.5724142225486
Utah,6 Months - 4 Years,218018,2026-03-07,40.6564771047906
Utah,6 Months - 4 Years,218018,2026-03-14,40.7150994650122
Utah,6 Months - 4 Years,218018,2026-03-21,40.8033438210621
Utah,6 Months - 4 Years,218018,2026-03-28,40.9142469890968
Utah,6 Months - 4 Years,218018,2026-04-04,41.030641447331
Utah,6 Months - 4 Years,218018,2026-04-11,41.2190162043226
Utah,6 Months - 4 Years,218018,2026-04-18,41.262211167449
Utah,6 Months - 4 Years,218018,2026-04-25,41.275
Utah,6 Months - 4 Years,218018,2026-05-02,41.275
Utah,6 Months - 4 Years,218018,2026-05-09,41.275
Utah,6 Months - 4 Years,218018,2026-05-16,41.275
Utah,6 Months - 4 Years,218018,2026-05-23,41.275
Utah,6 Months - 4 Years,218018,2026-05-30,41.275
Utah,6 Months - 4 Years,218018,2026-06-06,41.275
Utah,6 Months - 4 Years,218018,2026-06-13,41.275
Utah,5-12 Years,419206,2025-08-16,1.50697941547252
Utah,5-12 Years,419206,2025-08-23,1.50697941547252
Utah,5-12 Years,419206,2025-08-30,1.50697941547252
Utah,5-12 Years,419206,2025-09-06,1.50697941547252
Utah,5-12 Years,419206,2025-09-13,2.01793664538504
Utah,5-12 Years,419206,2025-09-20,2.30976321582276
Utah,5-12 Years,419206,2025-09-27,3.08152877546803
Utah,5-12 Years,419206,2025-10-04,5.15043508525813
Utah,5-12 Years,419206,2025-10-11,6.72864304444176
Utah,5-12 Years,419206,2025-10-18,8.87832211639084
Utah,5-12 Years,419206,2025-10-25,11.5415730630635
Utah,5-12 Years,419206,2025-11-01,14.6686377547796
Utah,5-12 Years,419206,2025-11-08,20.4917548161267
Utah,5-12 Years,419206,2025-11-15,22.6678279639152
Utah,5-12 Years,419206,2025-11-22,24.2510265353516
Utah,5-12 Years,419206,2025-11-29,25.3567122568943
Utah,5-12 Years,419206,2025-12-06,27.1363518866652
Utah,5-12 Years,419206,2025-12-13,27.6945369774506
Utah,5-12 Years,419206,2025-12-20,28.0405443942019
Utah,5-12 Years,419206,2025-12-27,28.2435790529485
Utah,5-12 Years,419206,2026-01-03,28.4339304143317
Utah,5-12 Years,419206,2026-01-10,28.6874569104521
Utah,5-12 Years,419206,2026-01-17,28.7620444170476
Utah,5-12 Years,419206,2026-01-24,28.8165055964521
Utah,5-12 Years,419206,2026-01-31,28.8544310659631
Utah,5-12 Years,419206,2026-02-07,28.951113806852
Utah,5-12 Years,419206,2026-02-14,29.0189954446403
Utah,5-12 Years,419206,2026-02-21,29.1139410794698
Utah,5-12 Years,419206,2026-02-28,29.2385404390115
Utah,5-12 Years,419206,2026-03-07,29.5286716642178
Utah,5-12 Years,419206,2026-03-14,29.7104613549791
Utah,5-12 Years,419206,2026-03-21,29.9236217334975
Utah,5-12 Years,419206,2026-03-28,30.1662065598839
Utah,5-12 Years,419206,2026-04-04,30.4934825269329
Utah,5-12 Years,419206,2026-04-11,31.0828124274569
Utah,5-12 Years,419206,2026-04-18,31.3884591012132
Utah,5-12 Years,419206,2026-04-25,31.6990774733587
Utah,5-12 Years,419206,2026-05-02,31.9435848381214
Utah,5-12 Years,419206,2026-05-09,32.3972989964894
Utah,5-12 Years,419206,2026-05-16,32.517232972267
Utah,5-12 Years,419206,2026-05-23,32.5612847615521
Utah,5-12 Years,419206,2026-05-30,32.563761587184
Utah,5-12 Years,419206,2026-06-06,32.565
Utah,5-12 Years,419206,2026-06-13,32.565
Utah,13-17 Years,268337,2025-08-16,0.424943208670209
Utah,13-17 Years,268337,2025-08-23,0.424943208670209
Utah,13-17 Years,268337,2025-08-30,0.424943208670209
Utah,13-17 Years,268337,2025-09-06,0.424943208670209
Utah,13-17 Years,268337,2025-09-13,0.873031907961924
Utah,13-17 Years,268337,2025-09-20,1.6103883505756
Utah,13-17 Years,268337,2025-09-27,2.62061576432762
Utah,13-17 Years,268337,2025-10-04,4.96908271120486
Utah,13-17 Years,268337,2025-10-11,6.4947997049814
Utah,13-17 Years,268337,2025-10-18,8.37987641878965
Utah,13-17 Years,268337,2025-10-25,10.5657383114935
Utah,13-17 Years,268337,2025-11-01,13.0571825911275
Utah,13-17 Years,268337,2025-11-08,17.5751274870935
Utah,13-17 Years,268337,2025-11-15,19.2270239596501
Utah,13-17 Years,268337,2025-11-22,20.4314470458657
Utah,13-17 Years,268337,2025-11-29,21.2975258041456
Utah,13-17 Years,268337,2025-12-06,22.7834974984168
Utah,13-17 Years,268337,2025-12-13,23.3650274417305
Utah,13-17 Years,268337,2025-12-20,23.8527431410782
Utah,13-17 Years,268337,2025-12-27,24.2632984018398
Utah,13-17 Years,268337,2026-01-03,24.6821332526445
Utah,13-17 Years,268337,2026-01-10,25.3000740609947
Utah,13-17 Years,268337,2026-01-17,25.4918250028639
Utah,13-17 Years,268337,2026-01-24,25.6286492311653
Utah,13-17 Years,268337,2026-01-31,25.7171530035373
Utah,13-17 Years,268337,2026-02-07,25.9176922358227
Utah,13-17 Years,268337,2026-02-14,26.0199551371222
Utah,13-17 Years,268337,2026-02-21,26.1300452937668
Utah,13-17 Years,268337,2026-02-28,26.2447012673744
Utah,13-17 Years,268337,2026-03-07,26.4677368296884
Utah,13-17 Years,268337,2026-03-14,26.5718928659799
Utah,13-17 Years,268337,2026-03-21,26.6681051145736
Utah,13-17 Years,268337,2026-03-28,26.7532175730542
Utah,13-17 Years,268337,2026-04-04,26.8331125688355
Utah,13-17 Years,268337,2026-04-11,26.9460847777943
Utah,13-17 Years,268337,2026-04-18,26.9686673224794
Utah,13-17 Years,268337,2026-04-25,26.975
Utah,13-17 Years,268337,2026-05-02,26.975
Utah,13-17 Years,268337,2026-05-09,26.975
Utah,13-17 Years,268337,2026-05-16,26.975
Utah,13-17 Years,268337,2026-05-23,26.975
Utah,13-17 Years,268337,2026-05-30,26.975
Utah,13-17 Years,268337,2026-06-06,26.975
Utah,13-17 Years,268337,2026-06-13,26.975
Utah,6 Months - 17 Years,905560,2025-08-16,1.56764907350996
Utah,6 Months - 17 Years,905560,2025-08-23,1.56764907350996
Utah,6 Months - 17 Years,905560,2025-08-30,1.56764907350996
Utah,6 Months - 17 Years,905560,2025-09-06,1.56764907350996
Utah,6 Months - 17 Years,905560,2025-09-13,2.22587394476427
Utah,6 Months - 17 Years,905560,2025-09-20,2.80381666393144
Utah,6 Months - 17 Years,905560,2025-09-27,3.76904064055317
Utah,6 Months - 17 Years,905560,2025-10-04,6.14848859069833
Utah,6 Months - 17 Years,905560,2025-10-11,7.79979625608906
Utah,6 Months - 17 Years,905560,2025-10-18,9.92375596295062
Utah,6 Months - 17 Years,905560,2025-10-25,12.4660848780148
Utah,6 Months - 17 Years,905560,2025-11-01,15.429498818949
Utah,6 Months - 17 Years,905560,2025-11-08,20.9590598647294
Utah,6 Months - 17 Years,905560,2025-11-15,23.1082865611427
Utah,6 Months - 17 Years,905560,2025-11-22,24.7722611624711
Utah,6 Months - 17 Years,905560,2025-11-29,26.0223950421212
Utah,6 Months - 17 Years,905560,2025-12-06,28.0862227445498
Utah,6 Months - 17 Years,905560,2025-12-13,28.7631632922833
Utah,6 Months - 17 Years,905560,2025-12-20,29.2001310935954
Utah,6 Months - 17 Years,905560,2025-12-27,29.4730310383491
Utah,6 Months - 17 Years,905560,2026-01-03,29.7632729796229
Utah,6 Months - 17 Years,905560,2026-01-10,30.1914550909286
Utah,6 Months - 17 Years,905560,2026-01-17,30.3837345789766
Utah,6 Months - 17 Years,905560,2026-01-24,30.5799721359203
Utah,6 Months - 17 Years,905560,2026-01-31,30.7463956955936
Utah,6 Months - 17 Years,905560,2026-02-07,31.1053085791295
Utah,6 Months - 17 Years,905560,2026-02-14,31.2574365124518
Utah,6 Months - 17 Years,905560,2026-02-21,31.3870473166591
Utah,6 Months - 17 Years,905560,2026-02-28,31.5016509790698
Utah,6 Months - 17 Years,905560,2026-03-07,31.7301240872548
Utah,6 Months - 17 Years,905560,2026-03-14,31.8598837215652
Utah,6 Months - 17 Years,905560,2026-03-21,32.0124118664458
Utah,6 Months - 17 Years,905560,2026-03-28,32.1848182243105
Utah,6 Months - 17 Years,905560,2026-04-04,32.400563762362
Utah,6 Months - 17 Years,905560,2026-04-11,32.7742293923898
Utah,6 Months - 17 Years,905560,2026-04-18,32.9411242862908
Utah,6 Months - 17 Years,905560,2026-04-25,33.0935785689051
Utah,6 Months - 17 Years,905560,2026-05-02,33.2030488594391
Utah,6 Months - 17 Years,905560,2026-05-09,33.4040055859897
Utah,6 Months - 17 Years,905560,2026-05-16,33.455081418219
Utah,6 Months - 17 Years,905560,2026-05-23,33.4734724870309
Utah,6 Months - 17 Years,905560,2026-05-30,33.4744908290103
Utah,6 Months - 17 Years,905560,2026-06-06,33.475
Utah,6 Months - 17 Years,905560,2026-06-13,33.475
Utah,18-49 Years,1474068,2025-08-16,0.621502309919629
Utah,18-49 Years,1474068,2025-08-23,0.621502309919629
Utah,18-49 Years,1474068,2025-08-30,0.621502309919629
Utah,18-49 Years,1474068,2025-09-06,0.621502309919629
Utah,18-49 Years,1474068,2025-09-13,0.883660971044911
Utah,18-49 Years,1474068,2025-09-20,1.11566922366128
Utah,18-49 Years,1474068,2025-09-27,1.56839233649836
Utah,18-49 Years,1474068,2025-10-04,2.72297586339077
Utah,18-49 Years,1474068,2025-10-11,3.54842936452624
Utah,18-49 Years,1474068,2025-10-18,4.62705447698162
Utah,18-49 Years,1474068,2025-10-25,5.93839398560618
Utah,18-49 Years,1474068,2025-11-01,7.49321679027508
Utah,18-49 Years,1474068,2025-11-08,10.4543767934918
Utah,18-49 Years,1474068,2025-11-15,11.6476955427978
Utah,18-49 Years,1474068,2025-11-22,12.6059455397181
Utah,18-49 Years,1474068,2025-11-29,13.371669477896
Utah,18-49 Years,1474068,2025-12-06,14.74109898588
Utah,18-49 Years,1474068,2025-12-13,15.3085394694596
Utah,18-49 Years,1474068,2025-12-20,15.7991090668761
Utah,18-49 Years,1474068,2025-12-27,16.2262216532096
Utah,18-49 Years,1474068,2026-01-03,16.7025173011877
Utah,18-49 Years,1474068,2026-01-10,17.4503449021747
Utah,18-49 Years,1474068,2026-01-17,17.7532317486392
Utah,18-49 Years,1474068,2026-01-24,18.0269442912444
Utah,18-49 Years,1474068,2026-01-31,18.2348658486811
Utah,18-49 Years,1474068,2026-02-07,18.6677463562911
Utah,18-49 Years,1474068,2026-02-14,18.8369896479101
Utah,18-49 Years,1474068,2026-02-21,18.9716889452689
Utah,18-49 Years,1474068,2026-02-28,19.0802063235889
Utah,18-49 Years,1474068,2026-03-07,19.2752286182709
Utah,18-49 Years,1474068,2026-03-14,19.3597922809325
Utah,18-49 Years,1474068,2026-03-21,19.4380523361613
Utah,18-49 Years,1474068,2026-03-28,19.5115975065007
Utah,18-49 Years,1474068,2026-04-04,19.5989745902347
Utah,18-49 Years,1474068,2026-04-11,19.7420979395429
Utah,18-49 Years,1474068,2026-04-18,19.8053927307904
Utah,18-49 Years,1474068,2026-04-25,19.8667617708692
Utah,18-49 Years,1474068,2026-05-02,19.9193550183887
Utah,18-49 Years,1474068,2026-05-09,20.0413133529614
Utah,18-49 Years,1474068,2026-05-16,20.1047372206092
Utah,18-49 Years,1474068,2026-05-23,20.1711108846675
Utah,18-49 Years,1474068,2026-05-30,20.2403713382682
Utah,18-49 Years,1474068,2026-06-06,20.3824196755512
Utah,18-49 Years,1474068,2026-06-13,20.4562525172332
Utah,50-64 Years,460106,2025-08-16,0.705344830910271
Utah,50-64 Years,460106,2025-08-23,0.705344830910271
Utah,50-64 Years,460106,2025-08-30,0.705344830910271
Utah,50-64 Years,460106,2025-09-06,0.705344830910271
Utah,50-64 Years,460106,2025-09-13,1.05094550758405
Utah,50-64 Years,460106,2025-09-20,1.41871851260084
Utah,50-64 Years,460106,2025-09-27,2.14039317398804
Utah,50-64 Years,460106,2025-10-04,3.98280872041341
Utah,50-64 Years,460106,2025-10-11,5.2983887834681
Utah,50-64 Years,460106,2025-10-18,7.01498765541212
Utah,50-64 Years,460106,2025-10-25,9.10298066847207
Utah,50-64 Years,460106,2025-11-01,11.5868489894194
Utah,50-64 Years,460106,2025-11-08,16.3552237311642
Utah,50-64 Years,460106,2025-11-15,18.3339747316112
Utah,50-64 Years,460106,2025-11-22,19.9734913410015
Utah,50-64 Years,460106,2025-11-29,21.300261882706
Utah,50-64 Years,460106,2025-12-06,23.5786746091914
Utah,50-64 Years,460106,2025-12-13,24.391342407104
Utah,50-64 Years,460106,2025-12-20,24.9664705507268
Utah,50-64 Years,460106,2025-12-27,25.3711759214954
Utah,50-64 Years,460106,2026-01-03,25.8294932878394
Utah,50-64 Years,460106,2026-01-10,26.540960480324
Utah,50-64 Years,460106,2026-01-17,26.8899915194449
Utah,50-64 Years,460106,2026-01-24,27.2644412841169
Utah,50-64 Years,460106,2026-01-31,27.5989546173977
Utah,50-64 Years,460106,2026-02-07,28.3348862577028
Utah,50-64 Years,460106,2026-02-14,28.6699379674041
Utah,50-64 Years,460106,2026-02-21,28.9723338723746
Utah,50-64 Years,460106,2026-02-28,29.2406838691713
Utah,50-64 Years,460106,2026-03-07,29.7257191087406
Utah,50-64 Years,460106,2026-03-14,29.9217773623632
Utah,50-64 Years,460106,2026-03-21,30.0816502558075
Utah,50-64 Years,460106,2026-03-28,30.2124511317021
Utah,50-64 Years,460106,2026-04-04,30.3604086467689
Utah,50-64 Years,460106,2026-04-11,30.593908056074
Utah,50-64 Years,460106,2026-04-18,30.6993804938888
Utah,50-64 Years,460106,2026-04-25,30.8020000242778
Utah,50-64 Years,460106,2026-05-02,30.8787669750471
Utah,50-64 Years,460106,2026-05-09,31.0198720984379
Utah,50-64 Years,460106,2026-05-16,31.0559089905215
Utah,50-64 Years,460106,2026-05-23,31.0689174373502
Utah,50-64 Years,460106,2026-05-30,31.0696391457834
Utah,50-64 Years,460106,2026-06-06,31.07
Utah,50-64 Years,460106,2026-06-13,31.07
Utah,65+ Years,381593,2025-08-16,0.985601651627205
Utah,65+ Years,381593,2025-08-23,0.985601651627205
Utah,65+ Years,381593,2025-08-30,0.985601651627205
Utah,65+ Years,381593,2025-09-06,0.985601651627205
Utah,65+ Years,381593,2025-09-13,1.88230014639788
Utah,65+ Years,381593,2025-09-20,3.29076328801218
Utah,65+ Years,381593,2025-09-27,5.31320328388285
Utah,65+ Years,381593,2025-10-04,10.0961419028365
Utah,65+ Years,381593,2025-10-11,13.2445653364902
Utah,65+ Years,381593,2025-10-18,17.1563050953006
Utah,65+ Years,381593,2025-10-25,21.7361323742932
Utah,65+ Years,381593,2025-11-01,27.0467654261773
Utah,65+ Years,381593,2025-11-08,36.9503077986321
Utah,65+ Years,381593,2025-11-15,40.8635554346701
Utah,65+ Years,381593,2025-11-22,43.9789544337055
Utah,65+ Years,381593,2025-11-29,46.4144571169751
Utah,65+ Years,381593,2025-12-06,50.581072799005
Utah,65+ Years,381593,2025-12-13,52.0909098248441
Utah,65+ Years,381593,2025-12-20,53.2029003489705
Utah,65+ Years,381593,2025-12-27,54.0272130756885
Utah,65+ Years,381593,2026-01-03,54.9496154885829
Utah,65+ Years,381593,2026-01-10,56.3755260668062
Utah,65+ Years,381593,2026-01-17,57.0274978501745
Utah,65+ Years,381593,2026-01-24,57.692557920331
Utah,65+ Years,381593,2026-01-31,58.2657106473605
Utah,65+ Years,381593,2026-02-07,59.5386179098938
Utah,65+ Years,381593,2026-02-14,60.1405644413865
Utah,65+ Years,381593,2026-02-21,60.7103003878093
Utah,65+ Years,381593,2026-02-28,61.2308976238896
Utah,65+ Years,381593,2026-03-07,62.1532838357922
Utah,65+ Years,381593,2026-03-14,62.4921678442211
Utah,65+ Years,381593,2026-03-21,62.7308828347541
Utah,65+ Years,381593,2026-03-28,62.8957189720163
Utah,65+ Years,381593,2026-04-04,63.0905065067381
Utah,65+ Years,381593,2026-04-11,63.4024180072289
Utah,65+ Years,381593,2026-04-18,63.5808433472997
Utah,65+ Years,381593,2026-04-25,63.7840851122747
Utah,65+ Years,381593,2026-05-02,63.9564912927244
Utah,65+ Years,381593,2026-05-09,64.2782688436697
Utah,65+ Years,381593,2026-05-16,64.3650686109454
Utah,65+ Years,381593,2026-05-23,64.3972645942423
Utah,65+ Years,381593,2026-05-30,64.3990881980808
Utah,65+ Years,381593,2026-06-06,64.4
Utah,65+ Years,381593,2026-06-13,64.4
Vermont,6 Months - 4 Years,25593,2025-08-16,0.687085811542557
Vermont,6 Months - 4 Years,25593,2025-08-23,0.687085811542557
Vermont,6 Months - 4 Years,25593,2025-08-30,0.687085811542557
Vermont,6 Months - 4 Years,25593,2025-09-06,0.687085811542557
Vermont,6 Months - 4 Years,25593,2025-09-13,2.41419908932405
Vermont,6 Months - 4 Years,25593,2025-09-20,5.13211016569748
Vermont,6 Months - 4 Years,25593,2025-09-27,8.7182233450414
Vermont,6 Months - 4 Years,25593,2025-10-04,16.2895772630787
Vermont,6 Months - 4 Years,25593,2025-10-11,19.4830588176675
Vermont,6 Months - 4 Years,25593,2025-10-18,22.2205858984216
Vermont,6 Months - 4 Years,25593,2025-10-25,24.5665121948643
Vermont,6 Months - 4 Years,25593,2025-11-01,26.9859807551467
Vermont,6 Months - 4 Years,25593,2025-11-08,31.092032570779
Vermont,6 Months - 4 Years,25593,2025-11-15,32.7616042974306
Vermont,6 Months - 4 Years,25593,2025-11-22,34.2864003726199
Vermont,6 Months - 4 Years,25593,2025-11-29,35.7050423170987
Vermont,6 Months - 4 Years,25593,2025-12-06,38.4714985105896
Vermont,6 Months - 4 Years,25593,2025-12-13,39.8953946997428
Vermont,6 Months - 4 Years,25593,2025-12-20,41.4000619268052
Vermont,6 Months - 4 Years,25593,2025-12-27,42.9276503572329
Vermont,6 Months - 4 Years,25593,2026-01-03,44.5754360261999
Vermont,6 Months - 4 Years,25593,2026-01-10,47.1773994598491
Vermont,6 Months - 4 Years,25593,2026-01-17,48.0142560744821
Vermont,6 Months - 4 Years,25593,2026-01-24,48.5878368916941
Vermont,6 Months - 4 Years,25593,2026-01-31,48.9145602835516
Vermont,6 Months - 4 Years,25593,2026-02-07,49.5142102472671
Vermont,6 Months - 4 Years,25593,2026-02-14,49.6667225891529
Vermont,6 Months - 4 Years,25593,2026-02-21,49.7320876397834
Vermont,6 Months - 4 Years,25593,2026-02-28,49.7498504001834
Vermont,6 Months - 4 Years,25593,2026-03-07,49.778170624085
Vermont,6 Months - 4 Years,25593,2026-03-14,49.7989228443751
Vermont,6 Months - 4 Years,25593,2026-03-21,49.8341033200529
Vermont,6 Months - 4 Years,25593,2026-03-28,49.888210143523
Vermont,6 Months - 4 Years,25593,2026-04-04,49.996896433894
Vermont,6 Months - 4 Years,25593,2026-04-11,50.2289774578365
Vermont,6 Months - 4 Years,25593,2026-04-18,50.4395599843315
Vermont,6 Months - 4 Years,25593,2026-04-25,50.7285083396596
Vermont,6 Months - 4 Years,25593,2026-05-02,51.0190346526063
Vermont,6 Months - 4 Years,25593,2026-05-09,51.5746905968839
Vermont,6 Months - 4 Years,25593,2026-05-16,51.7370984887052
Vermont,6 Months - 4 Years,25593,2026-05-23,51.7995537967375
Vermont,6 Months - 4 Years,25593,2026-05-30,51.8031845989125
Vermont,6 Months - 4 Years,25593,2026-06-06,51.805
Vermont,6 Months - 4 Years,25593,2026-06-13,51.805
Vermont,5-12 Years,50479,2025-08-16,0.404714325985226
Vermont,5-12 Years,50479,2025-08-23,0.404714325985226
Vermont,5-12 Years,50479,2025-08-30,0.404714325985226
Vermont,5-12 Years,50479,2025-09-06,0.404714325985226
Vermont,5-12 Years,50479,2025-09-13,1.02872091973262
Vermont,5-12 Years,50479,2025-09-20,2.06681725664235
Vermont,5-12 Years,50479,2025-09-27,3.57091289389538
Vermont,5-12 Years,50479,2025-10-04,6.93824938617293
Vermont,5-12 Years,50479,2025-10-11,8.9557837027074
Vermont,5-12 Years,50479,2025-10-18,11.2918884221428
Vermont,5-12 Years,50479,2025-10-25,13.9153922509815
Vermont,5-12 Years,50479,2025-11-01,16.9746966001427
Vermont,5-12 Years,50479,2025-11-08,22.8747872332158
Vermont,5-12 Years,50479,2025-11-15,25.56614617804
Vermont,5-12 Years,50479,2025-11-22,28.0759116532307
Vermont,5-12 Years,50479,2025-11-29,30.3073253448706
Vermont,5-12 Years,50479,2025-12-06,34.1229548983014
Vermont,5-12 Years,50479,2025-12-13,35.3864087321374
Vermont,5-12 Years,50479,2025-12-20,36.1492942023467
Vermont,5-12 Years,50479,2025-12-27,36.5606190697545
Vermont,5-12 Years,50479,2026-01-03,36.9892368444696
Vermont,5-12 Years,50479,2026-01-10,37.6085198448656
Vermont,5-12 Years,50479,2026-01-17,37.9079051305959
Vermont,5-12 Years,50479,2026-01-24,38.2254951710271
Vermont,5-12 Years,50479,2026-01-31,38.4864690429297
Vermont,5-12 Years,50479,2026-02-07,38.9901816487185
Vermont,5-12 Years,50479,2026-02-14,39.1448435178514
Vermont,5-12 Years,50479,2026-02-21,39.2273352073286
Vermont,5-12 Years,50479,2026-02-28,39.2621619579855
Vermont,5-12 Years,50479,2026-03-07,39.3092802634809
Vermont,5-12 Years,50479,2026-03-14,39.3199826971259
Vermont,5-12 Years,50479,2026-03-21,39.3241425738368
Vermont,5-12 Years,50479,2026-03-28,39.3247141912789
Vermont,5-12 Years,50479,2026-04-04,39.325
Vermont,5-12 Years,50479,2026-04-11,39.325
Vermont,5-12 Years,50479,2026-04-18,39.325
Vermont,5-12 Years,50479,2026-04-25,39.325
Vermont,5-12 Years,50479,2026-05-02,39.325
Vermont,5-12 Years,50479,2026-05-09,39.325
Vermont,5-12 Years,50479,2026-05-16,39.325
Vermont,5-12 Years,50479,2026-05-23,39.325
Vermont,5-12 Years,50479,2026-05-30,39.325
Vermont,5-12 Years,50479,2026-06-06,39.325
Vermont,5-12 Years,50479,2026-06-13,39.325
Vermont,13-17 Years,34429,2025-08-16,0.680587888636601
Vermont,13-17 Years,34429,2025-08-23,0.680587888636601
Vermont,13-17 Years,34429,2025-08-30,0.680587888636601
Vermont,13-17 Years,34429,2025-09-06,0.680587888636601
Vermont,13-17 Years,34429,2025-09-13,0.987783799439086
Vermont,13-17 Years,34429,2025-09-20,1.28568343498353
Vermont,13-17 Years,34429,2025-09-27,1.93003651406063
Vermont,13-17 Years,34429,2025-10-04,3.60361382300572
Vermont,13-17 Years,34429,2025-10-11,4.7868673031162
Vermont,13-17 Years,34429,2025-10-18,6.30867373945042
Vermont,13-17 Years,34429,2025-10-25,8.17489091458864
Vermont,13-17 Years,34429,2025-11-01,10.4856738919763
Vermont,13-17 Years,34429,2025-11-08,15.2370705237142
Vermont,13-17 Years,34429,2025-11-15,17.6057823380049
Vermont,13-17 Years,34429,2025-11-22,19.9524037209127
Vermont,13-17 Years,34429,2025-11-29,22.1817232574494
Vermont,13-17 Years,34429,2025-12-06,26.2449902615823
Vermont,13-17 Years,34429,2025-12-13,27.8171134312524
Vermont,13-17 Years,34429,2025-12-20,28.980647087206
Vermont,13-17 Years,34429,2025-12-27,29.8177637520162
Vermont,13-17 Years,34429,2026-01-03,30.7006201509271
Vermont,13-17 Years,34429,2026-01-10,32.0155674931085
Vermont,13-17 Years,34429,2026-01-17,32.5367220504917
Vermont,13-17 Years,34429,2026-01-24,33.010488916955
Vermont,13-17 Years,34429,2026-01-31,33.3662960072801
Vermont,13-17 Years,34429,2026-02-07,34.0868417453193
Vermont,13-17 Years,34429,2026-02-14,34.343476325711
Vermont,13-17 Years,34429,2026-02-21,34.5260439860021
Vermont,13-17 Years,34429,2026-02-28,34.6600322282447
Vermont,13-17 Years,34429,2026-03-07,34.9133950002323
Vermont,13-17 Years,34429,2026-03-14,35.0621996442645
Vermont,13-17 Years,34429,2026-03-21,35.2469295681813
Vermont,13-17 Years,34429,2026-03-28,35.4539186945563
Vermont,13-17 Years,34429,2026-04-04,35.6623494963702
Vermont,13-17 Years,34429,2026-04-11,35.9841791325751
Vermont,13-17 Years,34429,2026-04-18,36.0545353969338
Vermont,13-17 Years,34429,2026-04-25,36.075
Vermont,13-17 Years,34429,2026-05-02,36.075
Vermont,13-17 Years,34429,2026-05-09,36.075
Vermont,13-17 Years,34429,2026-05-16,36.075
Vermont,13-17 Years,34429,2026-05-23,36.075
Vermont,13-17 Years,34429,2026-05-30,36.075
Vermont,13-17 Years,34429,2026-06-06,36.075
Vermont,13-17 Years,34429,2026-06-13,36.075
Vermont,6 Months - 17 Years,110501,2025-08-16,1.53460945094578
Vermont,6 Months - 17 Years,110501,2025-08-23,1.53460945094578
Vermont,6 Months - 17 Years,110501,2025-08-30,1.53460945094578
Vermont,6 Months - 17 Years,110501,2025-09-06,1.53460945094578
Vermont,6 Months - 17 Years,110501,2025-09-13,2.21194521310113
Vermont,6 Months - 17 Years,110501,2025-09-20,2.84897248389581
Vermont,6 Months - 17 Years,110501,2025-09-27,3.86515365889984
Vermont,6 Months - 17 Years,110501,2025-10-04,6.34020631711898
Vermont,6 Months - 17 Years,110501,2025-10-11,7.99844558546325
Vermont,6 Months - 17 Years,110501,2025-10-18,10.0699537107021
Vermont,6 Months - 17 Years,110501,2025-10-25,12.5334548570911
Vermont,6 Months - 17 Years,110501,2025-11-01,15.4837202395679
Vermont,6 Months - 17 Years,110501,2025-11-08,21.2781123025417
Vermont,6 Months - 17 Years,110501,2025-11-15,23.8963121270965
Vermont,6 Months - 17 Years,110501,2025-11-22,26.2812876059633
Vermont,6 Months - 17 Years,110501,2025-11-29,28.3908578316794
Vermont,6 Months - 17 Years,110501,2025-12-06,32.1292470517658
Vermont,6 Months - 17 Years,110501,2025-12-13,33.5319827985312
Vermont,6 Months - 17 Years,110501,2025-12-20,34.5631967574781
Vermont,6 Months - 17 Years,110501,2025-12-27,35.3062350930285
Vermont,6 Months - 17 Years,110501,2026-01-03,36.0836612889052
Vermont,6 Months - 17 Years,110501,2026-01-10,37.2348794074835
Vermont,6 Months - 17 Years,110501,2026-01-17,37.6842305107797
Vermont,6 Months - 17 Years,110501,2026-01-24,38.0880338865097
Vermont,6 Months - 17 Years,110501,2026-01-31,38.38375460569
Vermont,6 Months - 17 Years,110501,2026-02-07,38.963641797413
Vermont,6 Months - 17 Years,110501,2026-02-14,39.1508962910318
Vermont,6 Months - 17 Years,110501,2026-02-21,39.2673308445708
Vermont,6 Months - 17 Years,110501,2026-02-28,39.3383773368834
Vermont,6 Months - 17 Years,110501,2026-03-07,39.462646494083
Vermont,6 Months - 17 Years,110501,2026-03-14,39.5241645967796
Vermont,6 Months - 17 Years,110501,2026-03-21,39.592936011875
Vermont,6 Months - 17 Years,110501,2026-03-28,39.6669402058543
Vermont,6 Months - 17 Years,110501,2026-04-04,39.7499401052013
Vermont,6 Months - 17 Years,110501,2026-04-11,39.884567306232
Vermont,6 Months - 17 Years,110501,2026-04-18,39.9319447856972
Vermont,6 Months - 17 Years,110501,2026-04-25,39.9673897072603
Vermont,6 Months - 17 Years,110501,2026-05-02,39.9887801871103
Vermont,6 Months - 17 Years,110501,2026-05-09,40.0273797387756
Vermont,6 Months - 17 Years,110501,2026-05-16,40.03655735163
Vermont,6 Months - 17 Years,110501,2026-05-23,40.0397431327308
Vermont,6 Months - 17 Years,110501,2026-05-30,40.0399143775769
Vermont,6 Months - 17 Years,110501,2026-06-06,40.04
Vermont,6 Months - 17 Years,110501,2026-06-13,40.04
Vermont,18-49 Years,247428,2025-08-16,0.687545438555632
Vermont,18-49 Years,247428,2025-08-23,0.687545438555632
Vermont,18-49 Years,247428,2025-08-30,0.687545438555632
Vermont,18-49 Years,247428,2025-09-06,0.687545438555632
Vermont,18-49 Years,247428,2025-09-13,0.892633969117319
Vermont,18-49 Years,247428,2025-09-20,0.970624451496962
Vermont,18-49 Years,247428,2025-09-27,1.270527574217
Vermont,18-49 Years,247428,2025-10-04,2.13735479858111
Vermont,18-49 Years,247428,2025-10-11,2.93822918239037
Vermont,18-49 Years,247428,2025-10-18,4.21868314929335
Vermont,18-49 Years,247428,2025-10-25,6.00215070827375
Vermont,18-49 Years,247428,2025-11-01,8.26167619077193
Vermont,18-49 Years,247428,2025-11-08,12.8463083959177
Vermont,18-49 Years,247428,2025-11-15,14.8540448512889
Vermont,18-49 Years,247428,2025-11-22,16.5582894795363
Vermont,18-49 Years,247428,2025-11-29,17.9674197553208
Vermont,18-49 Years,247428,2025-12-06,20.422375611397
Vermont,18-49 Years,247428,2025-12-13,21.3265263893153
Vermont,18-49 Years,247428,2025-12-20,21.9879450084044
Vermont,18-49 Years,247428,2025-12-27,22.4647091627275
Vermont,18-49 Years,247428,2026-01-03,22.9605723630437
Vermont,18-49 Years,247428,2026-01-10,23.6900628699429
Vermont,18-49 Years,247428,2026-01-17,23.9626924369063
Vermont,18-49 Years,247428,2026-01-24,24.201586029748
Vermont,18-49 Years,247428,2026-01-31,24.3835464890449
Vermont,18-49 Years,247428,2026-02-07,24.7871011380035
Vermont,18-49 Years,247428,2026-02-14,24.9771235517934
Vermont,18-49 Years,247428,2026-02-21,25.1627783447356
Vermont,18-49 Years,247428,2026-02-28,25.3430870619026
Vermont,18-49 Years,247428,2026-03-07,25.6885599698944
Vermont,18-49 Years,247428,2026-03-14,25.8450416804236
Vermont,18-49 Years,247428,2026-03-21,25.9875222357798
Vermont,18-49 Years,247428,2026-03-28,26.1191757099212
Vermont,18-49 Years,247428,2026-04-04,26.2853613889861
Vermont,18-49 Years,247428,2026-04-11,26.5672423254283
Vermont,18-49 Years,247428,2026-04-18,26.7154211297204
Vermont,18-49 Years,247428,2026-04-25,26.8754926548518
Vermont,18-49 Years,247428,2026-05-02,27.0169851606222
Vermont,18-49 Years,247428,2026-05-09,27.317043707179
Vermont,18-49 Years,247428,2026-05-16,27.4409923535497
Vermont,18-49 Years,247428,2026-05-23,27.5409853723188
Vermont,18-49 Years,247428,2026-05-30,27.6202270957166
Vermont,18-49 Years,247428,2026-06-06,27.753616495975
Vermont,18-49 Years,247428,2026-06-13,27.7947184980484
Vermont,50-64 Years,133587,2025-08-16,0.786639069261744
Vermont,50-64 Years,133587,2025-08-23,0.786639069261744
Vermont,50-64 Years,133587,2025-08-30,0.786639069261744
Vermont,50-64 Years,133587,2025-09-06,0.786639069261744
Vermont,50-64 Years,133587,2025-09-13,1.04216863128896
Vermont,50-64 Years,133587,2025-09-20,1.17549539050413
Vermont,50-64 Years,133587,2025-09-27,1.7044708772602
Vermont,50-64 Years,133587,2025-10-04,3.21177454569147
Vermont,50-64 Years,133587,2025-10-11,4.48025224503028
Vermont,50-64 Years,133587,2025-10-18,6.35313831032388
Vermont,50-64 Years,133587,2025-10-25,8.84080858133334
Vermont,50-64 Years,133587,2025-11-01,11.9399768955395
Vermont,50-64 Years,133587,2025-11-08,18.1518304686516
Vermont,50-64 Years,133587,2025-11-15,20.8586290411804
Vermont,50-64 Years,133587,2025-11-22,23.1691352747569
Vermont,50-64 Years,133587,2025-11-29,25.1069022861909
Vermont,50-64 Years,133587,2025-12-06,28.5573818219863
Vermont,50-64 Years,133587,2025-12-13,29.9176983358912
Vermont,50-64 Years,133587,2025-12-20,31.0041320721579
Vermont,50-64 Years,133587,2025-12-27,31.8666818939384
Vermont,50-64 Years,133587,2026-01-03,32.7651469407192
Vermont,50-64 Years,133587,2026-01-10,34.1019744963993
Vermont,50-64 Years,133587,2026-01-17,34.5649097958906
Vermont,50-64 Years,133587,2026-01-24,34.9377659943251
Vermont,50-64 Years,133587,2026-01-31,35.2061550396141
Vermont,50-64 Years,133587,2026-02-07,35.8192947981346
Vermont,50-64 Years,133587,2026-02-14,36.139439860555
Vermont,50-64 Years,133587,2026-02-21,36.4841912328389
Vermont,50-64 Years,133587,2026-02-28,36.836324912202
Vermont,50-64 Years,133587,2026-03-07,37.4933313832338
Vermont,50-64 Years,133587,2026-03-14,37.758343515821
Vermont,50-64 Years,133587,2026-03-21,37.9624070388979
Vermont,50-64 Years,133587,2026-03-28,38.1152756039081
Vermont,50-64 Years,133587,2026-04-04,38.2753935373925
Vermont,50-64 Years,133587,2026-04-11,38.5141671130381
Vermont,50-64 Years,133587,2026-04-18,38.6054060414244
Vermont,50-64 Years,133587,2026-04-25,38.6846398412817
Vermont,50-64 Years,133587,2026-05-02,38.7386416090683
Vermont,50-64 Years,133587,2026-05-09,38.8368017912132
Vermont,50-64 Years,133587,2026-05-16,38.8608286841086
Vermont,50-64 Years,133587,2026-05-23,38.8693070727289
Vermont,50-64 Years,133587,2026-05-30,38.869769024243
Vermont,50-64 Years,133587,2026-06-06,38.87
Vermont,50-64 Years,133587,2026-06-13,38.87
Vermont,65+ Years,128594,2025-08-16,1.57215024725591
Vermont,65+ Years,128594,2025-08-23,1.57215024725591
Vermont,65+ Years,128594,2025-08-30,1.57215024725591
Vermont,65+ Years,128594,2025-09-06,1.57215024725591
Vermont,65+ Years,128594,2025-09-13,2.29520913227052
Vermont,65+ Years,128594,2025-09-20,3.01273363448767
Vermont,65+ Years,128594,2025-09-27,4.71935322335169
Vermont,65+ Years,128594,2025-10-04,9.22303019738165
Vermont,65+ Years,128594,2025-10-11,12.5323054624888
Vermont,65+ Years,128594,2025-10-18,16.9178425169379
Vermont,65+ Years,128594,2025-10-25,22.3256835400551
Vermont,65+ Years,128594,2025-11-01,28.8394863151459
Vermont,65+ Years,128594,2025-11-08,41.5461916261135
Vermont,65+ Years,128594,2025-11-15,46.9991844694677
Vermont,65+ Years,128594,2025-11-22,51.6607042508003
Vermont,65+ Years,128594,2025-11-29,55.541869929136
Vermont,65+ Years,128594,2025-12-06,62.260860370925
Vermont,65+ Years,128594,2025-12-13,64.6930212891267
Vermont,65+ Years,128594,2025-12-20,66.4355765328775
Vermont,65+ Years,128594,2025-12-27,67.6598586169253
Vermont,65+ Years,128594,2026-01-03,68.9177299546075
Vermont,65+ Years,128594,2026-01-10,70.7484249836981
Vermont,65+ Years,128594,2026-01-17,71.4213553008583
Vermont,65+ Years,128594,2026-01-24,72.0046828401466
Vermont,65+ Years,128594,2026-01-31,72.4415376916752
Vermont,65+ Years,128594,2026-02-07,73.3964405303326
Vermont,65+ Years,128594,2026-02-14,73.8309979298246
Vermont,65+ Years,128594,2026-02-21,74.2427437221559
Vermont,65+ Years,128594,2026-02-28,74.6283127002449
Vermont,65+ Years,128594,2026-03-07,75.3411147031209
Vermont,65+ Years,128594,2026-03-14,75.6433764773316
Vermont,65+ Years,128594,2026-03-21,75.9022383338264
Vermont,65+ Years,128594,2026-03-28,76.1234653930226
Vermont,65+ Years,128594,2026-04-04,76.3664585394413
Vermont,65+ Years,128594,2026-04-11,76.7439130052608
Vermont,65+ Years,128594,2026-04-18,76.8893744506401
Vermont,65+ Years,128594,2026-04-25,77.016065833166
Vermont,65+ Years,128594,2026-05-02,77.112399368881
Vermont,65+ Years,128594,2026-05-09,77.3256247372281
Vermont,65+ Years,128594,2026-05-16,77.4251216958447
Vermont,65+ Years,128594,2026-05-23,77.5211997184187
Vermont,65+ Years,128594,2026-05-30,77.6138087103866
Vermont,65+ Years,128594,2026-06-06,77.79209754779
Vermont,65+ Years,128594,2026-06-13,77.8750093720858
Virginia,6 Months - 4 Years,454589,2025-08-16,3.84370761275294
Virginia,6 Months - 4 Years,454589,2025-08-23,3.84370761275294
Virginia,6 Months - 4 Years,454589,2025-08-30,3.84370761275294
Virginia,6 Months - 4 Years,454589,2025-09-06,3.84370761275294
Virginia,6 Months - 4 Years,454589,2025-09-13,5.41186292575507
Virginia,6 Months - 4 Years,454589,2025-09-20,6.71829406543814
Virginia,6 Months - 4 Years,454589,2025-09-27,8.19811674338675
Virginia,6 Months - 4 Years,454589,2025-10-04,11.3895860579437
Virginia,6 Months - 4 Years,454589,2025-10-11,13.2166658649807
Virginia,6 Months - 4 Years,454589,2025-10-18,15.2644967817205
Virginia,6 Months - 4 Years,454589,2025-10-25,17.5027104156843
Virginia,6 Months - 4 Years,454589,2025-11-01,20.0717499159609
Virginia,6 Months - 4 Years,454589,2025-11-08,24.9212442340414
Virginia,6 Months - 4 Years,454589,2025-11-15,27.0355069758538
Virginia,6 Months - 4 Years,454589,2025-11-22,28.9472278158728
Virginia,6 Months - 4 Years,454589,2025-11-29,30.6517576814132
Virginia,6 Months - 4 Years,454589,2025-12-06,33.7544313928062
Virginia,6 Months - 4 Years,454589,2025-12-13,35.0234486992761
Virginia,6 Months - 4 Years,454589,2025-12-20,36.0692558023233
Virginia,6 Months - 4 Years,454589,2025-12-27,36.9327625867981
Virginia,6 Months - 4 Years,454589,2026-01-03,37.8974265924105
Virginia,6 Months - 4 Years,454589,2026-01-10,39.4065096400958
Virginia,6 Months - 4 Years,454589,2026-01-17,40.0436356405066
Virginia,6 Months - 4 Years,454589,2026-01-24,40.6424722907587
Virginia,6 Months - 4 Years,454589,2026-01-31,41.1122388471412
Virginia,6 Months - 4 Years,454589,2026-02-07,42.0941028655361
Virginia,6 Months - 4 Years,454589,2026-02-14,42.4842929294177
Virginia,6 Months - 4 Years,454589,2026-02-21,42.7977565551959
Virginia,6 Months - 4 Years,454589,2026-02-28,43.0478639545703
Virginia,6 Months - 4 Years,454589,2026-03-07,43.480519854202
Virginia,6 Months - 4 Years,454589,2026-03-14,43.651028687355
Virginia,6 Months - 4 Years,454589,2026-03-21,43.7935525204488
Virginia,6 Months - 4 Years,454589,2026-03-28,43.9107928150065
Virginia,6 Months - 4 Years,454589,2026-04-04,44.0180636830914
Virginia,6 Months - 4 Years,454589,2026-04-11,44.1643451402501
Virginia,6 Months - 4 Years,454589,2026-04-18,44.192312630805
Virginia,6 Months - 4 Years,454589,2026-04-25,44.2
Virginia,6 Months - 4 Years,454589,2026-05-02,44.2
Virginia,6 Months - 4 Years,454589,2026-05-09,44.2035826435093
Virginia,6 Months - 4 Years,454589,2026-05-16,44.2162583608428
Virginia,6 Months - 4 Years,454589,2026-05-23,44.2453240842899
Virginia,6 Months - 4 Years,454589,2026-05-30,44.2946741960797
Virginia,6 Months - 4 Years,454589,2026-06-06,44.4227474286711
Virginia,6 Months - 4 Years,454589,2026-06-13,44.50284040427
Virginia,5-12 Years,831503,2025-08-16,3.45691290449937
Virginia,5-12 Years,831503,2025-08-23,3.45691290449937
Virginia,5-12 Years,831503,2025-08-30,3.45691290449937
Virginia,5-12 Years,831503,2025-09-06,3.45691290449937
Virginia,5-12 Years,831503,2025-09-13,4.68969274874603
Virginia,5-12 Years,831503,2025-09-20,5.48776269093542
Virginia,5-12 Years,831503,2025-09-27,6.62004896524087
Virginia,5-12 Years,831503,2025-10-04,9.28789786599068
Virginia,5-12 Years,831503,2025-10-11,11.0377272225825
Virginia,5-12 Years,831503,2025-10-18,13.2074707457313
Virginia,5-12 Years,831503,2025-10-25,15.7424425579617
Virginia,5-12 Years,831503,2025-11-01,18.6746459332158
Virginia,5-12 Years,831503,2025-11-08,24.1186464392396
Virginia,5-12 Years,831503,2025-11-15,26.2405511262813
Virginia,5-12 Years,831503,2025-11-22,27.9055178402772
Virginia,5-12 Years,831503,2025-11-29,29.1977522233759
Virginia,5-12 Years,831503,2025-12-06,31.4455650958122
Virginia,5-12 Years,831503,2025-12-13,32.3157351319896
Virginia,5-12 Years,831503,2025-12-20,33.0175129848632
Virginia,5-12 Years,831503,2025-12-27,33.5890611369507
Virginia,5-12 Years,831503,2026-01-03,34.2116502782276
Virginia,5-12 Years,831503,2026-01-10,35.1665908016149
Virginia,5-12 Years,831503,2026-01-17,35.5435368598771
Virginia,5-12 Years,831503,2026-01-24,35.8831867799231
Virginia,5-12 Years,831503,2026-01-31,36.1478676847862
Virginia,5-12 Years,831503,2026-02-07,36.7301097917152
Virginia,5-12 Years,831503,2026-02-14,36.9930001423079
Virginia,5-12 Years,831503,2026-02-21,37.2385228107763
Virginia,5-12 Years,831503,2026-02-28,37.475436090008
Virginia,5-12 Years,831503,2026-03-07,37.9635138237546
Virginia,5-12 Years,831503,2026-03-14,38.2628490620162
Virginia,5-12 Years,831503,2026-03-21,38.6275412087328
Virginia,5-12 Years,831503,2026-03-28,39.029522607232
Virginia,5-12 Years,831503,2026-04-04,39.4340522526333
Virginia,5-12 Years,831503,2026-04-11,40.0584596107307
Virginia,5-12 Years,831503,2026-04-18,40.1951998423505
Virginia,5-12 Years,831503,2026-04-25,40.235
Virginia,5-12 Years,831503,2026-05-02,40.235
Virginia,5-12 Years,831503,2026-05-09,40.2400157009131
Virginia,5-12 Years,831503,2026-05-16,40.25776170518
Virginia,5-12 Years,831503,2026-05-23,40.2984537180059
Virginia,5-12 Years,831503,2026-05-30,40.3675438745116
Virginia,5-12 Years,831503,2026-06-06,40.5468464001396
Virginia,5-12 Years,831503,2026-06-13,40.658976565978
Virginia,13-17 Years,531397,2025-08-16,1.53910400295629
Virginia,13-17 Years,531397,2025-08-23,1.53910400295629
Virginia,13-17 Years,531397,2025-08-30,1.53910400295629
Virginia,13-17 Years,531397,2025-09-06,1.53910400295629
Virginia,13-17 Years,531397,2025-09-13,2.29345811335291
Virginia,13-17 Years,531397,2025-09-20,3.09281293395848
Virginia,13-17 Years,531397,2025-09-27,4.16173094986114
Virginia,13-17 Years,531397,2025-10-04,6.63077750873429
Virginia,13-17 Years,531397,2025-10-11,8.19018599218771
Virginia,13-17 Years,531397,2025-10-18,10.0671053895471
Virginia,13-17 Years,531397,2025-10-25,12.2310428059853
Virginia,13-17 Years,531397,2025-11-01,14.7663624990918
Virginia,13-17 Years,531397,2025-11-08,19.6229349849628
Virginia,13-17 Years,531397,2025-11-15,21.7306360511399
Virginia,13-17 Years,531397,2025-11-22,23.5931206426089
Virginia,13-17 Years,531397,2025-11-29,25.1950922971569
Virginia,13-17 Years,531397,2025-12-06,27.9943536073464
Virginia,13-17 Years,531397,2025-12-13,29.0270370561243
Virginia,13-17 Years,531397,2025-12-20,29.7814717707828
Virginia,13-17 Years,531397,2025-12-27,30.3192955834399
Virginia,13-17 Years,531397,2026-01-03,30.8460839435225
Virginia,13-17 Years,531397,2026-01-10,31.5879631211963
Virginia,13-17 Years,531397,2026-01-17,31.8117505906417
Virginia,13-17 Years,531397,2026-01-24,31.9723136625958
Virginia,13-17 Years,531397,2026-01-31,32.0788794287938
Virginia,13-17 Years,531397,2026-02-07,32.3360147320917
Virginia,13-17 Years,531397,2026-02-14,32.4983627186312
Virginia,13-17 Years,531397,2026-02-21,32.6991911780675
Virginia,13-17 Years,531397,2026-02-28,32.9147568368694
Virginia,13-17 Years,531397,2026-03-07,33.2932732664354
Virginia,13-17 Years,531397,2026-03-14,33.4103454241464
Virginia,13-17 Years,531397,2026-03-21,33.4628455252816
Virginia,13-17 Years,531397,2026-03-28,33.4709485084272
Virginia,13-17 Years,531397,2026-04-04,33.4893442962963
Virginia,13-17 Years,531397,2026-04-11,33.5323771851852
Virginia,13-17 Years,531397,2026-04-18,33.6259925925926
Virginia,13-17 Years,531397,2026-04-25,33.7890645925926
Virginia,13-17 Years,531397,2026-05-02,33.9800702222222
Virginia,13-17 Years,531397,2026-05-09,34.3517122962963
Virginia,13-17 Years,531397,2026-05-16,34.4660968888889
Virginia,13-17 Years,531397,2026-05-23,34.5110248888889
Virginia,13-17 Years,531397,2026-05-30,34.513674962963
Virginia,13-17 Years,531397,2026-06-06,34.515
Virginia,13-17 Years,531397,2026-06-13,34.515
Virginia,6 Months - 17 Years,1817489,2025-08-16,3.14640601574339
Virginia,6 Months - 17 Years,1817489,2025-08-23,3.14640601574339
Virginia,6 Months - 17 Years,1817489,2025-08-30,3.14640601574339
Virginia,6 Months - 17 Years,1817489,2025-09-06,3.14640601574339
Virginia,6 Months - 17 Years,1817489,2025-09-13,4.36478349347744
Virginia,6 Months - 17 Years,1817489,2025-09-20,5.29796877788189
Virginia,6 Months - 17 Years,1817489,2025-09-27,6.50689700700331
Virginia,6 Months - 17 Years,1817489,2025-10-04,9.2680602272788
Virginia,6 Months - 17 Years,1817489,2025-10-11,10.9957535727218
Virginia,6 Months - 17 Years,1817489,2025-10-18,13.0662829208904
Virginia,6 Months - 17 Years,1817489,2025-10-25,15.436797928673
Virginia,6 Months - 17 Years,1817489,2025-11-01,18.1819257504676
Virginia,6 Months - 17 Years,1817489,2025-11-08,23.3387285795537
Virginia,6 Months - 17 Years,1817489,2025-11-15,25.4627164987075
Virginia,6 Months - 17 Years,1817489,2025-11-22,27.2471819207388
Virginia,6 Months - 17 Years,1817489,2025-11-29,28.7255168130208
Virginia,6 Months - 17 Years,1817489,2025-12-06,31.3263831886574
Virginia,6 Months - 17 Years,1817489,2025-12-13,32.3293916649805
Virginia,6 Months - 17 Years,1817489,2025-12-20,33.1173255408223
Virginia,6 Months - 17 Years,1817489,2025-12-27,33.7373918235505
Virginia,6 Months - 17 Years,1817489,2026-01-03,34.4054759049457
Virginia,6 Months - 17 Years,1817489,2026-01-10,35.4204673735767
Virginia,6 Months - 17 Years,1817489,2026-01-17,35.8187492743947
Virginia,6 Months - 17 Years,1817489,2026-01-24,36.1768306763435
Virginia,6 Months - 17 Years,1817489,2026-01-31,36.4529222309298
Virginia,6 Months - 17 Years,1817489,2026-02-07,37.051827337423
Virginia,6 Months - 17 Years,1817489,2026-02-14,37.3143117263263
Virginia,6 Months - 17 Years,1817489,2026-02-21,37.5519836522649
Virginia,6 Months - 17 Years,1817489,2026-02-28,37.7710378955553
Virginia,6 Months - 17 Years,1817489,2026-03-07,38.1957280355748
Virginia,6 Months - 17 Years,1817489,2026-03-14,38.4125859745595
Virginia,6 Months - 17 Years,1817489,2026-03-21,38.6408553735169
Virginia,6 Months - 17 Years,1817489,2026-03-28,38.8716201822361
Virginia,6 Months - 17 Years,1817489,2026-04-04,39.1166488353559
Virginia,6 Months - 17 Years,1817489,2026-04-11,39.4992016317133
Virginia,6 Months - 17 Years,1817489,2026-04-18,39.6127850734165
Virginia,6 Months - 17 Years,1817489,2026-04-25,39.6834105603273
Virginia,6 Months - 17 Years,1817489,2026-05-02,39.7236144535682
Virginia,6 Months - 17 Years,1817489,2026-05-09,39.8157535898186
Virginia,6 Months - 17 Years,1817489,2026-05-16,39.8635045622166
Virginia,6 Months - 17 Years,1817489,2026-05-23,39.9162281770638
Virginia,6 Months - 17 Years,1817489,2026-05-30,39.9735770122574
Virginia,6 Months - 17 Years,1817489,2026-06-06,40.0921449152377
Virginia,6 Months - 17 Years,1817489,2026-06-13,40.1543752508674
Virginia,18-49 Years,3545202,2025-08-16,1.15145763296249
Virginia,18-49 Years,3545202,2025-08-23,1.15145763296249
Virginia,18-49 Years,3545202,2025-08-30,1.15145763296249
Virginia,18-49 Years,3545202,2025-09-06,1.15145763296249
Virginia,18-49 Years,3545202,2025-09-13,1.53032067793956
Virginia,18-49 Years,3545202,2025-09-20,1.72817504413007
Virginia,18-49 Years,3545202,2025-09-27,2.21111483310407
Virginia,18-49 Years,3545202,2025-10-04,3.49051924316159
Virginia,18-49 Years,3545202,2025-10-11,4.43373365258527
Virginia,18-49 Years,3545202,2025-10-18,5.68595082895936
Virginia,18-49 Years,3545202,2025-10-25,7.23240074692149
Virginia,18-49 Years,3545202,2025-11-01,9.09746844411598
Virginia,18-49 Years,3545202,2025-11-08,12.7418485033279
Virginia,18-49 Years,3545202,2025-11-15,14.3117154608148
Virginia,18-49 Years,3545202,2025-11-22,15.6582789549438
Virginia,18-49 Years,3545202,2025-11-29,16.7818698037332
Virginia,18-49 Years,3545202,2025-12-06,18.7226139454735
Virginia,18-49 Years,3545202,2025-12-13,19.4123452413685
Virginia,18-49 Years,3545202,2025-12-20,19.8907169129334
Virginia,18-49 Years,3545202,2025-12-27,20.2170363651051
Virginia,18-49 Years,3545202,2026-01-03,20.5868087258913
Virginia,18-49 Years,3545202,2026-01-10,21.1600478907835
Virginia,18-49 Years,3545202,2026-01-17,21.4479509067619
Virginia,18-49 Years,3545202,2026-01-24,21.7618742395892
Virginia,18-49 Years,3545202,2026-01-31,22.0452038354847
Virginia,18-49 Years,3545202,2026-02-07,22.6655591437199
Virginia,18-49 Years,3545202,2026-02-14,22.9433087037437
Virginia,18-49 Years,3545202,2026-02-21,23.1888086789453
Virginia,18-49 Years,3545202,2026-02-28,23.4033127243148
Virginia,18-49 Years,3545202,2026-03-07,23.7924975773031
Virginia,18-49 Years,3545202,2026-03-14,23.9538742289042
Virginia,18-49 Years,3545202,2026-03-21,24.0905191371435
Virginia,18-49 Years,3545202,2026-03-28,24.2068510962309
Virginia,18-49 Years,3545202,2026-04-04,24.3377553653702
Virginia,18-49 Years,3545202,2026-04-11,24.5439026626957
Virginia,18-49 Years,3545202,2026-04-18,24.6299200870966
Virginia,18-49 Years,3545202,2026-04-25,24.7099165413287
Virginia,18-49 Years,3545202,2026-05-02,24.7733200386843
Virginia,18-49 Years,3545202,2026-05-09,24.910928213124
Virginia,18-49 Years,3545202,2026-05-16,24.9717932562381
Virginia,18-49 Years,3545202,2026-05-23,25.0268528106672
Virginia,18-49 Years,3545202,2026-05-30,25.0765290507854
Virginia,18-49 Years,3545202,2026-06-06,25.1679027928321
Virginia,18-49 Years,3545202,2026-06-13,25.2060963776469
Virginia,50-64 Years,1662706,2025-08-16,0.398282012039053
Virginia,50-64 Years,1662706,2025-08-23,0.398282012039053
Virginia,50-64 Years,1662706,2025-08-30,0.398282012039053
Virginia,50-64 Years,1662706,2025-09-06,0.398282012039053
Virginia,50-64 Years,1662706,2025-09-13,0.943964679074705
Virginia,50-64 Years,1662706,2025-09-20,1.82856549489
Virginia,50-64 Years,1662706,2025-09-27,3.07823717217817
Virginia,50-64 Years,1662706,2025-10-04,5.83478404868846
Virginia,50-64 Years,1662706,2025-10-11,7.4830526384102
Virginia,50-64 Years,1662706,2025-10-18,9.39886437355132
Virginia,50-64 Years,1662706,2025-10-25,11.5375778122464
Virginia,50-64 Years,1662706,2025-11-01,13.9735532332515
Virginia,50-64 Years,1662706,2025-11-08,18.4637960671898
Virginia,50-64 Years,1662706,2025-11-15,20.2592488647497
Virginia,50-64 Years,1662706,2025-11-22,21.734326324189
Virginia,50-64 Years,1662706,2025-11-29,22.931064480317
Virginia,50-64 Years,1662706,2025-12-06,25.017610271004
Virginia,50-64 Years,1662706,2025-12-13,25.8111453342487
Virginia,50-64 Years,1662706,2025-12-20,26.429091855181
Virginia,50-64 Years,1662706,2025-12-27,26.9128007051026
Virginia,50-64 Years,1662706,2026-01-03,27.4386534434093
Virginia,50-64 Years,1662706,2026-01-10,28.2415235197139
Virginia,50-64 Years,1662706,2026-01-17,28.5676273486271
Virginia,50-64 Years,1662706,2026-01-24,28.8692422119097
Virginia,50-64 Years,1662706,2026-01-31,29.106052346849
Virginia,50-64 Years,1662706,2026-02-07,29.6173217988152
Virginia,50-64 Years,1662706,2026-02-14,29.8424386294898
Virginia,50-64 Years,1662706,2026-02-21,30.0453916850552
Virginia,50-64 Years,1662706,2026-02-28,30.2237927708863
Virginia,50-64 Years,1662706,2026-03-07,30.5335895947738
Virginia,50-64 Years,1662706,2026-03-14,30.6433847685036
Virginia,50-64 Years,1662706,2026-03-21,30.7183684633193
Virginia,50-64 Years,1662706,2026-03-28,30.7692509384786
Virginia,50-64 Years,1662706,2026-04-04,30.8397486494042
Virginia,50-64 Years,1662706,2026-04-11,30.9639310983806
Virginia,50-64 Years,1662706,2026-04-18,31.0654143802301
Virginia,50-64 Years,1662706,2026-04-25,31.2033090349397
Virginia,50-64 Years,1662706,2026-05-02,31.3407765595455
Virginia,50-64 Years,1662706,2026-05-09,31.6102248191091
Virginia,50-64 Years,1662706,2026-05-16,31.696451382349
Virginia,50-64 Years,1662706,2026-05-23,31.7396626054832
Virginia,50-64 Years,1662706,2026-05-30,31.7553140267397
Virginia,50-64 Years,1662706,2026-06-06,31.7770744710767
Virginia,50-64 Years,1662706,2026-06-13,31.7809291954698
Virginia,65+ Years,1401044,2025-08-16,0.993248718961411
Virginia,65+ Years,1401044,2025-08-23,0.993248718961411
Virginia,65+ Years,1401044,2025-08-30,0.993248718961411
Virginia,65+ Years,1401044,2025-09-06,0.993248718961411
Virginia,65+ Years,1401044,2025-09-13,2.1563932671521
Virginia,65+ Years,1401044,2025-09-20,4.07378293798102
Virginia,65+ Years,1401044,2025-09-27,6.74905697567989
Virginia,65+ Years,1401044,2025-10-04,12.8796340485051
Virginia,65+ Years,1401044,2025-10-11,16.798692107502
Virginia,65+ Years,1401044,2025-10-18,21.5942743477097
Virginia,65+ Years,1401044,2025-10-25,27.1063648853799
Virginia,65+ Years,1401044,2025-11-01,33.3363768634641
Virginia,65+ Years,1401044,2025-11-08,44.5107473838648
Virginia,65+ Years,1401044,2025-11-15,48.505612255958
Virginia,65+ Years,1401044,2025-11-22,51.3486923514986
Virginia,65+ Years,1401044,2025-11-29,53.3260306128241
Virginia,65+ Years,1401044,2025-12-06,56.6264600211426
Virginia,65+ Years,1401044,2025-12-13,57.8005723518547
Virginia,65+ Years,1401044,2025-12-20,58.6767167459765
Virginia,65+ Years,1401044,2025-12-27,59.349775064215
Virginia,65+ Years,1401044,2026-01-03,60.1523169589762
Virginia,65+ Years,1401044,2026-01-10,61.4442098672996
Virginia,65+ Years,1401044,2026-01-17,62.1271894107898
Virginia,65+ Years,1401044,2026-01-24,62.8955741624406
Virginia,65+ Years,1401044,2026-01-31,63.6200112646165
Virginia,65+ Years,1401044,2026-02-07,65.2487486853653
Virginia,65+ Years,1401044,2026-02-14,66.0257476476957
Virginia,65+ Years,1401044,2026-02-21,66.7535588408097
Virginia,65+ Years,1401044,2026-02-28,67.4316446537538
Virginia,65+ Years,1401044,2026-03-07,68.7299533559327
Virginia,65+ Years,1401044,2026-03-14,69.3491007688848
Virginia,65+ Years,1401044,2026-03-21,69.9495802317509
Virginia,65+ Years,1401044,2026-03-28,70.5113613982238
Virginia,65+ Years,1401044,2026-04-04,71.0706580923051
Virginia,65+ Years,1401044,2026-04-11,71.8996289119854
Virginia,65+ Years,1401044,2026-04-18,72.1047259257406
Virginia,65+ Years,1401044,2026-04-25,72.203120005193
Virginia,65+ Years,1401044,2026-05-02,72.2472501756073
Virginia,65+ Years,1401044,2026-05-09,72.3929074578673
Virginia,65+ Years,1401044,2026-05-16,72.572369425232
Virginia,65+ Years,1401044,2026-05-23,72.9047037723434
Virginia,65+ Years,1401044,2026-05-30,73.4184956972569
Virginia,65+ Years,1401044,2026-06-06,74.7023403688558
Virginia,65+ Years,1401044,2026-06-13,75.493332145847
Washington,6 Months - 4 Years,406722,2025-08-16,4.61581022748866
Washington,6 Months - 4 Years,406722,2025-08-23,4.61581022748866
Washington,6 Months - 4 Years,406722,2025-08-30,4.61581022748866
Washington,6 Months - 4 Years,406722,2025-09-06,4.61581022748866
Washington,6 Months - 4 Years,406722,2025-09-13,6.03706640390099
Washington,6 Months - 4 Years,406722,2025-09-20,6.61740145346033
Washington,6 Months - 4 Years,406722,2025-09-27,7.6318585556063
Washington,6 Months - 4 Years,406722,2025-10-04,10.159770606344
Washington,6 Months - 4 Years,406722,2025-10-11,11.9351312293635
Washington,6 Months - 4 Years,406722,2025-10-18,14.2352112596757
Washington,6 Months - 4 Years,406722,2025-10-25,17.0024737161129
Washington,6 Months - 4 Years,406722,2025-11-01,20.2366143932857
Washington,6 Months - 4 Years,406722,2025-11-08,26.268827518919
Washington,6 Months - 4 Years,406722,2025-11-15,28.5775678885962
Washington,6 Months - 4 Years,406722,2025-11-22,30.3297877831503
Washington,6 Months - 4 Years,406722,2025-11-29,31.6518999727403
Washington,6 Months - 4 Years,406722,2025-12-06,33.9856931909451
Washington,6 Months - 4 Years,406722,2025-12-13,34.9449877182352
Washington,6 Months - 4 Years,406722,2025-12-20,35.7803889276677
Washington,6 Months - 4 Years,406722,2025-12-27,36.5184980982827
Washington,6 Months - 4 Years,406722,2026-01-03,37.3610662887106
Washington,6 Months - 4 Years,406722,2026-01-10,38.7022765645029
Washington,6 Months - 4 Years,406722,2026-01-17,39.2709424690488
Washington,6 Months - 4 Years,406722,2026-01-24,39.8060287737508
Washington,6 Months - 4 Years,406722,2026-01-31,40.2378466657963
Washington,6 Months - 4 Years,406722,2026-02-07,41.1829462613814
Washington,6 Months - 4 Years,406722,2026-02-14,41.6036473105046
Washington,6 Months - 4 Years,406722,2026-02-21,41.9856973075916
Washington,6 Months - 4 Years,406722,2026-02-28,42.3413870454886
Washington,6 Months - 4 Years,406722,2026-03-07,43.0507940530591
Washington,6 Months - 4 Years,406722,2026-03-14,43.4492096976516
Washington,6 Months - 4 Years,406722,2026-03-21,43.9039280673492
Washington,6 Months - 4 Years,406722,2026-03-28,44.3856461745484
Washington,6 Months - 4 Years,406722,2026-04-04,44.8752862002603
Washington,6 Months - 4 Years,406722,2026-04-11,45.6287067073754
Washington,6 Months - 4 Years,406722,2026-04-18,45.8114303566046
Washington,6 Months - 4 Years,406722,2026-04-25,45.8872944338917
Washington,6 Months - 4 Years,406722,2026-05-02,45.9080126442613
Washington,6 Months - 4 Years,406722,2026-05-09,45.9444871750944
Washington,6 Months - 4 Years,406722,2026-05-16,45.9522796693413
Washington,6 Months - 4 Years,406722,2026-05-23,45.9548080601655
Washington,6 Months - 4 Years,406722,2026-05-30,45.9549360200552
Washington,6 Months - 4 Years,406722,2026-06-06,45.955
Washington,6 Months - 4 Years,406722,2026-06-13,45.955
Washington,5-12 Years,755259,2025-08-16,2.57725408379063
Washington,5-12 Years,755259,2025-08-23,2.57725408379063
Washington,5-12 Years,755259,2025-08-30,2.57725408379063
Washington,5-12 Years,755259,2025-09-06,2.57725408379063
Washington,5-12 Years,755259,2025-09-13,3.57960678520833
Washington,5-12 Years,755259,2025-09-20,4.3549235828752
Washington,5-12 Years,755259,2025-09-27,5.45578864795676
Washington,5-12 Years,755259,2025-10-04,8.0499549653045
Washington,5-12 Years,755259,2025-10-11,9.74279049148348
Washington,5-12 Years,755259,2025-10-18,11.8309810174068
Washington,5-12 Years,755259,2025-10-25,14.2700720694309
Washington,5-12 Years,755259,2025-11-01,17.1130385580967
Washington,5-12 Years,755259,2025-11-08,22.4620461034632
Washington,5-12 Years,755259,2025-11-15,24.6260071695683
Washington,5-12 Years,755259,2025-11-22,26.3971772572506
Washington,5-12 Years,755259,2025-11-29,27.8385413605301
Washington,5-12 Years,755259,2025-12-06,30.4131823275047
Washington,5-12 Years,755259,2025-12-13,31.4766702707859
Washington,5-12 Years,755259,2025-12-20,32.3917110706926
Washington,5-12 Years,755259,2025-12-27,33.1752576864329
Washington,5-12 Years,755259,2026-01-03,33.9892338170491
Washington,5-12 Years,755259,2026-01-10,35.2106347337633
Washington,5-12 Years,755259,2026-01-17,35.613692935022
Washington,5-12 Years,755259,2026-01-24,35.9167715148185
Washington,5-12 Years,755259,2026-01-31,36.1118571657031
Washington,5-12 Years,755259,2026-02-07,36.5040733231682
Washington,5-12 Years,755259,2026-02-14,36.6408152391485
Washington,5-12 Years,755259,2026-02-21,36.7402004194699
Washington,5-12 Years,755259,2026-02-28,36.8176413107556
Washington,5-12 Years,755259,2026-03-07,36.9729710593848
Washington,5-12 Years,755259,2026-03-14,37.0784483911218
Washington,5-12 Years,755259,2026-03-21,37.2256493754871
Washington,5-12 Years,755259,2026-03-28,37.4124363050176
Washington,5-12 Years,755259,2026-04-04,37.6549733289434
Washington,5-12 Years,755259,2026-04-11,38.088440890528
Washington,5-12 Years,755259,2026-04-18,38.2805916855244
Washington,5-12 Years,755259,2026-04-25,38.4513956502181
Washington,5-12 Years,755259,2026-05-02,38.5716814930989
Washington,5-12 Years,755259,2026-05-09,38.7923182989323
Washington,5-12 Years,755259,2026-05-16,38.8482308247517
Washington,5-12 Years,755259,2026-05-23,38.8683324336856
Washington,5-12 Years,755259,2026-05-30,38.8694441445618
Washington,5-12 Years,755259,2026-06-06,38.87
Washington,5-12 Years,755259,2026-06-13,38.87
Washington,13-17 Years,460570,2025-08-16,2.40877547708912
Washington,13-17 Years,460570,2025-08-23,2.40877547708912
Washington,13-17 Years,460570,2025-08-30,2.40877547708912
Washington,13-17 Years,460570,2025-09-06,2.40877547708912
Washington,13-17 Years,460570,2025-09-13,3.30751689295279
Washington,13-17 Years,460570,2025-09-20,3.94997230958928
Washington,13-17 Years,460570,2025-09-27,4.88752288177249
Washington,13-17 Years,460570,2025-10-04,7.11545592258597
Washington,13-17 Years,460570,2025-10-11,8.58313467976237
Washington,13-17 Years,460570,2025-10-18,10.404287115917
Washington,13-17 Years,460570,2025-10-25,12.5417910976359
Washington,13-17 Years,460570,2025-11-01,15.0419512200661
Washington,13-17 Years,460570,2025-11-08,19.7768806818297
Washington,13-17 Years,460570,2025-11-15,21.7335564892662
Washington,13-17 Years,460570,2025-11-22,23.3675875075693
Washington,13-17 Years,460570,2025-11-29,24.6982049893548
Washington,13-17 Years,460570,2025-12-06,26.9710298174651
Washington,13-17 Years,460570,2025-12-13,27.7699062501317
Washington,13-17 Years,460570,2025-12-20,28.3246268583753
Washington,13-17 Years,460570,2025-12-27,28.7029144572013
Washington,13-17 Years,460570,2026-01-03,29.1112734420254
Washington,13-17 Years,460570,2026-01-10,29.7262070157515
Washington,13-17 Years,460570,2026-01-17,30.0061893819313
Washington,13-17 Years,460570,2026-01-24,30.2875334689828
Washington,13-17 Years,460570,2026-01-31,30.50611968344
Washington,13-17 Years,460570,2026-02-07,30.9126451441496
Washington,13-17 Years,460570,2026-02-14,31.020886730749
Washington,13-17 Years,460570,2026-02-21,31.0635399095971
Washington,13-17 Years,460570,2026-02-28,31.0678466365324
Washington,13-17 Years,460570,2026-03-07,31.0828130139975
Washington,13-17 Years,460570,2026-03-14,31.1624511597462
Washington,13-17 Years,460570,2026-03-21,31.3484662314122
Washington,13-17 Years,460570,2026-03-28,31.6312361954953
Washington,13-17 Years,460570,2026-04-04,31.9519651908294
Washington,13-17 Years,460570,2026-04-11,32.5137850357491
Washington,13-17 Years,460570,2026-04-18,32.6527699640831
Washington,13-17 Years,460570,2026-04-25,32.695
Washington,13-17 Years,460570,2026-05-02,32.695
Washington,13-17 Years,460570,2026-05-09,32.695
Washington,13-17 Years,460570,2026-05-16,32.695
Washington,13-17 Years,460570,2026-05-23,32.695
Washington,13-17 Years,460570,2026-05-30,32.695
Washington,13-17 Years,460570,2026-06-06,32.695
Washington,13-17 Years,460570,2026-06-13,32.695
Washington,6 Months - 17 Years,1622552,2025-08-16,2.99310549994192
Washington,6 Months - 17 Years,1622552,2025-08-23,2.99310549994192
Washington,6 Months - 17 Years,1622552,2025-08-30,2.99310549994192
Washington,6 Months - 17 Years,1622552,2025-09-06,2.99310549994192
Washington,6 Months - 17 Years,1622552,2025-09-13,4.0595825656228
Washington,6 Months - 17 Years,1622552,2025-09-20,4.74922314081198
Washington,6 Months - 17 Years,1622552,2025-09-27,5.78223509446836
Washington,6 Months - 17 Years,1622552,2025-10-04,8.25605718536112
Washington,6 Months - 17 Years,1622552,2025-10-11,9.90565580835355
Washington,6 Months - 17 Years,1622552,2025-10-18,11.9707016865098
Washington,6 Months - 17 Years,1622552,2025-10-25,14.405342153553
Washington,6 Months - 17 Years,1622552,2025-11-01,17.2473618282751
Washington,6 Months - 17 Years,1622552,2025-11-08,22.5883304784928
Washington,6 Months - 17 Years,1622552,2025-11-15,24.7246291214733
Washington,6 Months - 17 Years,1622552,2025-11-22,26.4449279959741
Washington,6 Months - 17 Years,1622552,2025-11-29,27.8180955190011
Washington,6 Months - 17 Years,1622552,2025-12-06,30.2404749456134
Washington,6 Months - 17 Years,1622552,2025-12-13,31.2073916988559
Washington,6 Months - 17 Years,1622552,2025-12-20,32.0098576556486
Washington,6 Months - 17 Years,1622552,2025-12-27,32.6782517104169
Washington,6 Months - 17 Years,1622552,2026-01-03,33.3942352395642
Washington,6 Months - 17 Years,1622552,2026-01-10,34.4855124355109
Washington,6 Months - 17 Years,1622552,2026-01-17,34.8934587329234
Washington,6 Months - 17 Years,1622552,2026-01-24,35.2409104202165
Washington,6 Months - 17 Years,1622552,2026-01-31,35.4898184763936
Washington,6 Months - 17 Years,1622552,2026-02-07,35.9961433920439
Washington,6 Months - 17 Years,1622552,2026-02-14,36.1780539746185
Washington,6 Months - 17 Years,1622552,2026-02-21,36.3109661246941
Washington,6 Months - 17 Years,1622552,2026-02-28,36.4141229714054
Washington,6 Months - 17 Years,1622552,2026-03-07,36.6231509129673
Washington,6 Months - 17 Years,1622552,2026-03-14,36.7730084259054
Washington,6 Months - 17 Years,1622552,2026-03-21,36.9869478414354
Washington,6 Months - 17 Years,1622552,2026-03-28,37.2546825595032
Washington,6 Months - 17 Years,1622552,2026-04-04,37.5668774711714
Washington,6 Months - 17 Years,1622552,2026-04-11,38.0984782885586
Washington,6 Months - 17 Years,1622552,2026-04-18,38.2768639840404
Washington,6 Months - 17 Years,1622552,2026-04-25,38.3953498133473
Washington,6 Months - 17 Years,1622552,2026-05-02,38.4590852893814
Washington,6 Months - 17 Years,1622552,2026-05-09,38.573505878616
Washington,6 Months - 17 Years,1622552,2026-05-16,38.6001404744422
Washington,6 Months - 17 Years,1622552,2026-05-23,38.6092715033206
Washington,6 Months - 17 Years,1622552,2026-05-30,38.6097571677736
Washington,6 Months - 17 Years,1622552,2026-06-06,38.61
Washington,6 Months - 17 Years,1622552,2026-06-13,38.61
Washington,18-49 Years,3312767,2025-08-16,0.806965212953383
Washington,18-49 Years,3312767,2025-08-23,0.806965212953383
Washington,18-49 Years,3312767,2025-08-30,0.806965212953383
Washington,18-49 Years,3312767,2025-09-06,0.806965212953383
Washington,18-49 Years,3312767,2025-09-13,1.1514458040004
Washington,18-49 Years,3312767,2025-09-20,1.4613800845236
Washington,18-49 Years,3312767,2025-09-27,2.01118380252504
Washington,18-49 Years,3312767,2025-10-04,3.38526841515127
Washington,18-49 Years,3312767,2025-10-11,4.33688397463057
Washington,18-49 Years,3312767,2025-10-18,5.55261874039662
Washington,18-49 Years,3312767,2025-10-25,7.01732510470179
Washington,18-49 Years,3312767,2025-11-01,8.77075412815115
Washington,18-49 Years,3312767,2025-11-08,12.1857904608134
Washington,18-49 Years,3312767,2025-11-15,13.6702836746336
Washington,18-49 Years,3312767,2025-11-22,14.9673427663958
Washington,18-49 Years,3312767,2025-11-29,16.0816873313636
Washington,18-49 Years,3312767,2025-12-06,18.0745418801336
Washington,18-49 Years,3312767,2025-12-13,18.8583843457191
Washington,18-49 Years,3312767,2025-12-20,19.4784774173367
Washington,18-49 Years,3312767,2025-12-27,19.9696060984946
Washington,18-49 Years,3312767,2026-01-03,20.5114860416009
Washington,18-49 Years,3312767,2026-01-10,21.3477554542449
Washington,18-49 Years,3312767,2026-01-17,21.6946950470448
Washington,18-49 Years,3312767,2026-01-24,22.0208900829194
Washington,18-49 Years,3312767,2026-01-31,22.2860069378777
Washington,18-49 Years,3312767,2026-02-07,22.8813196742078
Washington,18-49 Years,3312767,2026-02-14,23.1726598451519
Washington,18-49 Years,3312767,2026-02-21,23.461991368436
Washington,18-49 Years,3312767,2026-02-28,23.7397849312276
Washington,18-49 Years,3312767,2026-03-07,24.2492114569337
Washington,18-49 Years,3312767,2026-03-14,24.4529180723374
Washington,18-49 Years,3312767,2026-03-21,24.611916201498
Washington,18-49 Years,3312767,2026-03-28,24.7342457268312
Washington,18-49 Years,3312767,2026-04-04,24.8649669148798
Washington,18-49 Years,3312767,2026-04-11,25.0622650146564
Washington,18-49 Years,3312767,2026-04-18,25.1378766968276
Washington,18-49 Years,3312767,2026-04-25,25.2047438479147
Washington,18-49 Years,3312767,2026-05-02,25.2567413289796
Washington,18-49 Years,3312767,2026-05-09,25.3741762952566
Washington,18-49 Years,3312767,2026-05-16,25.4318195968551
Washington,18-49 Years,3312767,2026-05-23,25.4901606513223
Washington,18-49 Years,3312767,2026-05-30,25.5490244166563
Washington,18-49 Years,3312767,2026-06-06,25.6661887974658
Washington,18-49 Years,3312767,2026-06-13,25.7242258422864
Washington,50-64 Years,1415009,2025-08-16,0.681427728226383
Washington,50-64 Years,1415009,2025-08-23,0.681427728226383
Washington,50-64 Years,1415009,2025-08-30,0.681427728226383
Washington,50-64 Years,1415009,2025-09-06,0.681427728226383
Washington,50-64 Years,1415009,2025-09-13,1.19966682598857
Washington,50-64 Years,1415009,2025-09-20,1.95245515918686
Washington,50-64 Years,1415009,2025-09-27,2.98205540892011
Washington,50-64 Years,1415009,2025-10-04,5.37898357367524
Washington,50-64 Years,1415009,2025-10-11,6.91822150501968
Washington,50-64 Years,1415009,2025-10-18,8.7963653889977
Washington,50-64 Years,1415009,2025-10-25,10.9738280947743
Washington,50-64 Years,1415009,2025-11-01,13.5059156669697
Washington,50-64 Years,1415009,2025-11-08,18.2732901261399
Washington,50-64 Years,1415009,2025-11-15,20.2283590446178
Washington,50-64 Years,1415009,2025-11-22,21.8556099483292
Washington,50-64 Years,1415009,2025-11-29,23.1863085645878
Washington,50-64 Years,1415009,2025-12-06,25.4989917622788
Washington,50-64 Years,1415009,2025-12-13,26.3601092087198
Washington,50-64 Years,1415009,2025-12-20,27.0082132932002
Washington,50-64 Years,1415009,2025-12-27,27.4961963111358
Washington,50-64 Years,1415009,2026-01-03,28.0263898297886
Washington,50-64 Years,1415009,2026-01-10,28.8323589742412
Washington,50-64 Years,1415009,2026-01-17,29.1670859191518
Washington,50-64 Years,1415009,2026-01-24,29.4842419721682
Washington,50-64 Years,1415009,2026-01-31,29.7406983777819
Washington,50-64 Years,1415009,2026-02-07,30.3050686413516
Washington,50-64 Years,1415009,2026-02-14,30.5650148493267
Washington,50-64 Years,1415009,2026-02-21,30.8091173713865
Washington,50-64 Years,1415009,2026-02-28,31.0346511347361
Washington,50-64 Years,1415009,2026-03-07,31.4477736279752
Washington,50-64 Years,1415009,2026-03-14,31.6168310802196
Washington,50-64 Years,1415009,2026-03-21,31.7551390971639
Washington,50-64 Years,1415009,2026-03-28,31.8693673846199
Washington,50-64 Years,1415009,2026-04-04,32.0057798829865
Washington,50-64 Years,1415009,2026-04-11,32.2282236160893
Washington,50-64 Years,1415009,2026-04-18,32.3421267501448
Washington,50-64 Years,1415009,2026-04-25,32.4628492498654
Washington,50-64 Years,1415009,2026-05-02,32.5620260413651
Washington,50-64 Years,1415009,2026-05-09,32.7537736174486
Washington,50-64 Years,1415009,2026-05-16,32.8132524743814
Washington,50-64 Years,1415009,2026-05-23,32.8454577795571
Washington,50-64 Years,1415009,2026-05-30,32.8604052143182
Washington,50-64 Years,1415009,2026-06-06,32.8819105650659
Washington,50-64 Years,1415009,2026-06-13,32.8857870083479
Washington,65+ Years,1247874,2025-08-16,1.1124932389335
Washington,65+ Years,1247874,2025-08-23,1.1124932389335
Washington,65+ Years,1247874,2025-08-30,1.1124932389335
Washington,65+ Years,1247874,2025-09-06,1.1124932389335
Washington,65+ Years,1247874,2025-09-13,2.26908054201564
Washington,65+ Years,1247874,2025-09-20,4.13345993363704
Washington,65+ Years,1247874,2025-09-27,6.65008309346086
Washington,65+ Years,1247874,2025-10-04,12.4022999654291
Washington,65+ Years,1247874,2025-10-11,16.0171078038735
Washington,65+ Years,1247874,2025-10-18,20.3675583696214
Washington,65+ Years,1247874,2025-10-25,25.3526151954003
Washington,65+ Years,1247874,2025-11-01,31.0979085365707
Washington,65+ Years,1247874,2025-11-08,41.8021940445517
Washington,65+ Years,1247874,2025-11-15,46.1161882015783
Washington,65+ Years,1247874,2025-11-22,49.6546383947899
Washington,65+ Years,1247874,2025-11-29,52.4976424270161
Washington,65+ Years,1247874,2025-12-06,57.3602641257656
Washington,65+ Years,1247874,2025-12-13,59.0910641478959
Washington,65+ Years,1247874,2025-12-20,60.3221163131752
Washington,65+ Years,1247874,2025-12-27,61.1953388020728
Washington,65+ Years,1247874,2026-01-03,62.1782341033928
Washington,65+ Years,1247874,2026-01-10,63.6993620994653
Washington,65+ Years,1247874,2026-01-17,64.4329127441706
Washington,65+ Years,1247874,2026-01-24,65.2086717245212
Washington,65+ Years,1247874,2026-01-31,65.886685762192
Washington,65+ Years,1247874,2026-02-07,67.3501426068199
Washington,65+ Years,1247874,2026-02-14,67.9814964430594
Washington,65+ Years,1247874,2026-02-21,68.5218302085234
Washington,65+ Years,1247874,2026-02-28,68.9800955146533
Washington,65+ Years,1247874,2026-03-07,69.8001699215224
Washington,65+ Years,1247874,2026-03-14,70.132317594045
Washington,65+ Years,1247874,2026-03-21,70.4089279289641
Washington,65+ Years,1247874,2026-03-28,70.6429045745322
Washington,65+ Years,1247874,2026-04-04,70.9184984047767
Washington,65+ Years,1247874,2026-04-11,71.3642155573758
Washington,65+ Years,1247874,2026-04-18,71.5785500543382
Washington,65+ Years,1247874,2026-04-25,71.7985738902147
Washington,65+ Years,1247874,2026-05-02,71.9817710948136
Washington,65+ Years,1247874,2026-05-09,72.361084491271
Washington,65+ Years,1247874,2026-05-16,72.508882143698
Washington,65+ Years,1247874,2026-05-23,72.6225199475845
Washington,65+ Years,1247874,2026-05-30,72.7074899808939
Washington,65+ Years,1247874,2026-06-06,72.8413777906716
Washington,65+ Years,1247874,2026-06-13,72.8691504238646
West Virginia,6 Months - 4 Years,82428,2025-08-16,3.41084040814606
West Virginia,6 Months - 4 Years,82428,2025-08-23,3.41084040814606
West Virginia,6 Months - 4 Years,82428,2025-08-30,3.41084040814606
West Virginia,6 Months - 4 Years,82428,2025-09-06,3.41084040814606
West Virginia,6 Months - 4 Years,82428,2025-09-13,4.42931450375377
West Virginia,6 Months - 4 Years,82428,2025-09-20,4.78949361573715
West Virginia,6 Months - 4 Years,82428,2025-09-27,5.50071754533718
West Virginia,6 Months - 4 Years,82428,2025-10-04,7.31881017072142
West Virginia,6 Months - 4 Years,82428,2025-10-11,8.62317312116854
West Virginia,6 Months - 4 Years,82428,2025-10-18,10.3316739916954
West Virginia,6 Months - 4 Years,82428,2025-10-25,12.4108310147706
West Virginia,6 Months - 4 Years,82428,2025-11-01,14.8738074574709
West Virginia,6 Months - 4 Years,82428,2025-11-08,19.5625690390799
West Virginia,6 Months - 4 Years,82428,2025-11-15,21.4570171810349
West Virginia,6 Months - 4 Years,82428,2025-11-22,22.9811692284349
West Virginia,6 Months - 4 Years,82428,2025-11-29,24.185485945074
West Virginia,6 Months - 4 Years,82428,2025-12-06,26.2648803160979
West Virginia,6 Months - 4 Years,82428,2025-12-13,27.0332255885795
West Virginia,6 Months - 4 Years,82428,2025-12-20,27.6101703928213
West Virginia,6 Months - 4 Years,82428,2025-12-27,28.0471765401758
West Virginia,6 Months - 4 Years,82428,2026-01-03,28.5416997911454
West Virginia,6 Months - 4 Years,82428,2026-01-10,29.3129052646856
West Virginia,6 Months - 4 Years,82428,2026-01-17,29.6695919085852
West Virginia,6 Months - 4 Years,82428,2026-01-24,30.0360184068052
West Virginia,6 Months - 4 Years,82428,2026-01-31,30.3560465217433
West Virginia,6 Months - 4 Years,82428,2026-02-07,31.0696592741035
West Virginia,6 Months - 4 Years,82428,2026-02-14,31.3994493110366
West Virginia,6 Months - 4 Years,82428,2026-02-21,31.7063677914344
West Virginia,6 Months - 4 Years,82428,2026-02-28,32.0027205826245
West Virginia,6 Months - 4 Years,82428,2026-03-07,32.6261502942377
West Virginia,6 Months - 4 Years,82428,2026-03-14,33.0330784425392
West Virginia,6 Months - 4 Years,82428,2026-03-21,33.5515984836862
West Virginia,6 Months - 4 Years,82428,2026-03-28,34.1402546368393
West Virginia,6 Months - 4 Years,82428,2026-04-04,34.7392999426753
West Virginia,6 Months - 4 Years,82428,2026-04-11,35.6761580623979
West Virginia,6 Months - 4 Years,82428,2026-04-18,35.8841472373789
West Virginia,6 Months - 4 Years,82428,2026-04-25,35.945
West Virginia,6 Months - 4 Years,82428,2026-05-02,35.945
West Virginia,6 Months - 4 Years,82428,2026-05-09,35.945
West Virginia,6 Months - 4 Years,82428,2026-05-16,35.945
West Virginia,6 Months - 4 Years,82428,2026-05-23,35.945
West Virginia,6 Months - 4 Years,82428,2026-05-30,35.945
West Virginia,6 Months - 4 Years,82428,2026-06-06,35.945
West Virginia,6 Months - 4 Years,82428,2026-06-13,35.945
West Virginia,5-12 Years,160868,2025-08-16,2.21526692617383
West Virginia,5-12 Years,160868,2025-08-23,2.21526692617383
West Virginia,5-12 Years,160868,2025-08-30,2.21526692617383
West Virginia,5-12 Years,160868,2025-09-06,2.21526692617383
West Virginia,5-12 Years,160868,2025-09-13,3.03059132295112
West Virginia,5-12 Years,160868,2025-09-20,3.59719883672578
West Virginia,5-12 Years,160868,2025-09-27,4.43002193156942
West Virginia,5-12 Years,160868,2025-10-04,6.41330729719604
West Virginia,5-12 Years,160868,2025-10-11,7.72243885430704
West Virginia,5-12 Years,160868,2025-10-18,9.34864483011825
West Virginia,5-12 Years,160868,2025-10-25,11.2596042914004
West Virginia,5-12 Years,160868,2025-11-01,13.4979224007545
West Virginia,5-12 Years,160868,2025-11-08,17.7371938793579
West Virginia,5-12 Years,160868,2025-11-15,19.4777148627492
West Virginia,5-12 Years,160868,2025-11-22,20.9219134839535
West Virginia,5-12 Years,160868,2025-11-29,22.107782389945
West Virginia,5-12 Years,160868,2025-12-06,24.2120680748371
West Virginia,5-12 Years,160868,2025-12-13,25.0576630003783
West Virginia,5-12 Years,160868,2025-12-20,25.7599419042213
West Virginia,5-12 Years,160868,2025-12-27,26.3392774172788
West Virginia,5-12 Years,160868,2026-01-03,26.9253656098594
West Virginia,5-12 Years,160868,2026-01-10,27.7840800825562
West Virginia,5-12 Years,160868,2026-01-17,28.0424092481765
West Virginia,5-12 Years,160868,2026-01-24,28.2205265901344
West Virginia,5-12 Years,160868,2026-01-31,28.335645579821
West Virginia,5-12 Years,160868,2026-02-07,28.6206145123935
West Virginia,5-12 Years,160868,2026-02-14,28.8116855520835
West Virginia,5-12 Years,160868,2026-02-21,29.0598269694425
West Virginia,5-12 Years,160868,2026-02-28,29.3422470705672
West Virginia,5-12 Years,160868,2026-03-07,29.8782370964129
West Virginia,5-12 Years,160868,2026-03-14,30.0845983471185
West Virginia,5-12 Years,160868,2026-03-21,30.2235500239601
West Virginia,5-12 Years,160868,2026-03-28,30.3063631013963
West Virginia,5-12 Years,160868,2026-04-04,30.3772443278636
West Virginia,5-12 Years,160868,2026-04-11,30.4650975230289
West Virginia,5-12 Years,160868,2026-04-18,30.4808167360894
West Virginia,5-12 Years,160868,2026-04-25,30.485
West Virginia,5-12 Years,160868,2026-05-02,30.485
West Virginia,5-12 Years,160868,2026-05-09,30.485
West Virginia,5-12 Years,160868,2026-05-16,30.485
West Virginia,5-12 Years,160868,2026-05-23,30.485
West Virginia,5-12 Years,160868,2026-05-30,30.485
West Virginia,5-12 Years,160868,2026-06-06,30.485
West Virginia,5-12 Years,160868,2026-06-13,30.485
West Virginia,13-17 Years,104247,2025-08-16,0.579830423878969
West Virginia,13-17 Years,104247,2025-08-23,0.579830423878969
West Virginia,13-17 Years,104247,2025-08-30,0.579830423878969
West Virginia,13-17 Years,104247,2025-09-06,0.579830423878969
West Virginia,13-17 Years,104247,2025-09-13,0.913056777200038
West Virginia,13-17 Years,104247,2025-09-20,1.32165134169166
West Virginia,13-17 Years,104247,2025-09-27,2.00746047637885
West Virginia,13-17 Years,104247,2025-10-04,3.69999286365642
West Virginia,13-17 Years,104247,2025-10-11,4.87100881749839
West Virginia,13-17 Years,104247,2025-10-18,6.37232593474006
West Virginia,13-17 Years,104247,2025-10-25,8.17026227250035
West Virginia,13-17 Years,104247,2025-11-01,10.2788781840545
West Virginia,13-17 Years,104247,2025-11-08,14.2465557291574
West Virginia,13-17 Years,104247,2025-11-15,15.8150412589936
West Virginia,13-17 Years,104247,2025-11-22,17.0539204183638
West Virginia,13-17 Years,104247,2025-11-29,18.0237458641549
West Virginia,13-17 Years,104247,2025-12-06,19.7294436349433
West Virginia,13-17 Years,104247,2025-12-13,20.4097179691473
West Virginia,13-17 Years,104247,2025-12-20,20.9763385389039
West Virginia,13-17 Years,104247,2025-12-27,21.4519013343915
West Virginia,13-17 Years,104247,2026-01-03,21.9668890696733
West Virginia,13-17 Years,104247,2026-01-10,22.7555842436815
West Virginia,13-17 Years,104247,2026-01-17,23.0476243884617
West Virginia,13-17 Years,104247,2026-01-24,23.2970498939633
West Virginia,13-17 Years,104247,2026-01-31,23.4930057557353
West Virginia,13-17 Years,104247,2026-02-07,23.984360935298
West Virginia,13-17 Years,104247,2026-02-14,24.3210775609197
West Virginia,13-17 Years,104247,2026-02-21,24.7543498514921
West Virginia,13-17 Years,104247,2026-02-28,25.237971775111
West Virginia,13-17 Years,104247,2026-03-07,26.1295627923927
West Virginia,13-17 Years,104247,2026-03-14,26.4428780152925
West Virginia,13-17 Years,104247,2026-03-21,26.6224863600744
West Virginia,13-17 Years,104247,2026-03-28,26.7002421642637
West Virginia,13-17 Years,104247,2026-04-04,26.7621714077097
West Virginia,13-17 Years,104247,2026-04-11,26.8304283965906
West Virginia,13-17 Years,104247,2026-04-18,26.842005661437
West Virginia,13-17 Years,104247,2026-04-25,26.845
West Virginia,13-17 Years,104247,2026-05-02,26.845
West Virginia,13-17 Years,104247,2026-05-09,26.845
West Virginia,13-17 Years,104247,2026-05-16,26.845
West Virginia,13-17 Years,104247,2026-05-23,26.845
West Virginia,13-17 Years,104247,2026-05-30,26.845
West Virginia,13-17 Years,104247,2026-06-06,26.845
West Virginia,13-17 Years,104247,2026-06-13,26.845
West Virginia,6 Months - 17 Years,347544,2025-08-16,2.34150482729153
West Virginia,6 Months - 17 Years,347544,2025-08-23,2.34150482729153
West Virginia,6 Months - 17 Years,347544,2025-08-30,2.34150482729153
West Virginia,6 Months - 17 Years,347544,2025-09-06,2.34150482729153
West Virginia,6 Months - 17 Years,347544,2025-09-13,3.09291208398946
West Virginia,6 Months - 17 Years,347544,2025-09-20,3.45354486363287
West Virginia,6 Months - 17 Years,347544,2025-09-27,4.12437135661933
West Virginia,6 Months - 17 Years,347544,2025-10-04,5.81861060484262
West Virginia,6 Months - 17 Years,347544,2025-10-11,7.01668723956409
West Virginia,6 Months - 17 Years,347544,2025-10-18,8.57163904082804
West Virginia,6 Months - 17 Years,347544,2025-10-25,10.4540139163735
West Virginia,6 Months - 17 Years,347544,2025-11-01,12.6833678443066
West Virginia,6 Months - 17 Years,347544,2025-11-08,16.9323356028034
West Virginia,6 Months - 17 Years,347544,2025-11-15,18.6594962380747
West Virginia,6 Months - 17 Years,347544,2025-11-22,20.0617109533497
West Virginia,6 Months - 17 Years,347544,2025-11-29,21.1871056330301
West Virginia,6 Months - 17 Years,347544,2025-12-06,23.1703647779187
West Virginia,6 Months - 17 Years,347544,2025-12-13,23.9547193313015
West Virginia,6 Months - 17 Years,347544,2025-12-20,24.5963061986116
West Virginia,6 Months - 17 Years,347544,2025-12-27,25.1220647028208
West Virginia,6 Months - 17 Years,347544,2026-01-03,25.6771786896949
West Virginia,6 Months - 17 Years,347544,2026-01-10,26.5123541799344
West Virginia,6 Months - 17 Years,347544,2026-01-17,26.805383729256
West Virginia,6 Months - 17 Years,347544,2026-01-24,27.0438076240859
West Virginia,6 Months - 17 Years,347544,2026-01-31,27.220635183708
West Virginia,6 Months - 17 Years,347544,2026-02-07,27.6435562938795
West Virginia,6 Months - 17 Years,347544,2026-02-14,27.8934669732807
West Virginia,6 Months - 17 Years,347544,2026-02-21,28.189955618957
West Virginia,6 Months - 17 Years,347544,2026-02-28,28.5174291042929
West Virginia,6 Months - 17 Years,347544,2026-03-07,29.1624752742225
West Virginia,6 Months - 17 Years,347544,2026-03-14,29.4534139468065
West Virginia,6 Months - 17 Years,347544,2026-03-21,29.7031822216324
West Virginia,6 Months - 17 Years,347544,2026-03-28,29.9075707990019
West Virginia,6 Months - 17 Years,347544,2026-04-04,30.095811644087
West Virginia,6 Months - 17 Years,347544,2026-04-11,30.3552840749085
West Virginia,6 Months - 17 Years,347544,2026-04-18,30.4059419072489
West Virginia,6 Months - 17 Years,347544,2026-04-25,30.42
West Virginia,6 Months - 17 Years,347544,2026-05-02,30.42
West Virginia,6 Months - 17 Years,347544,2026-05-09,30.42
West Virginia,6 Months - 17 Years,347544,2026-05-16,30.42
West Virginia,6 Months - 17 Years,347544,2026-05-23,30.42
West Virginia,6 Months - 17 Years,347544,2026-05-30,30.42
West Virginia,6 Months - 17 Years,347544,2026-06-06,30.42
West Virginia,6 Months - 17 Years,347544,2026-06-13,30.42
West Virginia,18-49 Years,689960,2025-08-16,0.53385834786906
West Virginia,18-49 Years,689960,2025-08-23,0.53385834786906
West Virginia,18-49 Years,689960,2025-08-30,0.53385834786906
West Virginia,18-49 Years,689960,2025-09-06,0.53385834786906
West Virginia,18-49 Years,689960,2025-09-13,0.699302326658952
West Virginia,18-49 Years,689960,2025-09-20,0.77108838476077
West Virginia,18-49 Years,689960,2025-09-27,1.05808148454552
West Virginia,18-49 Years,689960,2025-10-04,1.87321607511314
West Virginia,18-49 Years,689960,2025-10-11,2.54838839220696
West Virginia,18-49 Years,689960,2025-10-18,3.53012325750507
West Virginia,18-49 Years,689960,2025-10-25,4.81885737592607
West Virginia,18-49 Years,689960,2025-11-01,6.41172698432697
West Virginia,18-49 Years,689960,2025-11-08,9.58048470856481
West Virginia,18-49 Years,689960,2025-11-15,10.9491425986406
West Virginia,18-49 Years,689960,2025-11-22,12.1080733457251
West Virginia,18-49 Years,689960,2025-11-29,13.0618867785649
West Virginia,18-49 Years,689960,2025-12-06,14.7058926966413
West Virginia,18-49 Years,689960,2025-12-13,15.2942140393757
West Virginia,18-49 Years,689960,2025-12-20,15.7094357912969
West Virginia,18-49 Years,689960,2025-12-27,15.9956935401178
West Virginia,18-49 Years,689960,2026-01-03,16.2875093912004
West Virginia,18-49 Years,689960,2026-01-10,16.7086103006761
West Virginia,18-49 Years,689960,2026-01-17,16.8590208530031
West Virginia,18-49 Years,689960,2026-01-24,16.9872756274396
West Virginia,18-49 Years,689960,2026-01-31,17.0859002276584
West Virginia,18-49 Years,689960,2026-02-07,17.3221963061452
West Virginia,18-49 Years,689960,2026-02-14,17.4636767146104
West Virginia,18-49 Years,689960,2026-02-21,17.6315026780348
West Virginia,18-49 Years,689960,2026-02-28,17.8128291882449
West Virginia,18-49 Years,689960,2026-03-07,18.1529377778185
West Virginia,18-49 Years,689960,2026-03-14,18.2830359490606
West Virginia,18-49 Years,689960,2026-03-21,18.3717912598833
West Virginia,18-49 Years,689960,2026-03-28,18.4280972836753
West Virginia,18-49 Years,689960,2026-04-04,18.4909488805564
West Virginia,18-49 Years,689960,2026-04-11,18.5875467188923
West Virginia,18-49 Years,689960,2026-04-18,18.6379187864554
West Virginia,18-49 Years,689960,2026-04-25,18.6925595406107
West Virginia,18-49 Years,689960,2026-05-02,18.737015425113
West Virginia,18-49 Years,689960,2026-05-09,18.8195089084526
West Virginia,18-49 Years,689960,2026-05-16,18.8413150858667
West Virginia,18-49 Years,689960,2026-05-23,18.8493245021004
West Virginia,18-49 Years,689960,2026-05-30,18.8497748340335
West Virginia,18-49 Years,689960,2026-06-06,18.85
West Virginia,18-49 Years,689960,2026-06-13,18.85
West Virginia,50-64 Years,364021,2025-08-16,0.752208768420641
West Virginia,50-64 Years,364021,2025-08-23,0.752208768420641
West Virginia,50-64 Years,364021,2025-08-30,0.752208768420641
West Virginia,50-64 Years,364021,2025-09-06,0.752208768420641
West Virginia,50-64 Years,364021,2025-09-13,1.0098063436092
West Virginia,50-64 Years,364021,2025-09-20,1.16097309232859
West Virginia,50-64 Years,364021,2025-09-27,1.66252801708253
West Virginia,50-64 Years,364021,2025-10-04,3.04244918108606
West Virginia,50-64 Years,364021,2025-10-11,4.08990776000604
West Virginia,50-64 Years,364021,2025-10-18,5.50160308196835
West Virginia,50-64 Years,364021,2025-10-25,7.26945235208034
West Virginia,50-64 Years,364021,2025-11-01,9.43091499337402
West Virginia,50-64 Years,364021,2025-11-08,13.7268416440694
West Virginia,50-64 Years,364021,2025-11-15,15.6404924986152
West Virginia,50-64 Years,364021,2025-11-22,17.3335992187095
West Virginia,50-64 Years,364021,2025-11-29,18.7943825412332
West Virginia,50-64 Years,364021,2025-12-06,21.3783361974077
West Virginia,50-64 Years,364021,2025-12-13,22.3556367984244
West Virginia,50-64 Years,364021,2025-12-20,23.0876015116279
West Virginia,50-64 Years,364021,2025-12-27,23.6285621789737
West Virginia,50-64 Years,364021,2026-01-03,24.1951271956139
West Virginia,50-64 Years,364021,2026-01-10,25.0344314614748
West Virginia,50-64 Years,364021,2026-01-17,25.3457202544221
West Virginia,50-64 Years,364021,2026-01-24,25.6162392063525
West Virginia,50-64 Years,364021,2026-01-31,25.8255151172815
West Virginia,50-64 Years,364021,2026-02-07,26.3124085155081
West Virginia,50-64 Years,364021,2026-02-14,26.5769735491324
West Virginia,50-64 Years,364021,2026-02-21,26.8690639816166
West Virginia,50-64 Years,364021,2026-02-28,27.1758192843521
West Virginia,50-64 Years,364021,2026-03-07,27.7662158256227
West Virginia,50-64 Years,364021,2026-03-14,28.0189515887248
West Virginia,50-64 Years,364021,2026-03-21,28.2257377058242
West Virginia,50-64 Years,364021,2026-03-28,28.3934819814319
West Virginia,50-64 Years,364021,2026-04-04,28.5868696487764
West Virginia,50-64 Years,364021,2026-04-11,28.8951221474726
West Virginia,50-64 Years,364021,2026-04-18,29.0367299952855
West Virginia,50-64 Years,364021,2026-04-25,29.1783055806521
West Virginia,50-64 Years,364021,2026-05-02,29.2961127730951
West Virginia,50-64 Years,364021,2026-05-09,29.5480402197003
West Virginia,50-64 Years,364021,2026-05-16,29.6549085854181
West Virginia,50-64 Years,364021,2026-05-23,29.7459284899685
West Virginia,50-64 Years,364021,2026-05-30,29.8228373800905
West Virginia,50-64 Years,364021,2026-06-06,29.9579505703509
West Virginia,50-64 Years,364021,2026-06-13,30.0071182405604
West Virginia,65+ Years,373569,2025-08-16,1.24107652788022
West Virginia,65+ Years,373569,2025-08-23,1.24107652788022
West Virginia,65+ Years,373569,2025-08-30,1.24107652788022
West Virginia,65+ Years,373569,2025-09-06,1.24107652788022
West Virginia,65+ Years,373569,2025-09-13,2.02381628323836
West Virginia,65+ Years,373569,2025-09-20,3.04937451617467
West Virginia,65+ Years,373569,2025-09-27,4.80090554251093
West Virginia,65+ Years,373569,2025-10-04,9.1415188467805
West Virginia,65+ Years,373569,2025-10-11,12.1565811813024
West Virginia,65+ Years,373569,2025-10-18,16.0306914014289
West Virginia,65+ Years,373569,2025-10-25,20.6794937161585
West Virginia,65+ Years,373569,2025-11-01,26.1418186783317
West Virginia,65+ Years,373569,2025-11-08,36.4543365704491
West Virginia,65+ Years,373569,2025-11-15,40.5742390022102
West Virginia,65+ Years,373569,2025-11-22,43.8642750453335
West Virginia,65+ Years,373569,2025-11-29,46.4491692915496
West Virginia,65+ Years,373569,2025-12-06,50.9164182719163
West Virginia,65+ Years,373569,2025-12-13,52.5851440585298
West Virginia,65+ Years,373569,2025-12-20,53.8618028084641
West Virginia,65+ Years,373569,2025-12-27,54.8468435101648
West Virginia,65+ Years,373569,2026-01-03,55.9411951851087
West Virginia,65+ Years,373569,2026-01-10,57.6331171572287
West Virginia,65+ Years,373569,2026-01-17,58.3773805477997
West Virginia,65+ Years,373569,2026-01-24,59.1082080834057
West Virginia,65+ Years,373569,2026-01-31,59.7036028673316
West Virginia,65+ Years,373569,2026-02-07,60.9595676242244
West Virginia,65+ Years,373569,2026-02-14,61.4703229865745
West Virginia,65+ Years,373569,2026-02-21,61.8875236018713
West Virginia,65+ Years,373569,2026-02-28,62.2262644877741
West Virginia,65+ Years,373569,2026-03-07,62.8198735723021
West Virginia,65+ Years,373569,2026-03-14,63.0565949780002
West Virginia,65+ Years,373569,2026-03-21,63.2547389827557
West Virginia,65+ Years,373569,2026-03-28,63.420950206898
West Virginia,65+ Years,373569,2026-04-04,63.5946191076108
West Virginia,65+ Years,373569,2026-04-11,63.8550262525844
West Virginia,65+ Years,373569,2026-04-18,63.9426762327623
West Virginia,65+ Years,373569,2026-04-25,64.0106909177059
West Virginia,65+ Years,373569,2026-05-02,64.0580343070257
West Virginia,65+ Years,373569,2026-05-09,64.1643676402437
West Virginia,65+ Years,373569,2026-05-16,64.2162287766056
West Virginia,65+ Years,373569,2026-05-23,64.2694422533113
West Virginia,65+ Years,373569,2026-05-30,64.3237359096617
West Virginia,65+ Years,373569,2026-06-06,64.4318665822761
West Virginia,65+ Years,373569,2026-06-13,64.4854392390336
Wisconsin,6 Months - 4 Years,294900,2025-08-16,1.88573541149171
Wisconsin,6 Months - 4 Years,294900,2025-08-23,1.88573541149171
Wisconsin,6 Months - 4 Years,294900,2025-08-30,1.88573541149171
Wisconsin,6 Months - 4 Years,294900,2025-09-06,1.88573541149171
Wisconsin,6 Months - 4 Years,294900,2025-09-13,2.76879683152556
Wisconsin,6 Months - 4 Years,294900,2025-09-20,3.65916498975173
Wisconsin,6 Months - 4 Years,294900,2025-09-27,4.85376600554593
Wisconsin,6 Months - 4 Years,294900,2025-10-04,7.61667240233227
Wisconsin,6 Months - 4 Years,294900,2025-10-11,9.37558152198952
Wisconsin,6 Months - 4 Years,294900,2025-10-18,11.5090691702363
Wisconsin,6 Months - 4 Years,294900,2025-10-25,13.9722583246293
Wisconsin,6 Months - 4 Years,294900,2025-11-01,16.8322753890702
Wisconsin,6 Months - 4 Years,294900,2025-11-08,22.2230802020176
Wisconsin,6 Months - 4 Years,294900,2025-11-15,24.462150824189
Wisconsin,6 Months - 4 Years,294900,2025-11-22,26.352078135928
Wisconsin,6 Months - 4 Years,294900,2025-11-29,27.8965173856151
Wisconsin,6 Months - 4 Years,294900,2025-12-06,30.4913979254672
Wisconsin,6 Months - 4 Years,294900,2025-12-13,31.353329382995
Wisconsin,6 Months - 4 Years,294900,2025-12-20,31.9021226141516
Wisconsin,6 Months - 4 Years,294900,2025-12-27,32.2311138567451
Wisconsin,6 Months - 4 Years,294900,2026-01-03,32.5614823872298
Wisconsin,6 Months - 4 Years,294900,2026-01-10,33.0270748981648
Wisconsin,6 Months - 4 Years,294900,2026-01-17,33.2030980054332
Wisconsin,6 Months - 4 Years,294900,2026-01-24,33.3632329224468
Wisconsin,6 Months - 4 Years,294900,2026-01-31,33.492542242153
Wisconsin,6 Months - 4 Years,294900,2026-02-07,33.8010668284479
Wisconsin,6 Months - 4 Years,294900,2026-02-14,33.983636023987
Wisconsin,6 Months - 4 Years,294900,2026-02-21,34.1962914251121
Wisconsin,6 Months - 4 Years,294900,2026-02-28,34.420625079798
Wisconsin,6 Months - 4 Years,294900,2026-03-07,34.8288775150414
Wisconsin,6 Months - 4 Years,294900,2026-03-14,34.9716851113703
Wisconsin,6 Months - 4 Years,294900,2026-03-21,35.0556884833895
Wisconsin,6 Months - 4 Years,294900,2026-03-28,35.0973465023888
Wisconsin,6 Months - 4 Years,294900,2026-04-04,35.178918783217
Wisconsin,6 Months - 4 Years,294900,2026-04-11,35.3507361227005
Wisconsin,6 Months - 4 Years,294900,2026-04-18,35.5955551052688
Wisconsin,6 Months - 4 Years,294900,2026-04-25,35.989327498982
Wisconsin,6 Months - 4 Years,294900,2026-05-02,36.4264975693704
Wisconsin,6 Months - 4 Years,294900,2026-05-09,37.2715992740922
Wisconsin,6 Months - 4 Years,294900,2026-05-16,37.5267792805083
Wisconsin,6 Months - 4 Years,294900,2026-05-23,37.6262451038659
Wisconsin,6 Months - 4 Years,294900,2026-05-30,37.6320817012886
Wisconsin,6 Months - 4 Years,294900,2026-06-06,37.635
Wisconsin,6 Months - 4 Years,294900,2026-06-13,37.635
Wisconsin,5-12 Years,561448,2025-08-16,2.35660993401027
Wisconsin,5-12 Years,561448,2025-08-23,2.35660993401027
Wisconsin,5-12 Years,561448,2025-08-30,2.35660993401027
Wisconsin,5-12 Years,561448,2025-09-06,2.35660993401027
Wisconsin,5-12 Years,561448,2025-09-13,3.18592709030805
Wisconsin,5-12 Years,561448,2025-09-20,3.70670696320392
Wisconsin,5-12 Years,561448,2025-09-27,4.51676505654046
Wisconsin,5-12 Years,561448,2025-10-04,6.47661358582472
Wisconsin,5-12 Years,561448,2025-10-11,7.78052974078416
Wisconsin,5-12 Years,561448,2025-10-18,9.4024638703161
Wisconsin,5-12 Years,561448,2025-10-25,11.3244243127034
Wisconsin,5-12 Years,561448,2025-11-01,13.620119779945
Wisconsin,5-12 Years,561448,2025-11-08,18.1089123301959
Wisconsin,5-12 Years,561448,2025-11-15,20.1120963781481
Wisconsin,5-12 Years,561448,2025-11-22,21.9186701430963
Wisconsin,5-12 Years,561448,2025-11-29,23.5164717012784
Wisconsin,5-12 Years,561448,2025-12-06,26.4006470886815
Wisconsin,5-12 Years,561448,2025-12-13,27.5492254880609
Wisconsin,5-12 Years,561448,2025-12-20,28.4634511615906
Wisconsin,5-12 Years,561448,2025-12-27,29.1880229662614
Wisconsin,5-12 Years,561448,2026-01-03,29.9770984669834
Wisconsin,5-12 Years,561448,2026-01-10,31.1885596275235
Wisconsin,5-12 Years,561448,2026-01-17,31.6869737187987
Wisconsin,5-12 Years,561448,2026-01-24,32.1463126033437
Wisconsin,5-12 Years,561448,2026-01-31,32.4876599060502
Wisconsin,5-12 Years,561448,2026-02-07,33.1469318835011
Wisconsin,5-12 Years,561448,2026-02-14,33.3467439087225
Wisconsin,5-12 Years,561448,2026-02-21,33.4560640306719
Wisconsin,5-12 Years,561448,2026-02-28,33.5115548638253
Wisconsin,5-12 Years,561448,2026-03-07,33.6305239295491
Wisconsin,5-12 Years,561448,2026-03-14,33.7840484979289
Wisconsin,5-12 Years,561448,2026-03-21,34.0761644050401
Wisconsin,5-12 Years,561448,2026-03-28,34.4967774033185
Wisconsin,5-12 Years,561448,2026-04-04,35.0053161092724
Wisconsin,5-12 Years,561448,2026-04-11,35.907226168698
Wisconsin,5-12 Years,561448,2026-04-18,36.2007012779373
Wisconsin,5-12 Years,561448,2026-04-25,36.3770504148492
Wisconsin,5-12 Years,561448,2026-05-02,36.4615854952678
Wisconsin,5-12 Years,561448,2026-05-09,36.6127378990322
Wisconsin,5-12 Years,561448,2026-05-16,36.6473326902545
Wisconsin,5-12 Years,561448,2026-05-23,36.6590717024948
Wisconsin,5-12 Years,561448,2026-05-30,36.6596905674983
Wisconsin,5-12 Years,561448,2026-06-06,36.66
Wisconsin,5-12 Years,561448,2026-06-13,36.66
Wisconsin,13-17 Years,370793,2025-08-16,2.90407915139805
Wisconsin,13-17 Years,370793,2025-08-23,2.90407915139805
Wisconsin,13-17 Years,370793,2025-08-30,2.90407915139805
Wisconsin,13-17 Years,370793,2025-09-06,2.90407915139805
Wisconsin,13-17 Years,370793,2025-09-13,3.68367395225496
Wisconsin,13-17 Years,370793,2025-09-20,3.80260210436132
Wisconsin,13-17 Years,370793,2025-09-27,4.28265391218677
Wisconsin,13-17 Years,370793,2025-10-04,5.6402426758777
Wisconsin,13-17 Years,370793,2025-10-11,6.73095846161136
Wisconsin,13-17 Years,370793,2025-10-18,8.27457820359775
Wisconsin,13-17 Years,370793,2025-10-25,10.2744646706363
Wisconsin,13-17 Years,370793,2025-11-01,12.7547411927911
Wisconsin,13-17 Years,370793,2025-11-08,17.7615316616316
Wisconsin,13-17 Years,370793,2025-11-15,20.0552585537804
Wisconsin,13-17 Years,370793,2025-11-22,22.1199016185543
Wisconsin,13-17 Years,370793,2025-11-29,23.8797219540303
Wisconsin,13-17 Years,370793,2025-12-06,26.7955046919042
Wisconsin,13-17 Years,370793,2025-12-13,27.6713661070713
Wisconsin,13-17 Years,370793,2025-12-20,28.1138368225246
Wisconsin,13-17 Years,370793,2025-12-27,28.2718146329338
Wisconsin,13-17 Years,370793,2026-01-03,28.4563660776906
Wisconsin,13-17 Years,370793,2026-01-10,28.7452892670463
Wisconsin,13-17 Years,370793,2026-01-17,29.0073511890484
Wisconsin,13-17 Years,370793,2026-01-24,29.3844719019061
Wisconsin,13-17 Years,370793,2026-01-31,29.7824491919006
Wisconsin,13-17 Years,370793,2026-02-07,30.575269242294
Wisconsin,13-17 Years,370793,2026-02-14,30.8384299636941
Wisconsin,13-17 Years,370793,2026-02-21,30.975240098638
Wisconsin,13-17 Years,370793,2026-02-28,31.0258734597286
Wisconsin,13-17 Years,370793,2026-03-07,31.1020657312687
Wisconsin,13-17 Years,370793,2026-03-14,31.1317776991614
Wisconsin,13-17 Years,370793,2026-03-21,31.1602440765483
Wisconsin,13-17 Years,370793,2026-03-28,31.1903989419665
Wisconsin,13-17 Years,370793,2026-04-04,31.2860247881657
Wisconsin,13-17 Years,370793,2026-04-11,31.5183351930429
Wisconsin,13-17 Years,370793,2026-04-18,31.8837206493745
Wisconsin,13-17 Years,370793,2026-04-25,32.4827831965988
Wisconsin,13-17 Years,370793,2026-05-02,33.1585903775026
Wisconsin,13-17 Years,370793,2026-05-09,34.4678655911843
Wisconsin,13-17 Years,370793,2026-05-16,34.8657792462724
Wisconsin,13-17 Years,370793,2026-05-23,35.0212877974177
Wisconsin,13-17 Years,370793,2026-05-30,35.0304292658059
Wisconsin,13-17 Years,370793,2026-06-06,35.035
Wisconsin,13-17 Years,370793,2026-06-13,35.035
Wisconsin,6 Months - 17 Years,1227140,2025-08-16,2.5146482575071
Wisconsin,6 Months - 17 Years,1227140,2025-08-23,2.5146482575071
Wisconsin,6 Months - 17 Years,1227140,2025-08-30,2.5146482575071
Wisconsin,6 Months - 17 Years,1227140,2025-09-06,2.5146482575071
Wisconsin,6 Months - 17 Years,1227140,2025-09-13,3.32051780384296
Wisconsin,6 Months - 17 Years,1227140,2025-09-20,3.70549002036143
Wisconsin,6 Months - 17 Years,1227140,2025-09-27,4.4405805931351
Wisconsin,6 Months - 17 Years,1227140,2025-10-04,6.30670011749633
Wisconsin,6 Months - 17 Years,1227140,2025-10-11,7.61900884794281
Wisconsin,6 Months - 17 Years,1227140,2025-10-18,9.31070344437028
Wisconsin,6 Months - 17 Years,1227140,2025-10-25,11.3636509654194
Wisconsin,6 Months - 17 Years,1227140,2025-11-01,13.8339274208023
Wisconsin,6 Months - 17 Years,1227140,2025-11-08,18.6826680555305
Wisconsin,6 Months - 17 Years,1227140,2025-11-15,20.8332839601437
Wisconsin,6 Months - 17 Years,1227140,2025-11-22,22.7441677746663
Wisconsin,6 Months - 17 Years,1227140,2025-11-29,24.3894986671406
Wisconsin,6 Months - 17 Years,1227140,2025-12-06,27.2511475554397
Wisconsin,6 Months - 17 Years,1227140,2025-12-13,28.2734339970646
Wisconsin,6 Months - 17 Years,1227140,2025-12-20,28.9795338065556
Wisconsin,6 Months - 17 Years,1227140,2025-12-27,29.4538388829985
Wisconsin,6 Months - 17 Years,1227140,2026-01-03,29.9719420928179
Wisconsin,6 Months - 17 Years,1227140,2026-01-10,30.7568570641429
Wisconsin,6 Months - 17 Years,1227140,2026-01-17,31.1239438043035
Wisconsin,6 Months - 17 Years,1227140,2026-01-24,31.5019692696023
Wisconsin,6 Months - 17 Years,1227140,2026-01-31,31.8124433401556
Wisconsin,6 Months - 17 Years,1227140,2026-02-07,32.4324735679308
Wisconsin,6 Months - 17 Years,1227140,2026-02-14,32.6413534087152
Wisconsin,6 Months - 17 Years,1227140,2026-02-21,32.7721331573541
Wisconsin,6 Months - 17 Years,1227140,2026-02-28,32.8533038976926
Wisconsin,6 Months - 17 Years,1227140,2026-03-07,33.0093682693545
Wisconsin,6 Months - 17 Years,1227140,2026-03-14,33.1144549676076
Wisconsin,6 Months - 17 Years,1227140,2026-03-21,33.2658968462134
Wisconsin,6 Months - 17 Years,1227140,2026-03-28,33.4688157888869
Wisconsin,6 Months - 17 Years,1227140,2026-04-04,33.7754813430236
Wisconsin,6 Months - 17 Years,1227140,2026-04-11,34.361240379723
Wisconsin,6 Months - 17 Years,1227140,2026-04-18,34.7105701379979
Wisconsin,6 Months - 17 Years,1227140,2026-04-25,35.0962546070707
Wisconsin,6 Months - 17 Years,1227140,2026-05-02,35.4229872724679
Wisconsin,6 Months - 17 Years,1227140,2026-05-09,36.0350602114465
Wisconsin,6 Months - 17 Years,1227140,2026-05-16,36.2022772568972
Wisconsin,6 Months - 17 Years,1227140,2026-05-23,36.2646750343278
Wisconsin,6 Months - 17 Years,1227140,2026-05-30,36.2682250114426
Wisconsin,6 Months - 17 Years,1227140,2026-06-06,36.27
Wisconsin,6 Months - 17 Years,1227140,2026-06-13,36.27
Wisconsin,18-49 Years,2338865,2025-08-16,0.608115752229775
Wisconsin,18-49 Years,2338865,2025-08-23,0.608115752229775
Wisconsin,18-49 Years,2338865,2025-08-30,0.608115752229775
Wisconsin,18-49 Years,2338865,2025-09-06,0.608115752229775
Wisconsin,18-49 Years,2338865,2025-09-13,0.898437623225588
Wisconsin,18-49 Years,2338865,2025-09-20,1.19877647701655
Wisconsin,18-49 Years,2338865,2025-09-27,1.74559109121995
Wisconsin,18-49 Years,2338865,2025-10-04,3.12042478205178
Wisconsin,18-49 Years,2338865,2025-10-11,4.09078820251978
Wisconsin,18-49 Years,2338865,2025-10-18,5.34988288609274
Wisconsin,18-49 Years,2338865,2025-10-25,6.87097248360154
Wisconsin,18-49 Years,2338865,2025-11-01,8.66366506665018
Wisconsin,18-49 Years,2338865,2025-11-08,12.0587363946496
Wisconsin,18-49 Years,2338865,2025-11-15,13.4217713885678
Wisconsin,18-49 Years,2338865,2025-11-22,14.5132493815405
Wisconsin,18-49 Years,2338865,2025-11-29,15.3676375163266
Wisconsin,18-49 Years,2338865,2025-12-06,16.8207602879303
Wisconsin,18-49 Years,2338865,2025-12-13,17.3350400526893
Wisconsin,18-49 Years,2338865,2025-12-20,17.7005091758166
Wisconsin,18-49 Years,2338865,2025-12-27,17.9594716010023
Wisconsin,18-49 Years,2338865,2026-01-03,18.244744939395
Wisconsin,18-49 Years,2338865,2026-01-10,18.679305579679
Wisconsin,18-49 Years,2338865,2026-01-17,18.8734923932994
Wisconsin,18-49 Years,2338865,2026-01-24,19.0704932101453
Wisconsin,18-49 Years,2338865,2026-01-31,19.243608634502
Wisconsin,18-49 Years,2338865,2026-02-07,19.6456604925545
Wisconsin,18-49 Years,2338865,2026-02-14,19.8590478106012
Wisconsin,18-49 Years,2338865,2026-02-21,20.0847255098909
Wisconsin,18-49 Years,2338865,2026-02-28,20.3150735625539
Wisconsin,18-49 Years,2338865,2026-03-07,20.7584983490101
Wisconsin,18-49 Years,2338865,2026-03-14,20.9498307773364
Wisconsin,18-49 Years,2338865,2026-03-21,21.1089705065426
Wisconsin,18-49 Years,2338865,2026-03-28,21.2427884864904
Wisconsin,18-49 Years,2338865,2026-04-04,21.4153390025612
Wisconsin,18-49 Years,2338865,2026-04-11,21.7096426687827
Wisconsin,18-49 Years,2338865,2026-04-18,21.8849749555083
Wisconsin,18-49 Years,2338865,2026-04-25,22.0897440169497
Wisconsin,18-49 Years,2338865,2026-05-02,22.278053964176
Wisconsin,18-49 Years,2338865,2026-05-09,22.6655833168377
Wisconsin,18-49 Years,2338865,2026-05-16,22.8123448503898
Wisconsin,18-49 Years,2338865,2026-05-23,22.9164280209718
Wisconsin,18-49 Years,2338865,2026-05-30,22.9869288386839
Wisconsin,18-49 Years,2338865,2026-06-06,23.0950182259494
Wisconsin,18-49 Years,2338865,2026-06-13,23.1150013139194
Wisconsin,50-64 Years,1184153,2025-08-16,0.731221449762132
Wisconsin,50-64 Years,1184153,2025-08-23,0.731221449762132
Wisconsin,50-64 Years,1184153,2025-08-30,0.731221449762132
Wisconsin,50-64 Years,1184153,2025-09-06,0.731221449762132
Wisconsin,50-64 Years,1184153,2025-09-13,0.958919769856181
Wisconsin,50-64 Years,1184153,2025-09-20,1.06285382560401
Wisconsin,50-64 Years,1184153,2025-09-27,1.4675061352165
Wisconsin,50-64 Years,1184153,2025-10-04,2.63125839012026
Wisconsin,50-64 Years,1184153,2025-10-11,3.6928655581405
Wisconsin,50-64 Years,1184153,2025-10-18,5.36158418306049
Wisconsin,50-64 Years,1184153,2025-10-25,7.63066868681234
Wisconsin,50-64 Years,1184153,2025-11-01,10.4099132933044
Wisconsin,50-64 Years,1184153,2025-11-08,15.7822586374312
Wisconsin,50-64 Years,1184153,2025-11-15,17.8586861929822
Wisconsin,50-64 Years,1184153,2025-11-22,19.389095283106
Wisconsin,50-64 Years,1184153,2025-11-29,20.4823149352115
Wisconsin,50-64 Years,1184153,2025-12-06,22.3157260860511
Wisconsin,50-64 Years,1184153,2025-12-13,22.9624915801945
Wisconsin,50-64 Years,1184153,2025-12-20,23.431616331202
Wisconsin,50-64 Years,1184153,2025-12-27,23.776616915546
Wisconsin,50-64 Years,1184153,2026-01-03,24.1700237297741
Wisconsin,50-64 Years,1184153,2026-01-10,24.7840243089647
Wisconsin,50-64 Years,1184153,2026-01-17,25.0787811250635
Wisconsin,50-64 Years,1184153,2026-01-24,25.3925798729087
Wisconsin,50-64 Years,1184153,2026-01-31,25.6799468279236
Wisconsin,50-64 Years,1184153,2026-02-07,26.3483792437062
Wisconsin,50-64 Years,1184153,2026-02-14,26.7037707756409
Wisconsin,50-64 Years,1184153,2026-02-21,27.0762413611589
Wisconsin,50-64 Years,1184153,2026-02-28,27.451092218647
Wisconsin,50-64 Years,1184153,2026-03-07,28.1635995505537
Wisconsin,50-64 Years,1184153,2026-03-14,28.4696659168578
Wisconsin,50-64 Years,1184153,2026-03-21,28.7250490059881
Wisconsin,50-64 Years,1184153,2026-03-28,28.9327261255375
Wisconsin,50-64 Years,1184153,2026-04-04,29.1430378006417
Wisconsin,50-64 Years,1184153,2026-04-11,29.4522247980682
Wisconsin,50-64 Years,1184153,2026-04-18,29.5477593376069
Wisconsin,50-64 Years,1184153,2026-04-25,29.6149435040081
Wisconsin,50-64 Years,1184153,2026-05-02,29.656194224293
Wisconsin,50-64 Years,1184153,2026-05-09,29.7419948345109
Wisconsin,50-64 Years,1184153,2026-05-16,29.7764317904819
Wisconsin,50-64 Years,1184153,2026-05-23,29.8063594219954
Wisconsin,50-64 Years,1184153,2026-05-30,29.8322622818316
Wisconsin,50-64 Years,1184153,2026-06-06,29.8769427690558
Wisconsin,50-64 Years,1184153,2026-06-13,29.8919857367955
Wisconsin,65+ Years,1047935,2025-08-16,1.14384407773769
Wisconsin,65+ Years,1047935,2025-08-23,1.14384407773769
Wisconsin,65+ Years,1047935,2025-08-30,1.14384407773769
Wisconsin,65+ Years,1047935,2025-09-06,1.14384407773769
Wisconsin,65+ Years,1047935,2025-09-13,1.97570971034484
Wisconsin,65+ Years,1047935,2025-09-20,3.15973482091495
Wisconsin,65+ Years,1047935,2025-09-27,5.03581869829626
Wisconsin,65+ Years,1047935,2025-10-04,9.59864922886444
Wisconsin,65+ Years,1047935,2025-10-11,12.6950251506102
Wisconsin,65+ Years,1047935,2025-10-18,16.6137378390804
Wisconsin,65+ Years,1047935,2025-10-25,21.2720984631633
Wisconsin,65+ Years,1047935,2025-11-01,26.7365509339326
Wisconsin,65+ Years,1047935,2025-11-08,37.0699364472285
Wisconsin,65+ Years,1047935,2025-11-15,41.2598856066217
Wisconsin,65+ Years,1047935,2025-11-22,44.6733284553079
Wisconsin,65+ Years,1047935,2025-11-29,47.4025943524546
Wisconsin,65+ Years,1047935,2025-12-06,52.1091083712811
Wisconsin,65+ Years,1047935,2025-12-13,53.8333550814366
Wisconsin,65+ Years,1047935,2025-12-20,55.1101494712303
Wisconsin,65+ Years,1047935,2025-12-27,56.0592087586508
Wisconsin,65+ Years,1047935,2026-01-03,57.1173416062749
Wisconsin,65+ Years,1047935,2026-01-10,58.7501151227666
Wisconsin,65+ Years,1047935,2026-01-17,59.4867542986165
Wisconsin,65+ Years,1047935,2026-01-24,60.2305380410778
Wisconsin,65+ Years,1047935,2026-01-31,60.8663765236752
Wisconsin,65+ Years,1047935,2026-02-07,62.2777450624217
Wisconsin,65+ Years,1047935,2026-02-14,62.9429069695825
Wisconsin,65+ Years,1047935,2026-02-21,63.5721409417267
Wisconsin,65+ Years,1047935,2026-02-28,64.1503621069633
Wisconsin,65+ Years,1047935,2026-03-07,65.1886543131344
Wisconsin,65+ Years,1047935,2026-03-14,65.5847554575471
Wisconsin,65+ Years,1047935,2026-03-21,65.8786058333582
Wisconsin,65+ Years,1047935,2026-03-28,66.0965331170398
Wisconsin,65+ Years,1047935,2026-04-04,66.3628221485035
Wisconsin,65+ Years,1047935,2026-04-11,66.7987707738438
Wisconsin,65+ Years,1047935,2026-04-18,67.0507608232597
Wisconsin,65+ Years,1047935,2026-04-25,67.3442703420655
Wisconsin,65+ Years,1047935,2026-05-02,67.61527770084
Wisconsin,65+ Years,1047935,2026-05-09,68.1828022106721
Wisconsin,65+ Years,1047935,2026-05-16,68.4091511545886
Wisconsin,65+ Years,1047935,2026-05-23,68.5815694769572
Wisconsin,65+ Years,1047935,2026-05-30,68.7085323392032
Wisconsin,65+ Years,1047935,2026-06-06,68.9101024764102
Wisconsin,65+ Years,1047935,2026-06-13,68.9548351179761
Wyoming,6 Months - 4 Years,30624,2025-08-16,2.40037833410958
Wyoming,6 Months - 4 Years,30624,2025-08-23,2.40037833410958
Wyoming,6 Months - 4 Years,30624,2025-08-30,2.40037833410958
Wyoming,6 Months - 4 Years,30624,2025-09-06,2.40037833410958
Wyoming,6 Months - 4 Years,30624,2025-09-13,3.17425671348758
Wyoming,6 Months - 4 Years,30624,2025-09-20,3.55194381240892
Wyoming,6 Months - 4 Years,30624,2025-09-27,4.33347678390262
Wyoming,6 Months - 4 Years,30624,2025-10-04,6.34900685638639
Wyoming,6 Months - 4 Years,30624,2025-10-11,7.81055141404348
Wyoming,6 Months - 4 Years,30624,2025-10-18,9.73795665424405
Wyoming,6 Months - 4 Years,30624,2025-10-25,12.0921167380319
Wyoming,6 Months - 4 Years,30624,2025-11-01,14.8800346179411
Wyoming,6 Months - 4 Years,30624,2025-11-08,20.1862746885266
Wyoming,6 Months - 4 Years,30624,2025-11-15,22.3338690020601
Wyoming,6 Months - 4 Years,30624,2025-11-22,24.0614010862739
Wyoming,6 Months - 4 Years,30624,2025-11-29,25.4046252155261
Wyoming,6 Months - 4 Years,30624,2025-12-06,27.6258811730019
Wyoming,6 Months - 4 Years,30624,2025-12-13,28.3427799561189
Wyoming,6 Months - 4 Years,30624,2025-12-20,28.7863819895296
Wyoming,6 Months - 4 Years,30624,2025-12-27,29.04278028686
Wyoming,6 Months - 4 Years,30624,2026-01-03,29.3034337500795
Wyoming,6 Months - 4 Years,30624,2026-01-10,29.6744508403232
Wyoming,6 Months - 4 Years,30624,2026-01-17,29.8319146289895
Wyoming,6 Months - 4 Years,30624,2026-01-24,29.9855956552811
Wyoming,6 Months - 4 Years,30624,2026-01-31,30.1037783850938
Wyoming,6 Months - 4 Years,30624,2026-02-07,30.3302109871864
Wyoming,6 Months - 4 Years,30624,2026-02-14,30.3973979770404
Wyoming,6 Months - 4 Years,30624,2026-02-21,30.4323514341782
Wyoming,6 Months - 4 Years,30624,2026-02-28,30.4476032729403
Wyoming,6 Months - 4 Years,30624,2026-03-07,30.4731859225294
Wyoming,6 Months - 4 Years,30624,2026-03-14,30.4863341408784
Wyoming,6 Months - 4 Years,30624,2026-03-21,30.5024425065286
Wyoming,6 Months - 4 Years,30624,2026-03-28,30.5224600754773
Wyoming,6 Months - 4 Years,30624,2026-04-04,30.5565779676339
Wyoming,6 Months - 4 Years,30624,2026-04-11,30.6245257782411
Wyoming,6 Months - 4 Years,30624,2026-04-18,30.6791509127672
Wyoming,6 Months - 4 Years,30624,2026-04-25,30.7507087548784
Wyoming,6 Months - 4 Years,30624,2026-05-02,30.8198776578455
Wyoming,6 Months - 4 Years,30624,2026-05-09,30.9514731237637
Wyoming,6 Months - 4 Years,30624,2026-05-16,30.9893025469126
Wyoming,6 Months - 4 Years,30624,2026-05-23,31.0037467457899
Wyoming,6 Months - 4 Years,30624,2026-05-30,31.0045822485966
Wyoming,6 Months - 4 Years,30624,2026-06-06,31.005
Wyoming,6 Months - 4 Years,30624,2026-06-13,31.005
Wyoming,5-12 Years,60619,2025-08-16,1.11684341123236
Wyoming,5-12 Years,60619,2025-08-23,1.11684341123236
Wyoming,5-12 Years,60619,2025-08-30,1.11684341123236
Wyoming,5-12 Years,60619,2025-09-06,1.11684341123236
Wyoming,5-12 Years,60619,2025-09-13,1.51479076830025
Wyoming,5-12 Years,60619,2025-09-20,1.77293970665721
Wyoming,5-12 Years,60619,2025-09-27,2.37988981123623
Wyoming,5-12 Years,60619,2025-10-04,3.97915451380203
Wyoming,5-12 Years,60619,2025-10-11,5.16495719515944
Wyoming,5-12 Years,60619,2025-10-18,6.74940682469356
Wyoming,5-12 Years,60619,2025-10-25,8.70115415148334
Wyoming,5-12 Years,60619,2025-11-01,11.0197259266198
Wyoming,5-12 Years,60619,2025-11-08,15.4369388534817
Wyoming,5-12 Years,60619,2025-11-15,17.2116302415374
Wyoming,5-12 Years,60619,2025-11-22,18.6233250349153
Wyoming,5-12 Years,60619,2025-11-29,19.7144985702961
Wyoming,5-12 Years,60619,2025-12-06,21.5430885040586
Wyoming,5-12 Years,60619,2025-12-13,22.1658707680291
Wyoming,5-12 Years,60619,2025-12-20,22.5873099306936
Wyoming,5-12 Years,60619,2025-12-27,22.8649291073619
Wyoming,5-12 Years,60619,2026-01-03,23.1429144444408
Wyoming,5-12 Years,60619,2026-01-10,23.5368712455838
Wyoming,5-12 Years,60619,2026-01-17,23.6736635787121
Wyoming,5-12 Years,60619,2026-01-24,23.7885685011747
Wyoming,5-12 Years,60619,2026-01-31,23.8765875391239
Wyoming,5-12 Years,60619,2026-02-07,24.093864863421
Wyoming,5-12 Years,60619,2026-02-14,24.2374525052213
Wyoming,5-12 Years,60619,2026-02-21,24.4184824524158
Wyoming,5-12 Years,60619,2026-02-28,24.616914632646
Wyoming,5-12 Years,60619,2026-03-07,24.9756042495154
Wyoming,5-12 Years,60619,2026-03-14,25.0946870458137
Wyoming,5-12 Years,60619,2026-03-21,25.1559172978013
Wyoming,5-12 Years,60619,2026-03-28,25.1757052127243
Wyoming,5-12 Years,60619,2026-04-04,25.1967246614421
Wyoming,5-12 Years,60619,2026-04-11,25.2271371601706
Wyoming,5-12 Years,60619,2026-04-18,25.2526948314402
Wyoming,5-12 Years,60619,2026-04-25,25.2878543774392
Wyoming,5-12 Years,60619,2026-05-02,25.3224388289227
Wyoming,5-12 Years,60619,2026-05-09,25.3882365618819
Wyoming,5-12 Years,60619,2026-05-16,25.4071512734563
Wyoming,5-12 Years,60619,2026-05-23,25.4143733728949
Wyoming,5-12 Years,60619,2026-05-30,25.4147911242983
Wyoming,5-12 Years,60619,2026-06-06,25.415
Wyoming,5-12 Years,60619,2026-06-13,25.415
Wyoming,13-17 Years,38687,2025-08-16,0.415005763863693
Wyoming,13-17 Years,38687,2025-08-23,0.415005763863693
Wyoming,13-17 Years,38687,2025-08-30,0.415005763863693
Wyoming,13-17 Years,38687,2025-09-06,0.415005763863693
Wyoming,13-17 Years,38687,2025-09-13,0.798703920979439
Wyoming,13-17 Years,38687,2025-09-20,1.39253147381377
Wyoming,13-17 Years,38687,2025-09-27,2.15449214005429
Wyoming,13-17 Years,38687,2025-10-04,3.8633735431019
Wyoming,13-17 Years,38687,2025-10-11,4.90532050722085
Wyoming,13-17 Years,38687,2025-10-18,6.13122685999237
Wyoming,13-17 Years,38687,2025-10-25,7.51647657290652
Wyoming,13-17 Years,38687,2025-11-01,9.11381017339444
Wyoming,13-17 Years,38687,2025-11-08,12.1211258746536
Wyoming,13-17 Years,38687,2025-11-15,13.3974247418061
Wyoming,13-17 Years,38687,2025-11-22,14.5059039294225
Wyoming,13-17 Years,38687,2025-11-29,15.4278116721377
Wyoming,13-17 Years,38687,2025-12-06,16.9492894255321
Wyoming,13-17 Years,38687,2025-12-13,17.4140788781279
Wyoming,13-17 Years,38687,2025-12-20,17.6649195476374
Wyoming,13-17 Years,38687,2025-12-27,17.7750195014143
Wyoming,13-17 Years,38687,2026-01-03,17.9022817025041
Wyoming,13-17 Years,38687,2026-01-10,18.0997455833755
Wyoming,13-17 Years,38687,2026-01-17,18.2466969276724
Wyoming,13-17 Years,38687,2026-01-24,18.4415065940028
Wyoming,13-17 Years,38687,2026-01-31,18.6331730171569
Wyoming,13-17 Years,38687,2026-02-07,19.0088138500766
Wyoming,13-17 Years,38687,2026-02-14,19.1284240524271
Wyoming,13-17 Years,38687,2026-02-21,19.1882948639385
Wyoming,13-17 Years,38687,2026-02-28,19.2077809136567
Wyoming,13-17 Years,38687,2026-03-07,19.2322886093592
Wyoming,13-17 Years,38687,2026-03-14,19.237556386536
Wyoming,13-17 Years,38687,2026-03-21,19.2395853339968
Wyoming,13-17 Years,38687,2026-03-28,19.2398617779989
Wyoming,13-17 Years,38687,2026-04-04,19.24
Wyoming,13-17 Years,38687,2026-04-11,19.24
Wyoming,13-17 Years,38687,2026-04-18,19.24
Wyoming,13-17 Years,38687,2026-04-25,19.24
Wyoming,13-17 Years,38687,2026-05-02,19.24
Wyoming,13-17 Years,38687,2026-05-09,19.24
Wyoming,13-17 Years,38687,2026-05-16,19.24
Wyoming,13-17 Years,38687,2026-05-23,19.24
Wyoming,13-17 Years,38687,2026-05-30,19.24
Wyoming,13-17 Years,38687,2026-06-06,19.24
Wyoming,13-17 Years,38687,2026-06-13,19.24
Wyoming,6 Months - 17 Years,129930,2025-08-16,2.17193049962216
Wyoming,6 Months - 17 Years,129930,2025-08-23,2.17193049962216
Wyoming,6 Months - 17 Years,129930,2025-08-30,2.17193049962216
Wyoming,6 Months - 17 Years,129930,2025-09-06,2.17193049962216
Wyoming,6 Months - 17 Years,129930,2025-09-13,2.76607764053415
Wyoming,6 Months - 17 Years,129930,2025-09-20,2.87719261726069
Wyoming,6 Months - 17 Years,129930,2025-09-27,3.33426729887299
Wyoming,6 Months - 17 Years,129930,2025-10-04,4.61716102331641
Wyoming,6 Months - 17 Years,129930,2025-10-11,5.62263509989828
Wyoming,6 Months - 17 Years,129930,2025-10-18,7.00726126787899
Wyoming,6 Months - 17 Years,129930,2025-10-25,8.75051972711644
Wyoming,6 Months - 17 Years,129930,2025-11-01,10.8502723757723
Wyoming,6 Months - 17 Years,129930,2025-11-08,14.912274270362
Wyoming,6 Months - 17 Years,129930,2025-11-15,16.5877915549432
Wyoming,6 Months - 17 Years,129930,2025-11-22,17.9495880359854
Wyoming,6 Months - 17 Years,129930,2025-11-29,19.0184443328375
Wyoming,6 Months - 17 Years,129930,2025-12-06,20.7945542609162
Wyoming,6 Months - 17 Years,129930,2025-12-13,21.3712380806478
Wyoming,6 Months - 17 Years,129930,2025-12-20,21.7285195661631
Wyoming,6 Months - 17 Years,129930,2025-12-27,21.9355329871966
Wyoming,6 Months - 17 Years,129930,2026-01-03,22.1520285633761
Wyoming,6 Months - 17 Years,129930,2026-01-10,22.4659506403033
Wyoming,6 Months - 17 Years,129930,2026-01-17,22.6067478507503
Wyoming,6 Months - 17 Years,129930,2026-01-24,22.7512550060546
Wyoming,6 Months - 17 Years,129930,2026-01-31,22.8753989408185
Wyoming,6 Months - 17 Years,129930,2026-02-07,23.1502886153079
Wyoming,6 Months - 17 Years,129930,2026-02-14,23.2805434785186
Wyoming,6 Months - 17 Years,129930,2026-02-21,23.4041868873579
Wyoming,6 Months - 17 Years,129930,2026-02-28,23.5154428491624
Wyoming,6 Months - 17 Years,129930,2026-03-07,23.7039581536664
Wyoming,6 Months - 17 Years,129930,2026-03-14,23.764091849911
Wyoming,6 Months - 17 Years,129930,2026-03-21,23.7976977363352
Wyoming,6 Months - 17 Years,129930,2026-03-28,23.8132133736735
Wyoming,6 Months - 17 Years,129930,2026-04-04,23.8309746469109
Wyoming,6 Months - 17 Years,129930,2026-04-11,23.8583770118714
Wyoming,6 Months - 17 Years,129930,2026-04-18,23.8776510317647
Wyoming,6 Months - 17 Years,129930,2026-04-25,23.9022434450175
Wyoming,6 Months - 17 Years,129930,2026-05-02,23.9250246287656
Wyoming,6 Months - 17 Years,129930,2026-05-09,23.9680201478837
Wyoming,6 Months - 17 Years,129930,2026-05-16,23.9800631144436
Wyoming,6 Months - 17 Years,129930,2026-05-23,23.9846088192758
Wyoming,6 Months - 17 Years,129930,2026-05-30,23.9848696064253
Wyoming,6 Months - 17 Years,129930,2026-06-06,23.985
Wyoming,6 Months - 17 Years,129930,2026-06-13,23.985
Wyoming,18-49 Years,233516,2025-08-16,0.683057179935114
Wyoming,18-49 Years,233516,2025-08-23,0.683057179935114
Wyoming,18-49 Years,233516,2025-08-30,0.683057179935114
Wyoming,18-49 Years,233516,2025-09-06,0.683057179935114
Wyoming,18-49 Years,233516,2025-09-13,0.88318969802845
Wyoming,18-49 Years,233516,2025-09-20,0.947682588802928
Wyoming,18-49 Years,233516,2025-09-27,1.21044086848016
Wyoming,18-49 Years,233516,2025-10-04,1.95091312079305
Wyoming,18-49 Years,233516,2025-10-11,2.54346165804731
Wyoming,18-49 Years,233516,2025-10-18,3.37596680219421
Wyoming,18-49 Years,233516,2025-10-25,4.43830905742586
Wyoming,18-49 Years,233516,2025-11-01,5.72404027896315
Wyoming,18-49 Years,233516,2025-11-08,8.21418691758602
Wyoming,18-49 Years,233516,2025-11-15,9.22809903039936
Wyoming,18-49 Years,233516,2025-11-22,10.0380567030072
Wyoming,18-49 Years,233516,2025-11-29,10.6729262611369
Wyoming,18-49 Years,233516,2025-12-06,11.7712316095849
Wyoming,18-49 Years,233516,2025-12-13,12.1804359329609
Wyoming,18-49 Years,233516,2025-12-20,12.4912155904674
Wyoming,18-49 Years,233516,2025-12-27,12.7294498951639
Wyoming,18-49 Years,233516,2026-01-03,12.9995176942347
Wyoming,18-49 Years,233516,2026-01-10,13.4223917996757
Wyoming,18-49 Years,233516,2026-01-17,13.6211418601148
Wyoming,18-49 Years,233516,2026-01-24,13.8249860867708
Wyoming,18-49 Years,233516,2026-01-31,13.9948308768699
Wyoming,18-49 Years,233516,2026-02-07,14.3436984034289
Wyoming,18-49 Years,233516,2026-02-14,14.4720064404391
Wyoming,18-49 Years,233516,2026-02-21,14.5631397755363
Wyoming,18-49 Years,233516,2026-02-28,14.6294881053601
Wyoming,18-49 Years,233516,2026-03-07,14.7580996575714
Wyoming,18-49 Years,233516,2026-03-14,14.8407331841846
Wyoming,18-49 Years,233516,2026-03-21,14.9498796673742
Wyoming,18-49 Years,233516,2026-03-28,15.0769848747753
Wyoming,18-49 Years,233516,2026-04-04,15.2069307068433
Wyoming,18-49 Years,233516,2026-04-11,15.4111718665042
Wyoming,18-49 Years,233516,2026-04-18,15.4566709035997
Wyoming,18-49 Years,233516,2026-04-25,15.47
Wyoming,18-49 Years,233516,2026-05-02,15.47
Wyoming,18-49 Years,233516,2026-05-09,15.47
Wyoming,18-49 Years,233516,2026-05-16,15.47
Wyoming,18-49 Years,233516,2026-05-23,15.47
Wyoming,18-49 Years,233516,2026-05-30,15.47
Wyoming,18-49 Years,233516,2026-06-06,15.47
Wyoming,18-49 Years,233516,2026-06-13,15.47
Wyoming,50-64 Years,108846,2025-08-16,0.706745681734242
Wyoming,50-64 Years,108846,2025-08-23,0.706745681734242
Wyoming,50-64 Years,108846,2025-08-30,0.706745681734242
Wyoming,50-64 Years,108846,2025-09-06,0.706745681734242
Wyoming,50-64 Years,108846,2025-09-13,0.920882352493582
Wyoming,50-64 Years,108846,2025-09-20,1.00661074336313
Wyoming,50-64 Years,108846,2025-09-27,1.34363106932206
Wyoming,50-64 Years,108846,2025-10-04,2.30845139336299
Wyoming,50-64 Years,108846,2025-10-11,3.15889959916098
Wyoming,50-64 Years,108846,2025-10-18,4.46007675025112
Wyoming,50-64 Years,108846,2025-10-25,6.20608600471306
Wyoming,50-64 Years,108846,2025-11-01,8.34432872156583
Wyoming,50-64 Years,108846,2025-11-08,12.4903794200485
Wyoming,50-64 Years,108846,2025-11-15,14.1172628776214
Wyoming,50-64 Years,108846,2025-11-22,15.3442981953471
Wyoming,50-64 Years,108846,2025-11-29,16.2547708100698
Wyoming,50-64 Years,108846,2025-12-06,17.8421240304709
Wyoming,50-64 Years,108846,2025-12-13,18.4703942233025
Wyoming,50-64 Years,108846,2025-12-20,18.9939024870793
Wyoming,50-64 Years,108846,2025-12-27,19.4362504529937
Wyoming,50-64 Years,108846,2026-01-03,19.9310537734519
Wyoming,50-64 Years,108846,2026-01-10,20.7059203954778
Wyoming,50-64 Years,108846,2026-01-17,21.030072844188
Wyoming,50-64 Years,108846,2026-01-24,21.3331461978374
Wyoming,50-64 Years,108846,2026-01-31,21.5718047480156
Wyoming,50-64 Years,108846,2026-02-07,22.077725662278
Wyoming,50-64 Years,108846,2026-02-14,22.2855415283423
Wyoming,50-64 Years,108846,2026-02-21,22.4590821322921
Wyoming,50-64 Years,108846,2026-02-28,22.6057902342637
Wyoming,50-64 Years,108846,2026-03-07,22.8751992972031
Wyoming,50-64 Years,108846,2026-03-14,22.9943718968243
Wyoming,50-64 Years,108846,2026-03-21,23.1051751496654
Wyoming,50-64 Years,108846,2026-03-28,23.2108930913284
Wyoming,50-64 Years,108846,2026-04-04,23.3472363193437
Wyoming,50-64 Years,108846,2026-04-11,23.5811443577405
Wyoming,50-64 Years,108846,2026-04-18,23.7071533868485
Wyoming,50-64 Years,108846,2026-04-25,23.8467554123447
Wyoming,50-64 Years,108846,2026-05-02,23.9766627198255
Wyoming,50-64 Years,108846,2026-05-09,24.2652838149777
Wyoming,50-64 Years,108846,2026-05-16,24.3989666111899
Wyoming,50-64 Years,108846,2026-05-23,24.5203882440221
Wyoming,50-64 Years,108846,2026-05-30,24.6305435279571
Wyoming,50-64 Years,108846,2026-06-06,24.8378795825236
Wyoming,50-64 Years,108846,2026-06-13,24.9299508288713
Wyoming,65+ Years,103776,2025-08-16,1.51401476249835
Wyoming,65+ Years,103776,2025-08-23,1.51401476249835
Wyoming,65+ Years,103776,2025-08-30,1.51401476249835
Wyoming,65+ Years,103776,2025-09-06,1.51401476249835
Wyoming,65+ Years,103776,2025-09-13,2.01762075316242
Wyoming,65+ Years,103776,2025-09-20,2.29187216900488
Wyoming,65+ Years,103776,2025-09-27,3.41090026918954
Wyoming,65+ Years,103776,2025-10-04,6.5629076484353
Wyoming,65+ Years,103776,2025-10-11,9.09244078224752
Wyoming,65+ Years,103776,2025-10-18,12.6517723463748
Wyoming,65+ Years,103776,2025-10-25,17.1817660067126
Wyoming,65+ Years,103776,2025-11-01,22.6212648176813
Wyoming,65+ Years,103776,2025-11-08,33.02908407948
Wyoming,65+ Years,103776,2025-11-15,37.1332232942509
Wyoming,65+ Years,103776,2025-11-22,40.2925405701978
Wyoming,65+ Years,103776,2025-11-29,42.6648064688852
Wyoming,65+ Years,103776,2025-12-06,46.6787897723726
Wyoming,65+ Years,103776,2025-12-13,48.1090833198986
Wyoming,65+ Years,103776,2025-12-20,49.1491959029686
Wyoming,65+ Years,103776,2025-12-27,49.9075269330262
Wyoming,65+ Years,103776,2026-01-03,50.7266998139014
Wyoming,65+ Years,103776,2026-01-10,51.9621460124269
Wyoming,65+ Years,103776,2026-01-17,52.4772676562466
Wyoming,65+ Years,103776,2026-01-24,52.9708682990965
Wyoming,65+ Years,103776,2026-01-31,53.3784299282752
Wyoming,65+ Years,103776,2026-02-07,54.3001629819184
Wyoming,65+ Years,103776,2026-02-14,54.7622275351349
Wyoming,65+ Years,103776,2026-02-21,55.2298299598648
Wyoming,65+ Years,103776,2026-02-28,55.6813170167477
Wyoming,65+ Years,103776,2026-03-07,56.495446160686
Wyoming,65+ Years,103776,2026-03-14,56.7960577732675
Wyoming,65+ Years,103776,2026-03-21,57.0026881871951
Wyoming,65+ Years,103776,2026-03-28,57.1411034808021
Wyoming,65+ Years,103776,2026-04-04,57.3274209703966
Wyoming,65+ Years,103776,2026-04-11,57.6499858247837
Wyoming,65+ Years,103776,2026-04-18,57.8995469763501
Wyoming,65+ Years,103776,2026-04-25,58.2328465956934
Wyoming,65+ Years,103776,2026-05-02,58.5651338084148
Wyoming,65+ Years,103776,2026-05-09,59.2307621362932
Wyoming,65+ Years,103776,2026-05-16,59.4601067880889
Wyoming,65+ Years,103776,2026-05-23,59.5940249405856
Wyoming,65+ Years,103776,2026-05-30,59.6620106788801
Wyoming,65+ Years,103776,2026-06-06,59.7614705660595
Wyoming,65+ Years,103776,2026-06-13,59.7795200019251
District of Columbia,6 Months - 4 Years,39688,2025-08-16,3.52705888369858
District of Columbia,6 Months - 4 Years,39688,2025-08-23,3.52705888369858
District of Columbia,6 Months - 4 Years,39688,2025-08-30,3.52705888369858
District of Columbia,6 Months - 4 Years,39688,2025-09-06,3.52705888369858
District of Columbia,6 Months - 4 Years,39688,2025-09-13,5.17855652003378
District of Columbia,6 Months - 4 Years,39688,2025-09-20,6.83822427558823
District of Columbia,6 Months - 4 Years,39688,2025-09-27,8.82336441949683
District of Columbia,6 Months - 4 Years,39688,2025-10-04,13.2157191903734
District of Columbia,6 Months - 4 Years,39688,2025-10-11,15.8774498969313
District of Columbia,6 Months - 4 Years,39688,2025-10-18,19.0121801907938
District of Columbia,6 Months - 4 Years,39688,2025-10-25,22.5251868433965
District of Columbia,6 Months - 4 Years,39688,2025-11-01,26.4753128562317
District of Columbia,6 Months - 4 Years,39688,2025-11-08,33.5746896140571
District of Columbia,6 Months - 4 Years,39688,2025-11-15,36.201064427656
District of Columbia,6 Months - 4 Years,39688,2025-11-22,38.1740212394851
District of Columbia,6 Months - 4 Years,39688,2025-11-29,39.6289426907367
District of Columbia,6 Months - 4 Years,39688,2025-12-06,42.0694611313899
District of Columbia,6 Months - 4 Years,39688,2025-12-13,42.9362657859094
District of Columbia,6 Months - 4 Years,39688,2025-12-20,43.5747485548907
District of Columbia,6 Months - 4 Years,39688,2025-12-27,44.0474122583713
District of Columbia,6 Months - 4 Years,39688,2026-01-03,44.5414895305907
District of Columbia,6 Months - 4 Years,39688,2026-01-10,45.2716992974832
District of Columbia,6 Months - 4 Years,39688,2026-01-17,45.5461603475944
District of Columbia,6 Months - 4 Years,39688,2026-01-24,45.7876399526052
District of Columbia,6 Months - 4 Years,39688,2026-01-31,45.9706583790033
District of Columbia,6 Months - 4 Years,39688,2026-02-07,46.3720254300914
District of Columbia,6 Months - 4 Years,39688,2026-02-14,46.5592277597851
District of Columbia,6 Months - 4 Years,39688,2026-02-21,46.7395018722922
District of Columbia,6 Months - 4 Years,39688,2026-02-28,46.9049578753387
District of Columbia,6 Months - 4 Years,39688,2026-03-07,47.1887043464571
District of Columbia,6 Months - 4 Years,39688,2026-03-14,47.2828361675855
District of Columbia,6 Months - 4 Years,39688,2026-03-21,47.3394694831631
District of Columbia,6 Months - 4 Years,39688,2026-03-28,47.3697562991302
District of Columbia,6 Months - 4 Years,39688,2026-04-04,47.4020088336822
District of Columbia,6 Months - 4 Years,39688,2026-04-11,47.4493871168078
District of Columbia,6 Months - 4 Years,39688,2026-04-18,47.4741195038438
District of Columbia,6 Months - 4 Years,39688,2026-04-25,47.5012797703053
District of Columbia,6 Months - 4 Years,39688,2026-05-02,47.5235077125565
District of Columbia,6 Months - 4 Years,39688,2026-05-09,47.5647544542263
District of Columbia,6 Months - 4 Years,39688,2026-05-16,47.5756575429334
District of Columbia,6 Months - 4 Years,39688,2026-05-23,47.5796622510502
District of Columbia,6 Months - 4 Years,39688,2026-05-30,47.5798874170167
District of Columbia,6 Months - 4 Years,39688,2026-06-06,47.58
District of Columbia,6 Months - 4 Years,39688,2026-06-13,47.58
District of Columbia,5-12 Years,58363,2025-08-16,2.6212482773257
District of Columbia,5-12 Years,58363,2025-08-23,2.6212482773257
District of Columbia,5-12 Years,58363,2025-08-30,2.6212482773257
District of Columbia,5-12 Years,58363,2025-09-06,2.6212482773257
District of Columbia,5-12 Years,58363,2025-09-13,3.6225229649162
District of Columbia,5-12 Years,58363,2025-09-20,4.37341128921975
District of Columbia,5-12 Years,58363,2025-09-27,5.64340807270865
District of Columbia,5-12 Years,58363,2025-10-04,8.78374191567729
District of Columbia,5-12 Years,58363,2025-10-11,10.9702460647216
District of Columbia,5-12 Years,58363,2025-10-18,13.7880994269578
District of Columbia,5-12 Years,58363,2025-10-25,17.1659616411328
District of Columbia,5-12 Years,58363,2025-11-01,21.1069530435583
District of Columbia,5-12 Years,58363,2025-11-08,28.4464380851088
District of Columbia,5-12 Years,58363,2025-11-15,31.2522547008672
District of Columbia,5-12 Years,58363,2025-11-22,33.3820089645815
District of Columbia,5-12 Years,58363,2025-11-29,34.9905598344604
District of Columbia,5-12 Years,58363,2025-12-06,37.835885374928
District of Columbia,5-12 Years,58363,2025-12-13,39.0177521317772
District of Columbia,5-12 Years,58363,2025-12-20,40.0600753470012
District of Columbia,5-12 Years,58363,2025-12-27,40.9874479975292
District of Columbia,5-12 Years,58363,2026-01-03,42.0199474045114
District of Columbia,5-12 Years,58363,2026-01-10,43.6415225776898
District of Columbia,5-12 Years,58363,2026-01-17,44.2802405000195
District of Columbia,5-12 Years,58363,2026-01-24,44.8445586709452
District of Columbia,5-12 Years,58363,2026-01-31,45.274206017571
District of Columbia,5-12 Years,58363,2026-02-07,46.2086686930912
District of Columbia,5-12 Years,58363,2026-02-14,46.6294934338259
District of Columbia,5-12 Years,58363,2026-02-21,47.0198421991388
District of Columbia,5-12 Years,58363,2026-02-28,47.3727060604413
District of Columbia,5-12 Years,58363,2026-03-07,47.9972102814843
District of Columbia,5-12 Years,58363,2026-03-14,48.2367354155575
District of Columbia,5-12 Years,58363,2026-03-21,48.4206376782827
District of Columbia,5-12 Years,58363,2026-03-28,48.5573596066689
District of Columbia,5-12 Years,58363,2026-04-04,48.6797582123009
District of Columbia,5-12 Years,58363,2026-04-11,48.8416629103106
District of Columbia,5-12 Years,58363,2026-04-18,48.8718146559676
District of Columbia,5-12 Years,58363,2026-04-25,48.88
District of Columbia,5-12 Years,58363,2026-05-02,48.88
District of Columbia,5-12 Years,58363,2026-05-09,48.8842991722112
District of Columbia,5-12 Years,58363,2026-05-16,48.8995100330114
District of Columbia,5-12 Years,58363,2026-05-23,48.9343889011479
District of Columbia,5-12 Years,58363,2026-05-30,48.9936090352956
District of Columbia,5-12 Years,58363,2026-06-06,49.1472969144053
District of Columbia,5-12 Years,58363,2026-06-13,49.243408485124
District of Columbia,13-17 Years,26925,2025-08-16,3.7732936244606
District of Columbia,13-17 Years,26925,2025-08-23,3.7732936244606
District of Columbia,13-17 Years,26925,2025-08-30,3.7732936244606
District of Columbia,13-17 Years,26925,2025-09-06,3.7732936244606
District of Columbia,13-17 Years,26925,2025-09-13,5.18482508974263
District of Columbia,13-17 Years,26925,2025-09-20,6.19584893399927
District of Columbia,13-17 Years,26925,2025-09-27,7.46276912502791
District of Columbia,13-17 Years,26925,2025-10-04,10.3209055037263
District of Columbia,13-17 Years,26925,2025-10-11,12.1116919172616
District of Columbia,13-17 Years,26925,2025-10-18,14.2747263912007
District of Columbia,13-17 Years,26925,2025-10-25,16.7353445689722
District of Columbia,13-17 Years,26925,2025-11-01,19.496797766163
District of Columbia,13-17 Years,26925,2025-11-08,24.3938830595057
District of Columbia,13-17 Years,26925,2025-11-15,26.0841439804142
District of Columbia,13-17 Years,26925,2025-11-22,27.2373368443147
District of Columbia,13-17 Years,26925,2025-11-29,28.0258700841836
District of Columbia,13-17 Years,26925,2025-12-06,29.4625672089182
District of Columbia,13-17 Years,26925,2025-12-13,30.1678934712408
District of Columbia,13-17 Years,26925,2025-12-20,30.9218008527471
District of Columbia,13-17 Years,26925,2025-12-27,31.7079108895779
District of Columbia,13-17 Years,26925,2026-01-03,32.5995125500336
District of Columbia,13-17 Years,26925,2026-01-10,34.0443508623865
District of Columbia,13-17 Years,26925,2026-01-17,34.5612330128304
District of Columbia,13-17 Years,26925,2026-01-24,34.9636649596884
District of Columbia,13-17 Years,26925,2026-01-31,35.2497352155301
District of Columbia,13-17 Years,26925,2026-02-07,35.9296790112684
District of Columbia,13-17 Years,26925,2026-02-14,36.3342338054526
District of Columbia,13-17 Years,26925,2026-02-21,36.8100022068376
District of Columbia,13-17 Years,26925,2026-02-28,37.3078889855036
District of Columbia,13-17 Years,26925,2026-03-07,38.1858785920432
District of Columbia,13-17 Years,26925,2026-03-14,38.4674935553973
District of Columbia,13-17 Years,26925,2026-03-21,38.6084067996521
District of Columbia,13-17 Years,26925,2026-03-28,38.6509532187261
District of Columbia,13-17 Years,26925,2026-04-04,38.6915706607919
District of Columbia,13-17 Years,26925,2026-04-11,38.7439001911518
District of Columbia,13-17 Years,26925,2026-04-18,38.7790343846239
District of Columbia,13-17 Years,26925,2026-04-25,38.8266537026779
District of Columbia,13-17 Years,26925,2026-05-02,38.8809319403462
District of Columbia,13-17 Years,26925,2026-05-09,39.0145010606525
District of Columbia,13-17 Years,26925,2026-05-16,39.0933397257852
District of Columbia,13-17 Years,26925,2026-05-23,39.1823191180158
District of Columbia,13-17 Years,26925,2026-05-30,39.2823477783901
District of Columbia,13-17 Years,26925,2026-06-06,39.4996824031529
District of Columbia,13-17 Years,26925,2026-06-13,39.6210921097627
District of Columbia,6 Months - 17 Years,124976,2025-08-16,3.2264618062244
District of Columbia,6 Months - 17 Years,124976,2025-08-23,3.2264618062244
District of Columbia,6 Months - 17 Years,124976,2025-08-30,3.2264618062244
District of Columbia,6 Months - 17 Years,124976,2025-09-06,3.2264618062244
District of Columbia,6 Months - 17 Years,124976,2025-09-13,4.51411865785324
District of Columbia,6 Months - 17 Years,124976,2025-09-20,5.55510910696079
District of Columbia,6 Months - 17 Years,124976,2025-09-27,6.98272193701312
District of Columbia,6 Months - 17 Years,124976,2025-10-04,10.3099918858093
District of Columbia,6 Months - 17 Years,124976,2025-10-11,12.473967821233
District of Columbia,6 Months - 17 Years,124976,2025-10-18,15.1474647620673
District of Columbia,6 Months - 17 Years,124976,2025-10-25,18.2518724201528
District of Columbia,6 Months - 17 Years,124976,2025-11-01,21.8042552479828
District of Columbia,6 Months - 17 Years,124976,2025-11-08,28.2829022456466
District of Columbia,6 Months - 17 Years,124976,2025-11-15,30.6827328092102
District of Columbia,6 Months - 17 Years,124976,2025-11-22,32.4598272863983
District of Columbia,6 Months - 17 Years,124976,2025-11-29,33.7708075046931
District of Columbia,6 Months - 17 Years,124976,2025-12-06,36.082223418935
District of Columbia,6 Months - 17 Years,124976,2025-12-13,37.0501978203908
District of Columbia,6 Months - 17 Years,124976,2025-12-20,37.9187414910623
District of Columbia,6 Months - 17 Years,124976,2025-12-27,38.7038260520314
District of Columbia,6 Months - 17 Years,124976,2026-01-03,39.5726820380509
District of Columbia,6 Months - 17 Years,124976,2026-01-10,40.9342442235478
District of Columbia,6 Months - 17 Years,124976,2026-01-17,41.4525356192632
District of Columbia,6 Months - 17 Years,124976,2026-01-24,41.8966260663024
District of Columbia,6 Months - 17 Years,124976,2026-01-31,42.2303056147914
District of Columbia,6 Months - 17 Years,124976,2026-02-07,42.9757761091763
District of Columbia,6 Months - 17 Years,124976,2026-02-14,43.3413024556805
District of Columbia,6 Months - 17 Years,124976,2026-02-21,43.7092609850267
District of Columbia,6 Months - 17 Years,124976,2026-02-28,44.060869036971
District of Columbia,6 Months - 17 Years,124976,2026-03-07,44.6818764831887
District of Columbia,6 Months - 17 Years,124976,2026-03-14,44.9035348415507
District of Columbia,6 Months - 17 Years,124976,2026-03-21,45.0511447740879
District of Columbia,6 Months - 17 Years,124976,2026-03-28,45.1426127570364
District of Columbia,6 Months - 17 Years,124976,2026-04-04,45.2302755592456
District of Columbia,6 Months - 17 Years,124976,2026-04-11,45.3499434043192
District of Columbia,6 Months - 17 Years,124976,2026-04-18,45.3868184493047
District of Columbia,6 Months - 17 Years,124976,2026-04-25,45.4146652156099
District of Columbia,6 Months - 17 Years,124976,2026-05-02,45.4346899777697
District of Columbia,6 Months - 17 Years,124976,2026-05-09,45.4850071251328
District of Columbia,6 Months - 17 Years,124976,2026-05-16,45.5178940267246
District of Columbia,6 Months - 17 Years,124976,2026-05-23,45.5610109300046
District of Columbia,6 Months - 17 Years,124976,2026-05-30,45.6150408746476
District of Columbia,6 Months - 17 Years,124976,2026-06-06,45.7373063584409
District of Columbia,6 Months - 17 Years,124976,2026-06-13,45.808155270014
District of Columbia,18-49 Years,384439,2025-08-16,0.676754864548466
District of Columbia,18-49 Years,384439,2025-08-23,0.676754864548466
District of Columbia,18-49 Years,384439,2025-08-30,0.676754864548466
District of Columbia,18-49 Years,384439,2025-09-06,0.676754864548466
District of Columbia,18-49 Years,384439,2025-09-13,1.02894718904233
District of Columbia,18-49 Years,384439,2025-09-20,1.42663097077582
District of Columbia,18-49 Years,384439,2025-09-27,2.23053290956992
District of Columbia,18-49 Years,384439,2025-10-04,4.29453463511643
District of Columbia,18-49 Years,384439,2025-10-11,5.77569604661701
District of Columbia,18-49 Years,384439,2025-10-18,7.71358522779591
District of Columbia,18-49 Years,384439,2025-10-25,10.0765117889631
District of Columbia,18-49 Years,384439,2025-11-01,12.8939571870383
District of Columbia,18-49 Years,384439,2025-11-08,18.310536877572
District of Columbia,18-49 Years,384439,2025-11-15,20.5527587118413
District of Columbia,18-49 Years,384439,2025-11-22,22.4055059790482
District of Columbia,18-49 Years,384439,2025-11-29,23.9183108471783
District of Columbia,18-49 Years,384439,2025-12-06,26.5986802499379
District of Columbia,18-49 Years,384439,2025-12-13,27.6628373452517
District of Columbia,18-49 Years,384439,2025-12-20,28.5315220150206
District of Columbia,18-49 Years,384439,2025-12-27,29.2419929616108
District of Columbia,18-49 Years,384439,2026-01-03,30.0045444335201
District of Columbia,18-49 Years,384439,2026-01-10,31.1660738566107
District of Columbia,18-49 Years,384439,2026-01-17,31.607893113566
District of Columbia,18-49 Years,384439,2026-01-24,31.9910085787205
District of Columbia,18-49 Years,384439,2026-01-31,32.2707077340775
District of Columbia,18-49 Years,384439,2026-02-07,32.8454021668418
District of Columbia,18-49 Years,384439,2026-02-14,33.0585207745979
District of Columbia,18-49 Years,384439,2026-02-21,33.2198761283935
District of Columbia,18-49 Years,384439,2026-02-28,33.3489927936564
District of Columbia,18-49 Years,384439,2026-03-07,33.6078373023911
District of Columbia,18-49 Years,384439,2026-03-14,33.7823960784549
District of Columbia,18-49 Years,384439,2026-03-21,34.019203324765
District of Columbia,18-49 Years,384439,2026-03-28,34.3019876926921
District of Columbia,18-49 Years,384439,2026-04-04,34.6049993131182
District of Columbia,18-49 Years,384439,2026-04-11,35.0957058573763
District of Columbia,18-49 Years,384439,2026-04-18,35.2228441791967
District of Columbia,18-49 Years,384439,2026-04-25,35.2788584716534
District of Columbia,18-49 Years,384439,2026-05-02,35.2983084825022
District of Columbia,18-49 Years,384439,2026-05-09,35.3468088606308
District of Columbia,18-49 Years,384439,2026-05-16,35.3785115663625
District of Columbia,18-49 Years,384439,2026-05-23,35.4210664391855
District of Columbia,18-49 Years,384439,2026-05-30,35.4750593777079
District of Columbia,18-49 Years,384439,2026-06-06,35.5973063584409
District of Columbia,18-49 Years,384439,2026-06-13,35.668155270014
District of Columbia,50-64 Years,105251,2025-08-16,0.587986574299329
District of Columbia,50-64 Years,105251,2025-08-23,0.587986574299329
District of Columbia,50-64 Years,105251,2025-08-30,0.587986574299329
District of Columbia,50-64 Years,105251,2025-09-06,0.587986574299329
District of Columbia,50-64 Years,105251,2025-09-13,1.0417593300908
District of Columbia,50-64 Years,105251,2025-09-20,1.70757332341881
District of Columbia,50-64 Years,105251,2025-09-27,2.82966087009409
District of Columbia,50-64 Years,105251,2025-10-04,5.60190068544999
District of Columbia,50-64 Years,105251,2025-10-11,7.53110838618213
District of Columbia,50-64 Years,105251,2025-10-18,10.0169169471345
District of Columbia,50-64 Years,105251,2025-10-25,12.9955409048178
District of Columbia,50-64 Years,105251,2025-11-01,16.4680108157507
District of Columbia,50-64 Years,105251,2025-11-08,22.9323810124912
District of Columbia,50-64 Years,105251,2025-11-15,25.4082713115378
District of Columbia,50-64 Years,105251,2025-11-22,27.291895941649
District of Columbia,50-64 Years,105251,2025-11-29,28.7072942686176
District of Columbia,50-64 Years,105251,2025-12-06,31.1583976037872
District of Columbia,50-64 Years,105251,2025-12-13,32.1036598337445
District of Columbia,50-64 Years,105251,2025-12-20,32.8672143002842
District of Columbia,50-64 Years,105251,2025-12-27,33.4969399029035
District of Columbia,50-64 Years,105251,2026-01-03,34.2269149151252
District of Columbia,50-64 Years,105251,2026-01-10,35.3918194213523
District of Columbia,50-64 Years,105251,2026-01-17,35.9405970538692
District of Columbia,50-64 Years,105251,2026-01-24,36.5019990522931
District of Columbia,50-64 Years,105251,2026-01-31,36.9760487717718
District of Columbia,50-64 Years,105251,2026-02-07,37.9799947585382
District of Columbia,50-64 Years,105251,2026-02-14,38.3959748148305
District of Columbia,50-64 Years,105251,2026-02-21,38.7382155566983
District of Columbia,50-64 Years,105251,2026-02-28,39.0102245697718
District of Columbia,50-64 Years,105251,2026-03-07,39.4561378590824
District of Columbia,50-64 Years,105251,2026-03-14,39.5965845788395
District of Columbia,50-64 Years,105251,2026-03-21,39.6799384296998
District of Columbia,50-64 Years,105251,2026-03-28,39.7250238294705
District of Columbia,50-64 Years,105251,2026-04-04,39.7721293875756
District of Columbia,50-64 Years,105251,2026-04-11,39.8398698472128
District of Columbia,50-64 Years,105251,2026-04-18,39.8709500128012
District of Columbia,50-64 Years,105251,2026-04-25,39.9041239786806
District of Columbia,50-64 Years,105251,2026-05-02,39.935555884864
District of Columbia,50-64 Years,105251,2026-05-09,40.0131475429644
District of Columbia,50-64 Years,105251,2026-05-16,40.0602711265412
District of Columbia,50-64 Years,105251,2026-05-23,40.1165541671705
District of Columbia,50-64 Years,105251,2026-05-30,40.1825746539776
District of Columbia,50-64 Years,105251,2026-06-06,40.3280706360383
District of Columbia,50-64 Years,105251,2026-06-13,40.4104571886141
District of Columbia,65+ Years,89833,2025-08-16,0.6827217208573
District of Columbia,65+ Years,89833,2025-08-23,0.6827217208573
District of Columbia,65+ Years,89833,2025-08-30,0.6827217208573
District of Columbia,65+ Years,89833,2025-09-06,0.6827217208573
District of Columbia,65+ Years,89833,2025-09-13,1.88582150342929
District of Columbia,65+ Years,89833,2025-09-20,3.92895358477572
District of Columbia,65+ Years,89833,2025-09-27,6.91456807357625
District of Columbia,65+ Years,89833,2025-10-04,13.7476008495104
District of Columbia,65+ Years,89833,2025-10-11,17.883164127521
District of Columbia,65+ Years,89833,2025-10-18,22.7356176575686
District of Columbia,65+ Years,89833,2025-10-25,28.1841693108335
District of Columbia,65+ Years,89833,2025-11-01,34.3862179562692
District of Columbia,65+ Years,89833,2025-11-08,45.7890970189726
District of Columbia,65+ Years,89833,2025-11-15,50.3052679336748
District of Columbia,65+ Years,89833,2025-11-22,53.9678983813274
District of Columbia,65+ Years,89833,2025-11-29,56.872354096082
District of Columbia,65+ Years,89833,2025-12-06,61.780475932715
District of Columbia,65+ Years,89833,2025-12-13,63.4813237825948
District of Columbia,65+ Years,89833,2025-12-20,64.6557103731437
District of Columbia,65+ Years,89833,2025-12-27,65.4548337094836
District of Columbia,65+ Years,89833,2026-01-03,66.301893483702
District of Columbia,65+ Years,89833,2026-01-10,67.5547367247357
District of Columbia,65+ Years,89833,2026-01-17,68.0657929251978
District of Columbia,65+ Years,89833,2026-01-24,68.5541369857595
District of Columbia,65+ Years,89833,2026-01-31,68.9689847028389
District of Columbia,65+ Years,89833,2026-02-07,69.9655138057001
District of Columbia,65+ Years,89833,2026-02-14,70.5497400227235
District of Columbia,65+ Years,89833,2026-02-21,71.2288463393486
District of Columbia,65+ Years,89833,2026-02-28,71.9762821131162
District of Columbia,65+ Years,89833,2026-03-07,73.4718653727207
District of Columbia,65+ Years,89833,2026-03-14,74.1549256452859
District of Columbia,65+ Years,89833,2026-03-21,74.7467698174206
District of Columbia,65+ Years,89833,2026-03-28,75.2589757824227
District of Columbia,65+ Years,89833,2026-04-04,75.8927316056169
District of Columbia,65+ Years,89833,2026-04-11,76.9550791998212
District of Columbia,65+ Years,89833,2026-04-18,77.523744585018
District of Columbia,65+ Years,89833,2026-04-25,78.1342547066953
District of Columbia,65+ Years,89833,2026-05-02,78.6314354107754
District of Columbia,65+ Years,89833,2026-05-09,79.5557483942294
District of Columbia,65+ Years,89833,2026-05-16,79.8017044346503
District of Columbia,65+ Years,89833,2026-05-23,79.8923374772719
District of Columbia,65+ Years,89833,2026-05-30,79.8974458257573
District of Columbia,65+ Years,89833,2026-06-06,79.9
District of Columbia,65+ Years,89833,2026-06-13,79.9
