Geography,Age,Population,Week_Ending_Sat,Coverage
United States,6 Months - 4 Years,17433786,2025-08-16,5.4212385501933
United States,6 Months - 4 Years,17433786,2025-08-23,5.4212385501933
United States,6 Months - 4 Years,17433786,2025-08-30,5.4212385501933
United States,6 Months - 4 Years,17433786,2025-09-06,5.4212385501933
United States,6 Months - 4 Years,17433786,2025-09-13,7.56727984517045
United States,6 Months - 4 Years,17433786,2025-09-20,9.26200152126431
United States,6 Months - 4 Years,17433786,2025-09-27,11.2674741388044
United States,6 Months - 4 Years,17433786,2025-10-04,15.6620170253667
United States,6 Months - 4 Years,17433786,2025-10-11,18.2437786257191
United States,6 Months - 4 Years,17433786,2025-10-18,21.2068081758195
United States,6 Months - 4 Years,17433786,2025-10-25,24.4990452996082
United States,6 Months - 4 Years,17433786,2025-11-01,28.2768288674503
United States,6 Months - 4 Years,17433786,2025-11-08,35.3444948778219
United States,6 Months - 4 Years,17433786,2025-11-15,38.30119035451
United States,6 Months - 4 Years,17433786,2025-11-22,40.8570625787624
United States,6 Months - 4 Years,17433786,2025-11-29,43.0518549718207
United States,6 Months - 4 Years,17433786,2025-12-06,47.0188369539612
United States,6 Months - 4 Years,17433786,2025-12-13,48.6552714319137
United States,6 Months - 4 Years,17433786,2025-12-20,50.0406435397636
United States,6 Months - 4 Years,17433786,2025-12-27,51.217887465002
United States,6 Months - 4 Years,17433786,2026-01-03,52.5004206480876
United States,6 Months - 4 Years,17433786,2026-01-10,54.486542898467
United States,6 Months - 4 Years,17433786,2026-01-17,55.2447156359408
United States,6 Months - 4 Years,17433786,2026-01-24,55.9043152015063
United States,6 Months - 4 Years,17433786,2026-01-31,56.4092416956474
United States,6 Months - 4 Years,17433786,2026-02-07,57.5146022833032
United States,6 Months - 4 Years,17433786,2026-02-14,58.0266479495269
United States,6 Months - 4 Years,17433786,2026-02-21,58.5203419827551
United States,6 Months - 4 Years,17433786,2026-02-28,58.9933068103228
United States,6 Months - 4 Years,17433786,2026-03-07,59.8864496012492
United States,6 Months - 4 Years,17433786,2026-03-14,60.2842280920778
United States,6 Months - 4 Years,17433786,2026-03-21,60.6440702989107
United States,6 Months - 4 Years,17433786,2026-03-28,60.9702439697378
United States,6 Months - 4 Years,17433786,2026-04-04,61.3382536636935
United States,6 Months - 4 Years,17433786,2026-04-11,61.9353397933009
United States,6 Months - 4 Years,17433786,2026-04-18,62.2095646463003
United States,6 Months - 4 Years,17433786,2026-04-25,62.4965145005858
United States,6 Months - 4 Years,17433786,2026-05-02,62.7588717572738
United States,6 Months - 4 Years,17433786,2026-05-09,63.2919761080747
United States,6 Months - 4 Years,17433786,2026-05-16,63.4919165599082
United States,6 Months - 4 Years,17433786,2026-05-23,63.6375715354883
United States,6 Months - 4 Years,17433786,2026-05-30,63.7556391151035
United States,6 Months - 4 Years,17433786,2026-06-06,63.9980769016724
United States,6 Months - 4 Years,17433786,2026-06-13,64.1181342832128
United States,5-12 Years,32585855,2025-08-16,4.51739173631665
United States,5-12 Years,32585855,2025-08-23,4.51739173631665
United States,5-12 Years,32585855,2025-08-30,4.51739173631665
United States,5-12 Years,32585855,2025-09-06,4.51739173631665
United States,5-12 Years,32585855,2025-09-13,6.26186524793285
United States,5-12 Years,32585855,2025-09-20,7.58709483195617
United States,5-12 Years,32585855,2025-09-27,9.30418620951333
United States,5-12 Years,32585855,2025-10-04,13.2097069806526
United States,5-12 Years,32585855,2025-10-11,15.6454962681283
United States,5-12 Years,32585855,2025-10-18,18.5691176040144
United States,5-12 Years,32585855,2025-10-25,21.9221513038536
United States,5-12 Years,32585855,2025-11-01,25.8022065507692
United States,5-12 Years,32585855,2025-11-08,33.0698986841166
United States,5-12 Years,32585855,2025-11-15,36.0306538081493
United States,5-12 Years,32585855,2025-11-22,38.4889496566821
United States,5-12 Years,32585855,2025-11-29,40.5072087159692
United States,5-12 Years,32585855,2025-12-06,44.0615114099111
United States,5-12 Years,32585855,2025-12-13,45.4462582631873
United States,5-12 Years,32585855,2025-12-20,46.5534970870519
United States,5-12 Years,32585855,2025-12-27,47.4427619352225
United States,5-12 Years,32585855,2026-01-03,48.3968908455752
United States,5-12 Years,32585855,2026-01-10,49.8499235882992
United States,5-12 Years,32585855,2026-01-17,50.4104008723939
United States,5-12 Years,32585855,2026-01-24,50.9101556117407
United States,5-12 Years,32585855,2026-01-31,51.3000148121495
United States,5-12 Years,32585855,2026-02-07,52.1493053065911
United States,5-12 Years,32585855,2026-02-14,52.5420733272655
United States,5-12 Years,32585855,2026-02-21,52.9208916757021
United States,5-12 Years,32585855,2026-02-28,53.2823980991155
United States,5-12 Years,32585855,2026-03-07,53.9560710981199
United States,5-12 Years,32585855,2026-03-14,54.2445943094239
United States,5-12 Years,32585855,2026-03-21,54.4969990261237
United States,5-12 Years,32585855,2026-03-28,54.7241169355574
United States,5-12 Years,32585855,2026-04-04,54.9920774521021
United States,5-12 Years,32585855,2026-04-11,55.4396831952788
United States,5-12 Years,32585855,2026-04-18,55.6525711199865
United States,5-12 Years,32585855,2026-04-25,55.8722965914411
United States,5-12 Years,32585855,2026-05-02,56.0646826826483
United States,5-12 Years,32585855,2026-05-09,56.4499518237216
United States,5-12 Years,32585855,2026-05-16,56.5881920606978
United States,5-12 Years,32585855,2026-05-23,56.6846731388077
United States,5-12 Years,32585855,2026-05-30,56.7598544719394
United States,5-12 Years,32585855,2026-06-06,56.9137022916377
United States,5-12 Years,32585855,2026-06-13,56.989845231218
United States,13-17 Years,20933743,2025-08-16,3.68007261313296
United States,13-17 Years,20933743,2025-08-23,3.68007261313296
United States,13-17 Years,20933743,2025-08-30,3.68007261313296
United States,13-17 Years,20933743,2025-09-06,3.68007261313296
United States,13-17 Years,20933743,2025-09-13,5.13761658590871
United States,13-17 Years,20933743,2025-09-20,6.28948535215779
United States,13-17 Years,20933743,2025-09-27,7.78159063752378
United States,13-17 Years,20933743,2025-10-04,11.1623930864627
United States,13-17 Years,20933743,2025-10-11,13.2577581788475
United States,13-17 Years,20933743,2025-10-18,15.762107372782
United States,13-17 Years,20933743,2025-10-25,18.626858251138
United States,13-17 Years,20933743,2025-11-01,21.9414724086169
United States,13-17 Years,20933743,2025-11-08,28.1604703408926
United States,13-17 Years,20933743,2025-11-15,30.7184227187675
United States,13-17 Years,20933743,2025-11-22,32.8665436578613
United States,13-17 Years,20933743,2025-11-29,34.642211181889
United States,13-17 Years,20933743,2025-12-06,37.7432313879072
United States,13-17 Years,20933743,2025-12-13,38.9114862594688
United States,13-17 Years,20933743,2025-12-20,39.8044177383714
United States,13-17 Years,20933743,2025-12-27,40.4894064043332
United States,13-17 Years,20933743,2026-01-03,41.2267255530379
United States,13-17 Years,20933743,2026-01-10,42.3480374360183
United States,13-17 Years,20933743,2026-01-17,42.795454087958
United States,13-17 Years,20933743,2026-01-24,43.2055157132972
United States,13-17 Years,20933743,2026-01-31,43.5294454833689
United States,13-17 Years,20933743,2026-02-07,44.2345421600188
United States,13-17 Years,20933743,2026-02-14,44.5676664000127
United States,13-17 Years,20933743,2026-02-21,44.8968906394106
United States,13-17 Years,20933743,2026-02-28,45.2116220371179
United States,13-17 Years,20933743,2026-03-07,45.7746069853596
United States,13-17 Years,20933743,2026-03-14,45.9807840170011
United States,13-17 Years,20933743,2026-03-21,46.1242780053532
United States,13-17 Years,20933743,2026-03-28,46.2232768485616
United States,13-17 Years,20933743,2026-04-04,46.3305531406563
United States,13-17 Years,20933743,2026-04-11,46.5009744757365
United States,13-17 Years,20933743,2026-04-18,46.5840425057807
United States,13-17 Years,20933743,2026-04-25,46.6764261381544
United States,13-17 Years,20933743,2026-05-02,46.765589083412
United States,13-17 Years,20933743,2026-05-09,46.9432557011134
United States,13-17 Years,20933743,2026-05-16,47.0068096242064
United States,13-17 Years,20933743,2026-05-23,47.0499975793796
United States,13-17 Years,20933743,2026-05-30,47.0846692892969
United States,13-17 Years,20933743,2026-06-06,47.1619258391994
United States,13-17 Years,20933743,2026-06-13,47.2035948979746
United States,6 Months - 17 Years,70953385,2025-08-16,4.55459891028772
United States,6 Months - 17 Years,70953385,2025-08-23,4.55459891028772
United States,6 Months - 17 Years,70953385,2025-08-30,4.55459891028772
United States,6 Months - 17 Years,70953385,2025-09-06,4.55459891028772
United States,6 Months - 17 Years,70953385,2025-09-13,6.30820879912985
United States,6 Months - 17 Years,70953385,2025-09-20,7.63412428330915
United States,6 Months - 17 Years,70953385,2025-09-27,9.31553577050109
United States,6 Months - 17 Years,70953385,2025-10-04,13.1138158416809
United States,6 Months - 17 Years,70953385,2025-10-11,15.4573771281512
United States,6 Months - 17 Years,70953385,2025-10-18,18.2457971092117
United States,6 Months - 17 Years,70953385,2025-10-25,21.4251037503378
United States,6 Months - 17 Years,70953385,2025-11-01,25.1022806130824
United States,6 Months - 17 Years,70953385,2025-11-08,32.0018300173916
United States,6 Months - 17 Years,70953385,2025-11-15,34.8411190004165
United States,6 Months - 17 Years,70953385,2025-11-22,37.2279740897086
United States,6 Months - 17 Years,70953385,2025-11-29,39.2115273437351
United States,6 Months - 17 Years,70953385,2025-12-06,42.7211504774015
United States,6 Months - 17 Years,70953385,2025-12-13,44.0986251742234
United States,6 Months - 17 Years,70953385,2025-12-20,45.2053839527068
United States,6 Months - 17 Years,70953385,2025-12-27,46.098249233558
United States,6 Months - 17 Years,70953385,2026-01-03,47.062596872657
United States,6 Months - 17 Years,70953385,2026-01-10,48.5360771896941
United States,6 Months - 17 Years,70953385,2026-01-17,49.1074095479246
United States,6 Months - 17 Years,70953385,2026-01-24,49.615453177443
United States,6 Months - 17 Years,70953385,2026-01-31,50.0082038093744
United States,6 Months - 17 Years,70953385,2026-02-07,50.8706776704069
United States,6 Months - 17 Years,70953385,2026-02-14,51.2731172713039
United States,6 Months - 17 Years,70953385,2026-02-21,51.6625080890056
United States,6 Months - 17 Years,70953385,2026-02-28,52.0331008278721
United States,6 Months - 17 Years,70953385,2026-03-07,52.7196165466668
United States,6 Months - 17 Years,70953385,2026-03-14,53.0074014642259
United States,6 Months - 17 Years,70953385,2026-03-21,53.2504504029881
United States,6 Months - 17 Years,70953385,2026-03-28,53.4590743906651
United States,6 Months - 17 Years,70953385,2026-04-04,53.7022596576425
United States,6 Months - 17 Years,70953385,2026-04-11,54.1000492887417
United States,6 Months - 17 Years,70953385,2026-04-18,54.2907091284493
United States,6 Months - 17 Years,70953385,2026-04-25,54.4891864197864
United States,6 Months - 17 Years,70953385,2026-05-02,54.6616075271771
United States,6 Months - 17 Years,70953385,2026-05-09,55.0104331234793
United States,6 Months - 17 Years,70953385,2026-05-16,55.1385535266386
United States,6 Months - 17 Years,70953385,2026-05-23,55.2306021826788
United States,6 Months - 17 Years,70953385,2026-05-30,55.3020011728176
United States,6 Months - 17 Years,70953385,2026-06-06,55.4411074809831
United States,6 Months - 17 Years,70953385,2026-06-13,55.5056527667827
United States,18-49 Years,137037410,2025-08-16,1.08872402503847
United States,18-49 Years,137037410,2025-08-23,1.08872402503847
United States,18-49 Years,137037410,2025-08-30,1.08872402503847
United States,18-49 Years,137037410,2025-09-06,1.08872402503847
United States,18-49 Years,137037410,2025-09-13,1.60164610707263
United States,18-49 Years,137037410,2025-09-20,2.11969421490806
United States,18-49 Years,137037410,2025-09-27,2.90204973315996
United States,18-49 Years,137037410,2025-10-04,4.76884337935231
United States,18-49 Years,137037410,2025-10-11,6.00537517041522
United States,18-49 Years,137037410,2025-10-18,7.55190517383009
United States,18-49 Years,137037410,2025-10-25,9.38770453068215
United States,18-49 Years,137037410,2025-11-01,11.5638720860659
United States,18-49 Years,137037410,2025-11-08,15.7560131772849
United States,18-49 Years,137037410,2025-11-15,17.5477472946401
United States,18-49 Years,137037410,2025-11-22,19.0953646693824
United States,18-49 Years,137037410,2025-11-29,20.414102407471
United States,18-49 Years,137037410,2025-12-06,22.7712904506388
United States,18-49 Years,137037410,2025-12-13,23.7047000072489
United States,18-49 Years,137037410,2025-12-20,24.4545632789308
United States,18-49 Years,137037410,2025-12-27,25.0614126080145
United States,18-49 Years,137037410,2026-01-03,25.7368510700678
United States,18-49 Years,137037410,2026-01-10,26.7909536808593
United States,18-49 Years,137037410,2026-01-17,27.2358523671095
United States,18-49 Years,137037410,2026-01-24,27.6595830634864
United States,18-49 Years,137037410,2026-01-31,28.0082492798811
United States,18-49 Years,137037410,2026-02-07,28.7763640478328
United States,18-49 Years,137037410,2026-02-14,29.139420232096
United States,18-49 Years,137037410,2026-02-21,29.4907015101436
United States,18-49 Years,137037410,2026-02-28,29.8230552813328
United States,18-49 Years,137037410,2026-03-07,30.4314528597195
United States,18-49 Years,137037410,2026-03-14,30.6738898718541
United States,18-49 Years,137037410,2026-03-21,30.8632431285557
United States,18-49 Years,137037410,2026-03-28,31.0106041487304
United States,18-49 Years,137037410,2026-04-04,31.1701092487551
United States,18-49 Years,137037410,2026-04-11,31.4171209894983
United States,18-49 Years,137037410,2026-04-18,31.5203126003812
United States,18-49 Years,137037410,2026-04-25,31.6198967481564
United States,18-49 Years,137037410,2026-05-02,31.7039168869408
United States,18-49 Years,137037410,2026-05-09,31.8799158433535
United States,18-49 Years,137037410,2026-05-16,31.9554681038066
United States,18-49 Years,137037410,2026-05-23,32.0256294230968
United States,18-49 Years,137037410,2026-05-30,32.0981909791456
United States,18-49 Years,137037410,2026-06-06,32.256031111176
United States,18-49 Years,137037410,2026-06-13,32.3394556345647
United States,50-64 Years,62779537,2025-08-16,1.04866385265367
United States,50-64 Years,62779537,2025-08-23,1.04866385265367
United States,50-64 Years,62779537,2025-08-30,1.04866385265367
United States,50-64 Years,62779537,2025-09-06,1.04866385265367
United States,50-64 Years,62779537,2025-09-13,1.65127927705812
United States,50-64 Years,62779537,2025-09-20,2.3810921820516
United States,50-64 Years,62779537,2025-09-27,3.57882331685752
United States,50-64 Years,62779537,2025-10-04,6.49751870990988
United States,50-64 Years,62779537,2025-10-11,8.49203260816087
United States,50-64 Years,62779537,2025-10-18,11.0377164129265
United States,50-64 Years,62779537,2025-10-25,14.0849599022158
United States,50-64 Years,62779537,2025-11-01,17.6704432782387
United States,50-64 Years,62779537,2025-11-08,24.4655066624296
United States,50-64 Years,62779537,2025-11-15,27.220388881203
United States,50-64 Years,62779537,2025-11-22,29.4611842841386
United States,50-64 Years,62779537,2025-11-29,31.2541289920321
United States,50-64 Years,62779537,2025-12-06,34.3619081182005
United States,50-64 Years,62779537,2025-12-13,35.5215359345718
United States,50-64 Years,62779537,2025-12-20,36.4047800690636
United States,50-64 Years,62779537,2025-12-27,37.0863569509674
United States,50-64 Years,62779537,2026-01-03,37.8548659694446
United States,50-64 Years,62779537,2026-01-10,39.0591875143432
United States,50-64 Years,62779537,2026-01-17,39.610910011151
United States,50-64 Years,62779537,2026-01-24,40.1747248431625
United States,50-64 Years,62779537,2026-01-31,40.6656419992884
United States,50-64 Years,62779537,2026-02-07,41.7383863889478
United States,50-64 Years,62779537,2026-02-14,42.2227072150448
United States,50-64 Years,62779537,2026-02-21,42.6588221208159
United States,50-64 Years,62779537,2026-02-28,43.044183679801
United States,50-64 Years,62779537,2026-03-07,43.7330714918756
United States,50-64 Years,62779537,2026-03-14,44.0041284848609
United States,50-64 Years,62779537,2026-03-21,44.2191394531924
United States,50-64 Years,62779537,2026-03-28,44.3895603762859
United States,50-64 Years,62779537,2026-04-04,44.5710754233297
United States,50-64 Years,62779537,2026-04-11,44.8487649562881
United States,50-64 Years,62779537,2026-04-18,44.9618164848146
United States,50-64 Years,62779537,2026-04-25,45.0693435826029
United States,50-64 Years,62779537,2026-05-02,45.1573194523079
United States,50-64 Years,62779537,2026-05-09,45.3317225476345
United States,50-64 Years,62779537,2026-05-16,45.3925227350231
United States,50-64 Years,62779537,2026-05-23,45.4345522110862
United States,50-64 Years,62779537,2026-05-30,45.4674203135692
United States,50-64 Years,62779537,2026-06-06,45.5353621844733
United States,50-64 Years,62779537,2026-06-13,45.5701221975087
United States,65+ Years,55659365,2025-08-16,1.60538774446525
United States,65+ Years,55659365,2025-08-23,1.60538774446525
United States,65+ Years,55659365,2025-08-30,1.60538774446525
United States,65+ Years,55659365,2025-09-06,1.60538774446525
United States,65+ Years,55659365,2025-09-13,2.738232319306
United States,65+ Years,55659365,2025-09-20,4.28698477430513
United States,65+ Years,55659365,2025-09-27,6.49902067126297
United States,65+ Years,55659365,2025-10-04,11.6602332788687
United States,65+ Years,55659365,2025-10-11,14.981012411388
United States,65+ Years,55659365,2025-10-18,19.0510632562031
United States,65+ Years,55659365,2025-10-25,23.7705017820492
United States,65+ Years,55659365,2025-11-01,29.2152059815257
United States,65+ Years,55659365,2025-11-08,39.3168279628977
United States,65+ Years,55659365,2025-11-15,43.2857783566709
United States,65+ Years,55659365,2025-11-22,46.4387164123676
United States,65+ Years,55659365,2025-11-29,48.9022901757251
United States,65+ Years,55659365,2025-12-06,53.1214999685669
United States,65+ Years,55659365,2025-12-13,54.6573016463424
United States,65+ Years,55659365,2025-12-20,55.7984356436976
United States,65+ Years,55659365,2025-12-27,56.6579280869424
United States,65+ Years,55659365,2026-01-03,57.6376970355596
United States,65+ Years,55659365,2026-01-10,59.1767898401394
United States,65+ Years,55659365,2026-01-17,59.909137330571
United States,65+ Years,55659365,2026-01-24,60.67340001985
United States,65+ Years,55659365,2026-01-31,61.3400130120624
United States,65+ Years,55659365,2026-02-07,62.7862856816859
United States,65+ Years,55659365,2026-02-14,63.4231172321214
United States,65+ Years,55659365,2026-02-21,63.9832200730831
United States,65+ Years,55659365,2026-02-28,64.4734349242917
United States,65+ Years,55659365,2026-03-07,65.3669789099791
United States,65+ Years,55659365,2026-03-14,65.7410371311379
United States,65+ Years,55659365,2026-03-21,66.0619669770457
United States,65+ Years,55659365,2026-03-28,66.3418234215504
United States,65+ Years,55659365,2026-04-04,66.6741134686762
United States,65+ Years,55659365,2026-04-11,67.2196720791243
United States,65+ Years,55659365,2026-04-18,67.4900377845304
United States,65+ Years,55659365,2026-04-25,67.7760223041616
United States,65+ Years,55659365,2026-05-02,68.0241742953481
United States,65+ Years,55659365,2026-05-09,68.5320770858972
United States,65+ Years,55659365,2026-05-16,68.725969742897
United States,65+ Years,55659365,2026-05-23,68.8742584691854
United States,65+ Years,55659365,2026-05-30,68.9965227048267
United States,65+ Years,55659365,2026-06-06,69.2353457728671
United States,65+ Years,55659365,2026-06-13,69.3462431355348
Alabama,6 Months - 4 Years,263797,2025-08-16,3.65931785541111
Alabama,6 Months - 4 Years,263797,2025-08-23,3.65931785541111
Alabama,6 Months - 4 Years,263797,2025-08-30,3.65931785541111
Alabama,6 Months - 4 Years,263797,2025-09-06,3.65931785541111
Alabama,6 Months - 4 Years,263797,2025-09-13,5.09355322116298
Alabama,6 Months - 4 Years,263797,2025-09-20,6.21414875572916
Alabama,6 Months - 4 Years,263797,2025-09-27,7.57858760056425
Alabama,6 Months - 4 Years,263797,2025-10-04,10.619890798377
Alabama,6 Months - 4 Years,263797,2025-10-11,12.4599247340641
Alabama,6 Months - 4 Years,263797,2025-10-18,14.6137516544332
Alabama,6 Months - 4 Years,263797,2025-10-25,17.0365835045639
Alabama,6 Months - 4 Years,263797,2025-11-01,19.820632232063
Alabama,6 Months - 4 Years,263797,2025-11-08,25.0185103475406
Alabama,6 Months - 4 Years,263797,2025-11-15,27.1582559397657
Alabama,6 Months - 4 Years,263797,2025-11-22,28.9662648178538
Alabama,6 Months - 4 Years,263797,2025-11-29,30.4736750702382
Alabama,6 Months - 4 Years,263797,2025-12-06,33.1324611820966
Alabama,6 Months - 4 Years,263797,2025-12-13,34.1682443395402
Alabama,6 Months - 4 Years,263797,2025-12-20,34.9927848161079
Alabama,6 Months - 4 Years,263797,2025-12-27,35.6470614642563
Alabama,6 Months - 4 Years,263797,2026-01-03,36.3297734327897
Alabama,6 Months - 4 Years,263797,2026-01-10,37.3479658913737
Alabama,6 Months - 4 Years,263797,2026-01-17,37.7130805831595
Alabama,6 Months - 4 Years,263797,2026-01-24,38.0151665186984
Alabama,6 Months - 4 Years,263797,2026-01-31,38.2236956277785
Alabama,6 Months - 4 Years,263797,2026-02-07,38.6367308557087
Alabama,6 Months - 4 Years,263797,2026-02-14,38.7753570468055
Alabama,6 Months - 4 Years,263797,2026-02-21,38.8690829524712
Alabama,6 Months - 4 Years,263797,2026-02-28,38.9333978264031
Alabama,6 Months - 4 Years,263797,2026-03-07,39.0473275122301
Alabama,6 Months - 4 Years,263797,2026-03-14,39.1030717381852
Alabama,6 Months - 4 Years,263797,2026-03-21,39.1636391273635
Alabama,6 Months - 4 Years,263797,2026-03-28,39.2257801356516
Alabama,6 Months - 4 Years,263797,2026-04-04,39.2862877677311
Alabama,6 Months - 4 Years,263797,2026-04-11,39.3759302996002
Alabama,6 Months - 4 Years,263797,2026-04-18,39.3946520430482
Alabama,6 Months - 4 Years,263797,2026-04-25,39.4
Alabama,6 Months - 4 Years,263797,2026-05-02,39.4
Alabama,6 Months - 4 Years,263797,2026-05-09,39.4
Alabama,6 Months - 4 Years,263797,2026-05-16,39.4
Alabama,6 Months - 4 Years,263797,2026-05-23,39.4
Alabama,6 Months - 4 Years,263797,2026-05-30,39.4
Alabama,6 Months - 4 Years,263797,2026-06-06,39.4
Alabama,6 Months - 4 Years,263797,2026-06-13,39.4
Alabama,5-12 Years,484424,2025-08-16,4.60742330027421
Alabama,5-12 Years,484424,2025-08-23,4.60742330027421
Alabama,5-12 Years,484424,2025-08-30,4.60742330027421
Alabama,5-12 Years,484424,2025-09-06,4.60742330027421
Alabama,5-12 Years,484424,2025-09-13,6.36920955893768
Alabama,5-12 Years,484424,2025-09-20,7.6867678501188
Alabama,5-12 Years,484424,2025-09-27,9.3607632205576
Alabama,5-12 Years,484424,2025-10-04,13.1575984592938
Alabama,5-12 Years,484424,2025-10-11,15.5540691110218
Alabama,5-12 Years,484424,2025-10-18,18.4629775394039
Alabama,5-12 Years,484424,2025-10-25,21.784250016483
Alabama,5-12 Years,484424,2025-11-01,25.5188346090046
Alabama,5-12 Years,484424,2025-11-08,32.1706740592384
Alabama,5-12 Years,484424,2025-11-15,34.5102887131084
Alabama,5-12 Years,484424,2025-11-22,36.1457065963256
Alabama,5-12 Years,484424,2025-11-29,37.2650654401305
Alabama,5-12 Years,484424,2025-12-06,39.1518304615476
Alabama,5-12 Years,484424,2025-12-13,39.8630595307854
Alabama,5-12 Years,484424,2025-12-20,40.4404692630564
Alabama,5-12 Years,484424,2025-12-27,40.916522129174
Alabama,5-12 Years,484424,2026-01-03,41.422054113158
Alabama,5-12 Years,484424,2026-01-10,42.1853162493773
Alabama,5-12 Years,484424,2026-01-17,42.4640519465836
Alabama,5-12 Years,484424,2026-01-24,42.6990913598291
Alabama,5-12 Years,484424,2026-01-31,42.8708658771524
Alabama,5-12 Years,484424,2026-02-07,43.2412132525098
Alabama,5-12 Years,484424,2026-02-14,43.3990674326025
Alabama,5-12 Years,484424,2026-02-21,43.5402446120956
Alabama,5-12 Years,484424,2026-02-28,43.673537446235
Alabama,5-12 Years,484424,2026-03-07,43.9550764011321
Alabama,5-12 Years,484424,2026-03-14,44.1510779633432
Alabama,5-12 Years,484424,2026-03-21,44.4150131094103
Alabama,5-12 Years,484424,2026-03-28,44.7254565127177
Alabama,5-12 Years,484424,2026-04-04,45.0452360312429
Alabama,5-12 Years,484424,2026-04-11,45.5523087725388
Alabama,5-12 Years,484424,2026-04-18,45.6664376954467
Alabama,5-12 Years,484424,2026-04-25,45.7
Alabama,5-12 Years,484424,2026-05-02,45.7
Alabama,5-12 Years,484424,2026-05-09,45.7077164629432
Alabama,5-12 Years,484424,2026-05-16,45.7350180079692
Alabama,5-12 Years,484424,2026-05-23,45.7976211046245
Alabama,5-12 Years,484424,2026-05-30,45.9039136530947
Alabama,5-12 Years,484424,2026-06-06,46.1797636925224
Alabama,5-12 Years,484424,2026-06-13,46.3522716399661
Alabama,13-17 Years,310917,2025-08-16,3.07660025510107
Alabama,13-17 Years,310917,2025-08-23,3.07660025510107
Alabama,13-17 Years,310917,2025-08-30,3.07660025510107
Alabama,13-17 Years,310917,2025-09-06,3.07660025510107
Alabama,13-17 Years,310917,2025-09-13,4.24954574392549
Alabama,13-17 Years,310917,2025-09-20,5.12427514734929
Alabama,13-17 Years,310917,2025-09-27,6.39419201105367
Alabama,13-17 Years,310917,2025-10-04,9.40760804079205
Alabama,13-17 Years,310917,2025-10-11,11.4010600956924
Alabama,13-17 Years,310917,2025-10-18,13.8864448130376
Alabama,13-17 Years,310917,2025-10-25,16.8020750193374
Alabama,13-17 Years,310917,2025-11-01,20.1822147900547
Alabama,13-17 Years,310917,2025-11-08,26.4813491168943
Alabama,13-17 Years,310917,2025-11-15,28.9651420938224
Alabama,13-17 Years,310917,2025-11-22,30.9360008573103
Alabama,13-17 Years,310917,2025-11-29,32.4636762703503
Alabama,13-17 Years,310917,2025-12-06,35.0393200490323
Alabama,13-17 Years,310917,2025-12-13,35.9361868790897
Alabama,13-17 Years,310917,2025-12-20,36.5642511889505
Alabama,13-17 Years,310917,2025-12-27,36.99908253772
Alabama,13-17 Years,310917,2026-01-03,37.4556025143991
Alabama,13-17 Years,310917,2026-01-10,38.1297756645477
Alabama,13-17 Years,310917,2026-01-17,38.4057473437699
Alabama,13-17 Years,310917,2026-01-24,38.6648879991335
Alabama,13-17 Years,310917,2026-01-31,38.8609587649116
Alabama,13-17 Years,310917,2026-02-07,39.2453313125474
Alabama,13-17 Years,310917,2026-02-14,39.3692996858514
Alabama,13-17 Years,310917,2026-02-21,39.4450897884214
Alabama,13-17 Years,310917,2026-02-28,39.4896136179026
Alabama,13-17 Years,310917,2026-03-07,39.5650974353779
Alabama,13-17 Years,310917,2026-03-14,39.5976532616582
Alabama,13-17 Years,310917,2026-03-21,39.6298547585707
Alabama,13-17 Years,310917,2026-03-28,39.6633977165715
Alabama,13-17 Years,310917,2026-04-04,39.7140043925458
Alabama,13-17 Years,310917,2026-04-11,39.8084911925598
Alabama,13-17 Years,310917,2026-04-18,39.8774774375666
Alabama,13-17 Years,310917,2026-04-25,39.9660070118115
Alabama,13-17 Years,310917,2026-05-02,40.0530209942693
Alabama,13-17 Years,310917,2026-05-09,40.2292082854354
Alabama,13-17 Years,310917,2026-05-16,40.2921169203136
Alabama,13-17 Years,310917,2026-05-23,40.3313961765099
Alabama,13-17 Years,310917,2026-05-30,40.3536695211002
Alabama,13-17 Years,310917,2026-06-06,40.3868248255614
Alabama,13-17 Years,310917,2026-06-13,40.3928853008502
Alabama,6 Months - 17 Years,1059138,2025-08-16,3.90784216320708
Alabama,6 Months - 17 Years,1059138,2025-08-23,3.90784216320708
Alabama,6 Months - 17 Years,1059138,2025-08-30,3.90784216320708
Alabama,6 Months - 17 Years,1059138,2025-09-06,3.90784216320708
Alabama,6 Months - 17 Years,1059138,2025-09-13,5.39213649848348
Alabama,6 Months - 17 Years,1059138,2025-09-20,6.48921337809888
Alabama,6 Months - 17 Years,1059138,2025-09-27,7.94278943458002
Alabama,6 Months - 17 Years,1059138,2025-10-04,11.2906120991753
Alabama,6 Months - 17 Years,1059138,2025-10-11,13.4323818308407
Alabama,6 Months - 17 Years,1059138,2025-10-18,16.0488218716138
Alabama,6 Months - 17 Years,1059138,2025-10-25,19.0642909813152
Alabama,6 Months - 17 Years,1059138,2025-11-01,22.5078200637274
Alabama,6 Months - 17 Years,1059138,2025-11-08,28.7955347740542
Alabama,6 Months - 17 Years,1059138,2025-11-15,31.1642161617183
Alabama,6 Months - 17 Years,1059138,2025-11-22,32.9602494984722
Alabama,6 Months - 17 Years,1059138,2025-11-29,34.2989500087011
Alabama,6 Months - 17 Years,1059138,2025-12-06,36.5696675742918
Alabama,6 Months - 17 Years,1059138,2025-12-13,37.4003786279729
Alabama,6 Months - 17 Years,1059138,2025-12-20,38.0333324296916
Alabama,6 Months - 17 Years,1059138,2025-12-27,38.51911752027
Alabama,6 Months - 17 Years,1059138,2026-01-03,39.0318728926809
Alabama,6 Months - 17 Years,1059138,2026-01-10,39.7980873581398
Alabama,6 Months - 17 Years,1059138,2026-01-17,40.0897885183818
Alabama,6 Months - 17 Years,1059138,2026-01-24,40.3467479841727
Alabama,6 Months - 17 Years,1059138,2026-01-31,40.5374489998039
Alabama,6 Months - 17 Years,1059138,2026-02-07,40.9337377601685
Alabama,6 Months - 17 Years,1059138,2026-02-14,41.0864356875926
Alabama,6 Months - 17 Years,1059138,2026-02-21,41.2073873723879
Alabama,6 Months - 17 Years,1059138,2026-02-28,41.3074694111207
Alabama,6 Months - 17 Years,1059138,2026-03-07,41.5021159753768
Alabama,6 Months - 17 Years,1059138,2026-03-14,41.6139379862641
Alabama,6 Months - 17 Years,1059138,2026-03-21,41.7483500030664
Alabama,6 Months - 17 Years,1059138,2026-03-28,41.8989309862271
Alabama,6 Months - 17 Years,1059138,2026-04-04,42.0656553103596
Alabama,6 Months - 17 Years,1059138,2026-04-11,42.3364023395421
Alabama,6 Months - 17 Years,1059138,2026-04-18,42.4197153422506
Alabama,6 Months - 17 Years,1059138,2026-04-25,42.471932271975
Alabama,6 Months - 17 Years,1059138,2026-05-02,42.5026223390215
Alabama,6 Months - 17 Years,1059138,2026-05-09,42.5773110299541
Alabama,6 Months - 17 Years,1059138,2026-05-16,42.622453911954
Alabama,6 Months - 17 Years,1059138,2026-05-23,42.6786665788428
Alabama,6 Months - 17 Years,1059138,2026-05-30,42.746280242439
Alabama,6 Months - 17 Years,1059138,2026-06-06,42.8954570626034
Alabama,6 Months - 17 Years,1059138,2026-06-13,42.9799560908863
Alabama,18-49 Years,1983487,2025-08-16,1.28306545834204
Alabama,18-49 Years,1983487,2025-08-23,1.28306545834204
Alabama,18-49 Years,1983487,2025-08-30,1.28306545834204
Alabama,18-49 Years,1983487,2025-09-06,1.28306545834204
Alabama,18-49 Years,1983487,2025-09-13,1.75195785797876
Alabama,18-49 Years,1983487,2025-09-20,2.07384383664089
Alabama,18-49 Years,1983487,2025-09-27,2.72210934431769
Alabama,18-49 Years,1983487,2025-10-04,4.38583477219613
Alabama,18-49 Years,1983487,2025-10-11,5.59426713098872
Alabama,18-49 Years,1983487,2025-10-18,7.19253782482698
Alabama,18-49 Years,1983487,2025-10-25,9.14043467446719
Alabama,18-49 Years,1983487,2025-11-01,11.4250373044875
Alabama,18-49 Years,1983487,2025-11-08,15.7007216429965
Alabama,18-49 Years,1983487,2025-11-15,17.3479084938062
Alabama,18-49 Years,1983487,2025-11-22,18.600699324806
Alabama,18-49 Years,1983487,2025-11-29,19.5234746866972
Alabama,18-49 Years,1983487,2025-12-06,21.0395002422735
Alabama,18-49 Years,1983487,2025-12-13,21.5312611427899
Alabama,18-49 Years,1983487,2025-12-20,21.8443000364679
Alabama,18-49 Years,1983487,2025-12-27,22.0376289176162
Alabama,18-49 Years,1983487,2026-01-03,22.2567786239225
Alabama,18-49 Years,1983487,2026-01-10,22.5943942737292
Alabama,18-49 Years,1983487,2026-01-17,22.7775113658519
Alabama,18-49 Years,1983487,2026-01-24,22.9878608790926
Alabama,18-49 Years,1983487,2026-01-31,23.1839129030416
Alabama,18-49 Years,1983487,2026-02-07,23.6065937587201
Alabama,18-49 Years,1983487,2026-02-14,23.7849543041146
Alabama,18-49 Years,1983487,2026-02-21,23.9308587312237
Alabama,18-49 Years,1983487,2026-02-28,24.0520873369159
Alabama,18-49 Years,1983487,2026-03-07,24.2827634403534
Alabama,18-49 Years,1983487,2026-03-14,24.4005354744568
Alabama,18-49 Years,1983487,2026-03-21,24.5270552483362
Alabama,18-49 Years,1983487,2026-03-28,24.6590339156569
Alabama,18-49 Years,1983487,2026-04-04,24.8103506599871
Alabama,18-49 Years,1983487,2026-04-11,25.05824906085
Alabama,18-49 Years,1983487,2026-04-18,25.152820921772
Alabama,18-49 Years,1983487,2026-04-25,25.2296054320988
Alabama,18-49 Years,1983487,2026-05-02,25.2793562962963
Alabama,18-49 Years,1983487,2026-05-09,25.369659329806
Alabama,18-49 Years,1983487,2026-05-16,25.3916383068783
Alabama,18-49 Years,1983487,2026-05-23,25.3993697354497
Alabama,18-49 Years,1983487,2026-05-30,25.3997899118166
Alabama,18-49 Years,1983487,2026-06-06,25.4
Alabama,18-49 Years,1983487,2026-06-13,25.4
Alabama,50-64 Years,962447,2025-08-16,2.01116805475476
Alabama,50-64 Years,962447,2025-08-23,2.01116805475476
Alabama,50-64 Years,962447,2025-08-30,2.01116805475476
Alabama,50-64 Years,962447,2025-09-06,2.01116805475476
Alabama,50-64 Years,962447,2025-09-13,2.75263596544382
Alabama,50-64 Years,962447,2025-09-20,3.27063788870874
Alabama,50-64 Years,962447,2025-09-27,4.14183120051653
Alabama,50-64 Years,962447,2025-10-04,6.29243117337486
Alabama,50-64 Years,962447,2025-10-11,7.76536816744779
Alabama,50-64 Years,962447,2025-10-18,9.63560953494575
Alabama,50-64 Years,962447,2025-10-25,11.8754091925247
Alabama,50-64 Years,962447,2025-11-01,14.5403220800411
Alabama,50-64 Years,962447,2025-11-08,19.6839770554488
Alabama,50-64 Years,962447,2025-11-15,21.8708745024742
Alabama,50-64 Years,962447,2025-11-22,23.7427202371686
Alabama,50-64 Years,962447,2025-11-29,25.3299609819645
Alabama,50-64 Years,962447,2025-12-06,28.1949099323393
Alabama,50-64 Years,962447,2025-12-13,29.3734868070897
Alabama,50-64 Years,962447,2025-12-20,30.3658253352045
Alabama,50-64 Years,962447,2025-12-27,31.2011903394766
Alabama,50-64 Years,962447,2026-01-03,32.1045682125936
Alabama,50-64 Years,962447,2026-01-10,33.4915144885902
Alabama,50-64 Years,962447,2026-01-17,34.0125098624574
Alabama,50-64 Years,962447,2026-01-24,34.4577188588948
Alabama,50-64 Years,962447,2026-01-31,34.7867390182562
Alabama,50-64 Years,962447,2026-02-07,35.4980828902689
Alabama,50-64 Years,962447,2026-02-14,35.8092847105327
Alabama,50-64 Years,962447,2026-02-21,36.0928701311959
Alabama,50-64 Years,962447,2026-02-28,36.3536244798266
Alabama,50-64 Years,962447,2026-03-07,36.8466818775587
Alabama,50-64 Years,962447,2026-03-14,37.0738645513596
Alabama,50-64 Years,962447,2026-03-21,37.2895032203638
Alabama,50-64 Years,962447,2026-03-28,37.4952901327109
Alabama,50-64 Years,962447,2026-04-04,37.7452956558548
Alabama,50-64 Years,962447,2026-04-11,38.1630465717987
Alabama,50-64 Years,962447,2026-04-18,38.3638841494362
Alabama,50-64 Years,962447,2026-04-25,38.5634366801198
Alabama,50-64 Years,962447,2026-05-02,38.7161679459721
Alabama,50-64 Years,962447,2026-05-09,38.9980730136864
Alabama,50-64 Years,962447,2026-05-16,39.0711772716999
Alabama,50-64 Years,962447,2026-05-23,39.0977732379056
Alabama,50-64 Years,962447,2026-05-30,39.0992577459685
Alabama,50-64 Years,962447,2026-06-06,39.1
Alabama,50-64 Years,962447,2026-06-13,39.1
Alabama,65+ Years,874244,2025-08-16,1.24697044848439
Alabama,65+ Years,874244,2025-08-23,1.24697044848439
Alabama,65+ Years,874244,2025-08-30,1.24697044848439
Alabama,65+ Years,874244,2025-09-06,1.24697044848439
Alabama,65+ Years,874244,2025-09-13,2.34997050244434
Alabama,65+ Years,874244,2025-09-20,4.05995288526099
Alabama,65+ Years,874244,2025-09-27,6.26801582721465
Alabama,65+ Years,874244,2025-10-04,11.3062085688619
Alabama,65+ Years,874244,2025-10-11,14.4891350137289
Alabama,65+ Years,874244,2025-10-18,18.3446874495118
Alabama,65+ Years,874244,2025-10-25,22.7610605900459
Alabama,65+ Years,874244,2025-11-01,27.7903396794708
Alabama,65+ Years,874244,2025-11-08,36.9604271833787
Alabama,65+ Years,874244,2025-11-15,40.4325203824083
Alabama,65+ Years,874244,2025-11-22,43.0878591253701
Alabama,65+ Years,874244,2025-11-29,45.0688029094549
Alabama,65+ Years,874244,2025-12-06,48.3511356760949
Alabama,65+ Years,874244,2025-12-13,49.4433564452347
Alabama,65+ Years,874244,2025-12-20,50.1658891000957
Alabama,65+ Years,874244,2025-12-27,50.6402810594161
Alabama,65+ Years,874244,2026-01-03,51.2104340804598
Alabama,65+ Years,874244,2026-01-10,52.1269297894522
Alabama,65+ Years,874244,2026-01-17,52.6851562363899
Alabama,65+ Years,874244,2026-01-24,53.3630416813699
Alabama,65+ Years,874244,2026-01-31,54.0134581572961
Alabama,65+ Years,874244,2026-02-07,55.3761988541326
Alabama,65+ Years,874244,2026-02-14,55.9043799883644
Alabama,65+ Years,874244,2026-02-21,56.2846445090099
Alabama,65+ Years,874244,2026-02-28,56.5567122749749
Alabama,65+ Years,874244,2026-03-07,57.0555721853529
Alabama,65+ Years,874244,2026-03-14,57.3066845964058
Alabama,65+ Years,874244,2026-03-21,57.5816023640843
Alabama,65+ Years,874244,2026-03-28,57.8756859498664
Alabama,65+ Years,874244,2026-04-04,58.2231293449736
Alabama,65+ Years,874244,2026-04-11,58.8009628674679
Alabama,65+ Years,874244,2026-04-18,59.0283146556034
Alabama,65+ Years,874244,2026-04-25,59.2209158941073
Alabama,65+ Years,874244,2026-05-02,59.3653667087949
Alabama,65+ Years,874244,2026-05-09,59.6874746872504
Alabama,65+ Years,874244,2026-05-16,59.840535363694
Alabama,65+ Years,874244,2026-05-23,59.9906713025298
Alabama,65+ Years,874244,2026-05-30,60.1376499344637
Alabama,65+ Years,874244,2026-06-06,60.4240541923391
Alabama,65+ Years,874244,2026-06-13,60.5605267394035
Alaska,6 Months - 4 Years,44896,2025-08-16,0.817654123934733
Alaska,6 Months - 4 Years,44896,2025-08-23,0.817654123934733
Alaska,6 Months - 4 Years,44896,2025-08-30,0.817654123934733
Alaska,6 Months - 4 Years,44896,2025-09-06,0.817654123934733
Alaska,6 Months - 4 Years,44896,2025-09-13,2.53801168932205
Alaska,6 Months - 4 Years,44896,2025-09-20,5.23824976581927
Alaska,6 Months - 4 Years,44896,2025-09-27,8.85249623743361
Alaska,6 Months - 4 Years,44896,2025-10-04,16.5270032224189
Alaska,6 Months - 4 Years,44896,2025-10-11,20.0904314068423
Alaska,6 Months - 4 Years,44896,2025-10-18,23.4731257415059
Alaska,6 Months - 4 Years,44896,2025-10-25,26.6487715820483
Alaska,6 Months - 4 Years,44896,2025-11-01,29.9537282540338
Alaska,6 Months - 4 Years,44896,2025-11-08,35.4551930665529
Alaska,6 Months - 4 Years,44896,2025-11-15,37.383996141689
Alaska,6 Months - 4 Years,44896,2025-11-22,38.8535485248282
Alaska,6 Months - 4 Years,44896,2025-11-29,39.9921019420733
Alaska,6 Months - 4 Years,44896,2025-12-06,42.0221706193126
Alaska,6 Months - 4 Years,44896,2025-12-13,42.8878721446911
Alaska,6 Months - 4 Years,44896,2025-12-20,43.6782565838495
Alaska,6 Months - 4 Years,44896,2025-12-27,44.4136709100481
Alaska,6 Months - 4 Years,44896,2026-01-03,45.2899075507746
Alaska,6 Months - 4 Years,44896,2026-01-10,46.7238232232609
Alaska,6 Months - 4 Years,44896,2026-01-17,47.3641449940761
Alaska,6 Months - 4 Years,44896,2026-01-24,47.9944799123553
Alaska,6 Months - 4 Years,44896,2026-01-31,48.5517894293827
Alaska,6 Months - 4 Years,44896,2026-02-07,49.9182746944306
Alaska,6 Months - 4 Years,44896,2026-02-14,50.7824362189053
Alaska,6 Months - 4 Years,44896,2026-02-21,51.8183120935559
Alaska,6 Months - 4 Years,44896,2026-02-28,52.9209560763096
Alaska,6 Months - 4 Years,44896,2026-03-07,54.9106421992234
Alaska,6 Months - 4 Years,44896,2026-03-14,55.5883369045023
Alaska,6 Months - 4 Years,44896,2026-03-21,55.9657480218767
Alaska,6 Months - 4 Years,44896,2026-03-28,56.1202347023045
Alaska,6 Months - 4 Years,44896,2026-04-04,56.2416595797683
Alaska,6 Months - 4 Years,44896,2026-04-11,56.3723558194203
Alaska,6 Months - 4 Years,44896,2026-04-18,56.3943403001754
Alaska,6 Months - 4 Years,44896,2026-04-25,56.4
Alaska,6 Months - 4 Years,44896,2026-05-02,56.4
Alaska,6 Months - 4 Years,44896,2026-05-09,56.4
Alaska,6 Months - 4 Years,44896,2026-05-16,56.4
Alaska,6 Months - 4 Years,44896,2026-05-23,56.4
Alaska,6 Months - 4 Years,44896,2026-05-30,56.4
Alaska,6 Months - 4 Years,44896,2026-06-06,56.4
Alaska,6 Months - 4 Years,44896,2026-06-13,56.4
Alaska,5-12 Years,81490,2025-08-16,0.667734475499397
Alaska,5-12 Years,81490,2025-08-23,0.667734475499397
Alaska,5-12 Years,81490,2025-08-30,0.667734475499397
Alaska,5-12 Years,81490,2025-09-06,0.667734475499397
Alaska,5-12 Years,81490,2025-09-13,1.80170554226641
Alaska,5-12 Years,81490,2025-09-20,3.60356319489
Alaska,5-12 Years,81490,2025-09-27,6.09536015331364
Alaska,5-12 Years,81490,2025-10-04,11.4802351797916
Alaska,5-12 Years,81490,2025-10-11,14.3616874127132
Alaska,5-12 Years,81490,2025-10-18,17.4471334835831
Alaska,5-12 Years,81490,2025-10-25,20.6656590199951
Alaska,5-12 Years,81490,2025-11-01,24.1922103551539
Alaska,5-12 Years,81490,2025-11-08,30.4333754476868
Alaska,5-12 Years,81490,2025-11-15,32.8227651044684
Alaska,5-12 Years,81490,2025-11-22,34.7450656541938
Alaska,5-12 Years,81490,2025-11-29,36.2510414414936
Alaska,5-12 Years,81490,2025-12-06,38.7243797877058
Alaska,5-12 Years,81490,2025-12-13,39.5027279975887
Alaska,5-12 Years,81490,2025-12-20,39.9653368598479
Alaska,5-12 Years,81490,2025-12-27,40.2214920954915
Alaska,5-12 Years,81490,2026-01-03,40.5519946180324
Alaska,5-12 Years,81490,2026-01-10,41.1074776590456
Alaska,5-12 Years,81490,2026-01-17,41.5555511317628
Alaska,5-12 Years,81490,2026-01-24,42.1663232982369
Alaska,5-12 Years,81490,2026-01-31,42.7788499043328
Alaska,5-12 Years,81490,2026-02-07,43.9704318674602
Alaska,5-12 Years,81490,2026-02-14,44.3391894670933
Alaska,5-12 Years,81490,2026-02-21,44.5085802074876
Alaska,5-12 Years,81490,2026-02-28,44.5467900973363
Alaska,5-12 Years,81490,2026-03-07,44.5884339401045
Alaska,5-12 Years,81490,2026-03-14,44.5963709609339
Alaska,5-12 Years,81490,2026-03-21,44.5993902091631
Alaska,5-12 Years,81490,2026-03-28,44.5997967363877
Alaska,5-12 Years,81490,2026-04-04,44.6
Alaska,5-12 Years,81490,2026-04-11,44.6
Alaska,5-12 Years,81490,2026-04-18,44.6
Alaska,5-12 Years,81490,2026-04-25,44.6
Alaska,5-12 Years,81490,2026-05-02,44.6
Alaska,5-12 Years,81490,2026-05-09,44.6
Alaska,5-12 Years,81490,2026-05-16,44.6
Alaska,5-12 Years,81490,2026-05-23,44.6
Alaska,5-12 Years,81490,2026-05-30,44.6
Alaska,5-12 Years,81490,2026-06-06,44.6
Alaska,5-12 Years,81490,2026-06-13,44.6
Alaska,13-17 Years,47492,2025-08-16,0.615843024877865
Alaska,13-17 Years,47492,2025-08-23,0.615843024877865
Alaska,13-17 Years,47492,2025-08-30,0.615843024877865
Alaska,13-17 Years,47492,2025-09-06,0.615843024877865
Alaska,13-17 Years,47492,2025-09-13,1.54432918664446
Alaska,13-17 Years,47492,2025-09-20,3.0223841767601
Alaska,13-17 Years,47492,2025-09-27,5.08939195546147
Alaska,13-17 Years,47492,2025-10-04,9.54775488647612
Alaska,13-17 Years,47492,2025-10-11,12.0987790674793
Alaska,13-17 Years,47492,2025-10-18,14.9914760818266
Alaska,13-17 Years,47492,2025-10-25,18.1234471041916
Alaska,13-17 Years,47492,2025-11-01,21.538685696866
Alaska,13-17 Years,47492,2025-11-08,27.4192170749403
Alaska,13-17 Years,47492,2025-11-15,29.394243584214
Alaska,13-17 Years,47492,2025-11-22,30.7299160381259
Alaska,13-17 Years,47492,2025-11-29,31.6029975218938
Alaska,13-17 Years,47492,2025-12-06,33.0076000233898
Alaska,13-17 Years,47492,2025-12-13,33.4663654201784
Alaska,13-17 Years,47492,2025-12-20,33.7783581949339
Alaska,13-17 Years,47492,2025-12-27,33.9924028864881
Alaska,13-17 Years,47492,2026-01-03,34.2220050009291
Alaska,13-17 Years,47492,2026-01-10,34.5640488399256
Alaska,13-17 Years,47492,2026-01-17,34.708628036171
Alaska,13-17 Years,47492,2026-01-24,34.8509337264215
Alaska,13-17 Years,47492,2026-01-31,34.9745065783217
Alaska,13-17 Years,47492,2026-02-07,35.2741986236032
Alaska,13-17 Years,47492,2026-02-14,35.4600097883457
Alaska,13-17 Years,47492,2026-02-21,35.6799317890632
Alaska,13-17 Years,47492,2026-02-28,35.9092262088247
Alaska,13-17 Years,47492,2026-03-07,36.3093206343757
Alaska,13-17 Years,47492,2026-03-14,36.4322862436541
Alaska,13-17 Years,47492,2026-03-21,36.4872892064916
Alaska,13-17 Years,47492,2026-03-28,36.4957630688305
Alaska,13-17 Years,47492,2026-04-04,36.5
Alaska,13-17 Years,47492,2026-04-11,36.5
Alaska,13-17 Years,47492,2026-04-18,36.5
Alaska,13-17 Years,47492,2026-04-25,36.5
Alaska,13-17 Years,47492,2026-05-02,36.5
Alaska,13-17 Years,47492,2026-05-09,36.5
Alaska,13-17 Years,47492,2026-05-16,36.5
Alaska,13-17 Years,47492,2026-05-23,36.5
Alaska,13-17 Years,47492,2026-05-30,36.5
Alaska,13-17 Years,47492,2026-06-06,36.5
Alaska,13-17 Years,47492,2026-06-13,36.5
Alaska,6 Months - 17 Years,173878,2025-08-16,3.56099128441466
Alaska,6 Months - 17 Years,173878,2025-08-23,3.56099128441466
Alaska,6 Months - 17 Years,173878,2025-08-30,3.56099128441466
Alaska,6 Months - 17 Years,173878,2025-09-06,3.56099128441466
Alaska,6 Months - 17 Years,173878,2025-09-13,5.16568296726157
Alaska,6 Months - 17 Years,173878,2025-09-20,6.70482464504971
Alaska,6 Months - 17 Years,173878,2025-09-27,8.50386540211774
Alaska,6 Months - 17 Years,173878,2025-10-04,12.4437459731239
Alaska,6 Months - 17 Years,173878,2025-10-11,14.7978935996402
Alaska,6 Months - 17 Years,173878,2025-10-18,17.5440747078132
Alaska,6 Months - 17 Years,173878,2025-10-25,20.5973859013874
Alaska,6 Months - 17 Years,173878,2025-11-01,24.0117063820038
Alaska,6 Months - 17 Years,173878,2025-11-08,30.1088880433034
Alaska,6 Months - 17 Years,173878,2025-11-15,32.3424043038002
Alaska,6 Months - 17 Years,173878,2025-11-22,34.0065833660085
Alaska,6 Months - 17 Years,173878,2025-11-29,35.2188213797476
Alaska,6 Months - 17 Years,173878,2025-12-06,37.220606238768
Alaska,6 Months - 17 Years,173878,2025-12-13,37.8897634109637
Alaska,6 Months - 17 Years,173878,2025-12-20,38.3406735448201
Alaska,6 Months - 17 Years,173878,2025-12-27,38.645994914627
Alaska,6 Months - 17 Years,173878,2026-01-03,39.015458588863
Alaska,6 Months - 17 Years,173878,2026-01-10,39.6120352070546
Alaska,6 Months - 17 Years,173878,2026-01-17,39.9718248599893
Alaska,6 Months - 17 Years,173878,2026-01-24,40.4092528788422
Alaska,6 Months - 17 Years,173878,2026-01-31,40.8378944879647
Alaska,6 Months - 17 Years,173878,2026-02-07,41.7724745560795
Alaska,6 Months - 17 Years,173878,2026-02-14,42.1888549990122
Alaska,6 Months - 17 Years,173878,2026-02-21,42.5440638733412
Alaska,6 Months - 17 Years,173878,2026-02-28,42.8314672240319
Alaska,6 Months - 17 Years,173878,2026-03-07,43.2991441774581
Alaska,6 Months - 17 Years,173878,2026-03-14,43.4395706807822
Alaska,6 Months - 17 Years,173878,2026-03-21,43.5140667350394
Alaska,6 Months - 17 Years,173878,2026-03-28,43.5445039612517
Alaska,6 Months - 17 Years,173878,2026-04-04,43.5685281646245
Alaska,6 Months - 17 Years,173878,2026-04-11,43.5945496633524
Alaska,6 Months - 17 Years,173878,2026-04-18,43.5988885381573
Alaska,6 Months - 17 Years,173878,2026-04-25,43.6
Alaska,6 Months - 17 Years,173878,2026-05-02,43.6
Alaska,6 Months - 17 Years,173878,2026-05-09,43.6
Alaska,6 Months - 17 Years,173878,2026-05-16,43.6
Alaska,6 Months - 17 Years,173878,2026-05-23,43.6
Alaska,6 Months - 17 Years,173878,2026-05-30,43.6
Alaska,6 Months - 17 Years,173878,2026-06-06,43.6
Alaska,6 Months - 17 Years,173878,2026-06-13,43.6
Alaska,18-49 Years,303483,2025-08-16,1.80581499385158
Alaska,18-49 Years,303483,2025-08-23,1.80581499385158
Alaska,18-49 Years,303483,2025-08-30,1.80581499385158
Alaska,18-49 Years,303483,2025-09-06,1.80581499385158
Alaska,18-49 Years,303483,2025-09-13,2.38491219760675
Alaska,18-49 Years,303483,2025-09-20,2.66241037863696
Alaska,18-49 Years,303483,2025-09-27,3.29712481617104
Alaska,18-49 Years,303483,2025-10-04,4.9617909190722
Alaska,18-49 Years,303483,2025-10-11,6.17440467765851
Alaska,18-49 Years,303483,2025-10-18,7.77201335766405
Alaska,18-49 Years,303483,2025-10-25,9.73750814822562
Alaska,18-49 Years,303483,2025-11-01,12.1105199980553
Alaska,18-49 Years,303483,2025-11-08,16.7580687180549
Alaska,18-49 Years,303483,2025-11-15,18.7727336374802
Alaska,18-49 Years,303483,2025-11-22,20.5160563881002
Alaska,18-49 Years,303483,2025-11-29,21.9971397394377
Alaska,18-49 Years,303483,2025-12-06,24.6286427020814
Alaska,18-49 Years,303483,2025-12-13,25.648992384565
Alaska,18-49 Years,303483,2025-12-20,26.4440633892467
Alaska,18-49 Years,303483,2025-12-27,27.0630638563833
Alaska,18-49 Years,303483,2026-01-03,27.7384703267314
Alaska,18-49 Years,303483,2026-01-10,28.7718343051059
Alaska,18-49 Years,303483,2026-01-17,29.1934676020753
Alaska,18-49 Years,303483,2026-01-24,29.5854794235341
Alaska,18-49 Years,303483,2026-01-31,29.8995036809146
Alaska,18-49 Years,303483,2026-02-07,30.5966634652142
Alaska,18-49 Years,303483,2026-02-14,30.924896041062
Alaska,18-49 Years,303483,2026-02-21,31.2409017897487
Alaska,18-49 Years,303483,2026-02-28,31.5416474490412
Alaska,18-49 Years,303483,2026-03-07,32.1082483485275
Alaska,18-49 Years,303483,2026-03-14,32.3572799968635
Alaska,18-49 Years,303483,2026-03-21,32.5774008344214
Alaska,18-49 Years,303483,2026-03-28,32.772237839942
Alaska,18-49 Years,303483,2026-04-04,32.9982444317822
Alaska,18-49 Years,303483,2026-04-11,33.3635202301998
Alaska,18-49 Years,303483,2026-04-18,33.5287646769751
Alaska,18-49 Years,303483,2026-04-25,33.6876923450428
Alaska,18-49 Years,303483,2026-05-02,33.8057953462263
Alaska,18-49 Years,303483,2026-05-09,34.022880151443
Alaska,18-49 Years,303483,2026-05-16,34.0783215238793
Alaska,18-49 Years,303483,2026-05-23,34.0983345190004
Alaska,18-49 Years,303483,2026-05-30,34.0994448396668
Alaska,18-49 Years,303483,2026-06-06,34.1
Alaska,18-49 Years,303483,2026-06-13,34.1
Alaska,50-64 Years,133634,2025-08-16,0.609018028596615
Alaska,50-64 Years,133634,2025-08-23,0.609018028596615
Alaska,50-64 Years,133634,2025-08-30,0.609018028596615
Alaska,50-64 Years,133634,2025-09-06,0.609018028596615
Alaska,50-64 Years,133634,2025-09-13,1.41261189255257
Alaska,50-64 Years,133634,2025-09-20,2.69599501429278
Alaska,50-64 Years,133634,2025-09-27,4.48412592805329
Alaska,50-64 Years,133634,2025-10-04,8.38547980489176
Alaska,50-64 Years,133634,2025-10-11,10.6949587443849
Alaska,50-64 Years,133634,2025-10-18,13.366888609261
Alaska,50-64 Years,133634,2025-10-25,16.3265473350261
Alaska,50-64 Years,133634,2025-11-01,19.6509860032273
Alaska,50-64 Years,133634,2025-11-08,25.6410988386234
Alaska,50-64 Years,133634,2025-11-15,27.8961935533207
Alaska,50-64 Years,133634,2025-11-22,29.6341204863743
Alaska,50-64 Years,133634,2025-11-29,30.9604818316668
Alaska,50-64 Years,133634,2025-12-06,33.2423647887503
Alaska,50-64 Years,133634,2025-12-13,34.101978076167
Alaska,50-64 Years,133634,2025-12-20,34.7765269733051
Alaska,50-64 Years,133634,2025-12-27,35.3162650758112
Alaska,50-64 Years,133634,2026-01-03,35.9370672819795
Alaska,50-64 Years,133634,2026-01-10,36.9202847885032
Alaska,50-64 Years,133634,2026-01-17,37.3840772874867
Alaska,50-64 Years,133634,2026-01-24,37.8609545784529
Alaska,50-64 Years,133634,2026-01-31,38.2657175951597
Alaska,50-64 Years,133634,2026-02-07,39.1214689343896
Alaska,50-64 Years,133634,2026-02-14,39.4646545042248
Alaska,50-64 Years,133634,2026-02-21,39.7364111494679
Alaska,50-64 Years,133634,2026-02-28,39.9578487253038
Alaska,50-64 Years,133634,2026-03-07,40.3825365305536
Alaska,50-64 Years,133634,2026-03-14,40.6069251094611
Alaska,50-64 Years,133634,2026-03-21,40.8589095124436
Alaska,50-64 Years,133634,2026-03-28,41.1378606329368
Alaska,50-64 Years,133634,2026-04-04,41.5006852200025
Alaska,50-64 Years,133634,2026-04-11,42.1377369269666
Alaska,50-64 Years,133634,2026-04-18,42.4545544062959
Alaska,50-64 Years,133634,2026-04-25,42.7723452266632
Alaska,50-64 Years,133634,2026-05-02,43.0256393398274
Alaska,50-64 Years,133634,2026-05-09,43.518203746163
Alaska,50-64 Years,133634,2026-05-16,43.6744169847026
Alaska,50-64 Years,133634,2026-05-23,43.7633354350161
Alaska,50-64 Years,133634,2026-05-30,43.8086591265346
Alaska,50-64 Years,133634,2026-06-06,43.8747234292918
Alaska,50-64 Years,133634,2026-06-13,43.886702095467
Alaska,65+ Years,95876,2025-08-16,1.52263522060853
Alaska,65+ Years,95876,2025-08-23,1.52263522060853
Alaska,65+ Years,95876,2025-08-30,1.52263522060853
Alaska,65+ Years,95876,2025-09-06,1.52263522060853
Alaska,65+ Years,95876,2025-09-13,2.7005819930211
Alaska,65+ Years,95876,2025-09-20,4.42233802897779
Alaska,65+ Years,95876,2025-09-27,6.5857977169893
Alaska,65+ Years,95876,2025-10-04,11.4709215548459
Alaska,65+ Years,95876,2025-10-11,14.5092260459834
Alaska,65+ Years,95876,2025-10-18,18.1486612905101
Alaska,65+ Years,95876,2025-10-25,22.2870500503947
Alaska,65+ Years,95876,2025-11-01,26.9935988090428
Alaska,65+ Years,95876,2025-11-08,35.5802968838369
Alaska,65+ Years,95876,2025-11-15,38.8585994245349
Alaska,65+ Years,95876,2025-11-22,41.3978553197684
Alaska,65+ Years,95876,2025-11-29,43.3236624943743
Alaska,65+ Years,95876,2025-12-06,46.5511633724285
Alaska,65+ Years,95876,2025-12-13,47.6569379845527
Alaska,65+ Years,95876,2025-12-20,48.4163786443771
Alaska,65+ Years,95876,2025-12-27,48.9408230167862
Alaska,65+ Years,95876,2026-01-03,49.5850201856422
Alaska,65+ Years,95876,2026-01-10,50.6376239800277
Alaska,65+ Years,95876,2026-01-17,51.291841845768
Alaska,65+ Years,95876,2026-01-24,52.0918384206707
Alaska,65+ Years,95876,2026-01-31,52.8619484496733
Alaska,65+ Years,95876,2026-02-07,54.4670347628688
Alaska,65+ Years,95876,2026-02-14,55.0811070342817
Alaska,65+ Years,95876,2026-02-21,55.5138514604871
Alaska,65+ Years,95876,2026-02-28,55.8124950007396
Alaska,65+ Years,95876,2026-03-07,56.3432725776989
Alaska,65+ Years,95876,2026-03-14,56.5841528096822
Alaska,65+ Years,95876,2026-03-21,56.8246883070066
Alaska,65+ Years,95876,2026-03-28,57.0708228886048
Alaska,65+ Years,95876,2026-04-04,57.402708634468
Alaska,65+ Years,95876,2026-04-11,57.9906308940689
Alaska,65+ Years,95876,2026-04-18,58.3354961594319
Alaska,65+ Years,95876,2026-04-25,58.7226056177571
Alaska,65+ Years,95876,2026-05-02,59.051158215409
Alaska,65+ Years,95876,2026-05-09,59.6656360106695
Alaska,65+ Years,95876,2026-05-16,59.8325764846154
Alaska,65+ Years,95876,2026-05-23,59.8947079986171
Alaska,65+ Years,95876,2026-05-30,59.898235999539
Alaska,65+ Years,95876,2026-06-06,59.9
Alaska,65+ Years,95876,2026-06-13,59.9
Arizona,6 Months - 4 Years,384050,2025-08-16,4.25158778224743
Arizona,6 Months - 4 Years,384050,2025-08-23,4.25158778224743
Arizona,6 Months - 4 Years,384050,2025-08-30,4.25158778224743
Arizona,6 Months - 4 Years,384050,2025-09-06,4.25158778224743
Arizona,6 Months - 4 Years,384050,2025-09-13,6.18569168490479
Arizona,6 Months - 4 Years,384050,2025-09-20,8.05800787620663
Arizona,6 Months - 4 Years,384050,2025-09-27,10.1313600243315
Arizona,6 Months - 4 Years,384050,2025-10-04,14.5519830166396
Arizona,6 Months - 4 Years,384050,2025-10-11,17.0533418842422
Arizona,6 Months - 4 Years,384050,2025-10-18,19.8401516572189
Arizona,6 Months - 4 Years,384050,2025-10-25,22.8581538585994
Arizona,6 Months - 4 Years,384050,2025-11-01,26.2705159354256
Arizona,6 Months - 4 Years,384050,2025-11-08,32.5314824687016
Arizona,6 Months - 4 Years,384050,2025-11-15,35.0410316613882
Arizona,6 Months - 4 Years,384050,2025-11-22,37.1366241259871
Arizona,6 Months - 4 Years,384050,2025-11-29,38.9325518519097
Arizona,6 Months - 4 Years,384050,2025-12-06,42.4154376265589
Arizona,6 Months - 4 Years,384050,2025-12-13,44.2667879395392
Arizona,6 Months - 4 Years,384050,2025-12-20,46.3038634727061
Arizona,6 Months - 4 Years,384050,2025-12-27,48.4228414243534
Arizona,6 Months - 4 Years,384050,2026-01-03,50.6322925926862
Arizona,6 Months - 4 Years,384050,2026-01-10,54.062210713732
Arizona,6 Months - 4 Years,384050,2026-01-17,54.9873619636339
Arizona,6 Months - 4 Years,384050,2026-01-24,55.4745852895493
Arizona,6 Months - 4 Years,384050,2026-01-31,55.7057549754707
Arizona,6 Months - 4 Years,384050,2026-02-07,56.2845430014036
Arizona,6 Months - 4 Years,384050,2026-02-14,56.6860413745322
Arizona,6 Months - 4 Years,384050,2026-02-21,57.2322399410927
Arizona,6 Months - 4 Years,384050,2026-02-28,57.8919623678437
Arizona,6 Months - 4 Years,384050,2026-03-07,59.2423904897368
Arizona,6 Months - 4 Years,384050,2026-03-14,59.8742445340726
Arizona,6 Months - 4 Years,384050,2026-03-21,60.4213173173547
Arizona,6 Months - 4 Years,384050,2026-03-28,60.8695201169009
Arizona,6 Months - 4 Years,384050,2026-04-04,61.2833794834268
Arizona,6 Months - 4 Years,384050,2026-04-11,61.8561197434227
Arizona,6 Months - 4 Years,384050,2026-04-18,61.9686733221995
Arizona,6 Months - 4 Years,384050,2026-04-25,62.0
Arizona,6 Months - 4 Years,384050,2026-05-02,62.0
Arizona,6 Months - 4 Years,384050,2026-05-09,62.0
Arizona,6 Months - 4 Years,384050,2026-05-16,62.0
Arizona,6 Months - 4 Years,384050,2026-05-23,62.0
Arizona,6 Months - 4 Years,384050,2026-05-30,62.0
Arizona,6 Months - 4 Years,384050,2026-06-06,62.0
Arizona,6 Months - 4 Years,384050,2026-06-13,62.0
Arizona,5-12 Years,742212,2025-08-16,5.17697469802237
Arizona,5-12 Years,742212,2025-08-23,5.17697469802237
Arizona,5-12 Years,742212,2025-08-30,5.17697469802237
Arizona,5-12 Years,742212,2025-09-06,5.17697469802237
Arizona,5-12 Years,742212,2025-09-13,7.11374037980184
Arizona,5-12 Years,742212,2025-09-20,8.49989071100818
Arizona,5-12 Years,742212,2025-09-27,10.1853185999104
Arizona,5-12 Years,742212,2025-10-04,13.9398639276418
Arizona,5-12 Years,742212,2025-10-11,16.2082355511957
Arizona,5-12 Years,742212,2025-10-18,18.8601890628472
Arizona,5-12 Years,742212,2025-10-25,21.84175061122
Arizona,5-12 Years,742212,2025-11-01,25.2701551495776
Arizona,5-12 Years,742212,2025-11-08,31.6821332366815
Arizona,5-12 Years,742212,2025-11-15,34.337785975674
Arizona,5-12 Years,742212,2025-11-22,36.5961575942667
Arizona,5-12 Years,742212,2025-11-29,38.4875161047115
Arizona,5-12 Years,742212,2025-12-06,41.8126259288985
Arizona,5-12 Years,742212,2025-12-13,43.0748358567933
Arizona,5-12 Years,742212,2025-12-20,44.0404302178348
Arizona,5-12 Years,742212,2025-12-27,44.785201499967
Arizona,5-12 Years,742212,2026-01-03,45.6488057385855
Arizona,5-12 Years,742212,2026-01-10,47.022413502967
Arizona,5-12 Years,742212,2026-01-17,47.7085258645918
Arizona,5-12 Years,742212,2026-01-24,48.4366720813206
Arizona,5-12 Years,742212,2026-01-31,49.0506943241571
Arizona,5-12 Years,742212,2026-02-07,50.2759588379989
Arizona,5-12 Years,742212,2026-02-14,50.6874680159308
Arizona,5-12 Years,742212,2026-02-21,50.9390913121733
Arizona,5-12 Years,742212,2026-02-28,51.0875471750602
Arizona,5-12 Years,742212,2026-03-07,51.3673371438239
Arizona,5-12 Years,742212,2026-03-14,51.5520023001015
Arizona,5-12 Years,742212,2026-03-21,51.8119047073161
Arizona,5-12 Years,742212,2026-03-28,52.1454879924688
Arizona,5-12 Years,742212,2026-04-04,52.5891283001029
Arizona,5-12 Years,742212,2026-04-11,53.3905237308461
Arizona,5-12 Years,742212,2026-04-18,53.7646101445354
Arizona,5-12 Years,742212,2026-04-25,54.1117535558632
Arizona,5-12 Years,742212,2026-05-02,54.3654797415782
Arizona,5-12 Years,742212,2026-05-09,54.8327108034661
Arizona,5-12 Years,742212,2026-05-16,54.9528495308414
Arizona,5-12 Years,742212,2026-05-23,54.9963684971543
Arizona,5-12 Years,742212,2026-05-30,54.9987894990514
Arizona,5-12 Years,742212,2026-06-06,55.0
Arizona,5-12 Years,742212,2026-06-13,55.0
Arizona,13-17 Years,479446,2025-08-16,4.75079272721028
Arizona,13-17 Years,479446,2025-08-23,4.75079272721028
Arizona,13-17 Years,479446,2025-08-30,4.75079272721028
Arizona,13-17 Years,479446,2025-09-06,4.75079272721028
Arizona,13-17 Years,479446,2025-09-13,6.22325438140521
Arizona,13-17 Years,479446,2025-09-20,6.84141471130523
Arizona,13-17 Years,479446,2025-09-27,7.90565269966144
Arizona,13-17 Years,479446,2025-10-04,10.5482565884669
Arizona,13-17 Years,479446,2025-10-11,12.3959316033855
Arizona,13-17 Years,479446,2025-10-18,14.7828475149257
Arizona,13-17 Years,479446,2025-10-25,17.6498292382478
Arizona,13-17 Years,479446,2025-11-01,21.0002243627707
Arizona,13-17 Years,479446,2025-11-08,27.2703804809119
Arizona,13-17 Years,479446,2025-11-15,29.7199413988383
Arizona,13-17 Years,479446,2025-11-22,31.6251208520784
Arizona,13-17 Years,479446,2025-11-29,33.0642502924173
Arizona,13-17 Years,479446,2025-12-06,35.4480492928359
Arizona,13-17 Years,479446,2025-12-13,36.2309270032494
Arizona,13-17 Years,479446,2025-12-20,36.7336161877767
Arizona,13-17 Years,479446,2025-12-27,37.0483137248887
Arizona,13-17 Years,479446,2026-01-03,37.4278406081964
Arizona,13-17 Years,479446,2026-01-10,38.0397523514519
Arizona,13-17 Years,479446,2026-01-17,38.4335835205045
Arizona,13-17 Years,479446,2026-01-24,38.9178050397859
Arizona,13-17 Years,479446,2026-01-31,39.3654169294617
Arizona,13-17 Years,479446,2026-02-07,40.2290292473522
Arizona,13-17 Years,479446,2026-02-14,40.4887315960957
Arizona,13-17 Years,479446,2026-02-21,40.6077132125178
Arizona,13-17 Years,479446,2026-02-28,40.637743870095
Arizona,13-17 Years,479446,2026-03-07,40.6832526801797
Arizona,13-17 Years,479446,2026-03-14,40.7186124528628
Arizona,13-17 Years,479446,2026-03-21,40.7757870190709
Arizona,13-17 Years,479446,2026-03-28,40.8503430501141
Arizona,13-17 Years,479446,2026-04-04,40.9297821197275
Arizona,13-17 Years,479446,2026-04-11,41.0604664379014
Arizona,13-17 Years,479446,2026-04-18,41.0909283572791
Arizona,13-17 Years,479446,2026-04-25,41.1
Arizona,13-17 Years,479446,2026-05-02,41.1
Arizona,13-17 Years,479446,2026-05-09,41.1
Arizona,13-17 Years,479446,2026-05-16,41.1
Arizona,13-17 Years,479446,2026-05-23,41.1
Arizona,13-17 Years,479446,2026-05-30,41.1
Arizona,13-17 Years,479446,2026-06-06,41.1
Arizona,13-17 Years,479446,2026-06-13,41.1
Arizona,6 Months - 17 Years,1605708,2025-08-16,4.79864632571723
Arizona,6 Months - 17 Years,1605708,2025-08-23,4.79864632571723
Arizona,6 Months - 17 Years,1605708,2025-08-30,4.79864632571723
Arizona,6 Months - 17 Years,1605708,2025-09-06,4.79864632571723
Arizona,6 Months - 17 Years,1605708,2025-09-13,6.55821955915334
Arizona,6 Months - 17 Years,1605708,2025-09-20,7.7677997301605
Arizona,6 Months - 17 Years,1605708,2025-09-27,9.30797378903236
Arizona,6 Months - 17 Years,1605708,2025-10-04,12.8031106967215
Arizona,6 Months - 17 Years,1605708,2025-10-11,14.9762128667853
Arizona,6 Months - 17 Years,1605708,2025-10-18,17.5714930724105
Arizona,6 Months - 17 Years,1605708,2025-10-25,20.5303748560693
Arizona,6 Months - 17 Years,1605708,2025-11-01,23.9378603858362
Arizona,6 Months - 17 Years,1605708,2025-11-08,30.2786659858074
Arizona,6 Months - 17 Years,1605708,2025-11-15,32.8215297146763
Arizona,6 Months - 17 Years,1605708,2025-11-22,34.9018100887204
Arizona,6 Months - 17 Years,1605708,2025-11-29,36.5975420315563
Arizona,6 Months - 17 Years,1605708,2025-12-06,39.6297302313734
Arizona,6 Months - 17 Years,1605708,2025-12-13,40.8754037411639
Arizona,6 Months - 17 Years,1605708,2025-12-20,41.9386769920715
Arizona,6 Months - 17 Years,1605708,2025-12-27,42.8540140665219
Arizona,6 Months - 17 Years,1605708,2026-01-03,43.8819039086009
Arizona,6 Months - 17 Years,1605708,2026-01-10,45.5008918796778
Arizona,6 Months - 17 Years,1605708,2026-01-17,46.1778317996971
Arizona,6 Months - 17 Years,1605708,2026-01-24,46.8056783228933
Arizona,6 Months - 17 Years,1605708,2026-01-31,47.2893508243164
Arizona,6 Months - 17 Years,1605708,2026-02-07,48.281099750032
Arizona,6 Months - 17 Years,1605708,2026-02-14,48.6469438258546
Arizona,6 Months - 17 Years,1605708,2026-02-21,48.9159302096103
Arizona,6 Months - 17 Years,1605708,2026-02-28,49.1202353034697
Arizona,6 Months - 17 Years,1605708,2026-03-07,49.5075425694377
Arizona,6 Months - 17 Years,1605708,2026-03-14,49.7212575196536
Arizona,6 Months - 17 Years,1605708,2026-03-21,49.9743741700077
Arizona,6 Months - 17 Years,1605708,2026-03-28,50.261175512439
Arizona,6 Months - 17 Years,1605708,2026-04-04,50.6109101889037
Arizona,6 Months - 17 Years,1605708,2026-04-11,51.2085880888167
Arizona,6 Months - 17 Years,1605708,2026-04-18,51.4599237135911
Arizona,6 Months - 17 Years,1605708,2026-04-25,51.6786444158795
Arizona,6 Months - 17 Years,1605708,2026-05-02,51.8292912237415
Arizona,6 Months - 17 Years,1605708,2026-05-09,52.104607391048
Arizona,6 Months - 17 Years,1605708,2026-05-16,52.1734169106673
Arizona,6 Months - 17 Years,1605708,2026-05-23,52.1979745537678
Arizona,6 Months - 17 Years,1605708,2026-05-30,52.199324851256
Arizona,6 Months - 17 Years,1605708,2026-06-06,52.2
Arizona,6 Months - 17 Years,1605708,2026-06-13,52.2
Arizona,18-49 Years,3060138,2025-08-16,0.791257696753415
Arizona,18-49 Years,3060138,2025-08-23,0.791257696753415
Arizona,18-49 Years,3060138,2025-08-30,0.791257696753415
Arizona,18-49 Years,3060138,2025-09-06,0.791257696753415
Arizona,18-49 Years,3060138,2025-09-13,1.23018605780752
Arizona,18-49 Years,3060138,2025-09-20,1.75224562478434
Arizona,18-49 Years,3060138,2025-09-27,2.48866956667231
Arizona,18-49 Years,3060138,2025-10-04,4.22110890218558
Arizona,18-49 Years,3060138,2025-10-11,5.3698368117991
Arizona,18-49 Years,3060138,2025-10-18,6.81061639253624
Arizona,18-49 Years,3060138,2025-10-25,8.49372067905419
Arizona,18-49 Years,3060138,2025-11-01,10.404506487094
Arizona,18-49 Years,3060138,2025-11-08,13.8450482718619
Arizona,18-49 Years,3060138,2025-11-15,15.0813752205177
Arizona,18-49 Years,3060138,2025-11-22,15.9609493095107
Arizona,18-49 Years,3060138,2025-11-29,16.5535050317355
Arizona,18-49 Years,3060138,2025-12-06,17.4556243234498
Arizona,18-49 Years,3060138,2025-12-13,17.6859734396482
Arizona,18-49 Years,3060138,2025-12-20,17.7798303887583
Arizona,18-49 Years,3060138,2025-12-27,17.7932767962528
Arizona,18-49 Years,3060138,2026-01-03,17.8
Arizona,18-49 Years,3060138,2026-01-10,17.8
Arizona,18-49 Years,3060138,2026-01-17,17.8
Arizona,18-49 Years,3060138,2026-01-24,17.8
Arizona,18-49 Years,3060138,2026-01-31,17.8
Arizona,18-49 Years,3060138,2026-02-07,17.8
Arizona,18-49 Years,3060138,2026-02-14,17.8
Arizona,18-49 Years,3060138,2026-02-21,17.8
Arizona,18-49 Years,3060138,2026-02-28,17.8
Arizona,18-49 Years,3060138,2026-03-07,17.8
Arizona,18-49 Years,3060138,2026-03-14,17.8
Arizona,18-49 Years,3060138,2026-03-21,17.8
Arizona,18-49 Years,3060138,2026-03-28,17.8
Arizona,18-49 Years,3060138,2026-04-04,17.8
Arizona,18-49 Years,3060138,2026-04-11,17.8
Arizona,18-49 Years,3060138,2026-04-18,17.8
Arizona,18-49 Years,3060138,2026-04-25,17.8
Arizona,18-49 Years,3060138,2026-05-02,17.8
Arizona,18-49 Years,3060138,2026-05-09,17.8
Arizona,18-49 Years,3060138,2026-05-16,17.8
Arizona,18-49 Years,3060138,2026-05-23,17.8
Arizona,18-49 Years,3060138,2026-05-30,17.8
Arizona,18-49 Years,3060138,2026-06-06,17.8
Arizona,18-49 Years,3060138,2026-06-13,17.8
Arizona,50-64 Years,1321248,2025-08-16,0.628977894171209
Arizona,50-64 Years,1321248,2025-08-23,0.628977894171209
Arizona,50-64 Years,1321248,2025-08-30,0.628977894171209
Arizona,50-64 Years,1321248,2025-09-06,0.628977894171209
Arizona,50-64 Years,1321248,2025-09-13,1.3736745953268
Arizona,50-64 Years,1321248,2025-09-20,2.57554849070036
Arizona,50-64 Years,1321248,2025-09-27,4.2348032598727
Arizona,50-64 Years,1321248,2025-10-04,7.95368657399671
Arizona,50-64 Years,1321248,2025-10-11,10.2446899140187
Arizona,50-64 Years,1321248,2025-10-18,12.9718455464319
Arizona,50-64 Years,1321248,2025-10-25,16.0567739797998
Arizona,50-64 Years,1321248,2025-11-01,19.5520477378602
Arizona,50-64 Years,1321248,2025-11-08,25.9190998806697
Arizona,50-64 Years,1321248,2025-11-15,28.3762732648634
Arizona,50-64 Years,1321248,2025-11-22,30.3065088435019
Arizona,50-64 Years,1321248,2025-11-29,31.7531218407363
Arizona,50-64 Years,1321248,2025-12-06,34.0065656464759
Arizona,50-64 Years,1321248,2025-12-13,34.6003627344955
Arizona,50-64 Years,1321248,2025-12-20,34.8463881216759
Arizona,50-64 Years,1321248,2025-12-27,34.8821293738919
Arizona,50-64 Years,1321248,2026-01-03,34.9
Arizona,50-64 Years,1321248,2026-01-10,34.9
Arizona,50-64 Years,1321248,2026-01-17,34.9
Arizona,50-64 Years,1321248,2026-01-24,34.9
Arizona,50-64 Years,1321248,2026-01-31,34.9
Arizona,50-64 Years,1321248,2026-02-07,34.9
Arizona,50-64 Years,1321248,2026-02-14,34.9
Arizona,50-64 Years,1321248,2026-02-21,34.9
Arizona,50-64 Years,1321248,2026-02-28,34.9
Arizona,50-64 Years,1321248,2026-03-07,34.9
Arizona,50-64 Years,1321248,2026-03-14,34.9
Arizona,50-64 Years,1321248,2026-03-21,34.9
Arizona,50-64 Years,1321248,2026-03-28,34.9
Arizona,50-64 Years,1321248,2026-04-04,34.9
Arizona,50-64 Years,1321248,2026-04-11,34.9
Arizona,50-64 Years,1321248,2026-04-18,34.9
Arizona,50-64 Years,1321248,2026-04-25,34.9
Arizona,50-64 Years,1321248,2026-05-02,34.9
Arizona,50-64 Years,1321248,2026-05-09,34.9
Arizona,50-64 Years,1321248,2026-05-16,34.9
Arizona,50-64 Years,1321248,2026-05-23,34.9
Arizona,50-64 Years,1321248,2026-05-30,34.9
Arizona,50-64 Years,1321248,2026-06-06,34.9
Arizona,50-64 Years,1321248,2026-06-13,34.9
Arizona,65+ Years,1373975,2025-08-16,1.77133689539627
Arizona,65+ Years,1373975,2025-08-23,1.77133689539627
Arizona,65+ Years,1373975,2025-08-30,1.77133689539627
Arizona,65+ Years,1373975,2025-09-06,1.77133689539627
Arizona,65+ Years,1373975,2025-09-13,3.12033914964489
Arizona,65+ Years,1373975,2025-09-20,5.07701986662212
Arizona,65+ Years,1373975,2025-09-27,7.52673068133058
Arizona,65+ Years,1373975,2025-10-04,13.0487123877236
Arizona,65+ Years,1373975,2025-10-11,16.4259208883076
Arizona,65+ Years,1373975,2025-10-18,20.4016342882065
Arizona,65+ Years,1373975,2025-10-25,24.90852560445
Arizona,65+ Years,1373975,2025-11-01,30.1463056217535
Arizona,65+ Years,1373975,2025-11-08,40.1626062010176
Arizona,65+ Years,1373975,2025-11-15,44.6162247388929
Arizona,65+ Years,1373975,2025-11-22,48.6528796161144
Arizona,65+ Years,1373975,2025-11-29,52.0938166421069
Arizona,65+ Years,1373975,2025-12-06,57.6549017574531
Arizona,65+ Years,1373975,2025-12-13,59.1974227921062
Arizona,65+ Years,1373975,2025-12-20,59.8538571178952
Arizona,65+ Years,1373975,2025-12-27,59.9512857059651
Arizona,65+ Years,1373975,2026-01-03,60.0
Arizona,65+ Years,1373975,2026-01-10,60.0
Arizona,65+ Years,1373975,2026-01-17,60.0
Arizona,65+ Years,1373975,2026-01-24,60.0
Arizona,65+ Years,1373975,2026-01-31,60.0
Arizona,65+ Years,1373975,2026-02-07,60.0
Arizona,65+ Years,1373975,2026-02-14,60.0
Arizona,65+ Years,1373975,2026-02-21,60.0
Arizona,65+ Years,1373975,2026-02-28,60.0
Arizona,65+ Years,1373975,2026-03-07,60.0
Arizona,65+ Years,1373975,2026-03-14,60.0
Arizona,65+ Years,1373975,2026-03-21,60.0
Arizona,65+ Years,1373975,2026-03-28,60.0
Arizona,65+ Years,1373975,2026-04-04,60.0
Arizona,65+ Years,1373975,2026-04-11,60.0
Arizona,65+ Years,1373975,2026-04-18,60.0
Arizona,65+ Years,1373975,2026-04-25,60.0
Arizona,65+ Years,1373975,2026-05-02,60.0
Arizona,65+ Years,1373975,2026-05-09,60.0
Arizona,65+ Years,1373975,2026-05-16,60.0
Arizona,65+ Years,1373975,2026-05-23,60.0
Arizona,65+ Years,1373975,2026-05-30,60.0
Arizona,65+ Years,1373975,2026-06-06,60.0
Arizona,65+ Years,1373975,2026-06-13,60.0
Arkansas,6 Months - 4 Years,168274,2025-08-16,3.29298036499686
Arkansas,6 Months - 4 Years,168274,2025-08-23,3.29298036499686
Arkansas,6 Months - 4 Years,168274,2025-08-30,3.29298036499686
Arkansas,6 Months - 4 Years,168274,2025-09-06,3.29298036499686
Arkansas,6 Months - 4 Years,168274,2025-09-13,4.20377806316947
Arkansas,6 Months - 4 Years,168274,2025-09-20,4.39508229331401
Arkansas,6 Months - 4 Years,168274,2025-09-27,5.17787929740888
Arkansas,6 Months - 4 Years,168274,2025-10-04,7.37926542905056
Arkansas,6 Months - 4 Years,168274,2025-10-11,9.10577005113999
Arkansas,6 Months - 4 Years,168274,2025-10-18,11.4895512227769
Arkansas,6 Months - 4 Years,168274,2025-10-25,14.5156774780041
Arkansas,6 Months - 4 Years,168274,2025-11-01,18.2162561958312
Arkansas,6 Months - 4 Years,168274,2025-11-08,25.5291030424675
Arkansas,6 Months - 4 Years,168274,2025-11-15,28.6975577196675
Arkansas,6 Months - 4 Years,168274,2025-11-22,31.4117943172853
Arkansas,6 Months - 4 Years,168274,2025-11-29,33.6872684160632
Arkansas,6 Months - 4 Years,168274,2025-12-06,37.6907401620485
Arkansas,6 Months - 4 Years,168274,2025-12-13,39.2092195230738
Arkansas,6 Months - 4 Years,168274,2025-12-20,40.36404256661
Arkansas,6 Months - 4 Years,168274,2025-12-27,41.2352158256684
Arkansas,6 Months - 4 Years,168274,2026-01-03,42.1512817197358
Arkansas,6 Months - 4 Years,168274,2026-01-10,43.5167229530679
Arkansas,6 Months - 4 Years,168274,2026-01-17,44.0347108695529
Arkansas,6 Months - 4 Years,168274,2026-01-24,44.488824199031
Arkansas,6 Months - 4 Years,168274,2026-01-31,44.8232802430763
Arkansas,6 Months - 4 Years,168274,2026-02-07,45.5174928744083
Arkansas,6 Months - 4 Years,168274,2026-02-14,45.7941728505729
Arkansas,6 Months - 4 Years,168274,2026-02-21,46.0223646427478
Arkansas,6 Months - 4 Years,168274,2026-02-28,46.2032264328811
Arkansas,6 Months - 4 Years,168274,2026-03-07,46.4864176078064
Arkansas,6 Months - 4 Years,168274,2026-03-14,46.5617453963335
Arkansas,6 Months - 4 Years,168274,2026-03-21,46.5931298177672
Arkansas,6 Months - 4 Years,168274,2026-03-28,46.5977099392557
Arkansas,6 Months - 4 Years,168274,2026-04-04,46.6
Arkansas,6 Months - 4 Years,168274,2026-04-11,46.6
Arkansas,6 Months - 4 Years,168274,2026-04-18,46.6
Arkansas,6 Months - 4 Years,168274,2026-04-25,46.6
Arkansas,6 Months - 4 Years,168274,2026-05-02,46.6
Arkansas,6 Months - 4 Years,168274,2026-05-09,46.6
Arkansas,6 Months - 4 Years,168274,2026-05-16,46.6
Arkansas,6 Months - 4 Years,168274,2026-05-23,46.6
Arkansas,6 Months - 4 Years,168274,2026-05-30,46.6
Arkansas,6 Months - 4 Years,168274,2026-06-06,46.6
Arkansas,6 Months - 4 Years,168274,2026-06-13,46.6
Arkansas,5-12 Years,312173,2025-08-16,5.47740368237454
Arkansas,5-12 Years,312173,2025-08-23,5.47740368237454
Arkansas,5-12 Years,312173,2025-08-30,5.47740368237454
Arkansas,5-12 Years,312173,2025-09-06,5.47740368237454
Arkansas,5-12 Years,312173,2025-09-13,6.96263595973605
Arkansas,5-12 Years,312173,2025-09-20,7.21752168431997
Arkansas,5-12 Years,312173,2025-09-27,8.25454432460278
Arkansas,5-12 Years,312173,2025-10-04,11.1803190951905
Arkansas,5-12 Years,312173,2025-10-11,13.581708509621
Arkansas,5-12 Years,312173,2025-10-18,17.0216406744722
Arkansas,5-12 Years,312173,2025-10-25,21.4107703276005
Arkansas,5-12 Years,312173,2025-11-01,26.5938141671872
Arkansas,5-12 Years,312173,2025-11-08,36.2124313902204
Arkansas,5-12 Years,312173,2025-11-15,39.6530727734876
Arkansas,5-12 Years,312173,2025-11-22,41.9865061899573
Arkansas,5-12 Years,312173,2025-11-29,43.5089159446195
Arkansas,5-12 Years,312173,2025-12-06,46.0622765699413
Arkansas,5-12 Years,312173,2025-12-13,47.0336684835504
Arkansas,5-12 Years,312173,2025-12-20,47.8380529697109
Arkansas,5-12 Years,312173,2025-12-27,48.5066242090255
Arkansas,5-12 Years,312173,2026-01-03,49.1635072213721
Arkansas,5-12 Years,312173,2026-01-10,50.1057166526702
Arkansas,5-12 Years,312173,2026-01-17,50.3599119939277
Arkansas,5-12 Years,312173,2026-01-24,50.5133835508489
Arkansas,5-12 Years,312173,2026-01-31,50.6008053550614
Arkansas,5-12 Years,312173,2026-02-07,50.8162005562989
Arkansas,5-12 Years,312173,2026-02-14,50.956971860884
Arkansas,5-12 Years,312173,2026-02-21,51.1420561487031
Arkansas,5-12 Years,312173,2026-02-28,51.3649679146549
Arkansas,5-12 Years,312173,2026-03-07,51.8317432616019
Arkansas,5-12 Years,312173,2026-03-14,52.0612106350506
Arkansas,5-12 Years,312173,2026-03-21,52.2725238364815
Arkansas,5-12 Years,312173,2026-03-28,52.4642213872718
Arkansas,5-12 Years,312173,2026-04-04,52.689955629496
Arkansas,5-12 Years,312173,2026-04-11,53.0602047092853
Arkansas,5-12 Years,312173,2026-04-18,53.2278997584757
Arkansas,5-12 Years,312173,2026-04-25,53.3876923450428
Arkansas,5-12 Years,312173,2026-05-02,53.5057953462263
Arkansas,5-12 Years,312173,2026-05-09,53.722880151443
Arkansas,5-12 Years,312173,2026-05-16,53.7783215238793
Arkansas,5-12 Years,312173,2026-05-23,53.7983345190004
Arkansas,5-12 Years,312173,2026-05-30,53.7994448396668
Arkansas,5-12 Years,312173,2026-06-06,53.8
Arkansas,5-12 Years,312173,2026-06-13,53.8
Arkansas,13-17 Years,201249,2025-08-16,1.16929368832141
Arkansas,13-17 Years,201249,2025-08-23,1.16929368832141
Arkansas,13-17 Years,201249,2025-08-30,1.16929368832141
Arkansas,13-17 Years,201249,2025-09-06,1.16929368832141
Arkansas,13-17 Years,201249,2025-09-13,1.59262635326158
Arkansas,13-17 Years,201249,2025-09-20,1.87744655115692
Arkansas,13-17 Years,201249,2025-09-27,2.75241867862869
Arkansas,13-17 Years,201249,2025-10-04,5.1405974672041
Arkansas,13-17 Years,201249,2025-10-11,6.96258654942976
Arkansas,13-17 Years,201249,2025-10-18,9.4333817081749
Arkansas,13-17 Years,201249,2025-10-25,12.5165750959383
Arkansas,13-17 Years,201249,2025-11-01,16.223974678792
Arkansas,13-17 Years,201249,2025-11-08,23.4029259868261
Arkansas,13-17 Years,201249,2025-11-15,26.3959718551736
Arkansas,13-17 Years,201249,2025-11-22,28.8651481004801
Arkansas,13-17 Years,201249,2025-11-29,30.8342843002157
Arkansas,13-17 Years,201249,2025-12-06,34.1286018063723
Arkansas,13-17 Years,201249,2025-12-13,35.213060124167
Arkansas,13-17 Years,201249,2025-12-20,35.8955153755726
Arkansas,13-17 Years,201249,2025-12-27,36.3001782553756
Arkansas,13-17 Years,201249,2026-01-03,36.7283545504706
Arkansas,13-17 Years,201249,2026-01-10,37.3557674753933
Arkansas,13-17 Years,201249,2026-01-17,37.6434862385015
Arkansas,13-17 Years,201249,2026-01-24,37.9420064619729
Arkansas,13-17 Years,201249,2026-01-31,38.1985522337938
Arkansas,13-17 Years,201249,2026-02-07,38.7521807502055
Arkansas,13-17 Years,201249,2026-02-14,38.9864641988234
Arkansas,13-17 Years,201249,2026-02-21,39.1849531407577
Arkansas,13-17 Years,201249,2026-02-28,39.3602738290492
Arkansas,13-17 Years,201249,2026-03-07,39.7175252695699
Arkansas,13-17 Years,201249,2026-03-14,39.9467644452944
Arkansas,13-17 Years,201249,2026-03-21,40.2402838316024
Arkansas,13-17 Years,201249,2026-03-28,40.5749209447954
Arkansas,13-17 Years,201249,2026-04-04,40.9153540601999
Arkansas,13-17 Years,201249,2026-04-11,41.4474943816242
Arkansas,13-17 Years,201249,2026-04-18,41.5654921324908
Arkansas,13-17 Years,201249,2026-04-25,41.6
Arkansas,13-17 Years,201249,2026-05-02,41.6
Arkansas,13-17 Years,201249,2026-05-09,41.638582314716
Arkansas,13-17 Years,201249,2026-05-16,41.7750900398459
Arkansas,13-17 Years,201249,2026-05-23,42.0881055231226
Arkansas,13-17 Years,201249,2026-05-30,42.6195682654735
Arkansas,13-17 Years,201249,2026-06-06,43.9988184626119
Arkansas,13-17 Years,201249,2026-06-13,44.8613581998304
Arkansas,6 Months - 17 Years,681696,2025-08-16,3.94107221211079
Arkansas,6 Months - 17 Years,681696,2025-08-23,3.94107221211079
Arkansas,6 Months - 17 Years,681696,2025-08-30,3.94107221211079
Arkansas,6 Months - 17 Years,681696,2025-09-06,3.94107221211079
Arkansas,6 Months - 17 Years,681696,2025-09-13,5.01773064369182
Arkansas,6 Months - 17 Years,681696,2025-09-20,5.22072004565782
Arkansas,6 Months - 17 Years,681696,2025-09-27,6.03967694426202
Arkansas,6 Months - 17 Years,681696,2025-10-04,8.35762846997665
Arkansas,6 Months - 17 Years,681696,2025-10-11,10.2682270339677
Arkansas,6 Months - 17 Years,681696,2025-10-18,13.0238550793329
Arkansas,6 Months - 17 Years,681696,2025-10-25,16.5865850933099
Arkansas,6 Months - 17 Years,681696,2025-11-01,20.8860871289328
Arkansas,6 Months - 17 Years,681696,2025-11-08,29.1355928662217
Arkansas,6 Months - 17 Years,681696,2025-11-15,32.3746455211074
Arkansas,6 Months - 17 Years,681696,2025-11-22,34.8442006687082
Arkansas,6 Months - 17 Years,681696,2025-11-29,36.6802588344015
Arkansas,6 Months - 17 Years,681696,2025-12-06,39.7901489332421
Arkansas,6 Months - 17 Years,681696,2025-12-13,40.9142369311374
Arkansas,6 Months - 17 Years,681696,2025-12-20,41.7522470836205
Arkansas,6 Months - 17 Years,681696,2025-12-27,42.3769729793934
Arkansas,6 Months - 17 Years,681696,2026-01-03,43.0194060052804
Arkansas,6 Months - 17 Years,681696,2026-01-10,43.9593268525079
Arkansas,6 Months - 17 Years,681696,2026-01-17,44.2909415017187
Arkansas,6 Months - 17 Years,681696,2026-01-24,44.5668900062396
Arkansas,6 Months - 17 Years,681696,2026-01-31,44.7680254873619
Arkansas,6 Months - 17 Years,681696,2026-02-07,45.2116897532334
Arkansas,6 Months - 17 Years,681696,2026-02-14,45.4172206293534
Arkansas,6 Months - 17 Years,681696,2026-02-21,45.6171407604317
Arkansas,6 Months - 17 Years,681696,2026-02-28,45.8128480772846
Arkansas,6 Months - 17 Years,681696,2026-03-07,46.1973685644886
Arkansas,6 Months - 17 Years,681696,2026-03-14,46.391061223052
Arkansas,6 Months - 17 Years,681696,2026-03-21,46.5890144317837
Arkansas,6 Months - 17 Years,681696,2026-03-28,46.7850077718411
Arkansas,6 Months - 17 Years,681696,2026-04-04,46.9964095979982
Arkansas,6 Months - 17 Years,681696,2026-04-11,47.3281548457266
Arkansas,6 Months - 17 Years,681696,2026-04-18,47.4318993419837
Arkansas,6 Months - 17 Years,681696,2026-04-25,47.5018676072429
Arkansas,6 Months - 17 Years,681696,2026-05-02,47.5476825189252
Arkansas,6 Months - 17 Years,681696,2026-05-09,47.6674700308837
Arkansas,6 Months - 17 Years,681696,2026-05-16,47.754570715634
Arkansas,6 Months - 17 Years,681696,2026-05-23,47.8778862718914
Arkansas,6 Months - 17 Years,681696,2026-05-30,48.0410569960917
Arkansas,6 Months - 17 Years,681696,2026-06-06,48.4208684483835
Arkansas,6 Months - 17 Years,681696,2026-06-13,48.645724918917
Arkansas,18-49 Years,1224830,2025-08-16,1.07531782120912
Arkansas,18-49 Years,1224830,2025-08-23,1.07531782120912
Arkansas,18-49 Years,1224830,2025-08-30,1.07531782120912
Arkansas,18-49 Years,1224830,2025-09-06,1.07531782120912
Arkansas,18-49 Years,1224830,2025-09-13,1.40490400767054
Arkansas,18-49 Years,1224830,2025-09-20,1.53691370512357
Arkansas,18-49 Years,1224830,2025-09-27,2.0277732338594
Arkansas,18-49 Years,1224830,2025-10-04,3.39360037666215
Arkansas,18-49 Years,1224830,2025-10-11,4.4540869537614
Arkansas,18-49 Years,1224830,2025-10-18,5.90635155145226
Arkansas,18-49 Years,1224830,2025-10-25,7.73004294779773
Arkansas,18-49 Years,1224830,2025-11-01,9.92867069439444
Arkansas,18-49 Years,1224830,2025-11-08,14.186142873899
Arkansas,18-49 Years,1224830,2025-11-15,15.9427123331393
Arkansas,18-49 Years,1224830,2025-11-22,17.3732084505126
Arkansas,18-49 Years,1224830,2025-11-29,18.5137840273337
Arkansas,18-49 Years,1224830,2025-12-06,20.4808990599798
Arkansas,18-49 Years,1224830,2025-12-13,21.1944269274231
Arkansas,18-49 Years,1224830,2025-12-20,21.7124099029916
Arkansas,18-49 Years,1224830,2025-12-27,22.0917834688021
Arkansas,18-49 Years,1224830,2026-01-03,22.5506918482808
Arkansas,18-49 Years,1224830,2026-01-10,23.295943228037
Arkansas,18-49 Years,1224830,2026-01-17,23.7223050093225
Arkansas,18-49 Years,1224830,2026-01-24,24.2194244348662
Arkansas,18-49 Years,1224830,2026-01-31,24.6832811646362
Arkansas,18-49 Years,1224830,2026-02-07,25.6576962273472
Arkansas,18-49 Years,1224830,2026-02-14,26.0396387096144
Arkansas,18-49 Years,1224830,2026-02-21,26.3221143444258
Arkansas,18-49 Years,1224830,2026-02-28,26.5308808671956
Arkansas,18-49 Years,1224830,2026-03-07,26.9135422473941
Arkansas,18-49 Years,1224830,2026-03-14,27.1042721959439
Arkansas,18-49 Years,1224830,2026-03-21,27.3097544986026
Arkansas,18-49 Years,1224830,2026-03-28,27.5231062387474
Arkansas,18-49 Years,1224830,2026-04-04,27.755818064054
Arkansas,18-49 Years,1224830,2026-04-11,28.1261410962296
Arkansas,18-49 Years,1224830,2026-04-18,28.2484644526394
Arkansas,18-49 Years,1224830,2026-04-25,28.334464710438
Arkansas,18-49 Years,1224830,2026-05-02,28.3835495345543
Arkansas,18-49 Years,1224830,2026-05-09,28.4717472381492
Arkansas,18-49 Years,1224830,2026-05-16,28.4923539314324
Arkansas,18-49 Years,1224830,2026-05-23,28.4994340612524
Arkansas,18-49 Years,1224830,2026-05-30,28.4998113537508
Arkansas,18-49 Years,1224830,2026-06-06,28.5
Arkansas,18-49 Years,1224830,2026-06-13,28.5
Arkansas,50-64 Years,564414,2025-08-16,1.09495881839231
Arkansas,50-64 Years,564414,2025-08-23,1.09495881839231
Arkansas,50-64 Years,564414,2025-08-30,1.09495881839231
Arkansas,50-64 Years,564414,2025-09-06,1.09495881839231
Arkansas,50-64 Years,564414,2025-09-13,1.42904402615121
Arkansas,50-64 Years,564414,2025-09-20,1.56828028663591
Arkansas,50-64 Years,564414,2025-09-27,2.11195279357731
Arkansas,50-64 Years,564414,2025-10-04,3.67206870581662
Arkansas,50-64 Years,564414,2025-10-11,5.03941026640357
Arkansas,50-64 Years,564414,2025-10-18,7.13392548070703
Arkansas,50-64 Years,564414,2025-10-25,9.98555942204895
Arkansas,50-64 Years,564414,2025-11-01,13.5828839136385
Arkansas,50-64 Years,564414,2025-11-08,20.9069744621674
Arkansas,50-64 Years,564414,2025-11-15,24.2136496158676
Arkansas,50-64 Years,564414,2025-11-22,27.1213682924978
Arkansas,50-64 Years,564414,2025-11-29,29.5711732766292
Arkansas,50-64 Years,564414,2025-12-06,33.7162690732656
Arkansas,50-64 Years,564414,2025-12-13,35.0720911250692
Arkansas,50-64 Years,564414,2025-12-20,35.8867240187445
Arkansas,50-64 Years,564414,2025-12-27,36.3263872670433
Arkansas,50-64 Years,564414,2026-01-03,36.7892067290407
Arkansas,50-64 Years,564414,2026-01-10,37.4600723669534
Arkansas,50-64 Years,564414,2026-01-17,37.7804915331422
Arkansas,50-64 Years,564414,2026-01-24,38.1263107415732
Arkansas,50-64 Years,564414,2026-01-31,38.4428626915976
Arkansas,50-64 Years,564414,2026-02-07,39.171058142574
Arkansas,50-64 Years,564414,2026-02-14,39.5458811057104
Arkansas,50-64 Years,564414,2026-02-21,39.9280838825188
Arkansas,50-64 Years,564414,2026-02-28,40.3061568377315
Arkansas,50-64 Years,564414,2026-03-07,41.0268456025849
Arkansas,50-64 Years,564414,2026-03-14,41.3494185469242
Arkansas,50-64 Years,564414,2026-03-21,41.63537858292
Arkansas,50-64 Years,564414,2026-03-28,41.8790656778035
Arkansas,50-64 Years,564414,2026-04-04,42.1053549562875
Arkansas,50-64 Years,564414,2026-04-11,42.4206643550436
Arkansas,50-64 Years,564414,2026-04-18,42.4827177609909
Arkansas,50-64 Years,564414,2026-04-25,42.5
Arkansas,50-64 Years,564414,2026-05-02,42.5
Arkansas,50-64 Years,564414,2026-05-09,42.5297634999238
Arkansas,50-64 Years,564414,2026-05-16,42.6350694593097
Arkansas,50-64 Years,564414,2026-05-23,42.8765385464088
Arkansas,50-64 Years,564414,2026-05-30,43.2865240905081
Arkansas,50-64 Years,564414,2026-06-06,44.3505170997292
Arkansas,50-64 Years,564414,2026-06-13,45.015904897012
Arkansas,65+ Years,536306,2025-08-16,0.981593202193767
Arkansas,65+ Years,536306,2025-08-23,0.981593202193767
Arkansas,65+ Years,536306,2025-08-30,0.981593202193767
Arkansas,65+ Years,536306,2025-09-06,0.981593202193767
Arkansas,65+ Years,536306,2025-09-13,1.6485738192928
Arkansas,65+ Years,536306,2025-09-20,2.56410075978931
Arkansas,65+ Years,536306,2025-09-27,4.21902313514783
Arkansas,65+ Years,536306,2025-10-04,8.37324689982533
Arkansas,65+ Years,536306,2025-10-11,11.2942667980748
Arkansas,65+ Years,536306,2025-10-18,15.0733957193235
Arkansas,65+ Years,536306,2025-10-25,19.635611048139
Arkansas,65+ Years,536306,2025-11-01,25.0253148220155
Arkansas,65+ Years,536306,2025-11-08,35.274707153952
Arkansas,65+ Years,536306,2025-11-15,39.4363663681921
Arkansas,65+ Years,536306,2025-11-22,42.8128990379496
Arkansas,65+ Years,536306,2025-11-29,45.5012354808218
Arkansas,65+ Years,536306,2025-12-06,50.1415442695391
Arkansas,65+ Years,536306,2025-12-13,51.8579185617907
Arkansas,65+ Years,536306,2025-12-20,53.1491058151929
Arkansas,65+ Years,536306,2025-12-27,54.1199701594626
Arkansas,65+ Years,536306,2026-01-03,55.1475455888732
Arkansas,65+ Years,536306,2026-01-10,56.6801667082557
Arkansas,65+ Years,536306,2026-01-17,57.2562368736638
Arkansas,65+ Years,536306,2026-01-24,57.7647365143929
Arkansas,65+ Years,536306,2026-01-31,58.173428003065
Arkansas,65+ Years,536306,2026-02-07,59.1907252473676
Arkansas,65+ Years,536306,2026-02-14,59.873189862951
Arkansas,65+ Years,536306,2026-02-21,60.7371743957653
Arkansas,65+ Years,536306,2026-02-28,61.6890075012092
Arkansas,65+ Years,536306,2026-03-07,63.4233146184902
Arkansas,65+ Years,536306,2026-03-14,64.0099279894142
Arkansas,65+ Years,536306,2026-03-21,64.3214496205202
Arkansas,65+ Years,536306,2026-03-28,64.4335613646783
Arkansas,65+ Years,536306,2026-04-04,64.548860918032
Arkansas,65+ Years,536306,2026-04-11,64.7092522545947
Arkansas,65+ Years,536306,2026-04-18,64.8148958941583
Arkansas,65+ Years,536306,2026-04-25,64.9578701133119
Arkansas,65+ Years,536306,2026-05-02,65.1239402239793
Arkansas,65+ Years,536306,2026-05-09,65.5468269932281
Arkansas,65+ Years,536306,2026-05-16,65.819538913773
Arkansas,65+ Years,536306,2026-05-23,66.1530924372385
Arkansas,65+ Years,536306,2026-05-30,66.5540174774232
Arkansas,65+ Years,536306,2026-06-06,67.4559315214121
Arkansas,65+ Years,536306,2026-06-13,67.9764069386511
California,6 Months - 4 Years,2086948,2025-08-16,8.39814357867993
California,6 Months - 4 Years,2086948,2025-08-23,8.39814357867993
California,6 Months - 4 Years,2086948,2025-08-30,8.39814357867993
California,6 Months - 4 Years,2086948,2025-09-06,8.39814357867993
California,6 Months - 4 Years,2086948,2025-09-13,11.3885003688184
California,6 Months - 4 Years,2086948,2025-09-20,13.3031488950983
California,6 Months - 4 Years,2086948,2025-09-27,15.4272703134983
California,6 Months - 4 Years,2086948,2025-10-04,19.9599446582113
California,6 Months - 4 Years,2086948,2025-10-11,22.5106636549792
California,6 Months - 4 Years,2086948,2025-10-18,25.3314535540984
California,6 Months - 4 Years,2086948,2025-10-25,28.3834208366473
California,6 Months - 4 Years,2086948,2025-11-01,31.8760378174801
California,6 Months - 4 Years,2086948,2025-11-08,38.4553767072002
California,6 Months - 4 Years,2086948,2025-11-15,41.3258500769449
California,6 Months - 4 Years,2086948,2025-11-22,43.9341036850125
California,6 Months - 4 Years,2086948,2025-11-29,46.2900875491546
California,6 Months - 4 Years,2086948,2025-12-06,50.6752688947018
California,6 Months - 4 Years,2086948,2025-12-13,52.5881363754997
California,6 Months - 4 Years,2086948,2025-12-20,54.2842487210901
California,6 Months - 4 Years,2086948,2025-12-27,55.7862983385859
California,6 Months - 4 Years,2086948,2026-01-03,57.4664174290753
California,6 Months - 4 Years,2086948,2026-01-10,60.1169237016671
California,6 Months - 4 Years,2086948,2026-01-17,61.1686900243783
California,6 Months - 4 Years,2086948,2026-01-24,62.0997678856009
California,6 Months - 4 Years,2086948,2026-01-31,62.8091494048333
California,6 Months - 4 Years,2086948,2026-02-07,64.3433451113371
California,6 Months - 4 Years,2086948,2026-02-14,65.0150786884863
California,6 Months - 4 Years,2086948,2026-02-21,65.6214690159394
California,6 Months - 4 Years,2086948,2026-02-28,66.1696870721513
California,6 Months - 4 Years,2086948,2026-03-07,67.1868527728756
California,6 Months - 4 Years,2086948,2026-03-14,67.6341137485363
California,6 Months - 4 Years,2086948,2026-03-21,68.0385915688738
California,6 Months - 4 Years,2086948,2026-03-28,68.4060537910345
California,6 Months - 4 Years,2086948,2026-04-04,68.8273402708735
California,6 Months - 4 Years,2086948,2026-04-11,69.5021471350986
California,6 Months - 4 Years,2086948,2026-04-18,69.7780560522415
California,6 Months - 4 Years,2086948,2026-04-25,70.0301384812874
California,6 Months - 4 Years,2086948,2026-05-02,70.2379656143448
California,6 Months - 4 Years,2086948,2026-05-09,70.7296918502903
California,6 Months - 4 Years,2086948,2026-05-16,70.9999964892955
California,6 Months - 4 Years,2086948,2026-05-23,71.3003798988338
California,6 Months - 4 Years,2086948,2026-05-30,71.6309651693969
California,6 Months - 4 Years,2086948,2026-06-06,72.3298673735822
California,6 Months - 4 Years,2086948,2026-06-13,72.708039477672
California,5-12 Years,3958033,2025-08-16,6.06211826962839
California,5-12 Years,3958033,2025-08-23,6.06211826962839
California,5-12 Years,3958033,2025-08-30,6.06211826962839
California,5-12 Years,3958033,2025-09-06,6.06211826962839
California,5-12 Years,3958033,2025-09-13,8.34866377055436
California,5-12 Years,3958033,2025-09-20,10.0087463509694
California,5-12 Years,3958033,2025-09-27,11.9223441201484
California,5-12 Years,3958033,2025-10-04,16.0846343227421
California,5-12 Years,3958033,2025-10-11,18.5040933988699
California,5-12 Years,3958033,2025-10-18,21.2498877739449
California,5-12 Years,3958033,2025-10-25,24.2753327489796
California,5-12 Years,3958033,2025-11-01,27.7457640920775
California,5-12 Years,3958033,2025-11-08,34.2553602895924
California,5-12 Years,3958033,2025-11-15,37.0123124194362
California,5-12 Years,3958033,2025-11-22,39.4306580509078
California,5-12 Years,3958033,2025-11-29,41.5465784610014
California,5-12 Years,3958033,2025-12-06,45.448726372771
California,5-12 Years,3958033,2025-12-13,47.1526054358643
California,5-12 Years,3958033,2025-12-20,48.6822919205392
California,5-12 Years,3958033,2025-12-27,50.0429668864851
California,5-12 Years,3958033,2026-01-03,51.4868236297843
California,5-12 Years,3958033,2026-01-10,53.6931235098107
California,5-12 Years,3958033,2026-01-17,54.4292467211317
California,5-12 Years,3958033,2026-01-24,54.9838084610495
California,5-12 Years,3958033,2026-01-31,55.3627639520725
California,5-12 Years,3958033,2026-02-07,56.2397862873674
California,5-12 Years,3958033,2026-02-14,56.7180239867399
California,5-12 Years,3958033,2026-02-21,57.2537086785729
California,5-12 Years,3958033,2026-02-28,57.8141855152391
California,5-12 Years,3958033,2026-03-07,58.861239080479
California,5-12 Years,3958033,2026-03-14,59.2753258470561
California,5-12 Years,3958033,2026-03-21,59.5812839491728
California,5-12 Years,3958033,2026-03-28,59.7983536082998
California,5-12 Years,3958033,2026-04-04,60.0239375363684
California,5-12 Years,3958033,2026-04-11,60.3562443258616
California,5-12 Years,3958033,2026-04-18,60.4825091195202
California,5-12 Years,3958033,2026-04-25,60.5934741508471
California,5-12 Years,3958033,2026-05-02,60.6747413112804
California,5-12 Years,3958033,2026-05-09,60.8422482911472
California,5-12 Years,3958033,2026-05-16,60.9072956156774
California,5-12 Years,3958033,2026-05-23,60.9596592737768
California,5-12 Years,3958033,2026-05-30,61.0012252505045
California,5-12 Years,3958033,2026-06-06,61.0687054963887
California,5-12 Years,3958033,2026-06-13,61.0856680475076
California,13-17 Years,2522629,2025-08-16,5.37612662670024
California,13-17 Years,2522629,2025-08-23,5.37612662670024
California,13-17 Years,2522629,2025-08-30,5.37612662670024
California,13-17 Years,2522629,2025-09-06,5.37612662670024
California,13-17 Years,2522629,2025-09-13,7.62592375613581
California,13-17 Years,2522629,2025-09-20,9.56858517207035
California,13-17 Years,2522629,2025-09-27,11.6450977177885
California,13-17 Years,2522629,2025-10-04,15.9864481886791
California,13-17 Years,2522629,2025-10-11,18.3652666647591
California,13-17 Years,2522629,2025-10-18,20.9502588335272
California,13-17 Years,2522629,2025-10-25,23.6948750098491
California,13-17 Years,2522629,2025-11-01,26.7728916605781
California,13-17 Years,2522629,2025-11-08,32.4088091645336
California,13-17 Years,2522629,2025-11-15,34.7282059218693
California,13-17 Years,2522629,2025-11-22,36.7282826019135
California,13-17 Years,2522629,2025-11-29,38.4390894682466
California,13-17 Years,2522629,2025-12-06,41.5057930415801
California,13-17 Years,2522629,2025-12-13,42.739903603186
California,13-17 Years,2522629,2025-12-20,43.7543506219175
California,13-17 Years,2522629,2025-12-27,44.5948115800125
California,13-17 Years,2522629,2026-01-03,45.5357001533805
California,13-17 Years,2522629,2026-01-10,47.0051910186759
California,13-17 Years,2522629,2026-01-17,47.610214472453
California,13-17 Years,2522629,2026-01-24,48.1762954542744
California,13-17 Years,2522629,2026-01-31,48.652328510465
California,13-17 Years,2522629,2026-02-07,49.812793445915
California,13-17 Years,2522629,2026-02-14,50.5389249480082
California,13-17 Years,2522629,2026-02-21,51.4109428427931
California,13-17 Years,2522629,2026-02-28,52.3447256875306
California,13-17 Years,2522629,2026-03-07,54.045676688624
California,13-17 Years,2522629,2026-03-14,54.6441362234271
California,13-17 Years,2522629,2026-03-21,54.9994364564424
California,13-17 Years,2522629,2026-03-28,55.1690351853578
California,13-17 Years,2522629,2026-04-04,55.3072772352802
California,13-17 Years,2522629,2026-04-11,55.4657412791277
California,13-17 Years,2522629,2026-04-18,55.492925133034
California,13-17 Years,2522629,2026-04-25,55.5
California,13-17 Years,2522629,2026-05-02,55.5
California,13-17 Years,2522629,2026-05-09,55.5033070555471
California,13-17 Years,2522629,2026-05-16,55.5150077177011
California,13-17 Years,2522629,2026-05-23,55.5418376162676
California,13-17 Years,2522629,2026-05-30,55.587391565612
California,13-17 Years,2522629,2026-06-06,55.705613011081
California,13-17 Years,2522629,2026-06-13,55.7795449885569
California,6 Months - 17 Years,8567610,2025-08-16,6.36384755556888
California,6 Months - 17 Years,8567610,2025-08-23,6.36384755556888
California,6 Months - 17 Years,8567610,2025-08-30,6.36384755556888
California,6 Months - 17 Years,8567610,2025-09-06,6.36384755556888
California,6 Months - 17 Years,8567610,2025-09-13,8.79596756142251
California,6 Months - 17 Years,8567610,2025-09-20,10.6042592325822
California,6 Months - 17 Years,8567610,2025-09-27,12.6188531283887
California,6 Months - 17 Years,8567610,2025-10-04,16.927482153303
California,6 Months - 17 Years,8567610,2025-10-11,19.3681928975563
California,6 Months - 17 Years,8567610,2025-10-18,22.0849586736311
California,6 Months - 17 Years,8567610,2025-10-25,25.0329859557308
California,6 Months - 17 Years,8567610,2025-11-01,28.3919222912551
California,6 Months - 17 Years,8567610,2025-11-08,34.6601940728711
California,6 Months - 17 Years,8567610,2025-11-15,37.3182171929251
California,6 Months - 17 Years,8567610,2025-11-22,39.6641042173273
California,6 Months - 17 Years,8567610,2025-11-29,41.724876011944
California,6 Months - 17 Years,8567610,2025-12-06,45.5101616200521
California,6 Months - 17 Years,8567610,2025-12-13,47.1320190371265
California,6 Months - 17 Years,8567610,2025-12-20,48.5551360073891
California,6 Months - 17 Years,8567610,2025-12-27,49.8006583287573
California,6 Months - 17 Years,8567610,2026-01-03,51.1567229631748
California,6 Months - 17 Years,8567610,2026-01-10,53.25635444608
California,6 Months - 17 Years,8567610,2026-01-17,54.0256719841731
California,6 Months - 17 Years,8567610,2026-01-24,54.6648643634505
California,6 Months - 17 Years,8567610,2026-01-31,55.1402305754159
California,6 Months - 17 Years,8567610,2026-02-07,56.2384923549753
California,6 Months - 17 Years,8567610,2026-02-14,56.8298932349018
California,6 Months - 17 Years,8567610,2026-02-21,57.4775347742692
California,6 Months - 17 Years,8567610,2026-02-28,58.1425581624382
California,6 Months - 17 Years,8567610,2026-03-07,59.3733712290296
California,6 Months - 17 Years,8567610,2026-03-14,59.8523874538519
California,6 Months - 17 Years,8567610,2026-03-21,60.2007609116988
California,6 Months - 17 Years,8567610,2026-03-28,60.4429219023029
California,6 Months - 17 Years,8567610,2026-04-04,60.6896749598831
California,6 Months - 17 Years,8567610,2026-04-11,61.0469556165228
California,6 Months - 17 Years,8567610,2026-04-18,61.1739739169407
California,6 Months - 17 Years,8567610,2026-04-25,61.2807327528455
California,6 Months - 17 Years,8567610,2026-05-02,61.3601526870592
California,6 Months - 17 Years,8567610,2026-05-09,61.5390005474802
California,6 Months - 17 Years,8567610,2026-05-16,61.6264953888254
California,6 Months - 17 Years,8567610,2026-05-23,61.7156874194423
California,6 Months - 17 Years,8567610,2026-05-30,61.8062099596329
California,6 Months - 17 Years,8567610,2026-06-06,61.9864443037935
California,6 Months - 17 Years,8567610,2026-06-13,62.075732065056
California,18-49 Years,17225750,2025-08-16,1.25921417696914
California,18-49 Years,17225750,2025-08-23,1.25921417696914
California,18-49 Years,17225750,2025-08-30,1.25921417696914
California,18-49 Years,17225750,2025-09-06,1.25921417696914
California,18-49 Years,17225750,2025-09-13,1.89612425349013
California,18-49 Years,17225750,2025-09-20,2.59209594744565
California,18-49 Years,17225750,2025-09-27,3.48423431129806
California,18-49 Years,17225750,2025-10-04,5.51352786799144
California,18-49 Years,17225750,2025-10-11,6.76688462874137
California,18-49 Years,17225750,2025-10-18,8.25111893744527
California,18-49 Years,17225750,2025-10-25,9.94413495906055
California,18-49 Years,17225750,2025-11-01,11.9249112287473
California,18-49 Years,17225750,2025-11-08,15.718037428424
California,18-49 Years,17225750,2025-11-15,17.3674309826408
California,18-49 Years,17225750,2025-11-22,18.8358089914117
California,18-49 Years,17225750,2025-11-29,20.1318037376093
California,18-49 Years,17225750,2025-12-06,22.5097298505976
California,18-49 Years,17225750,2025-12-13,23.5110282659483
California,18-49 Years,17225750,2025-12-20,24.3670814621539
California,18-49 Years,17225750,2025-12-27,25.1013166997562
California,18-49 Years,17225750,2026-01-03,25.9273664816449
California,18-49 Years,17225750,2026-01-10,27.2292948882368
California,18-49 Years,17225750,2026-01-17,27.7671920371595
California,18-49 Years,17225750,2026-01-24,28.2635252903558
California,18-49 Years,17225750,2026-01-31,28.6576821966248
California,18-49 Years,17225750,2026-02-07,29.5242346560979
California,18-49 Years,17225750,2026-02-14,29.9218186032148
California,18-49 Years,17225750,2026-02-21,30.2945459184253
California,18-49 Years,17225750,2026-02-28,30.6398172524329
California,18-49 Years,17225750,2026-03-07,31.2800789640938
California,18-49 Years,17225750,2026-03-14,31.5619449690762
California,18-49 Years,17225750,2026-03-21,31.8152938874748
California,18-49 Years,17225750,2026-03-28,32.0355203477615
California,18-49 Years,17225750,2026-04-04,32.2406718789338
California,18-49 Years,17225750,2026-04-11,32.5276527265995
California,18-49 Years,17225750,2026-04-18,32.5842304493314
California,18-49 Years,17225750,2026-04-25,32.6
California,18-49 Years,17225750,2026-05-02,32.6
California,18-49 Years,17225750,2026-05-09,32.6044094073961
California,18-49 Years,17225750,2026-05-16,32.6200102902681
California,18-49 Years,17225750,2026-05-23,32.6557834883569
California,18-49 Years,17225750,2026-05-30,32.7165220874827
California,18-49 Years,17225750,2026-06-06,32.8741506814414
California,18-49 Years,17225750,2026-06-13,32.9727266514092
California,50-64 Years,7219051,2025-08-16,1.40774316086461
California,50-64 Years,7219051,2025-08-23,1.40774316086461
California,50-64 Years,7219051,2025-08-30,1.40774316086461
California,50-64 Years,7219051,2025-09-06,1.40774316086461
California,50-64 Years,7219051,2025-09-13,2.13652029118187
California,50-64 Years,7219051,2025-09-20,2.95290600923326
California,50-64 Years,7219051,2025-09-27,4.14226120637445
California,50-64 Years,7219051,2025-10-04,6.96700615186021
California,50-64 Years,7219051,2025-10-11,8.82277923163402
California,50-64 Years,7219051,2025-10-18,11.1197553459751
California,50-64 Years,7219051,2025-10-25,13.8145936139317
California,50-64 Years,7219051,2025-11-01,16.9755106503915
California,50-64 Years,7219051,2025-11-08,22.9889614367882
California,50-64 Years,7219051,2025-11-15,25.5019192035531
California,50-64 Years,7219051,2025-11-22,27.6266656881105
California,50-64 Years,7219051,2025-11-29,29.3876830827247
California,50-64 Years,7219051,2025-12-06,32.4511480084152
California,50-64 Years,7219051,2025-12-13,33.5684024415854
California,50-64 Years,7219051,2025-12-20,34.3753938950944
California,50-64 Years,7219051,2025-12-27,34.9638707949974
California,50-64 Years,7219051,2026-01-03,35.7071523694636
California,50-64 Years,7219051,2026-01-10,36.9455201556423
California,50-64 Years,7219051,2026-01-17,37.7305864578437
California,50-64 Years,7219051,2026-01-24,38.7035989625893
California,50-64 Years,7219051,2026-01-31,39.6677605435069
California,50-64 Years,7219051,2026-02-07,41.7405528451165
California,50-64 Years,7219051,2026-02-14,42.6150101119901
California,50-64 Years,7219051,2026-02-21,43.3110395976134
California,50-64 Years,7219051,2026-02-28,43.8495905641322
California,50-64 Years,7219051,2026-03-07,44.7735655417448
California,50-64 Years,7219051,2026-03-14,45.1246405788006
California,50-64 Years,7219051,2026-03-21,45.4029122538517
California,50-64 Years,7219051,2026-03-28,45.6220202007608
California,50-64 Years,7219051,2026-04-04,45.8368132637623
California,50-64 Years,7219051,2026-04-11,46.1433980068617
California,50-64 Years,7219051,2026-04-18,46.2322484972723
California,50-64 Years,7219051,2026-04-25,46.291448157106
California,50-64 Years,7219051,2026-05-02,46.323923967404
California,50-64 Years,7219051,2026-05-09,46.3819403952608
California,50-64 Years,7219051,2026-05-16,46.3951684452734
California,50-64 Years,7219051,2026-05-23,46.3996466018223
California,50-64 Years,7219051,2026-05-30,46.3998822006074
California,50-64 Years,7219051,2026-06-06,46.4
California,50-64 Years,7219051,2026-06-13,46.4
California,65+ Years,5976166,2025-08-16,2.47151612784428
California,65+ Years,5976166,2025-08-23,2.47151612784428
California,65+ Years,5976166,2025-08-30,2.47151612784428
California,65+ Years,5976166,2025-09-06,2.47151612784428
California,65+ Years,5976166,2025-09-13,3.90091355123983
California,65+ Years,5976166,2025-09-20,5.65331426110769
California,65+ Years,5976166,2025-09-27,7.85147665573766
California,65+ Years,5976166,2025-10-04,12.8114703533144
California,65+ Years,5976166,2025-10-11,15.8896745178389
California,65+ Years,5976166,2025-10-18,19.5697278158433
California,65+ Years,5976166,2025-10-25,23.7516093386784
California,65+ Years,5976166,2025-11-01,28.5151221880003
California,65+ Years,5976166,2025-11-08,37.2129274901958
California,65+ Years,5976166,2025-11-15,40.518409060503
California,65+ Years,5976166,2025-11-22,43.0665702368512
California,65+ Years,5976166,2025-11-29,45.0309365405321
California,65+ Years,5976166,2025-12-06,48.5192197186972
California,65+ Years,5976166,2025-12-13,49.9607370911066
California,65+ Years,5976166,2025-12-20,51.2186171852828
California,65+ Years,5976166,2025-12-27,52.3410494039119
California,65+ Years,5976166,2026-01-03,53.6908930513898
California,65+ Years,5976166,2026-01-10,55.9067319506615
California,65+ Years,5976166,2026-01-17,56.9778847190925
California,65+ Years,5976166,2026-01-24,58.0870386593224
California,65+ Years,5976166,2026-01-31,59.0526378087855
California,65+ Years,5976166,2026-02-07,61.1584606111964
California,65+ Years,5976166,2026-02-14,62.0915052622357
California,65+ Years,5976166,2026-02-21,62.9128730062902
California,65+ Years,5976166,2026-02-28,63.6314693970993
California,65+ Years,5976166,2026-03-07,64.9428222354879
California,65+ Years,5976166,2026-03-14,65.4877230310416
California,65+ Years,5976166,2026-03-21,65.949184688221
California,65+ Years,5976166,2026-03-28,66.3522474879799
California,65+ Years,5976166,2026-04-04,66.8920625359804
California,65+ Years,5976166,2026-04-11,67.8337245968079
California,65+ Years,5976166,2026-04-18,68.4378894310297
California,65+ Years,5976166,2026-04-25,69.1667344327339
California,65+ Years,5976166,2026-05-02,69.8399056830927
California,65+ Years,5976166,2026-05-09,71.1762451153462
California,65+ Years,5976166,2026-05-16,71.6260439703507
California,65+ Years,5976166,2026-05-23,71.888841196069
California,65+ Years,5976166,2026-05-30,72.0244963056752
California,65+ Years,5976166,2026-06-06,72.2231402059857
California,65+ Years,5976166,2026-06-13,72.2592126987989
Colorado,6 Months - 4 Years,293045,2025-08-16,4.9381403937521
Colorado,6 Months - 4 Years,293045,2025-08-23,4.9381403937521
Colorado,6 Months - 4 Years,293045,2025-08-30,4.9381403937521
Colorado,6 Months - 4 Years,293045,2025-09-06,4.9381403937521
Colorado,6 Months - 4 Years,293045,2025-09-13,7.36180937110549
Colorado,6 Months - 4 Years,293045,2025-09-20,9.91627131834108
Colorado,6 Months - 4 Years,293045,2025-09-27,12.7217282515358
Colorado,6 Months - 4 Years,293045,2025-10-04,18.6769871523412
Colorado,6 Months - 4 Years,293045,2025-10-11,22.0227061588063
Colorado,6 Months - 4 Years,293045,2025-10-18,25.7297407244896
Colorado,6 Months - 4 Years,293045,2025-10-25,29.7271587756593
Colorado,6 Months - 4 Years,293045,2025-11-01,34.2395022052115
Colorado,6 Months - 4 Years,293045,2025-11-08,42.545779688055
Colorado,6 Months - 4 Years,293045,2025-11-15,45.9645655931708
Colorado,6 Months - 4 Years,293045,2025-11-22,48.8969958264904
Colorado,6 Months - 4 Years,293045,2025-11-29,51.3893267595472
Colorado,6 Months - 4 Years,293045,2025-12-06,55.8449176127162
Colorado,6 Months - 4 Years,293045,2025-12-13,57.6454846590362
Colorado,6 Months - 4 Years,293045,2025-12-20,59.139513834751
Colorado,6 Months - 4 Years,293045,2025-12-27,60.3736933220775
Colorado,6 Months - 4 Years,293045,2026-01-03,61.6534069821241
Colorado,6 Months - 4 Years,293045,2026-01-10,63.559888974334
Colorado,6 Months - 4 Years,293045,2026-01-17,64.1859356747863
Colorado,6 Months - 4 Years,293045,2026-01-24,64.6608346565262
Colorado,6 Months - 4 Years,293045,2026-01-31,64.9913423205778
Colorado,6 Months - 4 Years,293045,2026-02-07,65.7765141531611
Colorado,6 Months - 4 Years,293045,2026-02-14,66.2338765712099
Colorado,6 Months - 4 Years,293045,2026-02-21,66.7753296115347
Colorado,6 Months - 4 Years,293045,2026-02-28,67.3744336134913
Colorado,6 Months - 4 Years,293045,2026-03-07,68.5599441721455
Colorado,6 Months - 4 Years,293045,2026-03-14,69.1041584677264
Colorado,6 Months - 4 Years,293045,2026-03-21,69.5822096330256
Colorado,6 Months - 4 Years,293045,2026-03-28,69.9827978445022
Colorado,6 Months - 4 Years,293045,2026-04-04,70.3540321163014
Colorado,6 Months - 4 Years,293045,2026-04-11,70.8701040015674
Colorado,6 Months - 4 Years,293045,2026-04-18,70.971700659324
Colorado,6 Months - 4 Years,293045,2026-04-25,71.0
Colorado,6 Months - 4 Years,293045,2026-05-02,71.0
Colorado,6 Months - 4 Years,293045,2026-05-09,71.0
Colorado,6 Months - 4 Years,293045,2026-05-16,71.0
Colorado,6 Months - 4 Years,293045,2026-05-23,71.0
Colorado,6 Months - 4 Years,293045,2026-05-30,71.0
Colorado,6 Months - 4 Years,293045,2026-06-06,71.0
Colorado,6 Months - 4 Years,293045,2026-06-13,71.0
Colorado,5-12 Years,559843,2025-08-16,4.85625510125835
Colorado,5-12 Years,559843,2025-08-23,4.85625510125835
Colorado,5-12 Years,559843,2025-08-30,4.85625510125835
Colorado,5-12 Years,559843,2025-09-06,4.85625510125835
Colorado,5-12 Years,559843,2025-09-13,6.72230711055618
Colorado,5-12 Years,559843,2025-09-20,8.13167834705442
Colorado,5-12 Years,559843,2025-09-27,9.97053651010308
Colorado,5-12 Years,559843,2025-10-04,14.1809180014657
Colorado,5-12 Years,559843,2025-10-11,16.8081876918475
Colorado,5-12 Years,559843,2025-10-18,19.9435202788847
Colorado,5-12 Years,559843,2025-10-25,23.5368974636334
Colorado,5-12 Years,559843,2025-11-01,27.7398746353465
Colorado,5-12 Years,559843,2025-11-08,35.8039852997123
Colorado,5-12 Years,559843,2025-11-15,39.3560422449216
Colorado,5-12 Years,559843,2025-11-22,42.5428970063304
Colorado,5-12 Years,559843,2025-11-29,45.2896074556659
Colorado,5-12 Years,559843,2025-12-06,49.9617621911261
Colorado,5-12 Years,559843,2025-12-13,51.5101140266345
Colorado,5-12 Years,559843,2025-12-20,52.4600993740492
Colorado,5-12 Years,559843,2025-12-27,52.9950482005555
Colorado,5-12 Years,559843,2026-01-03,53.5857524242978
Colorado,5-12 Years,559843,2026-01-10,54.4740404720485
Colorado,5-12 Years,559843,2026-01-17,54.9443519500986
Colorado,5-12 Years,559843,2026-01-24,55.4859786447837
Colorado,5-12 Years,559843,2026-01-31,56.0124444777534
Colorado,5-12 Years,559843,2026-02-07,57.2373820144031
Colorado,5-12 Years,559843,2026-02-14,57.8851265728301
Colorado,5-12 Years,559843,2026-02-21,58.5523856838376
Colorado,5-12 Years,559843,2026-02-28,59.2127590949051
Colorado,5-12 Years,559843,2026-03-07,60.4558941932939
Colorado,5-12 Years,559843,2026-03-14,60.9752491219803
Colorado,5-12 Years,559843,2026-03-21,61.3945796683526
Colorado,5-12 Years,559843,2026-03-28,61.7271324007134
Colorado,5-12 Years,559843,2026-04-04,62.0804542952238
Colorado,5-12 Years,559843,2026-04-11,62.613432469114
Colorado,5-12 Years,559843,2026-04-18,62.8053960961086
Colorado,5-12 Years,559843,2026-04-25,62.9660985425163
Colorado,5-12 Years,559843,2026-05-02,63.0914614336273
Colorado,5-12 Years,559843,2026-05-09,63.4009435148198
Colorado,5-12 Years,559843,2026-05-16,63.5922443027459
Colorado,5-12 Years,559843,2026-05-23,63.8297730284312
Colorado,5-12 Years,559843,2026-05-30,64.1159348225497
Colorado,5-12 Years,559843,2026-06-06,64.7515880095397
Colorado,5-12 Years,559843,2026-06-13,65.1140661783919
Colorado,13-17 Years,365606,2025-08-16,4.24301699798057
Colorado,13-17 Years,365606,2025-08-23,4.24301699798057
Colorado,13-17 Years,365606,2025-08-30,4.24301699798057
Colorado,13-17 Years,365606,2025-09-06,4.24301699798057
Colorado,13-17 Years,365606,2025-09-13,5.7756917736074
Colorado,13-17 Years,365606,2025-09-20,6.79778818656653
Colorado,13-17 Years,365606,2025-09-27,8.26344652379599
Colorado,13-17 Years,365606,2025-10-04,11.7275177807792
Colorado,13-17 Years,365606,2025-10-11,13.9853117903331
Colorado,13-17 Years,365606,2025-10-18,16.7633997557798
Colorado,13-17 Years,365606,2025-10-25,20.0130713108165
Colorado,13-17 Years,365606,2025-11-01,23.8308050059531
Colorado,13-17 Years,365606,2025-11-08,31.1310038180696
Colorado,13-17 Years,365606,2025-11-15,34.2420431639416
Colorado,13-17 Years,365606,2025-11-22,36.9279871111625
Colorado,13-17 Years,365606,2025-11-29,39.185295227994
Colorado,13-17 Years,365606,2025-12-06,43.0874551542581
Colorado,13-17 Years,365606,2025-12-13,44.5028086336463
Colorado,13-17 Years,365606,2025-12-20,45.5238155148406
Colorado,13-17 Years,365606,2025-12-27,46.2386983870913
Colorado,13-17 Years,365606,2026-01-03,46.9083255759263
Colorado,13-17 Years,365606,2026-01-10,47.8183911974325
Colorado,13-17 Years,365606,2026-01-17,48.0493946900984
Colorado,13-17 Years,365606,2026-01-24,48.1835086764699
Colorado,13-17 Years,365606,2026-01-31,48.2566907692088
Colorado,13-17 Years,365606,2026-02-07,48.4347939864813
Colorado,13-17 Years,365606,2026-02-14,48.5516971474188
Colorado,13-17 Years,365606,2026-02-21,48.7017758253574
Colorado,13-17 Years,365606,2026-02-28,48.8665903728025
Colorado,13-17 Years,365606,2026-03-07,49.1583526355925
Colorado,13-17 Years,365606,2026-03-14,49.2494520357516
Colorado,13-17 Years,365606,2026-03-21,49.2904746642938
Colorado,13-17 Years,365606,2026-03-28,49.2968248880979
Colorado,13-17 Years,365606,2026-04-04,49.3083850980565
Colorado,13-17 Years,365606,2026-04-11,49.3335403922258
Colorado,13-17 Years,365606,2026-04-18,49.3894845128106
Colorado,13-17 Years,365606,2026-04-25,49.4903012904257
Colorado,13-17 Years,365606,2026-05-02,49.6165993637727
Colorado,13-17 Years,365606,2026-05-09,49.8836636915824
Colorado,13-17 Years,365606,2026-05-16,49.9902020768277
Colorado,13-17 Years,365606,2026-05-23,50.0618179766447
Colorado,13-17 Years,365606,2026-05-30,50.1057203855479
Colorado,13-17 Years,365606,2026-06-06,50.1724299373763
Colorado,13-17 Years,365606,2026-06-13,50.1847125100157
Colorado,6 Months - 17 Years,1218494,2025-08-16,4.66957823221457
Colorado,6 Months - 17 Years,1218494,2025-08-23,4.66957823221457
Colorado,6 Months - 17 Years,1218494,2025-08-30,4.66957823221457
Colorado,6 Months - 17 Years,1218494,2025-09-06,4.66957823221457
Colorado,6 Months - 17 Years,1218494,2025-09-13,6.56958608717945
Colorado,6 Months - 17 Years,1218494,2025-09-20,8.15127806217471
Colorado,6 Months - 17 Years,1218494,2025-09-27,10.1214845985981
Colorado,6 Months - 17 Years,1218494,2025-10-04,14.5537483309533
Colorado,6 Months - 17 Years,1218494,2025-10-11,17.259993856339
Colorado,6 Months - 17 Years,1218494,2025-10-18,20.4434989727308
Colorado,6 Months - 17 Years,1218494,2025-10-25,24.0475730862483
Colorado,6 Months - 17 Years,1218494,2025-11-01,28.2263158742812
Colorado,6 Months - 17 Years,1218494,2025-11-08,36.1489053897772
Colorado,6 Months - 17 Years,1218494,2025-11-15,39.5503204383092
Colorado,6 Months - 17 Years,1218494,2025-11-22,42.5408357119542
Colorado,6 Months - 17 Years,1218494,2025-11-29,45.0971770691192
Colorado,6 Months - 17 Years,1218494,2025-12-06,49.5267084225562
Colorado,6 Months - 17 Years,1218494,2025-12-13,51.1129494837558
Colorado,6 Months - 17 Years,1218494,2025-12-20,52.2238824720513
Colorado,6 Months - 17 Years,1218494,2025-12-27,52.9835113026162
Colorado,6 Months - 17 Years,1218494,2026-01-03,53.7814904012755
Colorado,6 Months - 17 Years,1218494,2026-01-10,54.9566809952838
Colorado,6 Months - 17 Years,1218494,2026-01-17,55.423386720776
Colorado,6 Months - 17 Years,1218494,2026-01-24,55.8576061926161
Colorado,6 Months - 17 Years,1218494,2026-01-31,56.2129175977707
Colorado,6 Months - 17 Years,1218494,2026-02-07,57.0419617414769
Colorado,6 Months - 17 Years,1218494,2026-02-14,57.4946572387516
Colorado,6 Months - 17 Years,1218494,2026-02-21,57.9912154753839
Colorado,6 Months - 17 Years,1218494,2026-02-28,58.5068869191945
Colorado,6 Months - 17 Years,1218494,2026-03-07,59.486831100939
Colorado,6 Months - 17 Years,1218494,2026-03-14,59.8955329242429
Colorado,6 Months - 17 Years,1218494,2026-03-21,60.2200154365105
Colorado,6 Months - 17 Years,1218494,2026-03-28,60.4715389312258
Colorado,6 Months - 17 Years,1218494,2026-04-04,60.737824899063
Colorado,6 Months - 17 Years,1218494,2026-04-11,61.1380256578069
Colorado,6 Months - 17 Years,1218494,2026-04-18,61.2844509929993
Colorado,6 Months - 17 Years,1218494,2026-04-25,61.4086055075744
Colorado,6 Months - 17 Years,1218494,2026-05-02,61.5035970361908
Colorado,6 Months - 17 Years,1218494,2026-05-09,61.7250155604788
Colorado,6 Months - 17 Years,1218494,2026-05-16,61.8430237075752
Colorado,6 Months - 17 Years,1218494,2026-05-23,61.9723867291577
Colorado,6 Months - 17 Years,1218494,2026-05-30,62.1127803947851
Colorado,6 Months - 17 Years,1218494,2026-06-06,62.4056891647171
Colorado,6 Months - 17 Years,1218494,2026-06-13,62.5614757358634
Colorado,18-49 Years,2592373,2025-08-16,1.22291034902069
Colorado,18-49 Years,2592373,2025-08-23,1.22291034902069
Colorado,18-49 Years,2592373,2025-08-30,1.22291034902069
Colorado,18-49 Years,2592373,2025-09-06,1.22291034902069
Colorado,18-49 Years,2592373,2025-09-13,1.76585601868552
Colorado,18-49 Years,2592373,2025-09-20,2.2807854366349
Colorado,18-49 Years,2592373,2025-09-27,3.16344178451372
Colorado,18-49 Years,2592373,2025-10-04,5.35257574062597
Colorado,18-49 Years,2592373,2025-10-11,6.87036084555202
Colorado,18-49 Years,2592373,2025-10-18,8.81666595292381
Colorado,18-49 Years,2592373,2025-10-25,11.153027870776
Colorado,18-49 Years,2592373,2025-11-01,13.9090398529137
Colorado,18-49 Years,2592373,2025-11-08,19.1519953982092
Colorado,18-49 Years,2592373,2025-11-15,21.2974957346198
Colorado,18-49 Years,2592373,2025-11-22,23.0565375175442
Colorado,18-49 Years,2592373,2025-11-29,24.4668656159804
Colorado,18-49 Years,2592373,2025-12-06,26.8834833757425
Colorado,18-49 Years,2592373,2025-12-13,27.7462468237995
Colorado,18-49 Years,2592373,2025-12-20,28.3608779403255
Colorado,18-49 Years,2592373,2025-12-27,28.7972954617334
Colorado,18-49 Years,2592373,2026-01-03,29.2872089666401
Colorado,18-49 Years,2592373,2026-01-10,30.043514209815
Colorado,18-49 Years,2592373,2026-01-17,30.4019042113194
Colorado,18-49 Years,2592373,2026-01-24,30.778568667483
Colorado,18-49 Years,2592373,2026-01-31,31.1130726814058
Colorado,18-49 Years,2592373,2026-02-07,31.8613232190496
Colorado,18-49 Years,2592373,2026-02-14,32.2147498695477
Colorado,18-49 Years,2592373,2026-02-21,32.5483517487315
Colorado,18-49 Years,2592373,2026-02-28,32.8640912722501
Colorado,18-49 Years,2592373,2026-03-07,33.4765404247535
Colorado,18-49 Years,2592373,2026-03-14,33.7703196998116
Colorado,18-49 Years,2592373,2026-03-21,34.0564063331807
Colorado,18-49 Years,2592373,2026-03-28,34.334802326541
Colorado,18-49 Years,2592373,2026-04-04,34.6732849081964
Colorado,18-49 Years,2592373,2026-04-11,35.2401984938996
Colorado,18-49 Years,2592373,2026-04-18,35.504679116212
Colorado,18-49 Years,2592373,2026-04-25,35.7626313891485
Colorado,18-49 Years,2592373,2026-05-02,35.9636117595349
Colorado,18-49 Years,2592373,2026-05-09,36.357140494914
Colorado,18-49 Years,2592373,2026-05-16,36.4854318816106
Colorado,18-49 Years,2592373,2026-05-23,36.5635754152937
Colorado,18-49 Years,2592373,2026-05-30,36.6081536217483
Colorado,18-49 Years,2592373,2026-06-06,36.674171485713
Colorado,18-49 Years,2592373,2026-06-13,36.6862232889332
Colorado,50-64 Years,1052994,2025-08-16,1.22907077277157
Colorado,50-64 Years,1052994,2025-08-23,1.22907077277157
Colorado,50-64 Years,1052994,2025-08-30,1.22907077277157
Colorado,50-64 Years,1052994,2025-09-06,1.22907077277157
Colorado,50-64 Years,1052994,2025-09-13,1.97688201013003
Colorado,50-64 Years,1052994,2025-09-20,2.93232654458803
Colorado,50-64 Years,1052994,2025-09-27,4.43828985601448
Colorado,50-64 Years,1052994,2025-10-04,8.09585384782785
Colorado,50-64 Years,1052994,2025-10-11,10.5739111479255
Colorado,50-64 Years,1052994,2025-10-18,13.7069064448088
Colorado,50-64 Years,1052994,2025-10-25,17.4285515886055
Colorado,50-64 Years,1052994,2025-11-01,21.792695227854
Colorado,50-64 Years,1052994,2025-11-08,30.0466969963266
Colorado,50-64 Years,1052994,2025-11-15,33.4017701482138
Colorado,50-64 Years,1052994,2025-11-22,36.1427087187656
Colorado,50-64 Years,1052994,2025-11-29,38.3327038974009
Colorado,50-64 Years,1052994,2025-12-06,42.0781524434371
Colorado,50-64 Years,1052994,2025-12-13,43.4187006224257
Colorado,50-64 Years,1052994,2025-12-20,44.3820055746099
Colorado,50-64 Years,1052994,2025-12-27,45.0683331797194
Colorado,50-64 Years,1052994,2026-01-03,45.7961319162963
Colorado,50-64 Years,1052994,2026-01-10,46.880424684801
Colorado,50-64 Years,1052994,2026-01-17,47.3232963345909
Colorado,50-64 Years,1052994,2026-01-24,47.7383881011723
Colorado,50-64 Years,1052994,2026-01-31,48.0599038283197
Colorado,50-64 Years,1052994,2026-02-07,48.7220852753583
Colorado,50-64 Years,1052994,2026-02-14,48.9720372321692
Colorado,50-64 Years,1052994,2026-02-21,49.1621583083265
Colorado,50-64 Years,1052994,2026-02-28,49.3088984076636
Colorado,50-64 Years,1052994,2026-03-07,49.5733598657685
Colorado,50-64 Years,1052994,2026-03-14,49.6963973588139
Colorado,50-64 Years,1052994,2026-03-21,49.8204983046439
Colorado,50-64 Years,1052994,2026-03-28,49.9421349231315
Colorado,50-64 Years,1052994,2026-04-04,50.0668504481855
Colorado,50-64 Years,1052994,2026-04-11,50.2559413509185
Colorado,50-64 Years,1052994,2026-04-18,50.3069468925766
Colorado,50-64 Years,1052994,2026-04-25,50.3351927276009
Colorado,50-64 Years,1052994,2026-05-02,50.3501898464634
Colorado,50-64 Years,1052994,2026-05-09,50.3903914685657
Colorado,50-64 Years,1052994,2026-05-16,50.4218847285324
Colorado,50-64 Years,1052994,2026-05-23,50.4690285473292
Colorado,50-64 Years,1052994,2026-05-30,50.5336270950006
Colorado,50-64 Years,1052994,2026-06-06,50.6863355166396
Colorado,50-64 Years,1052994,2026-06-13,50.7776700603078
Colorado,65+ Years,876387,2025-08-16,1.37989403322965
Colorado,65+ Years,876387,2025-08-23,1.37989403322965
Colorado,65+ Years,876387,2025-08-30,1.37989403322965
Colorado,65+ Years,876387,2025-09-06,1.37989403322965
Colorado,65+ Years,876387,2025-09-13,2.79168754348365
Colorado,65+ Years,876387,2025-09-20,5.00676093329961
Colorado,65+ Years,876387,2025-09-27,7.93637530908402
Colorado,65+ Years,876387,2025-10-04,14.4712630129883
Colorado,65+ Years,876387,2025-10-11,18.4776757887075
Colorado,65+ Years,876387,2025-10-18,23.2344873868236
Colorado,65+ Years,876387,2025-10-25,28.5979889025859
Colorado,65+ Years,876387,2025-11-01,34.6468822345236
Colorado,65+ Years,876387,2025-11-08,45.552403969503
Colorado,65+ Years,876387,2025-11-15,49.6037513216616
Colorado,65+ Years,876387,2025-11-22,52.6541321559376
Colorado,65+ Years,876387,2025-11-29,54.9017905030512
Colorado,65+ Years,876387,2025-12-06,58.6415058238601
Colorado,65+ Years,876387,2025-12-13,59.9201943981258
Colorado,65+ Years,876387,2025-12-20,60.8085286710831
Colorado,65+ Years,876387,2025-12-27,61.4292147451137
Colorado,65+ Years,876387,2026-01-03,62.1390592938543
Colorado,65+ Years,876387,2026-01-10,63.2463015759536
Colorado,65+ Years,876387,2026-01-17,63.8088474127753
Colorado,65+ Years,876387,2026-01-24,64.4277236139994
Colorado,65+ Years,876387,2026-01-31,64.9923437002571
Colorado,65+ Years,876387,2026-02-07,66.2355189690729
Colorado,65+ Years,876387,2026-02-14,66.7979563843279
Colorado,65+ Years,876387,2026-02-21,67.2998762446883
Colorado,65+ Years,876387,2026-02-28,67.7463423759966
Colorado,65+ Years,876387,2026-03-07,68.5769663250936
Colorado,65+ Years,876387,2026-03-14,68.9415102544279
Colorado,65+ Years,876387,2026-03-21,69.26902015353
Colorado,65+ Years,876387,2026-03-28,69.5679539763131
Colorado,65+ Years,876387,2026-04-04,69.9375510256048
Colorado,65+ Years,876387,2026-04-11,70.5567147684708
Colorado,65+ Years,876387,2026-04-18,70.8722715855754
Colorado,65+ Years,876387,2026-04-25,71.2055953531133
Colorado,65+ Years,876387,2026-05-02,71.490470076306
Colorado,65+ Years,876387,2026-05-09,72.0807496763557
Colorado,65+ Years,876387,2026-05-16,72.3107333162182
Colorado,65+ Years,876387,2026-05-23,72.4853626003194
Colorado,65+ Years,876387,2026-05-30,72.6137097725033
Colorado,65+ Years,876387,2026-06-06,72.8140133843597
Colorado,65+ Years,876387,2026-06-13,72.8526009627562
Connecticut,6 Months - 4 Years,162475,2025-08-16,6.70224085875773
Connecticut,6 Months - 4 Years,162475,2025-08-23,6.70224085875773
Connecticut,6 Months - 4 Years,162475,2025-08-30,6.70224085875773
Connecticut,6 Months - 4 Years,162475,2025-09-06,6.70224085875773
Connecticut,6 Months - 4 Years,162475,2025-09-13,8.9442749890553
Connecticut,6 Months - 4 Years,162475,2025-09-20,10.1724631695684
Connecticut,6 Months - 4 Years,162475,2025-09-27,12.0626416445261
Connecticut,6 Months - 4 Years,162475,2025-10-04,16.6222681596855
Connecticut,6 Months - 4 Years,162475,2025-10-11,19.6403683235278
Connecticut,6 Months - 4 Years,162475,2025-10-18,23.3798836851951
Connecticut,6 Months - 4 Years,162475,2025-10-25,27.8037207161773
Connecticut,6 Months - 4 Years,162475,2025-11-01,33.0968504915319
Connecticut,6 Months - 4 Years,162475,2025-11-08,43.4622061449002
Connecticut,6 Months - 4 Years,162475,2025-11-15,48.0876638659717
Connecticut,6 Months - 4 Years,162475,2025-11-22,52.2697236103005
Connecticut,6 Months - 4 Years,162475,2025-11-29,56.0337325698168
Connecticut,6 Months - 4 Years,162475,2025-12-06,63.1019958291854
Connecticut,6 Months - 4 Years,162475,2025-12-13,66.2939473045879
Connecticut,6 Months - 4 Years,162475,2025-12-20,69.2321255062398
Connecticut,6 Months - 4 Years,162475,2025-12-27,71.883659018778
Connecticut,6 Months - 4 Years,162475,2026-01-03,74.6257793959727
Connecticut,6 Months - 4 Years,162475,2026-01-10,78.7648308501033
Connecticut,6 Months - 4 Years,162475,2026-01-17,80.0230211862016
Connecticut,6 Months - 4 Years,162475,2026-01-24,80.8676492106576
Connecticut,6 Months - 4 Years,162475,2026-01-31,81.372721051741
Connecticut,6 Months - 4 Years,162475,2026-02-07,82.4686347420705
Connecticut,6 Months - 4 Years,162475,2026-02-14,82.9755728533991
Connecticut,6 Months - 4 Years,162475,2026-02-21,83.4780964661713
Connecticut,6 Months - 4 Years,162475,2026-02-28,83.9483063768382
Connecticut,6 Months - 4 Years,162475,2026-03-07,84.7414800574525
Connecticut,6 Months - 4 Years,162475,2026-03-14,84.9862793766205
Connecticut,6 Months - 4 Years,162475,2026-03-21,85.1133608548974
Connecticut,6 Months - 4 Years,162475,2026-03-28,85.1622637284471
Connecticut,6 Months - 4 Years,162475,2026-04-04,85.2687628239842
Connecticut,6 Months - 4 Years,162475,2026-04-11,85.5036862433786
Connecticut,6 Months - 4 Years,162475,2026-04-18,85.8837677730435
Connecticut,6 Months - 4 Years,162475,2026-04-25,86.5125840089782
Connecticut,6 Months - 4 Years,162475,2026-05-02,87.2240795083911
Connecticut,6 Months - 4 Years,162475,2026-05-09,88.6026417409417
Connecticut,6 Months - 4 Years,162475,2026-05-16,89.0217444734678
Connecticut,6 Months - 4 Years,162475,2026-05-23,89.1855545594129
Connecticut,6 Months - 4 Years,162475,2026-05-30,89.1951848531376
Connecticut,6 Months - 4 Years,162475,2026-06-06,89.2
Connecticut,6 Months - 4 Years,162475,2026-06-13,89.2
Connecticut,5-12 Years,317076,2025-08-16,4.14589791831434
Connecticut,5-12 Years,317076,2025-08-23,4.14589791831434
Connecticut,5-12 Years,317076,2025-08-30,4.14589791831434
Connecticut,5-12 Years,317076,2025-09-06,4.14589791831434
Connecticut,5-12 Years,317076,2025-09-13,5.72838129947301
Connecticut,5-12 Years,317076,2025-09-20,6.91369850919793
Connecticut,5-12 Years,317076,2025-09-27,8.96401095944153
Connecticut,5-12 Years,317076,2025-10-04,14.0606180961783
Connecticut,5-12 Years,317076,2025-10-11,17.6250100585017
Connecticut,5-12 Years,317076,2025-10-18,22.2290317167061
Connecticut,5-12 Years,317076,2025-10-25,27.761821730083
Connecticut,5-12 Years,317076,2025-11-01,34.2373108013038
Connecticut,5-12 Years,317076,2025-11-08,46.3729640737965
Connecticut,5-12 Years,317076,2025-11-15,51.1153149535794
Connecticut,5-12 Years,317076,2025-11-22,54.8050235678943
Connecticut,5-12 Years,317076,2025-11-29,57.6193588463211
Connecticut,5-12 Years,317076,2025-12-06,62.4173106481473
Connecticut,5-12 Years,317076,2025-12-13,64.1913490369217
Connecticut,5-12 Years,317076,2025-12-20,65.5543103871615
Connecticut,5-12 Years,317076,2025-12-27,66.5905413302073
Connecticut,5-12 Years,317076,2026-01-03,67.5672255477358
Connecticut,5-12 Years,317076,2026-01-10,68.9125185911394
Connecticut,5-12 Years,317076,2026-01-17,69.236056054613
Connecticut,5-12 Years,317076,2026-01-24,69.4043166653022
Connecticut,5-12 Years,317076,2026-01-31,69.4885533879975
Connecticut,5-12 Years,317076,2026-02-07,69.7404647796028
Connecticut,5-12 Years,317076,2026-02-14,70.0225916201785
Connecticut,5-12 Years,317076,2026-02-21,70.4961587911321
Connecticut,5-12 Years,317076,2026-02-28,71.1176162471682
Connecticut,5-12 Years,317076,2026-03-07,72.3799301097368
Connecticut,5-12 Years,317076,2026-03-14,72.8942507788569
Connecticut,5-12 Years,317076,2026-03-21,73.2377901216332
Connecticut,5-12 Years,317076,2026-03-28,73.4347294687664
Connecticut,5-12 Years,317076,2026-04-04,73.6177499762995
Connecticut,5-12 Years,317076,2026-04-11,73.8611963934256
Connecticut,5-12 Years,317076,2026-04-18,73.9355482446099
Connecticut,5-12 Years,317076,2026-04-25,73.990184248157
Connecticut,5-12 Years,317076,2026-05-02,74.0228332969403
Connecticut,5-12 Years,317076,2026-05-09,74.0813973257234
Connecticut,5-12 Years,317076,2026-05-16,74.094982309758
Connecticut,5-12 Years,317076,2026-05-23,74.09962987054
Connecticut,5-12 Years,317076,2026-05-30,74.0998766235133
Connecticut,5-12 Years,317076,2026-06-06,74.1
Connecticut,5-12 Years,317076,2026-06-13,74.1
Connecticut,13-17 Years,222285,2025-08-16,1.0424541185095
Connecticut,13-17 Years,222285,2025-08-23,1.0424541185095
Connecticut,13-17 Years,222285,2025-08-30,1.0424541185095
Connecticut,13-17 Years,222285,2025-09-06,1.0424541185095
Connecticut,13-17 Years,222285,2025-09-13,1.67378770090791
Connecticut,13-17 Years,222285,2025-09-20,2.47921586262242
Connecticut,13-17 Years,222285,2025-09-27,4.03769280978435
Connecticut,13-17 Years,222285,2025-10-04,8.00552317756665
Connecticut,13-17 Years,222285,2025-10-11,10.8323570515426
Connecticut,13-17 Years,222285,2025-10-18,14.516558822424
Connecticut,13-17 Years,222285,2025-10-25,18.9924641431994
Connecticut,13-17 Years,222285,2025-11-01,24.3096833323737
Connecticut,13-17 Years,222285,2025-11-08,34.5004519694558
Connecticut,13-17 Years,222285,2025-11-15,38.7168050462497
Connecticut,13-17 Years,222285,2025-11-22,42.2000949856789
Connecticut,13-17 Years,222285,2025-11-29,45.0059375567755
Connecticut,13-17 Years,222285,2025-12-06,49.8027444917875
Connecticut,13-17 Years,222285,2025-12-13,51.5187818635504
Connecticut,13-17 Years,222285,2025-12-20,52.7503592953217
Connecticut,13-17 Years,222285,2025-12-27,53.6142326132126
Connecticut,13-17 Years,222285,2026-01-03,54.441298361302
Connecticut,13-17 Years,222285,2026-01-10,55.5831913361689
Connecticut,13-17 Years,222285,2026-01-17,55.899197195655
Connecticut,13-17 Years,222285,2026-01-24,56.1058147441072
Connecticut,13-17 Years,222285,2026-01-31,56.2359605335621
Connecticut,13-17 Years,222285,2026-02-07,56.5795197811714
Connecticut,13-17 Years,222285,2026-02-14,56.8558321625372
Connecticut,13-17 Years,222285,2026-02-21,57.2576775501027
Connecticut,13-17 Years,222285,2026-02-28,57.7525591833676
Connecticut,13-17 Years,222285,2026-03-07,58.7460155829798
Connecticut,13-17 Years,222285,2026-03-14,59.1683783765589
Connecticut,13-17 Years,222285,2026-03-21,59.4842209601777
Connecticut,13-17 Years,222285,2026-03-28,59.7006075722253
Connecticut,13-17 Years,222285,2026-04-04,59.8919357112321
Connecticut,13-17 Years,222285,2026-04-11,60.1410198620163
Connecticut,13-17 Years,222285,2026-04-18,60.187407163027
Connecticut,13-17 Years,222285,2026-04-25,60.2
Connecticut,13-17 Years,222285,2026-05-02,60.2
Connecticut,13-17 Years,222285,2026-05-09,60.2
Connecticut,13-17 Years,222285,2026-05-16,60.2
Connecticut,13-17 Years,222285,2026-05-23,60.2
Connecticut,13-17 Years,222285,2026-05-30,60.2
Connecticut,13-17 Years,222285,2026-06-06,60.2
Connecticut,13-17 Years,222285,2026-06-13,60.2
Connecticut,6 Months - 17 Years,701836,2025-08-16,4.41489201248203
Connecticut,6 Months - 17 Years,701836,2025-08-23,4.41489201248203
Connecticut,6 Months - 17 Years,701836,2025-08-30,4.41489201248203
Connecticut,6 Months - 17 Years,701836,2025-09-06,4.41489201248203
Connecticut,6 Months - 17 Years,701836,2025-09-13,5.92610626514632
Connecticut,6 Months - 17 Years,701836,2025-09-20,6.81140858312104
Connecticut,6 Months - 17 Years,701836,2025-09-27,8.51928913856097
Connecticut,6 Months - 17 Years,701836,2025-10-04,12.8649369928583
Connecticut,6 Months - 17 Years,701836,2025-10-11,15.9605649595932
Connecticut,6 Months - 17 Years,701836,2025-10-18,19.9953967317443
Connecticut,6 Months - 17 Years,701836,2025-10-25,24.8959784907726
Connecticut,6 Months - 17 Years,701836,2025-11-01,30.713154943305
Connecticut,6 Months - 17 Years,701836,2025-11-08,41.8313456765706
Connecticut,6 Months - 17 Years,701836,2025-11-15,46.3766682285475
Connecticut,6 Months - 17 Years,701836,2025-11-22,50.085573690036
Connecticut,6 Months - 17 Years,701836,2025-11-29,53.0710722016408
Connecticut,6 Months - 17 Years,701836,2025-12-06,58.317389019369
Connecticut,6 Months - 17 Years,701836,2025-12-13,60.384406531641
Connecticut,6 Months - 17 Years,701836,2025-12-20,62.0698081991134
Connecticut,6 Months - 17 Years,701836,2025-12-27,63.4321348177605
Connecticut,6 Months - 17 Years,701836,2026-01-03,64.7771736327619
Connecticut,6 Months - 17 Years,701836,2026-01-10,66.7100977290564
Connecticut,6 Months - 17 Years,701836,2026-01-17,67.2497220546593
Connecticut,6 Months - 17 Years,701836,2026-01-24,67.5911801715723
Connecticut,6 Months - 17 Years,701836,2026-01-31,67.7955602448139
Connecticut,6 Months - 17 Years,701836,2026-02-07,68.3093917101127
Connecticut,6 Months - 17 Years,701836,2026-02-14,68.6715347548067
Connecticut,6 Months - 17 Years,701836,2026-02-21,69.1590744928689
Connecticut,6 Months - 17 Years,701836,2026-02-28,69.7269694112548
Connecticut,6 Months - 17 Years,701836,2026-03-07,70.8159581695938
Connecticut,6 Months - 17 Years,701836,2026-03-14,71.2313039737945
Connecticut,6 Months - 17 Years,701836,2026-03-21,71.4997188626899
Connecticut,6 Months - 17 Years,701836,2026-03-28,71.6532988860774
Connecticut,6 Months - 17 Years,701836,2026-04-04,71.8328857098734
Connecticut,6 Months - 17 Years,701836,2026-04-11,72.1164443802419
Connecticut,6 Months - 17 Years,701836,2026-04-18,72.295456468974
Connecticut,6 Months - 17 Years,701836,2026-04-25,72.5111091497392
Connecticut,6 Months - 17 Years,701836,2026-05-02,72.7023163683828
Connecticut,6 Months - 17 Years,701836,2026-05-09,73.061204109139
Connecticut,6 Months - 17 Years,701836,2026-05-16,73.1598988837913
Connecticut,6 Months - 17 Years,701836,2026-05-23,73.1968403491048
Connecticut,6 Months - 17 Years,701836,2026-05-30,73.1989467830349
Connecticut,6 Months - 17 Years,701836,2026-06-06,73.2
Connecticut,6 Months - 17 Years,701836,2026-06-13,73.2
Connecticut,18-49 Years,1427008,2025-08-16,0.661252156969163
Connecticut,18-49 Years,1427008,2025-08-23,0.661252156969163
Connecticut,18-49 Years,1427008,2025-08-30,0.661252156969163
Connecticut,18-49 Years,1427008,2025-09-06,0.661252156969163
Connecticut,18-49 Years,1427008,2025-09-13,1.24030985703747
Connecticut,18-49 Years,1427008,2025-09-20,2.13466500807617
Connecticut,18-49 Years,1427008,2025-09-27,3.3006769361745
Connecticut,18-49 Years,1427008,2025-10-04,5.96971905103552
Connecticut,18-49 Years,1427008,2025-10-11,7.63449562619663
Connecticut,18-49 Years,1427008,2025-10-18,9.62058869157149
Connecticut,18-49 Years,1427008,2025-10-25,11.8963866354586
Connecticut,18-49 Years,1427008,2025-11-01,14.5582556073835
Connecticut,18-49 Years,1427008,2025-11-08,19.6417028730271
Connecticut,18-49 Years,1427008,2025-11-15,21.8254524292454
Connecticut,18-49 Years,1427008,2025-11-22,23.7430870096731
Connecticut,18-49 Years,1427008,2025-11-29,25.41524306207
Connecticut,18-49 Years,1427008,2025-12-06,28.4728527548356
Connecticut,18-49 Years,1427008,2025-12-13,29.7515977076608
Connecticut,18-49 Years,1427008,2025-12-20,30.8393364945027
Connecticut,18-49 Years,1427008,2025-12-27,31.7740272421936
Connecticut,18-49 Years,1427008,2026-01-03,32.8667513092548
Connecticut,18-49 Years,1427008,2026-01-10,34.6292628103362
Connecticut,18-49 Years,1427008,2026-01-17,35.4445264603831
Connecticut,18-49 Years,1427008,2026-01-24,36.2609578187228
Connecticut,18-49 Years,1427008,2026-01-31,36.9401253156492
Connecticut,18-49 Years,1427008,2026-02-07,38.3775477896523
Connecticut,18-49 Years,1427008,2026-02-14,38.9700354224342
Connecticut,18-49 Years,1427008,2026-02-21,39.4565020461505
Connecticut,18-49 Years,1427008,2026-02-28,39.8465869661276
Connecticut,18-49 Years,1427008,2026-03-07,40.5030733385799
Connecticut,18-49 Years,1427008,2026-03-14,40.7282823610084
Connecticut,18-49 Years,1427008,2026-03-21,40.8813355643428
Connecticut,18-49 Years,1427008,2026-03-28,40.9845434892363
Connecticut,18-49 Years,1427008,2026-04-04,41.1078901620054
Connecticut,18-49 Years,1427008,2026-04-11,41.3063649195523
Connecticut,18-49 Years,1427008,2026-04-18,41.4255508371901
Connecticut,18-49 Years,1427008,2026-04-25,41.565235050482
Connecticut,18-49 Years,1427008,2026-05-02,41.6864161750513
Connecticut,18-49 Years,1427008,2026-05-09,41.9132308230023
Connecticut,18-49 Years,1427008,2026-05-16,41.9750142444266
Connecticut,18-49 Years,1427008,2026-05-23,41.9980372354541
Connecticut,18-49 Years,1427008,2026-05-30,41.9993457451514
Connecticut,18-49 Years,1427008,2026-06-06,42.0
Connecticut,18-49 Years,1427008,2026-06-13,42.0
Connecticut,50-64 Years,758140,2025-08-16,0.898540209025836
Connecticut,50-64 Years,758140,2025-08-23,0.898540209025836
Connecticut,50-64 Years,758140,2025-08-30,0.898540209025836
Connecticut,50-64 Years,758140,2025-09-06,0.898540209025836
Connecticut,50-64 Years,758140,2025-09-13,1.51672106317836
Connecticut,50-64 Years,758140,2025-09-20,2.37084050768117
Connecticut,50-64 Years,758140,2025-09-27,3.80750456180495
Connecticut,50-64 Years,758140,2025-10-04,7.35467374822574
Connecticut,50-64 Years,758140,2025-10-11,9.80215551653598
Connecticut,50-64 Years,758140,2025-10-18,12.9314466202809
Connecticut,50-64 Years,758140,2025-10-25,16.6796941403542
Connecticut,50-64 Years,758140,2025-11-01,21.0955743955827
Connecticut,50-64 Years,758140,2025-11-08,29.4973411453081
Connecticut,50-64 Years,758140,2025-11-15,32.9578864738641
Connecticut,50-64 Years,758140,2025-11-22,35.8156963694512
Connecticut,50-64 Years,758140,2025-11-29,38.0988474318219
Connecticut,50-64 Years,758140,2025-12-06,41.9078321476295
Connecticut,50-64 Years,758140,2025-12-13,43.1550941555631
Connecticut,50-64 Years,758140,2025-12-20,43.9363354932665
Connecticut,50-64 Years,758140,2025-12-27,44.3951355647386
Connecticut,50-64 Years,758140,2026-01-03,44.8642193985754
Connecticut,50-64 Years,758140,2026-01-10,45.5338025800913
Connecticut,50-64 Years,758140,2026-01-17,45.810619771698
Connecticut,50-64 Years,758140,2026-01-24,46.0789919666266
Connecticut,50-64 Years,758140,2026-01-31,46.2996008006201
Connecticut,50-64 Years,758140,2026-02-07,46.7883208888412
Connecticut,50-64 Years,758140,2026-02-14,47.0187348444398
Connecticut,50-64 Years,758140,2026-02-21,47.2396947539364
Connecticut,50-64 Years,758140,2026-02-28,47.4455085829829
Connecticut,50-64 Years,758140,2026-03-07,47.8170600651517
Connecticut,50-64 Years,758140,2026-03-14,47.9623354862161
Connecticut,50-64 Years,758140,2026-03-21,48.074091608455
Connecticut,50-64 Years,758140,2026-03-28,48.1588245079094
Connecticut,50-64 Years,758140,2026-04-04,48.2475107254541
Connecticut,50-64 Years,758140,2026-04-11,48.3791102645624
Connecticut,50-64 Years,758140,2026-04-18,48.4260559148455
Connecticut,50-64 Years,758140,2026-04-25,48.4655709579795
Connecticut,50-64 Years,758140,2026-05-02,48.4968093226849
Connecticut,50-64 Years,758140,2026-05-09,48.575582815969
Connecticut,50-64 Years,758140,2026-05-16,48.6270661442073
Connecticut,50-64 Years,758140,2026-05-23,48.6938213397838
Connecticut,50-64 Years,758140,2026-05-30,48.7769720845116
Connecticut,50-64 Years,758140,2026-06-06,48.9650867052937
Connecticut,50-64 Years,758140,2026-06-13,49.0740850307907
Connecticut,65+ Years,645996,2025-08-16,1.10027075447537
Connecticut,65+ Years,645996,2025-08-23,1.10027075447537
Connecticut,65+ Years,645996,2025-08-30,1.10027075447537
Connecticut,65+ Years,645996,2025-09-06,1.10027075447537
Connecticut,65+ Years,645996,2025-09-13,1.79516299145558
Connecticut,65+ Years,645996,2025-09-20,2.70741326405315
Connecticut,65+ Years,645996,2025-09-27,4.52343112577111
Connecticut,65+ Years,645996,2025-10-04,9.17253063809511
Connecticut,65+ Years,645996,2025-10-11,12.5002232750627
Connecticut,65+ Years,645996,2025-10-18,16.8479024828986
Connecticut,65+ Years,645996,2025-10-25,22.1425729182546
Connecticut,65+ Years,645996,2025-11-01,28.448558234389
Connecticut,65+ Years,645996,2025-11-08,40.6015596508388
Connecticut,65+ Years,645996,2025-11-15,45.7280950592388
Connecticut,65+ Years,645996,2025-11-22,50.0442544047212
Connecticut,65+ Years,645996,2025-11-29,53.5323171246769
Connecticut,65+ Years,645996,2025-12-06,59.284576499568
Connecticut,65+ Years,645996,2025-12-13,61.064262884398
Connecticut,65+ Years,645996,2025-12-20,62.0603051465422
Connecticut,65+ Years,645996,2025-12-27,62.5364862444737
Connecticut,65+ Years,645996,2026-01-03,63.0459055972765
Connecticut,65+ Years,645996,2026-01-10,63.7871410016331
Connecticut,65+ Years,645996,2026-01-17,64.1903512796044
Connecticut,65+ Years,645996,2026-01-24,64.6701778869359
Connecticut,65+ Years,645996,2026-01-31,65.1600509076149
Connecticut,65+ Years,645996,2026-02-07,66.3585222725243
Connecticut,65+ Years,645996,2026-02-14,67.0910251095192
Connecticut,65+ Years,645996,2026-02-21,67.9371558810627
Connecticut,65+ Years,645996,2026-02-28,68.8344598215304
Connecticut,65+ Years,645996,2026-03-07,70.5216798689097
Connecticut,65+ Years,645996,2026-03-14,71.180200016412
Connecticut,65+ Years,645996,2026-03-21,71.6449483978733
Connecticut,65+ Years,645996,2026-03-28,71.9484764366364
Connecticut,65+ Years,645996,2026-04-04,72.2360233198308
Connecticut,65+ Years,645996,2026-04-11,72.6284262276201
Connecticut,65+ Years,645996,2026-04-18,72.7400544826594
Connecticut,65+ Years,645996,2026-04-25,72.8155283316941
Connecticut,65+ Years,645996,2026-05-02,72.862208677784
Connecticut,65+ Years,645996,2026-05-09,72.9664461540313
Connecticut,65+ Years,645996,2026-05-16,73.0169411812029
Connecticut,65+ Years,645996,2026-05-23,73.0695062896795
Connecticut,65+ Years,645996,2026-05-30,73.1237572551178
Connecticut,65+ Years,645996,2026-06-06,73.2318665822761
Connecticut,65+ Years,645996,2026-06-13,73.2854392390336
Delaware,6 Months - 4 Years,49212,2025-08-16,6.24465672159579
Delaware,6 Months - 4 Years,49212,2025-08-23,6.24465672159579
Delaware,6 Months - 4 Years,49212,2025-08-30,6.24465672159579
Delaware,6 Months - 4 Years,49212,2025-09-06,6.24465672159579
Delaware,6 Months - 4 Years,49212,2025-09-13,8.63587877287992
Delaware,6 Months - 4 Years,49212,2025-09-20,10.4290896976896
Delaware,6 Months - 4 Years,49212,2025-09-27,12.7139496177913
Delaware,6 Months - 4 Years,49212,2025-10-04,17.9024514620218
Delaware,6 Months - 4 Years,49212,2025-10-11,21.1970312583688
Delaware,6 Months - 4 Years,49212,2025-10-18,25.2186974739565
Delaware,6 Months - 4 Years,49212,2025-10-25,29.8163567139274
Delaware,6 Months - 4 Years,49212,2025-11-01,34.9549301102144
Delaware,6 Months - 4 Years,49212,2025-11-08,43.9763589372106
Delaware,6 Months - 4 Years,49212,2025-11-15,46.9699311689773
Delaware,6 Months - 4 Years,49212,2025-11-22,48.8958922230953
Delaware,6 Months - 4 Years,49212,2025-11-29,50.1252061062235
Delaware,6 Months - 4 Years,49212,2025-12-06,52.3979390366255
Delaware,6 Months - 4 Years,49212,2025-12-13,53.6237230528409
Delaware,6 Months - 4 Years,49212,2025-12-20,55.0575935429787
Delaware,6 Months - 4 Years,49212,2025-12-27,56.6457209157888
Delaware,6 Months - 4 Years,49212,2026-01-03,58.4480191055943
Delaware,6 Months - 4 Years,49212,2026-01-10,61.4038081500854
Delaware,6 Months - 4 Years,49212,2026-01-17,62.4299273256326
Delaware,6 Months - 4 Years,49212,2026-01-24,63.182302296761
Delaware,6 Months - 4 Years,49212,2026-01-31,63.6564628566005
Delaware,6 Months - 4 Years,49212,2026-02-07,64.6158870991657
Delaware,6 Months - 4 Years,49212,2026-02-14,64.9584920994741
Delaware,6 Months - 4 Years,49212,2026-02-21,65.2138278290006
Delaware,6 Months - 4 Years,49212,2026-02-28,65.4151418390395
Delaware,6 Months - 4 Years,49212,2026-03-07,65.8087072818653
Delaware,6 Months - 4 Years,49212,2026-03-14,66.0576259438456
Delaware,6 Months - 4 Years,49212,2026-03-21,66.3812192855858
Delaware,6 Months - 4 Years,49212,2026-03-28,66.7543228171944
Delaware,6 Months - 4 Years,49212,2026-04-04,67.1344167223999
Delaware,6 Months - 4 Years,49212,2026-04-11,67.7293962415094
Delaware,6 Months - 4 Years,49212,2026-04-18,67.8613916087655
Delaware,6 Months - 4 Years,49212,2026-04-25,67.9
Delaware,6 Months - 4 Years,49212,2026-05-02,67.9
Delaware,6 Months - 4 Years,49212,2026-05-09,67.9
Delaware,6 Months - 4 Years,49212,2026-05-16,67.9
Delaware,6 Months - 4 Years,49212,2026-05-23,67.9
Delaware,6 Months - 4 Years,49212,2026-05-30,67.9
Delaware,6 Months - 4 Years,49212,2026-06-06,67.9
Delaware,6 Months - 4 Years,49212,2026-06-13,67.9
Delaware,5-12 Years,91492,2025-08-16,3.73833654249693
Delaware,5-12 Years,91492,2025-08-23,3.73833654249693
Delaware,5-12 Years,91492,2025-08-30,3.73833654249693
Delaware,5-12 Years,91492,2025-09-06,3.73833654249693
Delaware,5-12 Years,91492,2025-09-13,5.97496654047587
Delaware,5-12 Years,91492,2025-09-20,8.75586799101742
Delaware,5-12 Years,91492,2025-09-27,11.5698210177663
Delaware,5-12 Years,91492,2025-10-04,17.2479187096005
Delaware,5-12 Years,91492,2025-10-11,20.1629106826605
Delaware,5-12 Years,91492,2025-10-18,23.1622081565106
Delaware,5-12 Years,91492,2025-10-25,26.2127685023376
Delaware,5-12 Years,91492,2025-11-01,29.593336150766
Delaware,5-12 Years,91492,2025-11-08,35.7635028415403
Delaware,5-12 Years,91492,2025-11-15,38.3872854059183
Delaware,5-12 Years,91492,2025-11-22,40.7575264115518
Delaware,5-12 Years,91492,2025-11-29,42.8794462912091
Delaware,5-12 Years,91492,2025-12-06,46.7654634826247
Delaware,5-12 Years,91492,2025-12-13,48.4026402279393
Delaware,5-12 Years,91492,2025-12-20,49.806970723655
Delaware,5-12 Years,91492,2025-12-27,51.0070628864932
Delaware,5-12 Years,91492,2026-01-03,52.2974698795136
Delaware,5-12 Years,91492,2026-01-10,54.2747449212894
Delaware,5-12 Years,91492,2026-01-17,54.9863423221209
Delaware,5-12 Years,91492,2026-01-24,55.5705792497481
Delaware,5-12 Years,91492,2026-01-31,55.99963886744
Delaware,5-12 Years,91492,2026-02-07,56.980519917553
Delaware,5-12 Years,91492,2026-02-14,57.4839717386541
Delaware,5-12 Years,91492,2026-02-21,58.019568908876
Delaware,5-12 Years,91492,2026-02-28,58.5790325735998
Delaware,5-12 Years,91492,2026-03-07,59.6970288737156
Delaware,5-12 Years,91492,2026-03-14,60.2539585066609
Delaware,5-12 Years,91492,2026-03-21,60.8030472524896
Delaware,5-12 Years,91492,2026-03-28,61.3261334749125
Delaware,5-12 Years,91492,2026-04-04,61.8769726732972
Delaware,5-12 Years,91492,2026-04-11,62.7276918599147
Delaware,5-12 Years,91492,2026-04-18,62.9934960839195
Delaware,5-12 Years,91492,2026-04-25,63.1719739900323
Delaware,5-12 Years,91492,2026-05-02,63.2697263324538
Delaware,5-12 Years,91492,2026-05-09,63.4448026502492
Delaware,5-12 Years,91492,2026-05-16,63.485156235708
Delaware,5-12 Years,91492,2026-05-23,63.4989084256816
Delaware,5-12 Years,91492,2026-05-30,63.4996361418939
Delaware,5-12 Years,91492,2026-06-06,63.5
Delaware,5-12 Years,91492,2026-06-13,63.5
Delaware,13-17 Years,58703,2025-08-16,3.61844894488664
Delaware,13-17 Years,58703,2025-08-23,3.61844894488664
Delaware,13-17 Years,58703,2025-08-30,3.61844894488664
Delaware,13-17 Years,58703,2025-09-06,3.61844894488664
Delaware,13-17 Years,58703,2025-09-13,5.44333443641126
Delaware,13-17 Years,58703,2025-09-20,7.4184655862723
Delaware,13-17 Years,58703,2025-09-27,9.5534817281405
Delaware,13-17 Years,58703,2025-10-04,14.0461966778972
Delaware,13-17 Years,58703,2025-10-11,16.5404353423996
Delaware,13-17 Years,58703,2025-10-18,19.281882917356
Delaware,13-17 Years,58703,2025-10-25,22.2143462252511
Delaware,13-17 Years,58703,2025-11-01,25.4989893736934
Delaware,13-17 Years,58703,2025-11-08,31.4824769449569
Delaware,13-17 Years,58703,2025-11-15,33.8957953107227
Delaware,13-17 Years,58703,2025-11-22,35.9284326509884
Delaware,13-17 Years,58703,2025-11-29,37.6201726144635
Delaware,13-17 Years,58703,2025-12-06,40.5897583741002
Delaware,13-17 Years,58703,2025-12-13,41.7285059265206
Delaware,13-17 Years,58703,2025-12-20,42.6185415792622
Delaware,13-17 Years,58703,2025-12-27,43.3175707774316
Delaware,13-17 Years,58703,2026-01-03,44.0796566426778
Delaware,13-17 Years,58703,2026-01-10,45.2437607151325
Delaware,13-17 Years,58703,2026-01-17,45.7076018265715
Delaware,13-17 Years,58703,2026-01-24,46.1339136461897
Delaware,13-17 Years,58703,2026-01-31,46.4859971229291
Delaware,13-17 Years,58703,2026-02-07,47.3361946001552
Delaware,13-17 Years,58703,2026-02-14,47.847343525912
Delaware,13-17 Years,58703,2026-02-21,48.451884113385
Delaware,13-17 Years,58703,2026-02-28,49.1145548206277
Delaware,13-17 Years,58703,2026-03-07,50.4025784699076
Delaware,13-17 Years,58703,2026-03-14,50.9403831722067
Delaware,13-17 Years,58703,2026-03-21,51.3536673887926
Delaware,13-17 Years,58703,2026-03-28,51.6663641454591
Delaware,13-17 Years,58703,2026-04-04,52.0598234384271
Delaware,13-17 Years,58703,2026-04-11,52.7192935623775
Delaware,13-17 Years,58703,2026-04-18,53.1251869869083
Delaware,13-17 Years,58703,2026-04-25,53.6019283720708
Delaware,13-17 Years,58703,2026-05-02,54.0184275076879
Delaware,13-17 Years,58703,2026-05-09,54.7993050570931
Delaware,13-17 Years,58703,2026-05-16,55.0132375484517
Delaware,13-17 Years,58703,2026-05-23,55.0931719144676
Delaware,13-17 Years,58703,2026-05-30,55.0977239714892
Delaware,13-17 Years,58703,2026-06-06,55.1
Delaware,13-17 Years,58703,2026-06-13,55.1
Delaware,6 Months - 17 Years,199408,2025-08-16,4.20437406292951
Delaware,6 Months - 17 Years,199408,2025-08-23,4.20437406292951
Delaware,6 Months - 17 Years,199408,2025-08-30,4.20437406292951
Delaware,6 Months - 17 Years,199408,2025-09-06,4.20437406292951
Delaware,6 Months - 17 Years,199408,2025-09-13,6.31939951576907
Delaware,6 Months - 17 Years,199408,2025-09-20,8.60177399925872
Delaware,6 Months - 17 Years,199408,2025-09-27,11.0496437115104
Delaware,6 Months - 17 Years,199408,2025-10-04,16.1777904590137
Delaware,6 Months - 17 Years,199408,2025-10-11,19.0081714448878
Delaware,6 Months - 17 Years,199408,2025-10-18,22.1072659783795
Delaware,6 Months - 17 Years,199408,2025-10-25,25.4086276539293
Delaware,6 Months - 17 Years,199408,2025-11-01,29.0892824210529
Delaware,6 Months - 17 Years,199408,2025-11-08,35.7349454775154
Delaware,6 Months - 17 Years,199408,2025-11-15,38.3431359168834
Delaware,6 Months - 17 Years,199408,2025-11-22,40.4825524171536
Delaware,6 Months - 17 Years,199408,2025-11-29,42.2450903822993
Delaware,6 Months - 17 Years,199408,2025-12-06,45.4370963339965
Delaware,6 Months - 17 Years,199408,2025-12-13,46.81081217027
Delaware,6 Months - 17 Years,199408,2025-12-20,48.0493989963016
Delaware,6 Months - 17 Years,199408,2025-12-27,49.1656472425962
Delaware,6 Months - 17 Years,199408,2026-01-03,50.3850393120019
Delaware,6 Months - 17 Years,199408,2026-01-10,52.2823815428799
Delaware,6 Months - 17 Years,199408,2026-01-17,52.971843869581
Delaware,6 Months - 17 Years,199408,2026-01-24,53.5373753349546
Delaware,6 Months - 17 Years,199408,2026-01-31,53.951899558252
Delaware,6 Months - 17 Years,199408,2026-02-07,54.8967822557126
Delaware,6 Months - 17 Years,199408,2026-02-14,55.3790810721756
Delaware,6 Months - 17 Years,199408,2026-02-21,55.8885778839895
Delaware,6 Months - 17 Years,199408,2026-02-28,56.4145485859304
Delaware,6 Months - 17 Years,199408,2026-03-07,57.4469762401694
Delaware,6 Months - 17 Years,199408,2026-03-14,57.9314772999728
Delaware,6 Months - 17 Years,199408,2026-03-21,58.3804365876203
Delaware,6 Months - 17 Years,199408,2026-03-28,58.7913579456597
Delaware,6 Months - 17 Years,199408,2026-04-04,59.2556376672821
Delaware,6 Months - 17 Years,199408,2026-04-11,59.9985258863678
Delaware,6 Months - 17 Years,199408,2026-04-18,60.3005080615727
Delaware,6 Months - 17 Years,199408,2026-04-25,60.5661514689833
Delaware,6 Months - 17 Years,199408,2026-05-02,60.7498142770742
Delaware,6 Months - 17 Years,199408,2026-05-09,61.0848543941314
Delaware,6 Months - 17 Years,199408,2026-05-16,61.1680049506629
Delaware,6 Months - 17 Years,199408,2026-05-23,61.1975689843293
Delaware,6 Months - 17 Years,199408,2026-05-30,61.1991896614431
Delaware,6 Months - 17 Years,199408,2026-06-06,61.2
Delaware,6 Months - 17 Years,199408,2026-06-13,61.2
Delaware,18-49 Years,379890,2025-08-16,0.637991099450999
Delaware,18-49 Years,379890,2025-08-23,0.637991099450999
Delaware,18-49 Years,379890,2025-08-30,0.637991099450999
Delaware,18-49 Years,379890,2025-09-06,0.637991099450999
Delaware,18-49 Years,379890,2025-09-13,1.1577711665262
Delaware,18-49 Years,379890,2025-09-20,1.93136054323911
Delaware,18-49 Years,379890,2025-09-27,2.86468756221912
Delaware,18-49 Years,379890,2025-10-04,4.92829677187919
Delaware,18-49 Years,379890,2025-10-11,6.14141377133946
Delaware,18-49 Years,379890,2025-10-18,7.52190762970583
Delaware,18-49 Years,379890,2025-10-25,9.06052365209961
Delaware,18-49 Years,379890,2025-11-01,10.873500767447
Delaware,18-49 Years,379890,2025-11-08,14.443355564317
Delaware,18-49 Years,379890,2025-11-15,16.1665287794957
Delaware,18-49 Years,379890,2025-11-22,17.865918367889
Delaware,18-49 Years,379890,2025-11-29,19.4795599719222
Delaware,18-49 Years,379890,2025-12-06,22.4261750901557
Delaware,18-49 Years,379890,2025-12-13,23.5823614050991
Delaware,18-49 Years,379890,2025-12-20,24.4597483437926
Delaware,18-49 Years,379890,2025-12-27,25.1130805212526
Delaware,18-49 Years,379890,2026-01-03,25.8124086839957
Delaware,18-49 Years,379890,2026-01-10,26.8664258122579
Delaware,18-49 Years,379890,2026-01-17,27.2860780811365
Delaware,18-49 Years,379890,2026-01-24,27.6693394663906
Delaware,18-49 Years,379890,2026-01-31,27.9686644988672
Delaware,18-49 Years,379890,2026-02-07,28.6197137720775
Delaware,18-49 Years,379890,2026-02-14,28.9088684487767
Delaware,18-49 Years,379890,2026-02-21,29.1731742340173
Delaware,18-49 Years,379890,2026-02-28,29.4152309603158
Delaware,18-49 Years,379890,2026-03-07,29.8707163718536
Delaware,18-49 Years,379890,2026-03-14,30.0847330848647
Delaware,18-49 Years,379890,2026-03-21,30.2923050561106
Delaware,18-49 Years,379890,2026-03-28,30.4853597423291
Delaware,18-49 Years,379890,2026-04-04,30.6686643866213
Delaware,18-49 Years,379890,2026-04-11,30.9317113321719
Delaware,18-49 Years,379890,2026-04-18,30.9849788508937
Delaware,18-49 Years,379890,2026-04-25,31.0
Delaware,18-49 Years,379890,2026-05-02,31.0
Delaware,18-49 Years,379890,2026-05-09,31.0
Delaware,18-49 Years,379890,2026-05-16,31.0
Delaware,18-49 Years,379890,2026-05-23,31.0
Delaware,18-49 Years,379890,2026-05-30,31.0
Delaware,18-49 Years,379890,2026-06-06,31.0
Delaware,18-49 Years,379890,2026-06-13,31.0
Delaware,50-64 Years,201249,2025-08-16,0.956299898835838
Delaware,50-64 Years,201249,2025-08-23,0.956299898835838
Delaware,50-64 Years,201249,2025-08-30,0.956299898835838
Delaware,50-64 Years,201249,2025-09-06,0.956299898835838
Delaware,50-64 Years,201249,2025-09-13,1.5179322854996
Delaware,50-64 Years,201249,2025-09-20,2.21840407841601
Delaware,50-64 Years,201249,2025-09-27,3.48258076993995
Delaware,50-64 Years,201249,2025-10-04,6.65575553955596
Delaware,50-64 Years,201249,2025-10-11,8.91523805493385
Delaware,50-64 Years,201249,2025-10-18,11.8721099110665
Delaware,50-64 Years,201249,2025-10-25,15.4413349734459
Delaware,50-64 Years,201249,2025-11-01,19.5872983418154
Delaware,50-64 Years,201249,2025-11-08,27.2337421825879
Delaware,50-64 Years,201249,2025-11-15,30.0632407509931
Delaware,50-64 Years,201249,2025-11-22,32.1197064580636
Delaware,50-64 Years,201249,2025-11-29,33.5837257237692
Delaware,50-64 Years,201249,2025-12-06,36.066096061651
Delaware,50-64 Years,201249,2025-12-13,36.9795484062137
Delaware,50-64 Years,201249,2025-12-20,37.6841221305531
Delaware,50-64 Years,201249,2025-12-27,38.2454774232802
Delaware,50-64 Years,201249,2026-01-03,38.9393967877755
Delaware,50-64 Years,201249,2026-01-10,40.0857141094076
Delaware,50-64 Years,201249,2026-01-17,40.7396015970458
Delaware,50-64 Years,201249,2026-01-24,41.4986335989586
Delaware,50-64 Years,201249,2026-01-31,42.2090161292395
Delaware,50-64 Years,201249,2026-02-07,43.7128648225746
Delaware,50-64 Years,201249,2026-02-14,44.3138525352866
Delaware,50-64 Years,201249,2026-02-21,44.7695405519446
Delaware,50-64 Years,201249,2026-02-28,45.1184941150787
Delaware,50-64 Years,201249,2026-03-07,45.7769650420509
Delaware,50-64 Years,201249,2026-03-14,46.1376890921593
Delaware,50-64 Years,201249,2026-03-21,46.5555114466563
Delaware,50-64 Years,201249,2026-03-28,47.0019847740865
Delaware,50-64 Years,201249,2026-04-04,47.4444794128816
Delaware,50-64 Years,201249,2026-04-11,48.1148365102099
Delaware,50-64 Years,201249,2026-04-18,48.2585245133181
Delaware,50-64 Years,201249,2026-04-25,48.3
Delaware,50-64 Years,201249,2026-05-02,48.3
Delaware,50-64 Years,201249,2026-05-09,48.3154329258864
Delaware,50-64 Years,201249,2026-05-16,48.3700360159384
Delaware,50-64 Years,201249,2026-05-23,48.495242209249
Delaware,50-64 Years,201249,2026-05-30,48.7078273061894
Delaware,50-64 Years,201249,2026-06-06,49.2595273850448
Delaware,50-64 Years,201249,2026-06-13,49.6045432799322
Delaware,65+ Years,197594,2025-08-16,1.14526575663176
Delaware,65+ Years,197594,2025-08-23,1.14526575663176
Delaware,65+ Years,197594,2025-08-30,1.14526575663176
Delaware,65+ Years,197594,2025-09-06,1.14526575663176
Delaware,65+ Years,197594,2025-09-13,2.45353095432865
Delaware,65+ Years,197594,2025-09-20,4.55141236881568
Delaware,65+ Years,197594,2025-09-27,7.42013827878821
Delaware,65+ Years,197594,2025-10-04,13.8430992410598
Delaware,65+ Years,197594,2025-10-11,17.7866177160217
Delaware,65+ Years,197594,2025-10-18,22.4663958281094
Delaware,65+ Years,197594,2025-10-25,27.7546978517463
Delaware,65+ Years,197594,2025-11-01,33.761802548032
Delaware,65+ Years,197594,2025-11-08,44.7327888390214
Delaware,65+ Years,197594,2025-11-15,48.9675725867117
Delaware,65+ Years,197594,2025-11-22,52.297224684596
Delaware,65+ Years,197594,2025-11-29,54.8526614251641
Delaware,65+ Years,197594,2025-12-06,59.1102400383564
Delaware,65+ Years,197594,2025-12-13,60.5386393474993
Delaware,65+ Years,197594,2025-12-20,61.4886118100147
Delaware,65+ Years,197594,2025-12-27,62.1093049381718
Delaware,65+ Years,197594,2026-01-03,62.79535717837
Delaware,65+ Years,197594,2026-01-10,63.8374997295973
Delaware,65+ Years,197594,2026-01-17,64.3422658534443
Delaware,65+ Years,197594,2026-01-24,64.8830412566107
Delaware,65+ Years,197594,2026-01-31,65.3647407355238
Delaware,65+ Years,197594,2026-02-07,66.4264580500567
Delaware,65+ Years,197594,2026-02-14,66.914966752631
Delaware,65+ Years,197594,2026-02-21,67.3611928680495
Delaware,65+ Years,197594,2026-02-28,67.7577845020117
Delaware,65+ Years,197594,2026-03-07,68.4598645726853
Delaware,65+ Years,197594,2026-03-14,68.7213922743845
Delaware,65+ Years,197594,2026-03-21,68.9113749581793
Delaware,65+ Years,197594,2026-03-28,69.04954307572
Delaware,65+ Years,197594,2026-04-04,69.2234226456407
Delaware,65+ Years,197594,2026-04-11,69.5132135337019
Delaware,65+ Years,197594,2026-04-18,69.6972796155322
Delaware,65+ Years,197594,2026-04-25,69.9207145098168
Delaware,65+ Years,197594,2026-05-02,70.1274402439725
Delaware,65+ Years,197594,2026-05-09,70.5391298777052
Delaware,65+ Years,197594,2026-05-16,70.6792587945827
Delaware,65+ Years,197594,2026-05-23,70.7630205310664
Delaware,65+ Years,197594,2026-05-30,70.8079686603393
Delaware,65+ Years,197594,2026-06-06,70.874171485713
Delaware,65+ Years,197594,2026-06-13,70.8862232889332
Florida,6 Months - 4 Years,1025226,2025-08-16,5.28072819983591
Florida,6 Months - 4 Years,1025226,2025-08-23,5.28072819983591
Florida,6 Months - 4 Years,1025226,2025-08-30,5.28072819983591
Florida,6 Months - 4 Years,1025226,2025-09-06,5.28072819983591
Florida,6 Months - 4 Years,1025226,2025-09-13,7.15145873592695
Florida,6 Months - 4 Years,1025226,2025-09-20,8.33755093627788
Florida,6 Months - 4 Years,1025226,2025-09-27,9.72494064653559
Florida,6 Months - 4 Years,1025226,2025-10-04,12.763184294472
Florida,6 Months - 4 Years,1025226,2025-10-11,14.5427407067375
Florida,6 Months - 4 Years,1025226,2025-10-18,16.5715095985473
Florida,6 Months - 4 Years,1025226,2025-10-25,18.8188225459784
Florida,6 Months - 4 Years,1025226,2025-11-01,21.4136819572661
Florida,6 Months - 4 Years,1025226,2025-11-08,26.3431041480538
Florida,6 Months - 4 Years,1025226,2025-11-15,28.5115263433217
Florida,6 Months - 4 Years,1025226,2025-11-22,30.4784991122881
Florida,6 Months - 4 Years,1025226,2025-11-29,32.2183778212049
Florida,6 Months - 4 Years,1025226,2025-12-06,35.3072598345995
Florida,6 Months - 4 Years,1025226,2025-12-13,36.4754028732122
Florida,6 Months - 4 Years,1025226,2025-12-20,37.3458662106021
Florida,6 Months - 4 Years,1025226,2025-12-27,37.9894633974646
Florida,6 Months - 4 Years,1025226,2026-01-03,38.6978155826943
Florida,6 Months - 4 Years,1025226,2026-01-10,39.7815348529315
Florida,6 Months - 4 Years,1025226,2026-01-17,40.2474790516913
Florida,6 Months - 4 Years,1025226,2026-01-24,40.7035833824234
Florida,6 Months - 4 Years,1025226,2026-01-31,41.0934244192596
Florida,6 Months - 4 Years,1025226,2026-02-07,42.0021858192571
Florida,6 Months - 4 Years,1025226,2026-02-14,42.4956602527758
Florida,6 Months - 4 Years,1025226,2026-02-21,43.0283749903247
Florida,6 Months - 4 Years,1025226,2026-02-28,43.5707734508947
Florida,6 Months - 4 Years,1025226,2026-03-07,44.5790499488936
Florida,6 Months - 4 Years,1025226,2026-03-14,44.9679054759919
Florida,6 Months - 4 Years,1025226,2026-03-21,45.2438200423541
Florida,6 Months - 4 Years,1025226,2026-03-28,45.4360359736815
Florida,6 Months - 4 Years,1025226,2026-04-04,45.708522700581
Florida,6 Months - 4 Years,1025226,2026-04-11,46.1951356099924
Florida,6 Months - 4 Years,1025226,2026-04-18,46.6000839598576
Florida,6 Months - 4 Years,1025226,2026-04-25,47.1594536559299
Florida,6 Months - 4 Years,1025226,2026-05-02,47.7377932117207
Florida,6 Months - 4 Years,1025226,2026-05-09,48.9177848872202
Florida,6 Months - 4 Years,1025226,2026-05-16,49.3476882006359
Florida,6 Months - 4 Years,1025226,2026-05-23,49.619221553391
Florida,6 Months - 4 Years,1025226,2026-05-30,49.7748241710193
Florida,6 Months - 4 Years,1025226,2026-06-06,50.0071340855648
Florida,6 Months - 4 Years,1025226,2026-06-13,50.0496421771971
Florida,5-12 Years,1896382,2025-08-16,4.39494685267381
Florida,5-12 Years,1896382,2025-08-23,4.39494685267381
Florida,5-12 Years,1896382,2025-08-30,4.39494685267381
Florida,5-12 Years,1896382,2025-09-06,4.39494685267381
Florida,5-12 Years,1896382,2025-09-13,6.30308995715263
Florida,5-12 Years,1896382,2025-09-20,8.0365071243149
Florida,5-12 Years,1896382,2025-09-27,9.84929466018083
Florida,5-12 Years,1896382,2025-10-04,13.589380423168
Florida,5-12 Years,1896382,2025-10-11,15.5954550672549
Florida,5-12 Years,1896382,2025-10-18,17.7400868447208
Florida,5-12 Years,1896382,2025-10-25,19.9851487607667
Florida,5-12 Years,1896382,2025-11-01,22.4818582417641
Florida,5-12 Years,1896382,2025-11-08,27.0134647016155
Florida,5-12 Years,1896382,2025-11-15,28.8624785949573
Florida,5-12 Years,1896382,2025-11-22,30.4503398374493
Florida,5-12 Years,1896382,2025-11-29,31.7960918024657
Florida,5-12 Years,1896382,2025-12-06,34.1661792566216
Florida,5-12 Years,1896382,2025-12-13,35.0685729270285
Florida,5-12 Years,1896382,2025-12-20,35.7614012749317
Florida,5-12 Years,1896382,2025-12-27,36.2993436564935
Florida,5-12 Years,1896382,2026-01-03,36.9248550303316
Florida,5-12 Years,1896382,2026-01-10,37.9178352114218
Florida,5-12 Years,1896382,2026-01-17,38.3953086141329
Florida,5-12 Years,1896382,2026-01-24,38.9023589542843
Florida,5-12 Years,1896382,2026-01-31,39.3730109581281
Florida,5-12 Years,1896382,2026-02-07,40.4982464799313
Florida,5-12 Years,1896382,2026-02-14,41.1482917707926
Florida,5-12 Years,1896382,2026-02-21,41.8761067343869
Florida,5-12 Years,1896382,2026-02-28,42.6348810343435
Florida,5-12 Years,1896382,2026-03-07,44.0568793252219
Florida,5-12 Years,1896382,2026-03-14,44.6041448822992
Florida,5-12 Years,1896382,2026-03-21,44.9836709570687
Florida,5-12 Years,1896382,2026-03-28,45.2374030196203
Florida,5-12 Years,1896382,2026-04-04,45.6010525887264
Florida,5-12 Years,1896382,2026-04-11,46.2554154223869
Florida,5-12 Years,1896382,2026-04-18,46.8255466082288
Florida,5-12 Years,1896382,2026-04-25,47.6132361906138
Florida,5-12 Years,1896382,2026-05-02,48.3960481327411
Florida,5-12 Years,1896382,2026-05-09,49.8884429571853
Florida,5-12 Years,1896382,2026-05-16,50.3202736879356
Florida,5-12 Years,1896382,2026-05-23,50.4856246011627
Florida,5-12 Years,1896382,2026-05-30,50.4952082003876
Florida,5-12 Years,1896382,2026-06-06,50.5
Florida,5-12 Years,1896382,2026-06-13,50.5
Florida,13-17 Years,1219335,2025-08-16,5.31996996531621
Florida,13-17 Years,1219335,2025-08-23,5.31996996531621
Florida,13-17 Years,1219335,2025-08-30,5.31996996531621
Florida,13-17 Years,1219335,2025-09-06,5.31996996531621
Florida,13-17 Years,1219335,2025-09-13,6.90526851385773
Florida,13-17 Years,1219335,2025-09-20,7.45885318566147
Florida,13-17 Years,1219335,2025-09-27,8.31652724480399
Florida,13-17 Years,1219335,2025-10-04,10.390112734077
Florida,13-17 Years,1219335,2025-10-11,11.7927893113828
Florida,13-17 Years,1219335,2025-10-18,13.5666209291769
Florida,13-17 Years,1219335,2025-10-25,15.668931468504
Florida,13-17 Years,1219335,2025-11-01,18.1185574401322
Florida,13-17 Years,1219335,2025-11-08,22.694880332479
Florida,13-17 Years,1219335,2025-11-15,24.482821941018
Florida,13-17 Years,1219335,2025-11-22,25.8817710560098
Florida,13-17 Years,1219335,2025-11-29,26.9690952297407
Florida,13-17 Years,1219335,2025-12-06,28.8862614702397
Florida,13-17 Years,1219335,2025-12-13,29.6605167984177
Florida,13-17 Years,1219335,2025-12-20,30.3166503109526
Florida,13-17 Years,1219335,2025-12-27,30.8782134409565
Florida,13-17 Years,1219335,2026-01-03,31.4986440615919
Florida,13-17 Years,1219335,2026-01-10,32.4638516479262
Florida,13-17 Years,1219335,2026-01-17,32.8445153006202
Florida,13-17 Years,1219335,2026-01-24,33.1844708447633
Florida,13-17 Years,1219335,2026-01-31,33.449553966842
Florida,13-17 Years,1219335,2026-02-07,34.0455909918833
Florida,13-17 Years,1219335,2026-02-14,34.3414789895245
Florida,13-17 Years,1219335,2026-02-21,34.6409726807808
Florida,13-17 Years,1219335,2026-02-28,34.9296311801208
Florida,13-17 Years,1219335,2026-03-07,35.4460929270755
Florida,13-17 Years,1219335,2026-03-14,35.633186469728
Florida,13-17 Years,1219335,2026-03-21,35.758571856776
Florida,13-17 Years,1219335,2026-03-28,35.8393589428771
Florida,13-17 Years,1219335,2026-04-04,35.9461541790306
Florida,13-17 Years,1219335,2026-04-11,36.1291321169613
Florida,13-17 Years,1219335,2026-04-18,36.269703459239
Florida,13-17 Years,1219335,2026-04-25,36.4545814314697
Florida,13-17 Years,1219335,2026-05-02,36.6310315527247
Florida,13-17 Years,1219335,2026-05-09,36.9655918622317
Florida,13-17 Years,1219335,2026-05-16,37.0607236121727
Florida,13-17 Years,1219335,2026-05-23,37.0968740325549
Florida,13-17 Years,1219335,2026-05-30,37.0989580108516
Florida,13-17 Years,1219335,2026-06-06,37.1
Florida,13-17 Years,1219335,2026-06-13,37.1
Florida,6 Months - 17 Years,4140943,2025-08-16,4.92861768017338
Florida,6 Months - 17 Years,4140943,2025-08-23,4.92861768017338
Florida,6 Months - 17 Years,4140943,2025-08-30,4.92861768017338
Florida,6 Months - 17 Years,4140943,2025-09-06,4.92861768017338
Florida,6 Months - 17 Years,4140943,2025-09-13,6.72865525571402
Florida,6 Months - 17 Years,4140943,2025-09-20,7.95104837294348
Florida,6 Months - 17 Years,4140943,2025-09-27,9.35139685342245
Florida,6 Months - 17 Years,4140943,2025-10-04,12.3885337307931
Florida,6 Months - 17 Years,4140943,2025-10-11,14.1538663141601
Florida,6 Months - 17 Years,4140943,2025-10-18,16.1610597578221
Florida,6 Months - 17 Years,4140943,2025-10-25,18.3690925402259
Florida,6 Months - 17 Years,4140943,2025-11-01,20.8811700323253
Florida,6 Months - 17 Years,4140943,2025-11-08,25.532628099992
Florida,6 Months - 17 Years,4140943,2025-11-15,27.4435996662026
Florida,6 Months - 17 Years,4140943,2025-11-22,29.0678400905208
Florida,6 Months - 17 Years,4140943,2025-11-29,30.4317019213941
Florida,6 Months - 17 Years,4140943,2025-12-06,32.8428754755077
Florida,6 Months - 17 Years,4140943,2025-12-13,33.7779053001016
Florida,6 Months - 17 Years,4140943,2025-12-20,34.5145518760284
Florida,6 Months - 17 Years,4140943,2025-12-27,35.09971955487
Florida,6 Months - 17 Years,4140943,2026-01-03,35.7577767784411
Florida,6 Months - 17 Years,4140943,2026-01-10,36.7842059916352
Florida,6 Months - 17 Years,4140943,2026-01-17,37.2294597930259
Florida,6 Months - 17 Years,4140943,2026-01-24,37.6651687408059
Florida,6 Months - 17 Years,4140943,2026-01-31,38.0391963507611
Florida,6 Months - 17 Years,4140943,2026-02-07,38.9163667972436
Florida,6 Months - 17 Years,4140943,2026-02-14,39.4012464412796
Florida,6 Months - 17 Years,4140943,2026-02-21,39.9314656380756
Florida,6 Months - 17 Years,4140943,2026-02-28,40.4746562254988
Florida,6 Months - 17 Years,4140943,2026-03-07,41.4813901893625
Florida,6 Months - 17 Years,4140943,2026-03-14,41.8638269843576
Florida,6 Months - 17 Years,4140943,2026-03-21,42.1277603350128
Florida,6 Months - 17 Years,4140943,2026-03-28,42.3037992428706
Florida,6 Months - 17 Years,4140943,2026-04-04,42.5540857009649
Florida,6 Months - 17 Years,4140943,2026-04-11,43.0021718613749
Florida,6 Months - 17 Years,4140943,2026-04-18,43.3878952440216
Florida,6 Months - 17 Years,4140943,2026-04-25,43.9201825836064
Florida,6 Months - 17 Years,4140943,2026-05-02,44.4523106008098
Florida,6 Months - 17 Years,4140943,2026-05-09,45.4791880110826
Florida,6 Months - 17 Years,4140943,2026-05-16,45.7899077514594
Florida,6 Months - 17 Years,4140943,2026-05-23,45.9248940074597
Florida,6 Months - 17 Years,4140943,2026-05-30,45.9530608564339
Florida,6 Months - 17 Years,4140943,2026-06-06,45.9882942207644
Florida,6 Months - 17 Years,4140943,2026-06-13,45.9941599891534
Florida,18-49 Years,8466960,2025-08-16,0.678853726137703
Florida,18-49 Years,8466960,2025-08-23,0.678853726137703
Florida,18-49 Years,8466960,2025-08-30,0.678853726137703
Florida,18-49 Years,8466960,2025-09-06,0.678853726137703
Florida,18-49 Years,8466960,2025-09-13,1.11019835905529
Florida,18-49 Years,8466960,2025-09-20,1.67323088193032
Florida,18-49 Years,8466960,2025-09-27,2.31457323294395
Florida,18-49 Years,8466960,2025-10-04,3.70115900277434
Florida,18-49 Years,8466960,2025-10-11,4.48588652911809
Florida,18-49 Years,8466960,2025-10-18,5.35151128348439
Florida,18-49 Years,8466960,2025-10-25,6.29644235357878
Florida,18-49 Years,8466960,2025-11-01,7.41086987853211
Florida,18-49 Years,8466960,2025-11-08,9.6204728710312
Florida,18-49 Years,8466960,2025-11-15,10.7152158724881
Florida,18-49 Years,8466960,2025-11-22,11.8333661187704
Florida,18-49 Years,8466960,2025-11-29,12.9603896227451
Florida,18-49 Years,8466960,2025-12-06,15.1976644102095
Florida,18-49 Years,8466960,2025-12-13,16.2999934306933
Florida,18-49 Years,8466960,2025-12-20,17.3774482979273
Florida,18-49 Years,8466960,2025-12-27,18.3989451995556
Florida,18-49 Years,8466960,2026-01-03,19.4819269260052
Florida,18-49 Years,8466960,2026-01-10,21.1579373529463
Florida,18-49 Years,8466960,2026-01-17,21.6862274587647
Florida,18-49 Years,8466960,2026-01-24,22.0476087657963
Florida,18-49 Years,8466960,2026-01-31,22.2645300627709
Florida,18-49 Years,8466960,2026-02-07,22.7196352821421
Florida,18-49 Years,8466960,2026-02-14,22.9064958781638
Florida,18-49 Years,8466960,2026-02-21,23.0722393324854
Florida,18-49 Years,8466960,2026-02-28,23.2187036203709
Florida,18-49 Years,8466960,2026-03-07,23.4767456077418
Florida,18-49 Years,8466960,2026-03-14,23.5747503339124
Florida,18-49 Years,8466960,2026-03-21,23.6499387435041
Florida,18-49 Years,8466960,2026-03-28,23.7086471951841
Florida,18-49 Years,8466960,2026-04-04,23.7811540373929
Florida,18-49 Years,8466960,2026-04-11,23.9012395705475
Florida,18-49 Years,8466960,2026-04-18,23.9716695216236
Florida,18-49 Years,8466960,2026-04-25,24.0524502180119
Florida,18-49 Years,8466960,2026-05-02,24.1215749521797
Florida,18-49 Years,8466960,2026-05-09,24.2507988771515
Florida,18-49 Years,8466960,2026-05-16,24.2858531025239
Florida,18-49 Years,8466960,2026-05-23,24.298890166519
Florida,18-49 Years,8466960,2026-05-30,24.2996300555063
Florida,18-49 Years,8466960,2026-06-06,24.3
Florida,18-49 Years,8466960,2026-06-13,24.3
Florida,50-64 Years,4310612,2025-08-16,0.778206454013929
Florida,50-64 Years,4310612,2025-08-23,0.778206454013929
Florida,50-64 Years,4310612,2025-08-30,0.778206454013929
Florida,50-64 Years,4310612,2025-09-06,0.778206454013929
Florida,50-64 Years,4310612,2025-09-13,1.27169205847701
Florida,50-64 Years,4310612,2025-09-20,1.91908995233569
Florida,50-64 Years,4310612,2025-09-27,2.84408024009831
Florida,50-64 Years,4310612,2025-10-04,5.02744716430847
Florida,50-64 Years,4310612,2025-10-11,6.43617433700993
Florida,50-64 Years,4310612,2025-10-18,8.15260005280467
Florida,50-64 Years,4310612,2025-10-25,10.1577883904213
Florida,50-64 Years,4310612,2025-11-01,12.5423545755464
Florida,50-64 Years,4310612,2025-11-08,17.2055918915546
Florida,50-64 Years,4310612,2025-11-15,19.3210920172374
Florida,50-64 Years,4310612,2025-11-22,21.2660166866842
Florida,50-64 Years,4310612,2025-11-29,23.0031019525593
Florida,50-64 Years,4310612,2025-12-06,26.096782439941
Florida,50-64 Years,4310612,2025-12-13,27.2623659022604
Florida,50-64 Years,4310612,2025-12-20,28.1188776471053
Florida,50-64 Years,4310612,2025-12-27,28.7409596662516
Florida,50-64 Years,4310612,2026-01-03,29.4355374681523
Florida,50-64 Years,4310612,2026-01-10,30.507812100069
Florida,50-64 Years,4310612,2026-01-17,31.0003286885901
Florida,50-64 Years,4310612,2026-01-24,31.503179206714
Florida,50-64 Years,4310612,2026-01-31,31.9345747597181
Florida,50-64 Years,4310612,2026-02-07,32.8849078652414
Florida,50-64 Years,4310612,2026-02-14,33.3281032337551
Florida,50-64 Years,4310612,2026-02-21,33.7411662337502
Florida,50-64 Years,4310612,2026-02-28,34.1068358374257
Florida,50-64 Years,4310612,2026-03-07,34.7227425818587
Florida,50-64 Years,4310612,2026-03-14,34.9204741694426
Florida,50-64 Years,4310612,2026-03-21,35.0348678432561
Florida,50-64 Years,4310612,2026-03-28,35.0904831638826
Florida,50-64 Years,4310612,2026-04-04,35.1360582291004
Florida,50-64 Years,4310612,2026-04-11,35.1887000866454
Florida,50-64 Years,4310612,2026-04-18,35.1976729267338
Florida,50-64 Years,4310612,2026-04-25,35.2
Florida,50-64 Years,4310612,2026-05-02,35.2
Florida,50-64 Years,4310612,2026-05-09,35.2
Florida,50-64 Years,4310612,2026-05-16,35.2
Florida,50-64 Years,4310612,2026-05-23,35.2
Florida,50-64 Years,4310612,2026-05-30,35.2
Florida,50-64 Years,4310612,2026-06-06,35.2
Florida,50-64 Years,4310612,2026-06-13,35.2
Florida,65+ Years,4638094,2025-08-16,2.8781201928234
Florida,65+ Years,4638094,2025-08-23,2.8781201928234
Florida,65+ Years,4638094,2025-08-30,2.8781201928234
Florida,65+ Years,4638094,2025-09-06,2.8781201928234
Florida,65+ Years,4638094,2025-09-13,4.13913502742307
Florida,65+ Years,4638094,2025-09-20,5.31328164326588
Florida,65+ Years,4638094,2025-09-27,7.13667645026954
Florida,65+ Years,4638094,2025-10-04,11.5481370236029
Florida,65+ Years,4638094,2025-10-11,14.5423106290526
Florida,65+ Years,4638094,2025-10-18,18.339951982361
Florida,65+ Years,4638094,2025-10-25,22.8428357064027
Florida,65+ Years,4638094,2025-11-01,28.0720319297449
Florida,65+ Years,4638094,2025-11-08,37.7908860814561
Florida,65+ Years,4638094,2025-11-15,41.5414776795471
Florida,65+ Years,4638094,2025-11-22,44.4328622112305
Florida,65+ Years,4638094,2025-11-29,46.6250013186237
Florida,65+ Years,4638094,2025-12-06,50.3760987261407
Florida,65+ Years,4638094,2025-12-13,51.7688900110188
Florida,65+ Years,4638094,2025-12-20,52.84170342983
Florida,65+ Years,4638094,2025-12-27,53.6750331998523
Florida,65+ Years,4638094,2026-01-03,54.5696621207597
Florida,65+ Years,4638094,2026-01-10,55.9219324224247
Florida,65+ Years,4638094,2026-01-17,56.4513749511948
Florida,65+ Years,4638094,2026-01-24,56.9296287956797
Florida,65+ Years,4638094,2026-01-31,57.3042688743565
Florida,65+ Years,4638094,2026-02-07,58.140821409455
Florida,65+ Years,4638094,2026-02-14,58.5449452218337
Florida,65+ Years,4638094,2026-02-21,58.9452831337804
Florida,65+ Years,4638094,2026-02-28,59.3305588204161
Florida,65+ Years,4638094,2026-03-07,60.0407659917538
Florida,65+ Years,4638094,2026-03-14,60.3281019167871
Florida,65+ Years,4638094,2026-03-21,60.5558091233699
Florida,65+ Years,4638094,2026-03-28,60.7359615323517
Florida,65+ Years,4638094,2026-04-04,60.9446671139787
Florida,65+ Years,4638094,2026-04-11,61.2778032153493
Florida,65+ Years,4638094,2026-04-18,61.4402801447969
Florida,65+ Years,4638094,2026-04-25,61.6079484999767
Florida,65+ Years,4638094,2026-05-02,61.7428421936946
Florida,65+ Years,4638094,2026-05-09,62.004113910724
Florida,65+ Years,4638094,2026-05-16,62.0858764286798
Florida,65+ Years,4638094,2026-05-23,62.1316496578857
Florida,65+ Years,4638094,2026-05-30,62.1543993890831
Florida,65+ Years,4638094,2026-06-06,62.1874332136542
Florida,65+ Years,4638094,2026-06-13,62.1934130725376
Georgia,6 Months - 4 Years,585048,2025-08-16,5.26891114138271
Georgia,6 Months - 4 Years,585048,2025-08-23,5.26891114138271
Georgia,6 Months - 4 Years,585048,2025-08-30,5.26891114138271
Georgia,6 Months - 4 Years,585048,2025-09-06,5.26891114138271
Georgia,6 Months - 4 Years,585048,2025-09-13,7.02672148574212
Georgia,6 Months - 4 Years,585048,2025-09-20,7.98050257400271
Georgia,6 Months - 4 Years,585048,2025-09-27,9.31313545425129
Georgia,6 Months - 4 Years,585048,2025-10-04,12.4368086438129
Georgia,6 Months - 4 Years,585048,2025-10-11,14.4430186158358
Georgia,6 Months - 4 Years,585048,2025-10-18,16.8835652118634
Georgia,6 Months - 4 Years,585048,2025-10-25,19.7233054511152
Georgia,6 Months - 4 Years,585048,2025-11-01,23.0737200963104
Georgia,6 Months - 4 Years,585048,2025-11-08,29.5412477568339
Georgia,6 Months - 4 Years,585048,2025-11-15,32.3793081355902
Georgia,6 Months - 4 Years,585048,2025-11-22,34.9088776382858
Georgia,6 Months - 4 Years,585048,2025-11-29,37.1116357640398
Georgia,6 Months - 4 Years,585048,2025-12-06,41.0147333734738
Georgia,6 Months - 4 Years,585048,2025-12-13,42.4856732273755
Georgia,6 Months - 4 Years,585048,2025-12-20,43.5785468647972
Georgia,6 Months - 4 Years,585048,2025-12-27,44.3895236960629
Georgia,6 Months - 4 Years,585048,2026-01-03,45.3315907138279
Georgia,6 Months - 4 Years,585048,2026-01-10,46.8267168984327
Georgia,6 Months - 4 Years,585048,2026-01-17,47.5904028283689
Georgia,6 Months - 4 Years,585048,2026-01-24,48.4186203273418
Georgia,6 Months - 4 Years,585048,2026-01-31,49.1423867763518
Georgia,6 Months - 4 Years,585048,2026-02-07,50.6400239603044
Georgia,6 Months - 4 Years,585048,2026-02-14,51.2047562449742
Georgia,6 Months - 4 Years,585048,2026-02-21,51.6116289674162
Georgia,6 Months - 4 Years,585048,2026-02-28,51.905398388331
Georgia,6 Months - 4 Years,585048,2026-03-07,52.4392581962025
Georgia,6 Months - 4 Years,585048,2026-03-14,52.6976651387563
Georgia,6 Months - 4 Years,585048,2026-03-21,52.9711981555017
Georgia,6 Months - 4 Years,585048,2026-03-28,53.2596537272505
Georgia,6 Months - 4 Years,585048,2026-04-04,53.617957782397
Georgia,6 Months - 4 Years,585048,2026-04-11,54.2284258188227
Georgia,6 Months - 4 Years,585048,2026-04-18,54.5109663763114
Georgia,6 Months - 4 Years,585048,2026-04-25,54.7839044911716
Georgia,6 Months - 4 Years,585048,2026-05-02,55.0000067514855
Georgia,6 Months - 4 Years,585048,2026-05-09,55.4404410692464
Georgia,6 Months - 4 Years,585048,2026-05-16,55.604479262447
Georgia,6 Months - 4 Years,585048,2026-05-23,55.7251047015167
Georgia,6 Months - 4 Years,585048,2026-05-30,55.811320568238
Georgia,6 Months - 4 Years,585048,2026-06-06,55.9442850356847
Georgia,6 Months - 4 Years,585048,2026-06-13,55.9689263518485
Georgia,5-12 Years,1117344,2025-08-16,4.52319645819227
Georgia,5-12 Years,1117344,2025-08-23,4.52319645819227
Georgia,5-12 Years,1117344,2025-08-30,4.52319645819227
Georgia,5-12 Years,1117344,2025-09-06,4.52319645819227
Georgia,5-12 Years,1117344,2025-09-13,6.43542990797264
Georgia,5-12 Years,1117344,2025-09-20,8.11137867985989
Georgia,5-12 Years,1117344,2025-09-27,9.90194940523261
Georgia,5-12 Years,1117344,2025-10-04,13.6438696268127
Georgia,5-12 Years,1117344,2025-10-11,15.6749418352545
Georgia,5-12 Years,1117344,2025-10-18,17.8558891817096
Georgia,5-12 Years,1117344,2025-10-25,20.1640501657574
Georgia,5-12 Years,1117344,2025-11-01,22.7930286540519
Georgia,5-12 Years,1117344,2025-11-08,27.7721980766413
Georgia,5-12 Years,1117344,2025-11-15,30.0438333616935
Georgia,5-12 Years,1117344,2025-11-22,32.2037840658271
Georgia,5-12 Years,1117344,2025-11-29,34.1913315861749
Georgia,5-12 Years,1117344,2025-12-06,37.7561906302805
Georgia,5-12 Years,1117344,2025-12-13,39.1165174640517
Georgia,5-12 Years,1117344,2025-12-20,40.1281389782682
Georgia,5-12 Years,1117344,2025-12-27,40.867936563582
Georgia,5-12 Years,1117344,2026-01-03,41.6693963098121
Georgia,5-12 Years,1117344,2026-01-10,42.8876505672288
Georgia,5-12 Years,1117344,2026-01-17,43.4172358243895
Georgia,5-12 Years,1117344,2026-01-24,43.9283535295895
Georgia,5-12 Years,1117344,2026-01-31,44.3135042751861
Georgia,5-12 Years,1117344,2026-02-07,45.0274416712291
Georgia,5-12 Years,1117344,2026-02-14,45.2153250055849
Georgia,5-12 Years,1117344,2026-02-21,45.2889089044481
Georgia,5-12 Years,1117344,2026-02-28,45.2963029681494
Georgia,5-12 Years,1117344,2026-03-07,45.321483427564
Georgia,5-12 Years,1117344,2026-03-14,45.461647457446
Georgia,5-12 Years,1117344,2026-03-21,45.8118910637943
Georgia,5-12 Years,1117344,2026-03-28,46.4006730146953
Georgia,5-12 Years,1117344,2026-04-04,47.2855810740353
Georgia,5-12 Years,1117344,2026-04-11,49.0073023646944
Georgia,5-12 Years,1117344,2026-04-18,49.8289209564031
Georgia,5-12 Years,1117344,2026-04-25,50.5931679038317
Georgia,5-12 Years,1117344,2026-05-02,51.2185947218366
Georgia,5-12 Years,1117344,2026-05-09,52.5929827302591
Georgia,5-12 Years,1117344,2026-05-16,53.2162328377893
Georgia,5-12 Years,1117344,2026-05-23,53.7815412279561
Georgia,5-12 Years,1117344,2026-05-30,54.2932891177905
Georgia,5-12 Years,1117344,2026-06-06,55.2465695498213
Georgia,5-12 Years,1117344,2026-06-13,55.6589082109267
Georgia,13-17 Years,734847,2025-08-16,4.75272829839406
Georgia,13-17 Years,734847,2025-08-23,4.75272829839406
Georgia,13-17 Years,734847,2025-08-30,4.75272829839406
Georgia,13-17 Years,734847,2025-09-06,4.75272829839406
Georgia,13-17 Years,734847,2025-09-13,6.60455832978244
Georgia,13-17 Years,734847,2025-09-20,8.02423555799046
Georgia,13-17 Years,734847,2025-09-27,9.48748412740778
Georgia,13-17 Years,734847,2025-10-04,12.4779032773083
Georgia,13-17 Years,734847,2025-10-11,14.0489118209352
Georgia,13-17 Years,734847,2025-10-18,15.6967060137403
Georgia,13-17 Years,734847,2025-10-25,17.399883496546
Georgia,13-17 Years,734847,2025-11-01,19.2995856417596
Georgia,13-17 Years,734847,2025-11-08,22.7890847734601
Georgia,13-17 Years,734847,2025-11-15,24.2812832692146
Georgia,13-17 Years,734847,2025-11-22,25.6283546257115
Georgia,13-17 Years,734847,2025-11-29,26.8223107649308
Georgia,13-17 Years,734847,2025-12-06,28.9604191769859
Georgia,13-17 Years,734847,2025-12-13,29.802644214998
Georgia,13-17 Years,734847,2025-12-20,30.469541835248
Georgia,13-17 Years,734847,2025-12-27,30.9942519430095
Georgia,13-17 Years,734847,2026-01-03,31.544155194637
Georgia,13-17 Years,734847,2026-01-10,32.3637977490401
Georgia,13-17 Years,734847,2026-01-17,32.6491926649489
Georgia,13-17 Years,734847,2026-01-24,32.8819423953279
Georgia,13-17 Years,734847,2026-01-31,33.0600498954998
Georgia,13-17 Years,734847,2026-02-07,33.5297180527158
Georgia,13-17 Years,734847,2026-02-14,33.9037833031403
Georgia,13-17 Years,734847,2026-02-21,34.4275407938053
Georgia,13-17 Years,734847,2026-02-28,35.0331128743992
Georgia,13-17 Years,734847,2026-03-07,36.1387574199881
Georgia,13-17 Years,734847,2026-03-14,36.4972757129777
Georgia,13-17 Years,734847,2026-03-21,36.6614356236955
Georgia,13-17 Years,734847,2026-03-28,36.6871452078985
Georgia,13-17 Years,734847,2026-04-04,36.7110340740741
Georgia,13-17 Years,734847,2026-04-11,36.7441362962963
Georgia,13-17 Years,734847,2026-04-18,36.8161481481482
Georgia,13-17 Years,734847,2026-04-25,36.9415881481481
Georgia,13-17 Years,734847,2026-05-02,37.0885155555556
Georgia,13-17 Years,734847,2026-05-09,37.3743940740741
Georgia,13-17 Years,734847,2026-05-16,37.4623822222222
Georgia,13-17 Years,734847,2026-05-23,37.4969422222222
Georgia,13-17 Years,734847,2026-05-30,37.4989807407407
Georgia,13-17 Years,734847,2026-06-06,37.5
Georgia,13-17 Years,734847,2026-06-13,37.5
Georgia,6 Months - 17 Years,2437238,2025-08-16,4.72393532790769
Georgia,6 Months - 17 Years,2437238,2025-08-23,4.72393532790769
Georgia,6 Months - 17 Years,2437238,2025-08-30,4.72393532790769
Georgia,6 Months - 17 Years,2437238,2025-09-06,4.72393532790769
Georgia,6 Months - 17 Years,2437238,2025-09-13,6.58220844473324
Georgia,6 Months - 17 Years,2437238,2025-09-20,8.03738185530361
Georgia,6 Months - 17 Years,2437238,2025-09-27,9.64049106355144
Georgia,6 Months - 17 Years,2437238,2025-10-04,13.0487004838519
Georgia,6 Months - 17 Years,2437238,2025-10-11,14.9546221072218
Georgia,6 Months - 17 Years,2437238,2025-10-18,17.0517308464055
Georgia,6 Months - 17 Years,2437238,2025-10-25,19.3122591710556
Georgia,6 Months - 17 Years,2437238,2025-11-01,21.8971141891604
Georgia,6 Months - 17 Years,2437238,2025-11-08,26.7828973680514
Georgia,6 Months - 17 Years,2437238,2025-11-15,28.9589034115456
Georgia,6 Months - 17 Years,2437238,2025-11-22,30.9725985640746
Georgia,6 Months - 17 Years,2437238,2025-11-29,32.7859967265957
Georgia,6 Months - 17 Years,2437238,2025-12-06,36.0243728658392
Georgia,6 Months - 17 Years,2437238,2025-12-13,37.260397034361
Georgia,6 Months - 17 Years,2437238,2025-12-20,38.1877760754972
Georgia,6 Months - 17 Years,2437238,2025-12-27,38.876548419852
Georgia,6 Months - 17 Years,2437238,2026-01-03,39.6296831576037
Georgia,6 Months - 17 Years,2437238,2026-01-10,40.779890081095
Georgia,6 Months - 17 Years,2437238,2026-01-17,41.2736274099353
Georgia,6 Months - 17 Years,2437238,2026-01-24,41.7509419132888
Georgia,6 Months - 17 Years,2437238,2026-01-31,42.1356097063789
Georgia,6 Months - 17 Years,2437238,2026-02-07,42.9466710306101
Georgia,6 Months - 17 Years,2437238,2026-02-14,43.2691208925117
Georgia,6 Months - 17 Years,2437238,2026-02-21,43.5270479646915
Georgia,6 Months - 17 Years,2437238,2026-02-28,43.7434765154567
Georgia,6 Months - 17 Years,2437238,2026-03-07,44.1752934463972
Georgia,6 Months - 17 Years,2437238,2026-03-14,44.4322354456341
Georgia,6 Months - 17 Years,2437238,2026-03-21,44.7524312189423
Georgia,6 Months - 17 Years,2437238,2026-03-28,45.1366002848118
Georgia,6 Months - 17 Years,2437238,2026-04-04,45.6563722933697
Georgia,6 Months - 17 Years,2437238,2026-04-11,46.5925127990254
Georgia,6 Months - 17 Years,2437238,2026-04-18,47.0583361307926
Georgia,6 Months - 17 Years,2437238,2026-04-25,47.5272924893721
Georgia,6 Months - 17 Years,2437238,2026-05-02,47.9260045443905
Georgia,6 Months - 17 Years,2437238,2026-05-09,48.7813949492593
Georgia,6 Months - 17 Years,2437238,2026-05-16,49.1459903955958
Georgia,6 Months - 17 Years,2437238,2026-05-23,49.4534819130492
Georgia,6 Months - 17 Years,2437238,2026-05-30,49.7103429049038
Georgia,6 Months - 17 Years,2437238,2026-06-06,50.1605849156723
Georgia,6 Months - 17 Years,2437238,2026-06-13,50.3234400048364
Georgia,18-49 Years,4558135,2025-08-16,0.867681741441107
Georgia,18-49 Years,4558135,2025-08-23,0.867681741441107
Georgia,18-49 Years,4558135,2025-08-30,0.867681741441107
Georgia,18-49 Years,4558135,2025-09-06,0.867681741441107
Georgia,18-49 Years,4558135,2025-09-13,1.41932677913731
Georgia,18-49 Years,4558135,2025-09-20,2.13994614386355
Georgia,18-49 Years,4558135,2025-09-27,2.96843164132987
Georgia,18-49 Years,4558135,2025-10-04,4.7682629007759
Georgia,18-49 Years,4558135,2025-10-11,5.81362645097605
Georgia,18-49 Years,4558135,2025-10-18,6.99983019540322
Georgia,18-49 Years,4558135,2025-10-25,8.30572597069146
Georgia,18-49 Years,4558135,2025-11-01,9.80040633195296
Georgia,18-49 Years,4558135,2025-11-08,12.5920836505464
Georgia,18-49 Years,4558135,2025-11-15,13.7593750029906
Georgia,18-49 Years,4558135,2025-11-22,14.770739975533
Georgia,18-49 Years,4558135,2025-11-29,15.6493074089888
Georgia,18-49 Years,4558135,2025-12-06,17.2758308303363
Georgia,18-49 Years,4558135,2025-12-13,17.982729529827
Georgia,18-49 Years,4558135,2025-12-20,18.6133369709482
Georgia,18-49 Years,4558135,2025-12-27,19.1875828400927
Georgia,18-49 Years,4558135,2026-01-03,19.9109077446256
Georgia,18-49 Years,4558135,2026-01-10,21.1336649556915
Georgia,18-49 Years,4558135,2026-01-17,21.7861188361273
Georgia,18-49 Years,4558135,2026-01-24,22.5013781648507
Georgia,18-49 Years,4558135,2026-01-31,23.142505363416
Georgia,18-49 Years,4558135,2026-02-07,24.4985694187926
Georgia,18-49 Years,4558135,2026-02-14,25.0543759820733
Georgia,18-49 Years,4558135,2026-02-21,25.4950220483394
Georgia,18-49 Years,4558135,2026-02-28,25.8299101777985
Georgia,18-49 Years,4558135,2026-03-07,26.3699976477697
Georgia,18-49 Years,4558135,2026-03-14,26.534015597062
Georgia,18-49 Years,4558135,2026-03-21,26.626356086727
Georgia,18-49 Years,4558135,2026-03-28,26.672167018104
Georgia,18-49 Years,4558135,2026-04-04,26.7258825911274
Georgia,18-49 Years,4558135,2026-04-11,26.8103135075497
Georgia,18-49 Years,4558135,2026-04-18,26.869675317603
Georgia,18-49 Years,4558135,2026-04-25,26.9453644462077
Georgia,18-49 Years,4558135,2026-05-02,27.015460396202
Georgia,18-49 Years,4558135,2026-05-09,27.1477543011805
Georgia,18-49 Years,4558135,2026-05-16,27.1848095829035
Georgia,18-49 Years,4558135,2026-05-23,27.1987963670026
Georgia,18-49 Years,4558135,2026-05-30,27.1995987890009
Georgia,18-49 Years,4558135,2026-06-06,27.2
Georgia,18-49 Years,4558135,2026-06-13,27.2
Georgia,50-64 Years,2014625,2025-08-16,1.32088434358146
Georgia,50-64 Years,2014625,2025-08-23,1.32088434358146
Georgia,50-64 Years,2014625,2025-08-30,1.32088434358146
Georgia,50-64 Years,2014625,2025-09-06,1.32088434358146
Georgia,50-64 Years,2014625,2025-09-13,2.0313806646265
Georgia,50-64 Years,2014625,2025-09-20,2.8551121807852
Georgia,50-64 Years,2014625,2025-09-27,4.04685206378256
Georgia,50-64 Years,2014625,2025-10-04,6.87164524081749
Georgia,50-64 Years,2014625,2025-10-11,8.73341408978062
Georgia,50-64 Years,2014625,2025-10-18,11.047181796323
Georgia,50-64 Years,2014625,2025-10-25,13.7594348555661
Georgia,50-64 Years,2014625,2025-11-01,16.9134275851576
Georgia,50-64 Years,2014625,2025-11-08,22.8160393016874
Georgia,50-64 Years,2014625,2025-11-15,25.1624498517011
Georgia,50-64 Years,2014625,2025-11-22,27.0429097012774
Georgia,50-64 Years,2014625,2025-11-29,28.5355408834048
Georgia,50-64 Years,2014625,2025-12-06,31.1546273022404
Georgia,50-64 Years,2014625,2025-12-13,32.1765573453886
Georgia,50-64 Years,2014625,2025-12-20,33.0008112796762
Georgia,50-64 Years,2014625,2025-12-27,33.6761498805807
Georgia,50-64 Years,2014625,2026-01-03,34.4500088238115
Georgia,50-64 Years,2014625,2026-01-10,35.6746186987285
Georgia,50-64 Years,2014625,2026-01-17,36.2264606822986
Georgia,50-64 Years,2014625,2026-01-24,36.7781375637508
Georgia,50-64 Years,2014625,2026-01-31,37.2521838502622
Georgia,50-64 Years,2014625,2026-02-07,38.3230449045092
Georgia,50-64 Years,2014625,2026-02-14,38.8493394275124
Georgia,50-64 Years,2014625,2026-02-21,39.3683208971436
Georgia,50-64 Years,2014625,2026-02-28,39.8690925744701
Georgia,50-64 Years,2014625,2026-03-07,40.8111023734921
Georgia,50-64 Years,2014625,2026-03-14,41.2098994506706
Georgia,50-64 Years,2014625,2026-03-21,41.5423136344312
Georgia,50-64 Years,2014625,2026-03-28,41.8237819195146
Georgia,50-64 Years,2014625,2026-04-04,42.1876174787258
Georgia,50-64 Years,2014625,2026-04-11,42.8103682730903
Georgia,50-64 Years,2014625,2026-04-18,43.1892150350498
Georgia,50-64 Years,2014625,2026-04-25,43.6289816812471
Georgia,50-64 Years,2014625,2026-05-02,44.0104690913035
Georgia,50-64 Years,2014625,2026-05-09,44.7253142714484
Georgia,50-64 Years,2014625,2026-05-16,44.9207938089132
Georgia,50-64 Years,2014625,2026-05-23,44.9937702300147
Georgia,50-64 Years,2014625,2026-05-30,44.9979234100049
Georgia,50-64 Years,2014625,2026-06-06,45.0
Georgia,50-64 Years,2014625,2026-06-13,45.0
Georgia,65+ Years,1574667,2025-08-16,1.28777233871904
Georgia,65+ Years,1574667,2025-08-23,1.28777233871904
Georgia,65+ Years,1574667,2025-08-30,1.28777233871904
Georgia,65+ Years,1574667,2025-09-06,1.28777233871904
Georgia,65+ Years,1574667,2025-09-13,2.27533444545123
Georgia,65+ Years,1574667,2025-09-20,3.71514159888715
Georgia,65+ Years,1574667,2025-09-27,5.64966920591199
Georgia,65+ Years,1574667,2025-10-04,10.1264625348559
Georgia,65+ Years,1574667,2025-10-11,12.9899316972709
Georgia,65+ Years,1574667,2025-10-18,16.4793479623902
Georgia,65+ Years,1574667,2025-10-25,20.5108827705034
Georgia,65+ Years,1574667,2025-11-01,25.1651995237408
Georgia,65+ Years,1574667,2025-11-08,33.8202761351047
Georgia,65+ Years,1574667,2025-11-15,37.2477635863434
Georgia,65+ Years,1574667,2025-11-22,39.998054501676
Georgia,65+ Years,1574667,2025-11-29,42.1817370757572
Georgia,65+ Years,1574667,2025-12-06,45.9959347126142
Georgia,65+ Years,1574667,2025-12-13,47.4626691281056
Georgia,65+ Years,1574667,2025-12-20,48.6249124821224
Georgia,65+ Years,1574667,2025-12-27,49.5607417334826
Georgia,65+ Years,1574667,2026-01-03,50.6388806711809
Georgia,65+ Years,1574667,2026-01-10,52.3486242937823
Georgia,65+ Years,1574667,2026-01-17,53.1460362425313
Georgia,65+ Years,1574667,2026-01-24,53.9620559945284
Georgia,65+ Years,1574667,2026-01-31,54.6658269604157
Georgia,65+ Years,1574667,2026-02-07,56.2139649470895
Georgia,65+ Years,1574667,2026-02-14,56.9227374079757
Georgia,65+ Years,1574667,2026-02-21,57.5712994382038
Georgia,65+ Years,1574667,2026-02-28,58.1517492401912
Georgia,65+ Years,1574667,2026-03-07,59.1938402039617
Georgia,65+ Years,1574667,2026-03-14,59.6119118598952
Georgia,65+ Years,1574667,2026-03-21,59.9508884907777
Georgia,65+ Years,1574667,2026-03-28,60.2192923280203
Georgia,65+ Years,1574667,2026-04-04,60.4715456274646
Georgia,65+ Years,1574667,2026-04-11,60.8210982251692
Georgia,65+ Years,1574667,2026-04-18,60.9007945479662
Georgia,65+ Years,1574667,2026-04-25,60.9371445729026
Georgia,65+ Years,1574667,2026-05-02,60.9520446935235
Georgia,65+ Years,1574667,2026-05-09,60.9901790322987
Georgia,65+ Years,1574667,2026-05-16,61.0168816295193
Georgia,65+ Years,1574667,2026-05-23,61.0544271104533
Georgia,65+ Years,1574667,2026-05-30,61.1036676509793
Georgia,65+ Years,1574667,2026-06-06,61.2172224274993
Georgia,65+ Years,1574667,2026-06-13,61.283989226377
Hawaii,6 Months - 4 Years,75918,2025-08-16,8.54587536271579
Hawaii,6 Months - 4 Years,75918,2025-08-23,8.54587536271579
Hawaii,6 Months - 4 Years,75918,2025-08-30,8.54587536271579
Hawaii,6 Months - 4 Years,75918,2025-09-06,8.54587536271579
Hawaii,6 Months - 4 Years,75918,2025-09-13,11.350242508512
Hawaii,6 Months - 4 Years,75918,2025-09-20,12.7886499471693
Hawaii,6 Months - 4 Years,75918,2025-09-27,14.4565005756121
Hawaii,6 Months - 4 Years,75918,2025-10-04,18.0932914660003
Hawaii,6 Months - 4 Years,75918,2025-10-11,20.1829497876873
Hawaii,6 Months - 4 Years,75918,2025-10-18,22.517675570361
Hawaii,6 Months - 4 Years,75918,2025-10-25,25.0876415825194
Hawaii,6 Months - 4 Years,75918,2025-11-01,28.1150323010534
Hawaii,6 Months - 4 Years,75918,2025-11-08,34.1119045341503
Hawaii,6 Months - 4 Years,75918,2025-11-15,37.0860628575179
Hawaii,6 Months - 4 Years,75918,2025-11-22,40.0994298984942
Hawaii,6 Months - 4 Years,75918,2025-11-29,43.0295805707497
Hawaii,6 Months - 4 Years,75918,2025-12-06,48.4525435073124
Hawaii,6 Months - 4 Years,75918,2025-12-13,50.6465072526081
Hawaii,6 Months - 4 Years,75918,2025-12-20,52.3672767520835
Hawaii,6 Months - 4 Years,75918,2025-12-27,53.6835662448912
Hawaii,6 Months - 4 Years,75918,2026-01-03,55.0167557584591
Hawaii,6 Months - 4 Years,75918,2026-01-10,56.9591288343727
Hawaii,6 Months - 4 Years,75918,2026-01-17,57.5842377527104
Hawaii,6 Months - 4 Years,75918,2026-01-24,58.0534543445414
Hawaii,6 Months - 4 Years,75918,2026-01-31,58.3718357254602
Hawaii,6 Months - 4 Years,75918,2026-02-07,59.1061842343564
Hawaii,6 Months - 4 Years,75918,2026-02-14,59.5107228583828
Hawaii,6 Months - 4 Years,75918,2026-02-21,59.9652251119193
Hawaii,6 Months - 4 Years,75918,2026-02-28,60.4263259451812
Hawaii,6 Months - 4 Years,75918,2026-03-07,61.2246261900333
Hawaii,6 Months - 4 Years,75918,2026-03-14,61.4734241489207
Hawaii,6 Months - 4 Years,75918,2026-03-21,61.5945107478804
Hawaii,6 Months - 4 Years,75918,2026-03-28,61.6283745412304
Hawaii,6 Months - 4 Years,75918,2026-04-04,61.6685814679702
Hawaii,6 Months - 4 Years,75918,2026-04-11,61.7331319709664
Hawaii,6 Months - 4 Years,75918,2026-04-18,61.809685193323
Hawaii,6 Months - 4 Years,75918,2026-04-25,61.9274411010237
Hawaii,6 Months - 4 Years,75918,2026-05-02,62.0538024773527
Hawaii,6 Months - 4 Years,75918,2026-05-09,62.2969917239246
Hawaii,6 Months - 4 Years,75918,2026-05-16,62.3694483401213
Hawaii,6 Months - 4 Years,75918,2026-05-23,62.3975369294491
Hawaii,6 Months - 4 Years,75918,2026-05-30,62.399178976483
Hawaii,6 Months - 4 Years,75918,2026-06-06,62.4
Hawaii,6 Months - 4 Years,75918,2026-06-13,62.4
Hawaii,5-12 Years,135350,2025-08-16,8.20470894365828
Hawaii,5-12 Years,135350,2025-08-23,8.20470894365828
Hawaii,5-12 Years,135350,2025-08-30,8.20470894365828
Hawaii,5-12 Years,135350,2025-09-06,8.20470894365828
Hawaii,5-12 Years,135350,2025-09-13,10.781242268678
Hawaii,5-12 Years,135350,2025-09-20,11.9187069471889
Hawaii,5-12 Years,135350,2025-09-27,13.5204640233268
Hawaii,5-12 Years,135350,2025-10-04,17.2856757185257
Hawaii,5-12 Years,135350,2025-10-11,19.7530184184724
Hawaii,5-12 Years,135350,2025-10-18,22.8127978860101
Hawaii,5-12 Years,135350,2025-10-25,26.3831747117661
Hawaii,5-12 Years,135350,2025-11-01,30.4984459572575
Hawaii,5-12 Years,135350,2025-11-08,38.0800391346212
Hawaii,5-12 Years,135350,2025-11-15,40.9536441598223
Hawaii,5-12 Years,135350,2025-11-22,43.1374629782281
Hawaii,5-12 Years,135350,2025-11-29,44.8057299868722
Hawaii,5-12 Years,135350,2025-12-06,47.8302602770189
Hawaii,5-12 Years,135350,2025-12-13,49.2051149298658
Hawaii,5-12 Years,135350,2025-12-20,50.5401354910134
Hawaii,5-12 Years,135350,2025-12-27,51.8120671361479
Hawaii,5-12 Years,135350,2026-01-03,53.1411542972973
Hawaii,5-12 Years,135350,2026-01-10,55.1708322662818
Hawaii,5-12 Years,135350,2026-01-17,55.7782227708514
Hawaii,5-12 Years,135350,2026-01-24,56.173368355601
Hawaii,5-12 Years,135350,2026-01-31,56.4109360877151
Hawaii,5-12 Years,135350,2026-02-07,56.9766440211042
Hawaii,5-12 Years,135350,2026-02-14,57.3151269201516
Hawaii,5-12 Years,135350,2026-02-21,57.7260194219764
Hawaii,5-12 Years,135350,2026-02-28,58.1796319270356
Hawaii,5-12 Years,135350,2026-03-07,59.0454318836533
Hawaii,5-12 Years,135350,2026-03-14,59.3994010007249
Hawaii,5-12 Years,135350,2026-03-21,59.6672050154073
Hawaii,5-12 Years,135350,2026-03-28,59.8571615329598
Hawaii,5-12 Years,135350,2026-04-04,60.0260546977515
Hawaii,5-12 Years,135350,2026-04-11,60.2475290591214
Hawaii,5-12 Years,135350,2026-04-18,60.2887948493369
Hawaii,5-12 Years,135350,2026-04-25,60.3
Hawaii,5-12 Years,135350,2026-05-02,60.3
Hawaii,5-12 Years,135350,2026-05-09,60.3253540925277
Hawaii,5-12 Years,135350,2026-05-16,60.4150591690416
Hawaii,5-12 Years,135350,2026-05-23,60.620755058052
Hawaii,5-12 Years,135350,2026-05-30,60.9700020030254
Hawaii,5-12 Years,135350,2026-06-06,61.8763664182878
Hawaii,5-12 Years,135350,2026-06-13,62.4431782456028
Hawaii,13-17 Years,76427,2025-08-16,7.54670321840202
Hawaii,13-17 Years,76427,2025-08-23,7.54670321840202
Hawaii,13-17 Years,76427,2025-08-30,7.54670321840202
Hawaii,13-17 Years,76427,2025-09-06,7.54670321840202
Hawaii,13-17 Years,76427,2025-09-13,9.75440286820382
Hawaii,13-17 Years,76427,2025-09-20,10.4512172824076
Hawaii,13-17 Years,76427,2025-09-27,11.6395947625772
Hawaii,13-17 Years,76427,2025-10-04,14.5851211379131
Hawaii,13-17 Years,76427,2025-10-11,16.6785511362878
Hawaii,13-17 Years,76427,2025-10-18,19.4249774752155
Hawaii,13-17 Years,76427,2025-10-25,22.7212941426002
Hawaii,13-17 Years,76427,2025-11-01,26.4787355635356
Hawaii,13-17 Years,76427,2025-11-08,33.169763082586
Hawaii,13-17 Years,76427,2025-11-15,35.3653491679093
Hawaii,13-17 Years,76427,2025-11-22,36.7134591066099
Hawaii,13-17 Years,76427,2025-11-29,37.5277856498299
Hawaii,13-17 Years,76427,2025-12-06,39.1331166378662
Hawaii,13-17 Years,76427,2025-12-13,40.2727366772216
Hawaii,13-17 Years,76427,2025-12-20,41.8961487509344
Hawaii,13-17 Years,76427,2025-12-27,43.9079762277055
Hawaii,13-17 Years,76427,2026-01-03,46.1673291855359
Hawaii,13-17 Years,76427,2026-01-10,49.9348207197701
Hawaii,13-17 Years,76427,2026-01-17,51.0490942840328
Hawaii,13-17 Years,76427,2026-01-24,51.6709049591886
Hawaii,13-17 Years,76427,2026-01-31,51.9717826404319
Hawaii,13-17 Years,76427,2026-02-07,52.6348586416224
Hawaii,13-17 Years,76427,2026-02-14,52.9476659138516
Hawaii,13-17 Years,76427,2026-02-21,53.2699095909895
Hawaii,13-17 Years,76427,2026-02-28,53.6003086993699
Hawaii,13-17 Years,76427,2026-03-07,54.2537998064389
Hawaii,13-17 Years,76427,2026-03-14,54.5821077635748
Hawaii,13-17 Years,76427,2026-03-21,54.9137014137391
Hawaii,13-17 Years,76427,2026-03-28,55.2359988035489
Hawaii,13-17 Years,76427,2026-04-04,55.570364084233
Hawaii,13-17 Years,76427,2026-04-11,56.0824771366503
Hawaii,13-17 Years,76427,2026-04-18,56.2264117396879
Hawaii,13-17 Years,76427,2026-04-25,56.3102936454795
Hawaii,13-17 Years,76427,2026-05-02,56.3560004412931
Hawaii,13-17 Years,76427,2026-05-09,56.4669957175874
Hawaii,13-17 Years,76427,2026-05-16,56.5340336138864
Hawaii,13-17 Years,76427,2026-05-23,56.6180315757658
Hawaii,13-17 Years,76427,2026-05-30,56.7194309328257
Hawaii,13-17 Years,76427,2026-06-06,56.9431855939051
Hawaii,13-17 Years,76427,2026-06-13,57.0699341363294
Hawaii,6 Months - 17 Years,287695,2025-08-16,8.07156858501627
Hawaii,6 Months - 17 Years,287695,2025-08-23,8.07156858501627
Hawaii,6 Months - 17 Years,287695,2025-08-30,8.07156858501627
Hawaii,6 Months - 17 Years,287695,2025-09-06,8.07156858501627
Hawaii,6 Months - 17 Years,287695,2025-09-13,10.5628613050954
Hawaii,6 Months - 17 Years,287695,2025-09-20,11.5879726099064
Hawaii,6 Months - 17 Years,287695,2025-09-27,13.042307255256
Hawaii,6 Months - 17 Years,287695,2025-10-04,16.4688939623384
Hawaii,6 Months - 17 Years,287695,2025-10-11,18.7161531279068
Hawaii,6 Months - 17 Years,287695,2025-10-18,21.5024416886907
Hawaii,6 Months - 17 Years,287695,2025-10-25,24.7576913520743
Hawaii,6 Months - 17 Years,287695,2025-11-01,28.5234402347736
Hawaii,6 Months - 17 Years,287695,2025-11-08,35.4962007937423
Hawaii,6 Months - 17 Years,287695,2025-11-15,38.1676099066739
Hawaii,6 Months - 17 Years,287695,2025-11-22,40.2234822724931
Hawaii,6 Months - 17 Years,287695,2025-11-29,41.8284513005453
Hawaii,6 Months - 17 Years,287695,2025-12-06,44.8160005291035
Hawaii,6 Months - 17 Years,287695,2025-12-13,46.2776231658072
Hawaii,6 Months - 17 Years,287695,2025-12-20,47.7944849642521
Hawaii,6 Months - 17 Years,287695,2025-12-27,49.3170076544274
Hawaii,6 Months - 17 Years,287695,2026-01-03,50.9341488756699
Hawaii,6 Months - 17 Years,287695,2026-01-10,53.4515002695414
Hawaii,6 Months - 17 Years,287695,2026-01-17,54.2115533904484
Hawaii,6 Months - 17 Years,287695,2026-01-24,54.6993133317843
Hawaii,6 Months - 17 Years,287695,2026-01-31,54.984147212483
Hawaii,6 Months - 17 Years,287695,2026-02-07,55.6380132851249
Hawaii,6 Months - 17 Years,287695,2026-02-14,55.9889915424865
Hawaii,6 Months - 17 Years,287695,2026-02-21,56.3838041911209
Hawaii,6 Months - 17 Years,287695,2026-02-28,56.8009569164848
Hawaii,6 Months - 17 Years,287695,2026-03-07,57.5903879624867
Hawaii,6 Months - 17 Years,287695,2026-03-14,57.917801091817
Hawaii,6 Months - 17 Years,287695,2026-03-21,58.1769247367494
Hawaii,6 Months - 17 Years,287695,2026-03-28,58.3748657803072
Hawaii,6 Months - 17 Years,287695,2026-04-04,58.5684637433483
Hawaii,6 Months - 17 Years,287695,2026-04-11,58.8436178980687
Hawaii,6 Months - 17 Years,287695,2026-04-18,58.9194389074098
Hawaii,6 Months - 17 Years,287695,2026-04-25,58.9670412794984
Hawaii,6 Months - 17 Years,287695,2026-05-02,58.9970379658493
Hawaii,6 Months - 17 Years,287695,2026-05-09,59.0847207516036
Hawaii,6 Months - 17 Years,287695,2026-05-16,59.1690597294581
Hawaii,6 Months - 17 Years,287695,2026-05-23,59.3095639314693
Hawaii,6 Months - 17 Years,287695,2026-05-30,59.5151312110759
Hawaii,6 Months - 17 Years,287695,2026-06-06,60.0168977801187
Hawaii,6 Months - 17 Years,287695,2026-06-13,60.3225829799718
Hawaii,18-49 Years,531314,2025-08-16,1.54758476391798
Hawaii,18-49 Years,531314,2025-08-23,1.54758476391798
Hawaii,18-49 Years,531314,2025-08-30,1.54758476391798
Hawaii,18-49 Years,531314,2025-09-06,1.54758476391798
Hawaii,18-49 Years,531314,2025-09-13,2.32806519878985
Hawaii,18-49 Years,531314,2025-09-20,3.17563537414135
Hawaii,18-49 Years,531314,2025-09-27,4.15654040820322
Hawaii,18-49 Years,531314,2025-10-04,6.29399769041311
Hawaii,18-49 Years,531314,2025-10-11,7.53557933870204
Hawaii,18-49 Years,531314,2025-10-18,8.94172899555404
Hawaii,18-49 Years,531314,2025-10-25,10.492451453316
Hawaii,18-49 Years,531314,2025-11-01,12.2826159867141
Hawaii,18-49 Years,531314,2025-11-08,15.6813559877615
Hawaii,18-49 Years,531314,2025-11-15,17.1714582734875
Hawaii,18-49 Years,531314,2025-11-22,18.5231310222094
Hawaii,18-49 Years,531314,2025-11-29,19.7369953664053
Hawaii,18-49 Years,531314,2025-12-06,21.9727356527237
Hawaii,18-49 Years,531314,2025-12-13,22.9101824581581
Hawaii,18-49 Years,531314,2025-12-20,23.7028403833311
Hawaii,18-49 Years,531314,2025-12-27,24.3802596125794
Hawaii,18-49 Years,531314,2026-01-03,25.1846999126975
Hawaii,18-49 Years,531314,2026-01-10,26.4940409162542
Hawaii,18-49 Years,531314,2026-01-17,27.1286889669743
Hawaii,18-49 Years,531314,2026-01-24,27.7843435843591
Hawaii,18-49 Years,531314,2026-01-31,28.3394946763611
Hawaii,18-49 Years,531314,2026-02-07,29.4918668802656
Hawaii,18-49 Years,531314,2026-02-14,29.9267254810775
Hawaii,18-49 Years,531314,2026-02-21,30.2437834745914
Hawaii,18-49 Years,531314,2026-02-28,30.4836929425552
Hawaii,18-49 Years,531314,2026-03-07,30.9649724205874
Hawaii,18-49 Years,531314,2026-03-14,31.3000478534792
Hawaii,18-49 Years,531314,2026-03-21,31.7671623019855
Hawaii,18-49 Years,531314,2026-03-28,32.3383726622919
Hawaii,18-49 Years,531314,2026-04-04,32.9741904536656
Hawaii,18-49 Years,531314,2026-04-11,34.0282514711579
Hawaii,18-49 Years,531314,2026-04-18,34.3344818395841
Hawaii,18-49 Years,531314,2026-04-25,34.5009847150269
Hawaii,18-49 Years,531314,2026-05-02,34.5785637128982
Hawaii,18-49 Years,531314,2026-05-09,34.7468809567823
Hawaii,18-49 Years,531314,2026-05-16,34.8228965555572
Hawaii,18-49 Years,531314,2026-05-23,34.8982739810187
Hawaii,18-49 Years,531314,2026-05-30,34.9725771817293
Hawaii,18-49 Years,531314,2026-06-06,35.1147520135239
Hawaii,18-49 Years,531314,2026-06-13,35.1798137952711
Hawaii,50-64 Years,259512,2025-08-16,2.43428629766942
Hawaii,50-64 Years,259512,2025-08-23,2.43428629766942
Hawaii,50-64 Years,259512,2025-08-30,2.43428629766942
Hawaii,50-64 Years,259512,2025-09-06,2.43428629766942
Hawaii,50-64 Years,259512,2025-09-13,3.58014245298779
Hawaii,50-64 Years,259512,2025-09-20,4.7414979429559
Hawaii,50-64 Years,259512,2025-09-27,6.25321770799033
Hawaii,50-64 Years,259512,2025-10-04,9.71224703473446
Hawaii,50-64 Years,259512,2025-10-11,11.8889768151291
Hawaii,50-64 Years,259512,2025-10-18,14.5111107221584
Hawaii,50-64 Years,259512,2025-10-25,17.5178949400793
Hawaii,50-64 Years,259512,2025-11-01,20.9846321616741
Hawaii,50-64 Years,259512,2025-11-08,27.4335112105039
Hawaii,50-64 Years,259512,2025-11-15,30.0035150760442
Hawaii,50-64 Years,259512,2025-11-22,32.0868381885849
Hawaii,50-64 Years,259512,2025-11-29,33.7677838083097
Hawaii,50-64 Years,259512,2025-12-06,36.7569705976301
Hawaii,50-64 Years,259512,2025-12-13,37.9654931600586
Hawaii,50-64 Years,259512,2025-12-20,38.9795379982111
Hawaii,50-64 Years,259512,2025-12-27,39.8432596880409
Hawaii,50-64 Years,259512,2026-01-03,40.8407336474307
Hawaii,50-64 Years,259512,2026-01-10,42.4343062892916
Hawaii,50-64 Years,259512,2026-01-17,43.1522648486155
Hawaii,50-64 Years,259512,2026-01-24,43.8620689174697
Hawaii,50-64 Years,259512,2026-01-31,44.4539362787669
Hawaii,50-64 Years,259512,2026-02-07,45.7293785288525
Hawaii,50-64 Years,259512,2026-02-14,46.26468052874
Hawaii,50-64 Years,259512,2026-02-21,46.7161969513252
Hawaii,50-64 Years,259512,2026-02-28,47.118769573728
Hawaii,50-64 Years,259512,2026-03-07,47.9671454014223
Hawaii,50-64 Years,259512,2026-03-14,48.5740863688427
Hawaii,50-64 Years,259512,2026-03-21,49.4157288350276
Hawaii,50-64 Years,259512,2026-03-28,50.4374669792887
Hawaii,50-64 Years,259512,2026-04-04,51.5586097049963
Hawaii,50-64 Years,259512,2026-04-11,53.4038023994767
Hawaii,50-64 Years,259512,2026-04-18,53.9111772180859
Hawaii,50-64 Years,259512,2026-04-25,54.1605154107246
Hawaii,50-64 Years,259512,2026-05-02,54.2660418149989
Hawaii,50-64 Years,259512,2026-05-09,54.5263468728672
Hawaii,50-64 Years,259512,2026-05-16,54.6910465911903
Hawaii,50-64 Years,259512,2026-05-23,54.9060943672119
Hawaii,50-64 Years,259512,2026-05-30,55.1736652196969
Hawaii,50-64 Years,259512,2026-06-06,55.7735004840001
Hawaii,50-64 Years,259512,2026-06-13,56.1182269302249
Hawaii,65+ Years,275080,2025-08-16,2.67119146280375
Hawaii,65+ Years,275080,2025-08-23,2.67119146280375
Hawaii,65+ Years,275080,2025-08-30,2.67119146280375
Hawaii,65+ Years,275080,2025-09-06,2.67119146280375
Hawaii,65+ Years,275080,2025-09-13,4.65130022486546
Hawaii,65+ Years,275080,2025-09-20,7.37546937134532
Hawaii,65+ Years,275080,2025-09-27,10.3249681695911
Hawaii,65+ Years,275080,2025-10-04,16.3036847742687
Hawaii,65+ Years,275080,2025-10-11,19.4112247495578
Hawaii,65+ Years,275080,2025-10-18,22.6492628268303
Hawaii,65+ Years,275080,2025-10-25,25.9678414763291
Hawaii,65+ Years,275080,2025-11-01,29.6256801812537
Hawaii,65+ Years,275080,2025-11-08,36.2090796465165
Hawaii,65+ Years,275080,2025-11-15,38.8803795810792
Hawaii,65+ Years,275080,2025-11-22,41.1795423899371
Hawaii,65+ Years,275080,2025-11-29,43.1472658877747
Hawaii,65+ Years,275080,2025-12-06,46.6766670767104
Hawaii,65+ Years,275080,2025-12-13,48.0976605871743
Hawaii,65+ Years,275080,2025-12-20,49.2672526823663
Hawaii,65+ Years,275080,2025-12-27,50.2444376372827
Hawaii,65+ Years,275080,2026-01-03,51.3892269166115
Hawaii,65+ Years,275080,2026-01-10,53.2292261061185
Hawaii,65+ Years,275080,2026-01-17,54.0936273089411
Hawaii,65+ Years,275080,2026-01-24,54.9807932147465
Hawaii,65+ Years,275080,2026-01-31,55.7594485038691
Hawaii,65+ Years,275080,2026-02-07,57.5129815788073
Hawaii,65+ Years,275080,2026-02-14,58.365035722531
Hawaii,65+ Years,275080,2026-02-21,59.1910090976047
Hawaii,65+ Years,275080,2026-02-28,59.9758129252384
Hawaii,65+ Years,275080,2026-03-07,61.4465059077924
Hawaii,65+ Years,275080,2026-03-14,62.0809601864588
Hawaii,65+ Years,275080,2026-03-21,62.6271648206465
Hawaii,65+ Years,275080,2026-03-28,63.0934168611953
Hawaii,65+ Years,275080,2026-04-04,63.5978126694854
Hawaii,65+ Years,275080,2026-04-11,64.3744055477357
Hawaii,65+ Years,275080,2026-04-18,64.658742046114
Hawaii,65+ Years,275080,2026-04-25,64.8953255058168
Hawaii,65+ Years,275080,2026-05-02,65.07036276858
Hawaii,65+ Years,275080,2026-05-09,65.4648187318721
Hawaii,65+ Years,275080,2026-05-16,65.6579531157754
Hawaii,65+ Years,275080,2026-05-23,65.8544820540413
Hawaii,65+ Years,275080,2026-05-30,66.053651821615
Hawaii,65+ Years,275080,2026-06-06,66.4501774683456
Hawaii,65+ Years,275080,2026-06-13,66.6466105431231
Idaho,6 Months - 4 Years,103074,2025-08-16,5.62874713232901
Idaho,6 Months - 4 Years,103074,2025-08-23,5.62874713232901
Idaho,6 Months - 4 Years,103074,2025-08-30,5.62874713232901
Idaho,6 Months - 4 Years,103074,2025-09-06,5.62874713232901
Idaho,6 Months - 4 Years,103074,2025-09-13,7.33882751062318
Idaho,6 Months - 4 Years,103074,2025-09-20,7.996315047445
Idaho,6 Months - 4 Years,103074,2025-09-27,9.1226223831946
Idaho,6 Months - 4 Years,103074,2025-10-04,11.9164891737763
Idaho,6 Months - 4 Years,103074,2025-10-11,13.8805537524482
Idaho,6 Months - 4 Years,103074,2025-10-18,16.4313566729382
Idaho,6 Months - 4 Years,103074,2025-10-25,19.4938048242701
Idaho,6 Months - 4 Years,103074,2025-11-01,23.0403749643325
Idaho,6 Months - 4 Years,103074,2025-11-08,29.5505437222173
Idaho,6 Months - 4 Years,103074,2025-11-15,31.924037216114
Idaho,6 Months - 4 Years,103074,2025-11-22,33.620406189168
Idaho,6 Months - 4 Years,103074,2025-11-29,34.8265591601137
Idaho,6 Months - 4 Years,103074,2025-12-06,36.9743693623902
Idaho,6 Months - 4 Years,103074,2025-12-13,37.9278751166976
Idaho,6 Months - 4 Years,103074,2025-12-20,38.8446685657494
Idaho,6 Months - 4 Years,103074,2025-12-27,39.7183768347273
Idaho,6 Months - 4 Years,103074,2026-01-03,40.6592195356079
Idaho,6 Months - 4 Years,103074,2026-01-10,42.1205693629917
Idaho,6 Months - 4 Years,103074,2026-01-17,42.6068600348971
Idaho,6 Months - 4 Years,103074,2026-01-24,42.9669432660699
Idaho,6 Months - 4 Years,103074,2026-01-31,43.2092401515602
Idaho,6 Months - 4 Years,103074,2026-02-07,43.7745714247692
Idaho,6 Months - 4 Years,103074,2026-02-14,44.0970166696788
Idaho,6 Months - 4 Years,103074,2026-02-21,44.467254169408
Idaho,6 Months - 4 Years,103074,2026-02-28,44.8460197658339
Idaho,6 Months - 4 Years,103074,2026-03-07,45.4971030955702
Idaho,6 Months - 4 Years,103074,2026-03-14,45.6931922224662
Idaho,6 Months - 4 Years,103074,2026-03-21,45.7800637056816
Idaho,6 Months - 4 Years,103074,2026-03-28,45.7933545685605
Idaho,6 Months - 4 Years,103074,2026-04-04,45.8662044444444
Idaho,6 Months - 4 Years,103074,2026-04-11,46.0648177777778
Idaho,6 Months - 4 Years,103074,2026-04-18,46.4968888888889
Idaho,6 Months - 4 Years,103074,2026-04-25,47.2495288888889
Idaho,6 Months - 4 Years,103074,2026-05-02,48.1310933333333
Idaho,6 Months - 4 Years,103074,2026-05-09,49.8463644444444
Idaho,6 Months - 4 Years,103074,2026-05-16,50.3742933333333
Idaho,6 Months - 4 Years,103074,2026-05-23,50.5816533333333
Idaho,6 Months - 4 Years,103074,2026-05-30,50.5938844444444
Idaho,6 Months - 4 Years,103074,2026-06-06,50.6
Idaho,6 Months - 4 Years,103074,2026-06-13,50.6
Idaho,5-12 Years,203904,2025-08-16,4.35795059249288
Idaho,5-12 Years,203904,2025-08-23,4.35795059249288
Idaho,5-12 Years,203904,2025-08-30,4.35795059249288
Idaho,5-12 Years,203904,2025-09-06,4.35795059249288
Idaho,5-12 Years,203904,2025-09-13,5.52330126984951
Idaho,5-12 Years,203904,2025-09-20,5.69442682874749
Idaho,5-12 Years,203904,2025-09-27,6.37571074831208
Idaho,5-12 Years,203904,2025-10-04,8.31469130889657
Idaho,5-12 Years,203904,2025-10-11,9.95130421006616
Idaho,5-12 Years,203904,2025-10-18,12.3676843110048
Idaho,5-12 Years,203904,2025-10-25,15.5554959227847
Idaho,5-12 Years,203904,2025-11-01,19.4692157287929
Idaho,5-12 Years,203904,2025-11-08,27.166022755843
Idaho,5-12 Years,203904,2025-11-15,30.3882914619181
Idaho,5-12 Years,203904,2025-11-22,33.0191422243922
Idaho,5-12 Years,203904,2025-11-29,35.0776148818302
Idaho,5-12 Years,203904,2025-12-06,38.4435934098699
Idaho,5-12 Years,203904,2025-12-13,39.4650530368764
Idaho,5-12 Years,203904,2025-12-20,40.0203445044452
Idaho,5-12 Years,203904,2025-12-27,40.2731575538785
Idaho,5-12 Years,203904,2026-01-03,40.608197604901
Idaho,5-12 Years,203904,2026-01-10,41.1817708938157
Idaho,5-12 Years,203904,2026-01-17,41.730102557331
Idaho,5-12 Years,203904,2026-01-24,42.5260051693464
Idaho,5-12 Years,203904,2026-01-31,43.3591155972818
Idaho,5-12 Years,203904,2026-02-07,44.9726720636526
Idaho,5-12 Years,203904,2026-02-14,45.4622605878424
Idaho,5-12 Years,203904,2026-02-21,45.667464890461
Idaho,5-12 Years,203904,2026-02-28,45.689154963487
Idaho,5-12 Years,203904,2026-03-07,45.7031539726763
Idaho,5-12 Years,203904,2026-03-14,45.7227572085529
Idaho,5-12 Years,203904,2026-03-21,45.7685455338861
Idaho,5-12 Years,203904,2026-03-28,45.8381504481219
Idaho,5-12 Years,203904,2026-04-04,45.9170991238965
Idaho,5-12 Years,203904,2026-04-11,46.055393239569
Idaho,5-12 Years,203904,2026-04-18,46.0896049142358
Idaho,5-12 Years,203904,2026-04-25,46.1
Idaho,5-12 Years,203904,2026-05-02,46.1
Idaho,5-12 Years,203904,2026-05-09,46.1
Idaho,5-12 Years,203904,2026-05-16,46.1
Idaho,5-12 Years,203904,2026-05-23,46.1
Idaho,5-12 Years,203904,2026-05-30,46.1
Idaho,5-12 Years,203904,2026-06-06,46.1
Idaho,5-12 Years,203904,2026-06-13,46.1
Idaho,13-17 Years,133291,2025-08-16,1.07294555283186
Idaho,13-17 Years,133291,2025-08-23,1.07294555283186
Idaho,13-17 Years,133291,2025-08-30,1.07294555283186
Idaho,13-17 Years,133291,2025-09-06,1.07294555283186
Idaho,13-17 Years,133291,2025-09-13,1.39341087438692
Idaho,13-17 Years,133291,2025-09-20,1.51041963969966
Idaho,13-17 Years,133291,2025-09-27,1.97900825899494
Idaho,13-17 Years,133291,2025-10-04,3.30923651862382
Idaho,13-17 Years,133291,2025-10-11,4.41601476418238
Idaho,13-17 Years,133291,2025-10-18,6.0288852654051
Idaho,13-17 Years,133291,2025-10-25,8.13843755058439
Idaho,13-17 Years,133291,2025-11-01,10.7186654897697
Idaho,13-17 Years,133291,2025-11-08,15.7439245429225
Idaho,13-17 Years,133291,2025-11-15,17.7649368805639
Idaho,13-17 Years,133291,2025-11-22,19.3483432056736
Idaho,13-17 Years,133291,2025-11-29,20.5995595369989
Idaho,13-17 Years,133291,2025-12-06,22.9323739203927
Idaho,13-17 Years,133291,2025-12-13,24.0532146487863
Idaho,13-17 Years,133291,2025-12-20,25.1882361802764
Idaho,13-17 Years,133291,2025-12-27,26.309169754934
Idaho,13-17 Years,133291,2026-01-03,27.5232352276907
Idaho,13-17 Years,133291,2026-01-10,29.4321916654951
Idaho,13-17 Years,133291,2026-01-17,30.0699242778837
Idaho,13-17 Years,133291,2026-01-24,30.5337935044852
Idaho,13-17 Years,133291,2026-01-31,30.8204137689809
Idaho,13-17 Years,133291,2026-02-07,31.3854132356434
Idaho,13-17 Years,133291,2026-02-14,31.5770595001804
Idaho,13-17 Years,133291,2026-02-21,31.7126895324125
Idaho,13-17 Years,133291,2026-02-28,31.8063196547448
Idaho,13-17 Years,133291,2026-03-07,31.9471716439137
Idaho,13-17 Years,133291,2026-03-14,31.982608549562
Idaho,13-17 Years,133291,2026-03-21,31.9969398227919
Idaho,13-17 Years,133291,2026-03-28,31.9989799409306
Idaho,13-17 Years,133291,2026-04-04,32.0
Idaho,13-17 Years,133291,2026-04-11,32.0
Idaho,13-17 Years,133291,2026-04-18,32.0
Idaho,13-17 Years,133291,2026-04-25,32.0
Idaho,13-17 Years,133291,2026-05-02,32.0
Idaho,13-17 Years,133291,2026-05-09,32.0
Idaho,13-17 Years,133291,2026-05-16,32.0
Idaho,13-17 Years,133291,2026-05-23,32.0
Idaho,13-17 Years,133291,2026-05-30,32.0
Idaho,13-17 Years,133291,2026-06-06,32.0
Idaho,13-17 Years,133291,2026-06-13,32.0
Idaho,6 Months - 17 Years,440270,2025-08-16,3.68824778666667
Idaho,6 Months - 17 Years,440270,2025-08-23,3.68824778666667
Idaho,6 Months - 17 Years,440270,2025-08-30,3.68824778666667
Idaho,6 Months - 17 Years,440270,2025-09-06,3.68824778666667
Idaho,6 Months - 17 Years,440270,2025-09-13,4.67747445333333
Idaho,6 Months - 17 Years,440270,2025-09-20,4.82788
Idaho,6 Months - 17 Years,440270,2025-09-27,5.43043402666667
Idaho,6 Months - 17 Years,440270,2025-10-04,7.14080646963424
Idaho,6 Months - 17 Years,440270,2025-10-11,8.56624810405859
Idaho,6 Months - 17 Years,440270,2025-10-18,10.6455038576352
Idaho,6 Months - 17 Years,440270,2025-10-25,13.3627379480071
Idaho,6 Months - 17 Years,440270,2025-11-01,16.6762401227646
Idaho,6 Months - 17 Years,440270,2025-11-08,23.1174568055239
Idaho,6 Months - 17 Years,440270,2025-11-15,25.7173922760903
Idaho,6 Months - 17 Years,440270,2025-11-22,27.7610021400977
Idaho,6 Months - 17 Years,440270,2025-11-29,29.3419840752229
Idaho,6 Months - 17 Years,440270,2025-12-06,32.0979751240687
Idaho,6 Months - 17 Years,440270,2025-12-13,33.1569363855555
Idaho,6 Months - 17 Years,440270,2025-12-20,33.9964552440472
Idaho,6 Months - 17 Years,440270,2025-12-27,34.6729851000584
Idaho,6 Months - 17 Years,440270,2026-01-03,35.4597555672986
Idaho,6 Months - 17 Years,440270,2026-01-10,36.7175667938879
Idaho,6 Months - 17 Years,440270,2026-01-17,37.3336194888736
Idaho,6 Months - 17 Years,440270,2026-01-24,37.9761300051969
Idaho,6 Months - 17 Years,440270,2026-01-31,38.5079220256163
Idaho,6 Months - 17 Years,440270,2026-02-07,39.5598506634024
Idaho,6 Months - 17 Years,440270,2026-02-14,39.9091378088628
Idaho,6 Months - 17 Years,440270,2026-02-21,40.1213244183865
Idaho,6 Months - 17 Years,440270,2026-02-28,40.2389123651786
Idaho,6 Months - 17 Years,440270,2026-03-07,40.4227646220064
Idaho,6 Months - 17 Years,440270,2026-03-14,40.4841462245888
Idaho,6 Months - 17 Years,440270,2026-03-21,40.5292547222614
Idaho,6 Months - 17 Years,440270,2026-03-28,40.5650112872131
Idaho,6 Months - 17 Years,440270,2026-04-04,40.6276116634381
Idaho,6 Months - 17 Years,440270,2026-04-11,40.7523604015372
Idaho,6 Months - 17 Years,440270,2026-04-18,40.8892171991559
Idaho,6 Months - 17 Years,440270,2026-04-25,41.0938421836161
Idaho,6 Months - 17 Years,440270,2026-05-02,41.3099212150767
Idaho,6 Months - 17 Years,440270,2026-05-09,41.7251086565749
Idaho,6 Months - 17 Years,440270,2026-05-16,41.8482064329981
Idaho,6 Months - 17 Years,440270,2026-05-23,41.8958297917302
Idaho,6 Months - 17 Years,440270,2026-05-30,41.8986099305767
Idaho,6 Months - 17 Years,440270,2026-06-06,41.9
Idaho,6 Months - 17 Years,440270,2026-06-13,41.9
Idaho,18-49 Years,744301,2025-08-16,0.681763216557087
Idaho,18-49 Years,744301,2025-08-23,0.681763216557087
Idaho,18-49 Years,744301,2025-08-30,0.681763216557087
Idaho,18-49 Years,744301,2025-09-06,0.681763216557087
Idaho,18-49 Years,744301,2025-09-13,0.886145387000927
Idaho,18-49 Years,744301,2025-09-20,0.964022875949291
Idaho,18-49 Years,744301,2025-09-27,1.26956776055997
Idaho,18-49 Years,744301,2025-10-04,2.14490472545401
Idaho,18-49 Years,744301,2025-10-11,2.91562188511931
Idaho,18-49 Years,744301,2025-10-18,4.09557156249249
Idaho,18-49 Years,744301,2025-10-25,5.68535432126878
Idaho,18-49 Years,744301,2025-11-01,7.64812002985784
Idaho,18-49 Years,744301,2025-11-08,11.4987177124135
Idaho,18-49 Years,744301,2025-11-15,13.0558501523879
Idaho,18-49 Years,744301,2025-11-22,14.2732540487276
Idaho,18-49 Years,744301,2025-11-29,15.2158862164475
Idaho,18-49 Years,744301,2025-12-06,16.8907970447944
Idaho,18-49 Years,744301,2025-12-13,17.5737442842426
Idaho,18-49 Years,744301,2025-12-20,18.1549382822961
Idaho,18-49 Years,744301,2025-12-27,18.6585654643214
Idaho,18-49 Years,744301,2026-01-03,19.2535365218289
Idaho,18-49 Years,744301,2026-01-10,20.2193230326897
Idaho,18-49 Years,744301,2026-01-17,20.6813057382325
Idaho,18-49 Years,744301,2026-01-24,21.1536424908782
Idaho,18-49 Years,744301,2026-01-31,21.5468501872221
Idaho,18-49 Years,744301,2026-02-07,22.3524129058461
Idaho,18-49 Years,744301,2026-02-14,22.6487854766453
Idaho,18-49 Years,744301,2026-02-21,22.8588163976116
Idaho,18-49 Years,744301,2026-02-28,23.0074665100727
Idaho,18-49 Years,744301,2026-03-07,23.2734596835923
Idaho,18-49 Years,744301,2026-03-14,23.4006345005975
Idaho,18-49 Years,744301,2026-03-21,23.5342880900137
Idaho,18-49 Years,744301,2026-03-28,23.6708498423085
Idaho,18-49 Years,744301,2026-04-04,23.8185529332043
Idaho,18-49 Years,744301,2026-04-11,24.0512234232813
Idaho,18-49 Years,744301,2026-04-18,24.1251570270276
Idaho,18-49 Years,744301,2026-04-25,24.1757035628538
Idaho,18-49 Years,744301,2026-05-02,24.2070040794315
Idaho,18-49 Years,744301,2026-05-09,24.2770656076719
Idaho,18-49 Years,744301,2026-05-16,24.3111004132677
Idaho,18-49 Years,744301,2026-05-23,24.3463201145398
Idaho,18-49 Years,744301,2026-05-30,24.3824990327741
Idaho,18-49 Years,744301,2026-06-06,24.4545777215174
Idaho,18-49 Years,744301,2026-06-13,24.4902928260224
Idaho,50-64 Years,322037,2025-08-16,1.10182042395375
Idaho,50-64 Years,322037,2025-08-23,1.10182042395375
Idaho,50-64 Years,322037,2025-08-30,1.10182042395375
Idaho,50-64 Years,322037,2025-09-06,1.10182042395375
Idaho,50-64 Years,322037,2025-09-13,1.4934128497145
Idaho,50-64 Years,322037,2025-09-20,1.74592575180032
Idaho,50-64 Years,322037,2025-09-27,2.47332458459287
Idaho,50-64 Years,322037,2025-10-04,4.44415806328459
Idaho,50-64 Years,322037,2025-10-11,5.94661194447616
Idaho,50-64 Years,322037,2025-10-18,7.9865494319595
Idaho,50-64 Years,322037,2025-10-25,10.5247329063857
Idaho,50-64 Years,322037,2025-11-01,13.5502561313686
Idaho,50-64 Years,322037,2025-11-08,19.3154619838238
Idaho,50-64 Years,322037,2025-11-15,21.6021436332177
Idaho,50-64 Years,322037,2025-11-22,23.3882370171906
Idaho,50-64 Years,322037,2025-11-29,24.7574137698246
Idaho,50-64 Years,322037,2025-12-06,27.108866059793
Idaho,50-64 Years,322037,2025-12-13,27.9741184225703
Idaho,50-64 Years,322037,2025-12-20,28.6253270600831
Idaho,50-64 Years,322037,2025-12-27,29.1238019311353
Idaho,50-64 Years,322037,2026-01-03,29.7084109707991
Idaho,50-64 Years,322037,2026-01-10,30.6401838737787
Idaho,50-64 Years,322037,2026-01-17,31.1081491901986
Idaho,50-64 Years,322037,2026-01-24,31.6189991066628
Idaho,50-64 Years,322037,2026-01-31,32.0958334317651
Idaho,50-64 Years,322037,2026-02-07,33.2056906619278
Idaho,50-64 Years,322037,2026-02-14,33.8073245175456
Idaho,50-64 Years,322037,2026-02-21,34.4397319962684
Idaho,50-64 Years,322037,2026-02-28,35.0510645441776
Idaho,50-64 Years,322037,2026-03-07,36.1062192307806
Idaho,50-64 Years,322037,2026-03-14,36.4431742453218
Idaho,50-64 Years,322037,2026-03-21,36.6210150445933
Idaho,50-64 Years,322037,2026-03-28,36.6867920544181
Idaho,50-64 Years,322037,2026-04-04,36.7372598797806
Idaho,50-64 Years,322037,2026-04-11,36.7891807469175
Idaho,50-64 Years,322037,2026-04-18,36.79779831637
Idaho,50-64 Years,322037,2026-04-25,36.8
Idaho,50-64 Years,322037,2026-05-02,36.8
Idaho,50-64 Years,322037,2026-05-09,36.8
Idaho,50-64 Years,322037,2026-05-16,36.8
Idaho,50-64 Years,322037,2026-05-23,36.8
Idaho,50-64 Years,322037,2026-05-30,36.8
Idaho,50-64 Years,322037,2026-06-06,36.8
Idaho,50-64 Years,322037,2026-06-13,36.8
Idaho,65+ Years,305994,2025-08-16,1.57941402688514
Idaho,65+ Years,305994,2025-08-23,1.57941402688514
Idaho,65+ Years,305994,2025-08-30,1.57941402688514
Idaho,65+ Years,305994,2025-09-06,1.57941402688514
Idaho,65+ Years,305994,2025-09-13,2.21105937056369
Idaho,65+ Years,305994,2025-09-20,2.72591162001153
Idaho,65+ Years,305994,2025-09-27,3.99570875636026
Idaho,65+ Years,305994,2025-10-04,7.36623885024328
Idaho,65+ Years,305994,2025-10-11,9.9012750625371
Idaho,65+ Years,305994,2025-10-18,13.322844740181
Idaho,65+ Years,305994,2025-10-25,17.5478344744936
Idaho,65+ Years,305994,2025-11-01,22.528614182348
Idaho,65+ Years,305994,2025-11-08,31.8606392899714
Idaho,65+ Years,305994,2025-11-15,35.3967159611334
Idaho,65+ Years,305994,2025-11-22,38.0184360578919
Idaho,65+ Years,305994,2025-11-29,39.9339085114707
Idaho,65+ Years,305994,2025-12-06,43.2517317543443
Idaho,65+ Years,305994,2025-12-13,44.5581241094686
Idaho,65+ Years,305994,2025-12-20,45.6492142578808
Idaho,65+ Years,305994,2025-12-27,46.5737992978633
Idaho,65+ Years,305994,2026-01-03,47.5935986665083
Idaho,65+ Years,305994,2026-01-10,49.1744277479521
Idaho,65+ Years,305994,2026-01-17,49.7951162776483
Idaho,65+ Years,305994,2026-01-24,50.3515167462879
Idaho,65+ Years,305994,2026-01-31,50.7972321628472
Idaho,65+ Years,305994,2026-02-07,51.849497861515
Idaho,65+ Years,305994,2026-02-14,52.4454534210541
Idaho,65+ Years,305994,2026-02-21,53.1193561735884
Idaho,65+ Years,305994,2026-02-28,53.8321377616303
Idaho,65+ Years,305994,2026-03-07,55.185696692046
Idaho,65+ Years,305994,2026-03-14,55.7305259450136
Idaho,65+ Years,305994,2026-03-21,56.1360552944915
Idaho,65+ Years,305994,2026-03-28,56.4322824023365
Idaho,65+ Years,305994,2026-04-04,56.7978794373783
Idaho,65+ Years,305994,2026-04-11,57.3996841239818
Idaho,65+ Years,305994,2026-04-18,57.7541326038666
Idaho,65+ Years,305994,2026-04-25,58.1748046753345
Idaho,65+ Years,305994,2026-05-02,58.579338920781
Idaho,65+ Years,305994,2026-05-09,59.4595322121401
Idaho,65+ Years,305994,2026-05-16,59.8455801076677
Idaho,65+ Years,305994,2026-05-23,60.1722154498868
Idaho,65+ Years,305994,2026-05-30,60.4459805238403
Idaho,65+ Years,305994,2026-06-06,60.9337523357301
Idaho,65+ Years,305994,2026-06-13,61.1206379376301
Illinois,6 Months - 4 Years,657493,2025-08-16,4.2606443251443
Illinois,6 Months - 4 Years,657493,2025-08-23,4.2606443251443
Illinois,6 Months - 4 Years,657493,2025-08-30,4.2606443251443
Illinois,6 Months - 4 Years,657493,2025-09-06,4.2606443251443
Illinois,6 Months - 4 Years,657493,2025-09-13,6.1937531962742
Illinois,6 Months - 4 Years,657493,2025-09-20,8.06413956172391
Illinois,6 Months - 4 Years,657493,2025-09-27,10.2671147295962
Illinois,6 Months - 4 Years,657493,2025-10-04,15.107143502836
Illinois,6 Months - 4 Years,657493,2025-10-11,17.9739904575084
Illinois,6 Months - 4 Years,657493,2025-10-18,21.2784366827188
Illinois,6 Months - 4 Years,657493,2025-10-25,24.9531584071602
Illinois,6 Months - 4 Years,657493,2025-11-01,29.1569608405723
Illinois,6 Months - 4 Years,657493,2025-11-08,36.986704342301
Illinois,6 Months - 4 Years,657493,2025-11-15,40.2288803464006
Illinois,6 Months - 4 Years,657493,2025-11-22,42.9955718215437
Illinois,6 Months - 4 Years,657493,2025-11-29,45.3158445269222
Illinois,6 Months - 4 Years,657493,2025-12-06,49.374859186239
Illinois,6 Months - 4 Years,657493,2025-12-13,50.8922455543291
Illinois,6 Months - 4 Years,657493,2025-12-20,52.0300575992261
Illinois,6 Months - 4 Years,657493,2025-12-27,52.886464356641
Illinois,6 Months - 4 Years,657493,2026-01-03,53.8627688037972
Illinois,6 Months - 4 Years,657493,2026-01-10,55.3950738419263
Illinois,6 Months - 4 Years,657493,2026-01-17,56.1339238411798
Illinois,6 Months - 4 Years,657493,2026-01-24,56.9058534047457
Illinois,6 Months - 4 Years,657493,2026-01-31,57.560029334933
Illinois,6 Months - 4 Years,657493,2026-02-07,58.9086967821244
Illinois,6 Months - 4 Years,657493,2026-02-14,59.4072846607102
Illinois,6 Months - 4 Years,657493,2026-02-21,59.7613700783174
Illinois,6 Months - 4 Years,657493,2026-02-28,60.0218514997254
Illinois,6 Months - 4 Years,657493,2026-03-07,60.549585822672
Illinois,6 Months - 4 Years,657493,2026-03-14,60.9468255470449
Illinois,6 Months - 4 Years,657493,2026-03-21,61.5265877731224
Illinois,6 Months - 4 Years,657493,2026-03-28,62.2444094872765
Illinois,6 Months - 4 Years,657493,2026-04-04,63.0056468707492
Illinois,6 Months - 4 Years,657493,2026-04-11,64.2427982216598
Illinois,6 Months - 4 Years,657493,2026-04-18,64.5421005145002
Illinois,6 Months - 4 Years,657493,2026-04-25,64.6484080294175
Illinois,6 Months - 4 Years,657493,2026-05-02,64.6642780571314
Illinois,6 Months - 4 Years,657493,2026-05-09,64.6921234230708
Illinois,6 Months - 4 Years,657493,2026-05-16,64.6979794873255
Illinois,6 Months - 4 Years,657493,2026-05-23,64.6998588303214
Illinois,6 Months - 4 Years,657493,2026-05-30,64.6999529434405
Illinois,6 Months - 4 Years,657493,2026-06-06,64.7
Illinois,6 Months - 4 Years,657493,2026-06-13,64.7
Illinois,5-12 Years,1234135,2025-08-16,5.1804112618086
Illinois,5-12 Years,1234135,2025-08-23,5.1804112618086
Illinois,5-12 Years,1234135,2025-08-30,5.1804112618086
Illinois,5-12 Years,1234135,2025-09-06,5.1804112618086
Illinois,5-12 Years,1234135,2025-09-13,6.9273204169823
Illinois,5-12 Years,1234135,2025-09-20,7.90661819000278
Illinois,5-12 Years,1234135,2025-09-27,9.38309690107441
Illinois,5-12 Years,1234135,2025-10-04,12.9252576598257
Illinois,5-12 Years,1234135,2025-10-11,15.2840925793908
Illinois,5-12 Years,1234135,2025-10-18,18.2309604445181
Illinois,5-12 Years,1234135,2025-10-25,21.7081849916711
Illinois,5-12 Years,1234135,2025-11-01,25.7892020621468
Illinois,5-12 Years,1234135,2025-11-08,33.542830191816
Illinois,5-12 Years,1234135,2025-11-15,36.7556771307522
Illinois,5-12 Years,1234135,2025-11-22,39.4421190174073
Illinois,5-12 Years,1234135,2025-11-29,41.6399706405267
Illinois,5-12 Years,1234135,2025-12-06,45.4338481735071
Illinois,5-12 Years,1234135,2025-12-13,46.8129186065046
Illinois,5-12 Years,1234135,2025-12-20,47.8161400406933
Illinois,5-12 Years,1234135,2025-12-27,48.5400684897549
Illinois,5-12 Years,1234135,2026-01-03,49.3118219180859
Illinois,5-12 Years,1234135,2026-01-10,50.466308871209
Illinois,5-12 Years,1234135,2026-01-17,50.9354599200846
Illinois,5-12 Years,1234135,2026-01-24,51.3744008667535
Illinois,5-12 Years,1234135,2026-01-31,51.7224918136141
Illinois,5-12 Years,1234135,2026-02-07,52.4741210002392
Illinois,5-12 Years,1234135,2026-02-14,52.798397406126
Illinois,5-12 Years,1234135,2026-02-21,53.0852670900151
Illinois,5-12 Years,1234135,2026-02-28,53.3441307199158
Illinois,5-12 Years,1234135,2026-03-07,53.844478366944
Illinois,5-12 Years,1234135,2026-03-14,54.104686412667
Illinois,5-12 Years,1234135,2026-03-21,54.3845314925534
Illinois,5-12 Years,1234135,2026-03-28,54.6689852935668
Illinois,5-12 Years,1234135,2026-04-04,54.9558829595365
Illinois,5-12 Years,1234135,2026-04-11,55.3913856891294
Illinois,5-12 Years,1234135,2026-04-18,55.4990532942592
Illinois,5-12 Years,1234135,2026-04-25,55.5476255206008
Illinois,5-12 Years,1234135,2026-05-02,55.5636028033842
Illinois,5-12 Years,1234135,2026-05-09,55.5917871989295
Illinois,5-12 Years,1234135,2026-05-16,55.5978642474722
Illinois,5-12 Years,1234135,2026-05-23,55.5998484716829
Illinois,5-12 Years,1234135,2026-05-30,55.599949490561
Illinois,5-12 Years,1234135,2026-06-06,55.6
Illinois,5-12 Years,1234135,2026-06-13,55.6
Illinois,13-17 Years,816181,2025-08-16,4.55452681959237
Illinois,13-17 Years,816181,2025-08-23,4.55452681959237
Illinois,13-17 Years,816181,2025-08-30,4.55452681959237
Illinois,13-17 Years,816181,2025-09-06,4.55452681959237
Illinois,13-17 Years,816181,2025-09-13,6.18431978575558
Illinois,13-17 Years,816181,2025-09-20,7.24639066726089
Illinois,13-17 Years,816181,2025-09-27,8.65162920836716
Illinois,13-17 Years,816181,2025-10-04,11.8858213153951
Illinois,13-17 Years,816181,2025-10-11,13.9309864030292
Illinois,13-17 Years,816181,2025-10-18,16.4001475752737
Illinois,13-17 Years,816181,2025-10-25,19.2417180690724
Illinois,13-17 Years,816181,2025-11-01,22.5378610506463
Illinois,13-17 Years,816181,2025-11-08,28.7416858774487
Illinois,13-17 Years,816181,2025-11-15,31.3073031040761
Illinois,13-17 Years,816181,2025-11-22,33.4667078902586
Illinois,13-17 Years,816181,2025-11-29,35.2418362531086
Illinois,13-17 Years,816181,2025-12-06,38.2899935240182
Illinois,13-17 Years,816181,2025-12-13,39.3755200846659
Illinois,13-17 Years,816181,2025-12-20,40.1416947832562
Illinois,13-17 Years,816181,2025-12-27,40.6753018573001
Illinois,13-17 Years,816181,2026-01-03,41.2511208718415
Illinois,13-17 Years,816181,2026-01-10,42.1169845666569
Illinois,13-17 Years,816181,2026-01-17,42.4923144761535
Illinois,13-17 Years,816181,2026-01-24,42.8616886040533
Illinois,13-17 Years,816181,2026-01-31,43.1652912559339
Illinois,13-17 Years,816181,2026-02-07,43.8189999653852
Illinois,13-17 Years,816181,2026-02-14,44.1044722882933
Illinois,13-17 Years,816181,2026-02-21,44.3565386844855
Illinois,13-17 Years,816181,2026-02-28,44.5717182083866
Illinois,13-17 Years,816181,2026-03-07,44.9353594976662
Illinois,13-17 Years,816181,2026-03-14,45.0571817480149
Illinois,13-17 Years,816181,2026-03-21,45.1349669392493
Illinois,13-17 Years,816181,2026-03-28,45.1814598801324
Illinois,13-17 Years,816181,2026-04-04,45.2278992099869
Illinois,13-17 Years,816181,2026-04-11,45.2933342739009
Illinois,13-17 Years,816181,2026-04-18,45.3190359718102
Illinois,13-17 Years,816181,2026-04-25,45.34257354949
Illinois,13-17 Years,816181,2026-05-02,45.3592432839121
Illinois,13-17 Years,816181,2026-05-09,45.389616495402
Illinois,13-17 Years,816181,2026-05-16,45.3971202451078
Illinois,13-17 Years,816181,2026-05-23,45.3997815950659
Illinois,13-17 Years,816181,2026-05-30,45.3999271983553
Illinois,13-17 Years,816181,2026-06-06,45.4
Illinois,13-17 Years,816181,2026-06-13,45.4
Illinois,6 Months - 17 Years,2707809,2025-08-16,4.78803856951712
Illinois,6 Months - 17 Years,2707809,2025-08-23,4.78803856951712
Illinois,6 Months - 17 Years,2707809,2025-08-30,4.78803856951712
Illinois,6 Months - 17 Years,2707809,2025-09-06,4.78803856951712
Illinois,6 Months - 17 Years,2707809,2025-09-13,6.53057325208573
Illinois,6 Months - 17 Years,2707809,2025-09-20,7.71069465680361
Illinois,6 Months - 17 Years,2707809,2025-09-27,9.3019745923108
Illinois,6 Months - 17 Years,2707809,2025-10-04,12.9886226332498
Illinois,6 Months - 17 Years,2707809,2025-10-11,15.3393777549018
Illinois,6 Months - 17 Years,2707809,2025-10-18,18.1932078964019
Illinois,6 Months - 17 Years,2707809,2025-10-25,21.491501389216
Illinois,6 Months - 17 Years,2707809,2025-11-01,25.3265122806183
Illinois,6 Months - 17 Years,2707809,2025-11-08,32.5579412646376
Illinois,6 Months - 17 Years,2707809,2025-11-15,35.5477518080056
Illinois,6 Months - 17 Years,2707809,2025-11-22,38.0603444703391
Illinois,6 Months - 17 Years,2707809,2025-11-29,40.1302274257676
Illinois,6 Months - 17 Years,2707809,2025-12-06,43.7188701046287
Illinois,6 Months - 17 Years,2707809,2025-12-13,45.0363203943952
Illinois,6 Months - 17 Years,2707809,2025-12-20,46.0057392497192
Illinois,6 Months - 17 Years,2707809,2025-12-27,46.716948411426
Illinois,6 Months - 17 Years,2707809,2026-01-03,47.4960197284107
Illinois,6 Months - 17 Years,2707809,2026-01-10,48.6847161712745
Illinois,6 Months - 17 Years,2707809,2026-01-17,49.2043516905773
Illinois,6 Months - 17 Years,2707809,2026-01-24,49.7152171575879
Illinois,6 Months - 17 Years,2707809,2026-01-31,50.1326017023275
Illinois,6 Months - 17 Years,2707809,2026-02-07,51.0153685006326
Illinois,6 Months - 17 Years,2707809,2026-02-14,51.3716648622567
Illinois,6 Months - 17 Years,2707809,2026-02-21,51.6605307277055
Illinois,6 Months - 17 Years,2707809,2026-02-28,51.9017753802997
Illinois,6 Months - 17 Years,2707809,2026-03-07,52.3668608211076
Illinois,6 Months - 17 Years,2707809,2026-03-14,52.6242288250996
Illinois,6 Months - 17 Years,2707809,2026-03-21,52.9216305450336
Illinois,6 Months - 17 Years,2707809,2026-03-28,53.2405104981072
Illinois,6 Months - 17 Years,2707809,2026-04-04,53.5664149058619
Illinois,6 Months - 17 Years,2707809,2026-04-11,54.0699106861679
Illinois,6 Months - 17 Years,2707809,2026-04-18,54.194157312274
Illinois,6 Months - 17 Years,2707809,2026-04-25,54.2477750083052
Illinois,6 Months - 17 Years,2707809,2026-05-02,54.2637318014611
Illinois,6 Months - 17 Years,2707809,2026-05-09,54.2918514299949
Illinois,6 Months - 17 Years,2707809,2026-05-16,54.2978862624844
Illinois,6 Months - 17 Years,2707809,2026-05-23,54.2998504505604
Illinois,6 Months - 17 Years,2707809,2026-05-30,54.2999501501868
Illinois,6 Months - 17 Years,2707809,2026-06-06,54.3
Illinois,6 Months - 17 Years,2707809,2026-06-13,54.3
Illinois,18-49 Years,5266167,2025-08-16,1.29034267152494
Illinois,18-49 Years,5266167,2025-08-23,1.29034267152494
Illinois,18-49 Years,5266167,2025-08-30,1.29034267152494
Illinois,18-49 Years,5266167,2025-09-06,1.29034267152494
Illinois,18-49 Years,5266167,2025-09-13,1.77037759476391
Illinois,18-49 Years,5266167,2025-09-20,2.11253009468285
Illinois,18-49 Years,5266167,2025-09-27,2.80447955035752
Illinois,18-49 Years,5266167,2025-10-04,4.58111199604001
Illinois,18-49 Years,5266167,2025-10-11,5.85363273292115
Illinois,18-49 Years,5266167,2025-10-18,7.51569033163042
Illinois,18-49 Years,5266167,2025-10-25,9.54241661839143
Illinois,18-49 Years,5266167,2025-11-01,11.9652225543706
Illinois,18-49 Years,5266167,2025-11-08,16.6418277285736
Illinois,18-49 Years,5266167,2025-11-15,18.5972661919968
Illinois,18-49 Years,5266167,2025-11-22,20.2313484159328
Illinois,18-49 Years,5266167,2025-11-29,21.5853853156325
Illinois,18-49 Years,5266167,2025-12-06,24.0157702579519
Illinois,18-49 Years,5266167,2025-12-13,25.0112552578763
Illinois,18-49 Years,5266167,2025-12-20,25.8506723111016
Illinois,18-49 Years,5266167,2025-12-27,26.5602739202745
Illinois,18-49 Years,5266167,2026-01-03,27.3320268160922
Illinois,18-49 Years,5266167,2026-01-10,28.5205579051369
Illinois,18-49 Years,5266167,2026-01-17,28.9699579872115
Illinois,18-49 Years,5266167,2026-01-24,29.3572483165649
Illinois,18-49 Years,5266167,2026-01-31,29.6514103920048
Illinois,18-49 Years,5266167,2026-02-07,30.3152978340556
Illinois,18-49 Years,5266167,2026-02-14,30.6448983944073
Illinois,18-49 Years,5266167,2026-02-21,30.982092074252
Illinois,18-49 Years,5266167,2026-02-28,31.3189616220168
Illinois,18-49 Years,5266167,2026-03-07,31.9633024041664
Illinois,18-49 Years,5266167,2026-03-14,32.2505419801336
Illinois,18-49 Years,5266167,2026-03-21,32.5043236684127
Illinois,18-49 Years,5266167,2026-03-28,32.7258693018724
Illinois,18-49 Years,5266167,2026-04-04,32.9669029057276
Illinois,18-49 Years,5266167,2026-04-11,33.3410339826609
Illinois,18-49 Years,5266167,2026-04-18,33.4799736937213
Illinois,18-49 Years,5266167,2026-04-25,33.5954369284459
Illinois,18-49 Years,5266167,2026-05-02,33.6764350595171
Illinois,18-49 Years,5266167,2026-05-09,33.8430916467729
Illinois,18-49 Years,5266167,2026-05-16,33.9075846733822
Illinois,18-49 Years,5266167,2026-05-23,33.9596852564918
Illinois,18-49 Years,5266167,2026-05-30,34.0012339114095
Illinois,18-49 Years,5266167,2026-06-06,34.0687054963887
Illinois,18-49 Years,5266167,2026-06-13,34.0856680475076
Illinois,50-64 Years,2426795,2025-08-16,0.99806171352299
Illinois,50-64 Years,2426795,2025-08-23,0.99806171352299
Illinois,50-64 Years,2426795,2025-08-30,0.99806171352299
Illinois,50-64 Years,2426795,2025-09-06,0.99806171352299
Illinois,50-64 Years,2426795,2025-09-13,1.51140086279746
Illinois,50-64 Years,2426795,2025-09-20,2.08459546489721
Illinois,50-64 Years,2426795,2025-09-27,3.19714200447457
Illinois,50-64 Years,2426795,2025-10-04,6.03172149741396
Illinois,50-64 Years,2426795,2025-10-11,8.06319633688598
Illinois,50-64 Years,2426795,2025-10-18,10.7243362304963
Illinois,50-64 Years,2426795,2025-10-25,13.9580561524099
Illinois,50-64 Years,2426795,2025-11-01,17.7739815821888
Illinois,50-64 Years,2426795,2025-11-08,24.9906350390094
Illinois,50-64 Years,2426795,2025-11-15,27.8513010348481
Illinois,50-64 Years,2426795,2025-11-22,30.1047368264235
Illinois,50-64 Years,2426795,2025-11-29,31.8534583445683
Illinois,50-64 Years,2426795,2025-12-06,34.8843431234029
Illinois,50-64 Years,2426795,2025-12-13,36.0408878911721
Illinois,50-64 Years,2426795,2025-12-20,36.9551913629893
Illinois,50-64 Years,2426795,2025-12-27,37.6823657456424
Illinois,50-64 Years,2426795,2026-01-03,38.4589553683495
Illinois,50-64 Years,2426795,2026-01-10,39.6321549727171
Illinois,50-64 Years,2426795,2026-01-17,40.0749610055377
Illinois,50-64 Years,2426795,2026-01-24,40.4611854280355
Illinois,50-64 Years,2426795,2026-01-31,40.7560355423733
Illinois,50-64 Years,2426795,2026-02-07,41.4173453562641
Illinois,50-64 Years,2426795,2026-02-14,41.7407949248163
Illinois,50-64 Years,2426795,2026-02-21,42.0669620656559
Illinois,50-64 Years,2426795,2026-02-28,42.3874303532363
Illinois,50-64 Years,2426795,2026-03-07,42.9916051021136
Illinois,50-64 Years,2426795,2026-03-14,43.2581405075991
Illinois,50-64 Years,2426795,2026-03-21,43.4931282533654
Illinois,50-64 Years,2426795,2026-03-28,43.6928437711478
Illinois,50-64 Years,2426795,2026-04-04,43.8780152221781
Illinois,50-64 Years,2426795,2026-04-11,44.1354516663947
Illinois,50-64 Years,2426795,2026-04-18,44.1859545902562
Illinois,50-64 Years,2426795,2026-04-25,44.2
Illinois,50-64 Years,2426795,2026-05-02,44.2
Illinois,50-64 Years,2426795,2026-05-09,44.2
Illinois,50-64 Years,2426795,2026-05-16,44.2
Illinois,50-64 Years,2426795,2026-05-23,44.2
Illinois,50-64 Years,2426795,2026-05-30,44.2
Illinois,50-64 Years,2426795,2026-06-06,44.2
Illinois,50-64 Years,2426795,2026-06-13,44.2
Illinois,65+ Years,2089234,2025-08-16,2.24498394357272
Illinois,65+ Years,2089234,2025-08-23,2.24498394357272
Illinois,65+ Years,2089234,2025-08-30,2.24498394357272
Illinois,65+ Years,2089234,2025-09-06,2.24498394357272
Illinois,65+ Years,2089234,2025-09-13,3.418279346982
Illinois,65+ Years,2089234,2025-09-20,4.74462792731488
Illinois,65+ Years,2089234,2025-09-27,6.71579165428041
Illinois,65+ Years,2089234,2025-10-04,11.4256952191826
Illinois,65+ Years,2089234,2025-10-11,14.5632983607107
Illinois,65+ Years,2089234,2025-10-18,18.4909380278594
Illinois,65+ Years,2089234,2025-10-25,23.1161350006203
Illinois,65+ Years,2089234,2025-11-01,28.4989546220923
Illinois,65+ Years,2089234,2025-11-08,38.5766599744814
Illinois,65+ Years,2089234,2025-11-15,42.5815982712883
Illinois,65+ Years,2089234,2025-11-22,45.7834541889871
Illinois,65+ Years,2089234,2025-11-29,48.297344152569
Illinois,65+ Years,2089234,2025-12-06,52.6075255410243
Illinois,65+ Years,2089234,2025-12-13,54.1729712033052
Illinois,65+ Years,2089234,2025-12-20,55.3262160094023
Illinois,65+ Years,2089234,2025-12-27,56.1829632157347
Illinois,65+ Years,2089234,2026-01-03,57.1647754639018
Illinois,65+ Years,2089234,2026-01-10,58.7078702379549
Illinois,65+ Years,2089234,2026-01-17,59.4696146807325
Illinois,65+ Years,2089234,2026-01-24,60.2808697121405
Illinois,65+ Years,2089234,2026-01-31,60.9832252127406
Illinois,65+ Years,2089234,2026-02-07,62.452304315451
Illinois,65+ Years,2089234,2026-02-14,63.0257376008314
Illinois,65+ Years,2089234,2026-02-21,63.4609533276467
Illinois,65+ Years,2089234,2026-02-28,63.7939952969759
Illinois,65+ Years,2089234,2026-03-07,64.4017923221754
Illinois,65+ Years,2089234,2026-03-14,64.6893390928094
Illinois,65+ Years,2089234,2026-03-21,64.9831412811902
Illinois,65+ Years,2089234,2026-03-28,65.2814996239965
Illinois,65+ Years,2089234,2026-04-04,65.6315036561859
Illinois,65+ Years,2089234,2026-04-11,66.2067740606905
Illinois,65+ Years,2089234,2026-04-18,66.4370609044453
Illinois,65+ Years,2089234,2026-04-25,66.6388871851155
Illinois,65+ Years,2089234,2026-05-02,66.7986209519458
Illinois,65+ Years,2089234,2026-05-09,67.1709453181497
Illinois,65+ Years,2089234,2026-05-16,67.3683898496595
Illinois,65+ Years,2089234,2026-05-23,67.5817074291423
Illinois,65+ Years,2089234,2026-05-30,67.810520681597
Illinois,65+ Years,2089234,2026-06-06,68.2859276992688
Illinois,65+ Years,2089234,2026-06-13,68.5374511827649
Indiana,6 Months - 4 Years,375193,2025-08-16,6.95680466955322
Indiana,6 Months - 4 Years,375193,2025-08-23,6.95680466955322
Indiana,6 Months - 4 Years,375193,2025-08-30,6.95680466955322
Indiana,6 Months - 4 Years,375193,2025-09-06,6.95680466955322
Indiana,6 Months - 4 Years,375193,2025-09-13,9.21043572887851
Indiana,6 Months - 4 Years,375193,2025-09-20,10.3208314105759
Indiana,6 Months - 4 Years,375193,2025-09-27,11.6938202600997
Indiana,6 Months - 4 Years,375193,2025-10-04,14.7726069487153
Indiana,6 Months - 4 Years,375193,2025-10-11,16.6187645181125
Indiana,6 Months - 4 Years,375193,2025-10-18,18.7505085627617
Indiana,6 Months - 4 Years,375193,2025-10-25,21.1533638220302
Indiana,6 Months - 4 Years,375193,2025-11-01,23.9974030379393
Indiana,6 Months - 4 Years,375193,2025-11-08,29.6171200038797
Indiana,6 Months - 4 Years,375193,2025-11-15,32.3320650727919
Indiana,6 Months - 4 Years,375193,2025-11-22,35.0013948701847
Indiana,6 Months - 4 Years,375193,2025-11-29,37.5177304925427
Indiana,6 Months - 4 Years,375193,2025-12-06,42.0579448399234
Indiana,6 Months - 4 Years,375193,2025-12-13,43.776522245342
Indiana,6 Months - 4 Years,375193,2025-12-20,45.0188077967541
Indiana,6 Months - 4 Years,375193,2025-12-27,45.8920174324399
Indiana,6 Months - 4 Years,375193,2026-01-03,46.8359788115021
Indiana,6 Months - 4 Years,375193,2026-01-10,48.2614661431271
Indiana,6 Months - 4 Years,375193,2026-01-17,48.8791742340848
Indiana,6 Months - 4 Years,375193,2026-01-24,49.4820857295754
Indiana,6 Months - 4 Years,375193,2026-01-31,49.9663911075886
Indiana,6 Months - 4 Years,375193,2026-02-07,50.9692513147676
Indiana,6 Months - 4 Years,375193,2026-02-14,51.3488684095412
Indiana,6 Months - 4 Years,375193,2026-02-21,51.6343563700835
Indiana,6 Months - 4 Years,375193,2026-02-28,51.8567829591267
Indiana,6 Months - 4 Years,375193,2026-03-07,52.2841625678619
Indiana,6 Months - 4 Years,375193,2026-03-14,52.5234119101948
Indiana,6 Months - 4 Years,375193,2026-03-21,52.8094371660885
Indiana,6 Months - 4 Years,375193,2026-03-28,53.1393426027154
Indiana,6 Months - 4 Years,375193,2026-04-04,53.5616409833544
Indiana,6 Months - 4 Years,375193,2026-04-11,54.3005243213596
Indiana,6 Months - 4 Years,375193,2026-04-18,54.6387816515124
Indiana,6 Months - 4 Years,375193,2026-04-25,54.9573396465802
Indiana,6 Months - 4 Years,375193,2026-05-02,55.2060920382312
Indiana,6 Months - 4 Years,375193,2026-05-09,55.7160415884924
Indiana,6 Months - 4 Years,375193,2026-05-16,55.9096298701138
Indiana,6 Months - 4 Years,375193,2026-05-23,56.055771184604
Indiana,6 Months - 4 Years,375193,2026-05-30,56.1630894506664
Indiana,6 Months - 4 Years,375193,2026-06-06,56.3295474389786
Indiana,6 Months - 4 Years,375193,2026-06-13,56.3604562641791
Indiana,5-12 Years,699229,2025-08-16,4.05223543999691
Indiana,5-12 Years,699229,2025-08-23,4.05223543999691
Indiana,5-12 Years,699229,2025-08-30,4.05223543999691
Indiana,5-12 Years,699229,2025-09-06,4.05223543999691
Indiana,5-12 Years,699229,2025-09-13,5.3222847356698
Indiana,5-12 Years,699229,2025-09-20,5.88069832778683
Indiana,5-12 Years,699229,2025-09-27,6.98869175220724
Indiana,5-12 Years,699229,2025-10-04,9.82407194499205
Indiana,5-12 Years,699229,2025-10-11,11.8728793742647
Indiana,5-12 Years,699229,2025-10-18,14.5726897095911
Indiana,5-12 Years,699229,2025-10-25,17.8592871009609
Indiana,5-12 Years,699229,2025-11-01,21.7226663551656
Indiana,5-12 Years,699229,2025-11-08,28.9638128490342
Indiana,5-12 Years,699229,2025-11-15,31.7421656614783
Indiana,5-12 Years,699229,2025-11-22,33.8469427773257
Indiana,5-12 Years,699229,2025-11-29,35.4337678300309
Indiana,5-12 Years,699229,2025-12-06,38.2516931209675
Indiana,5-12 Years,699229,2025-12-13,39.4436112344914
Indiana,5-12 Years,699229,2025-12-20,40.5169491093196
Indiana,5-12 Years,699229,2025-12-27,41.4835583096413
Indiana,5-12 Years,699229,2026-01-03,42.5213730415957
Indiana,5-12 Years,699229,2026-01-10,44.1181990419244
Indiana,5-12 Years,699229,2026-01-17,44.6704154084474
Indiana,5-12 Years,699229,2026-01-24,45.1029121783236
Indiana,5-12 Years,699229,2026-01-31,45.4079064242939
Indiana,5-12 Years,699229,2026-02-07,46.110539689787
Indiana,5-12 Years,699229,2026-02-14,46.4896888081014
Indiana,5-12 Years,699229,2026-02-21,46.9079709863549
Indiana,5-12 Years,699229,2026-02-28,47.3360618870808
Indiana,5-12 Years,699229,2026-03-07,48.1117766426144
Indiana,5-12 Years,699229,2026-03-14,48.3898401344935
Indiana,5-12 Years,699229,2026-03-21,48.5663754908617
Indiana,5-12 Years,699229,2026-03-28,48.6693082549869
Indiana,5-12 Years,699229,2026-04-04,48.8118263671073
Indiana,5-12 Years,699229,2026-04-11,49.0623024127357
Indiana,5-12 Years,699229,2026-04-18,49.2849393829234
Indiana,5-12 Years,699229,2026-04-25,49.6017677141268
Indiana,5-12 Years,699229,2026-05-02,49.935946490726
Indiana,5-12 Years,699229,2026-05-09,50.6187860497424
Indiana,5-12 Years,699229,2026-05-16,50.8682890965287
Indiana,5-12 Years,699229,2026-05-23,51.0251661061913
Indiana,5-12 Years,699229,2026-05-30,51.1142013751612
Indiana,5-12 Years,699229,2026-06-06,51.2469814496876
Indiana,5-12 Years,699229,2026-06-13,51.2712654689103
Indiana,13-17 Years,451792,2025-08-16,3.46763427153439
Indiana,13-17 Years,451792,2025-08-23,3.46763427153439
Indiana,13-17 Years,451792,2025-08-30,3.46763427153439
Indiana,13-17 Years,451792,2025-09-06,3.46763427153439
Indiana,13-17 Years,451792,2025-09-13,4.47577183750669
Indiana,13-17 Years,451792,2025-09-20,4.78284173775699
Indiana,13-17 Years,451792,2025-09-27,5.66445443360113
Indiana,13-17 Years,451792,2025-10-04,8.0535918878573
Indiana,13-17 Years,451792,2025-10-11,9.92024894957389
Indiana,13-17 Years,451792,2025-10-18,12.5053954318159
Indiana,13-17 Years,451792,2025-10-25,15.7175795802898
Indiana,13-17 Years,451792,2025-11-01,19.4334800717808
Indiana,13-17 Years,451792,2025-11-08,26.1520084712311
Indiana,13-17 Years,451792,2025-11-15,28.4169240990398
Indiana,13-17 Years,451792,2025-11-22,29.8421336646341
Indiana,13-17 Years,451792,2025-11-29,30.6852235659729
Indiana,13-17 Years,451792,2025-12-06,32.0808531637678
Indiana,13-17 Years,451792,2025-12-13,32.6012421445261
Indiana,13-17 Years,451792,2025-12-20,33.0277500907179
Indiana,13-17 Years,451792,2025-12-27,33.3920170763567
Indiana,13-17 Years,451792,2026-01-03,33.8364950212297
Indiana,13-17 Years,451792,2026-01-10,34.5686830920543
Indiana,13-17 Years,451792,2026-01-17,34.9574847758662
Indiana,13-17 Years,451792,2026-01-24,35.3859712021748
Indiana,13-17 Years,451792,2026-01-31,35.7660542452753
Indiana,13-17 Years,451792,2026-02-07,36.5528287272519
Indiana,13-17 Years,451792,2026-02-14,36.8518111822688
Indiana,13-17 Years,451792,2026-02-21,37.067746667097
Indiana,13-17 Years,451792,2026-02-28,37.2202037541481
Indiana,13-17 Years,451792,2026-03-07,37.4800532729673
Indiana,13-17 Years,451792,2026-03-14,37.5816749241047
Indiana,13-17 Years,451792,2026-03-21,37.6675961694284
Indiana,13-17 Years,451792,2026-03-28,37.7429590499291
Indiana,13-17 Years,451792,2026-04-04,37.8379658588835
Indiana,13-17 Years,451792,2026-04-11,37.9982940458202
Indiana,13-17 Years,451792,2026-04-18,38.0896612498775
Indiana,13-17 Years,451792,2026-04-25,38.1920425561374
Indiana,13-17 Years,451792,2026-05-02,38.2782456463622
Indiana,13-17 Years,451792,2026-05-09,38.4391344218348
Indiana,13-17 Years,451792,2026-05-16,38.4825343054727
Indiana,13-17 Years,451792,2026-05-23,38.4986322971211
Indiana,13-17 Years,451792,2026-05-30,38.4995440990404
Indiana,13-17 Years,451792,2026-06-06,38.5
Indiana,13-17 Years,451792,2026-06-13,38.5
Indiana,6 Months - 17 Years,1526214,2025-08-16,4.40957781196094
Indiana,6 Months - 17 Years,1526214,2025-08-23,4.40957781196094
Indiana,6 Months - 17 Years,1526214,2025-08-30,4.40957781196094
Indiana,6 Months - 17 Years,1526214,2025-09-06,4.40957781196094
Indiana,6 Months - 17 Years,1526214,2025-09-13,5.77672677118433
Indiana,6 Months - 17 Years,1526214,2025-09-20,6.35181580000578
Indiana,6 Months - 17 Years,1526214,2025-09-27,7.42753362170537
Indiana,6 Months - 17 Years,1526214,2025-10-04,10.1479616302364
Indiana,6 Months - 17 Years,1526214,2025-10-11,12.0879262677034
Indiana,6 Months - 17 Years,1526214,2025-10-18,14.6238570435819
Indiana,6 Months - 17 Years,1526214,2025-10-25,17.6953304084148
Indiana,6 Months - 17 Years,1526214,2025-11-01,21.3003072063189
Indiana,6 Months - 17 Years,1526214,2025-11-08,28.0586725371615
Indiana,6 Months - 17 Years,1526214,2025-11-15,30.6723121613579
Indiana,6 Months - 17 Years,1526214,2025-11-22,32.6751344827431
Indiana,6 Months - 17 Years,1526214,2025-11-29,34.1941332583287
Indiana,6 Months - 17 Years,1526214,2025-12-06,36.8482418802743
Indiana,6 Months - 17 Years,1526214,2025-12-13,37.902077486854
Indiana,6 Months - 17 Years,1526214,2025-12-20,38.7826165978105
Indiana,6 Months - 17 Years,1526214,2025-12-27,39.5272212713136
Indiana,6 Months - 17 Years,1526214,2026-01-03,40.3503741816297
Indiana,6 Months - 17 Years,1526214,2026-01-10,41.6299788561676
Indiana,6 Months - 17 Years,1526214,2026-01-17,42.1445320766862
Indiana,6 Months - 17 Years,1526214,2026-01-24,42.6115660226586
Indiana,6 Months - 17 Years,1526214,2026-01-31,42.974573519501
Indiana,6 Months - 17 Years,1526214,2026-02-07,43.7626343983164
Indiana,6 Months - 17 Years,1526214,2026-02-14,44.1130849299168
Indiana,6 Months - 17 Years,1526214,2026-02-21,44.4331156503782
Indiana,6 Months - 17 Years,1526214,2026-02-28,44.7216433813666
Indiana,6 Months - 17 Years,1526214,2026-03-07,45.2423113108375
Indiana,6 Months - 17 Years,1526214,2026-03-14,45.4478915252516
Indiana,6 Months - 17 Years,1526214,2026-03-21,45.610021937838
Indiana,6 Months - 17 Years,1526214,2026-03-28,45.7411320639193
Indiana,6 Months - 17 Years,1526214,2026-04-04,45.9160357023283
Indiana,6 Months - 17 Years,1526214,2026-04-11,46.2190233472005
Indiana,6 Months - 17 Years,1526214,2026-04-18,46.4222415940238
Indiana,6 Months - 17 Years,1526214,2026-04-25,46.6753155793097
Indiana,6 Months - 17 Years,1526214,2026-05-02,46.9170601496323
Indiana,6 Months - 17 Years,1526214,2026-05-09,47.4065739071447
Indiana,6 Months - 17 Years,1526214,2026-05-16,47.5819950635604
Indiana,6 Months - 17 Years,1526214,2026-05-23,47.6942879899197
Indiana,6 Months - 17 Years,1526214,2026-05-30,47.7606995633435
Indiana,6 Months - 17 Years,1526214,2026-06-06,47.8601519319188
Indiana,6 Months - 17 Years,1526214,2026-06-13,47.8783760976086
Indiana,18-49 Years,2791976,2025-08-16,0.98452162683124
Indiana,18-49 Years,2791976,2025-08-23,0.98452162683124
Indiana,18-49 Years,2791976,2025-08-30,0.98452162683124
Indiana,18-49 Years,2791976,2025-09-06,0.98452162683124
Indiana,18-49 Years,2791976,2025-09-13,1.42425621097728
Indiana,18-49 Years,2791976,2025-09-20,1.84455488079783
Indiana,18-49 Years,2791976,2025-09-27,2.57319544747735
Indiana,18-49 Years,2791976,2025-10-04,4.38504965563864
Indiana,18-49 Years,2791976,2025-10-11,5.64277780173325
Indiana,18-49 Years,2791976,2025-10-18,7.25595520196662
Indiana,18-49 Years,2791976,2025-10-25,9.19482818200255
Indiana,18-49 Years,2791976,2025-11-01,11.4884943428064
Indiana,18-49 Years,2791976,2025-11-08,15.86984357115
Indiana,18-49 Years,2791976,2025-11-15,17.67970295714
Indiana,18-49 Years,2791976,2025-11-22,19.1785206419043
Indiana,18-49 Years,2791976,2025-11-29,20.3961424337497
Indiana,18-49 Years,2791976,2025-12-06,22.5083564783226
Indiana,18-49 Years,2791976,2025-12-13,23.2874020834629
Indiana,18-49 Years,2791976,2025-12-20,23.865192270238
Indiana,18-49 Years,2791976,2025-12-27,24.2952996142715
Indiana,18-49 Years,2791976,2026-01-03,24.7807722853084
Indiana,18-49 Years,2791976,2026-01-10,25.5356896628264
Indiana,18-49 Years,2791976,2026-01-17,25.8860797258629
Indiana,18-49 Years,2791976,2026-01-24,26.2476003882722
Indiana,18-49 Years,2791976,2026-01-31,26.5650196771153
Indiana,18-49 Years,2791976,2026-02-07,27.280046057216
Indiana,18-49 Years,2791976,2026-02-14,27.6283368177596
Indiana,18-49 Years,2791976,2026-02-21,27.9672414189955
Indiana,18-49 Years,2791976,2026-02-28,28.2897493944377
Indiana,18-49 Years,2791976,2026-03-07,28.8928532027723
Indiana,18-49 Years,2791976,2026-03-14,29.1534866070842
Indiana,18-49 Years,2791976,2026-03-21,29.3786543758121
Indiana,18-49 Years,2791976,2026-03-28,29.5691696443101
Indiana,18-49 Years,2791976,2026-04-04,29.7605843729671
Indiana,18-49 Years,2791976,2026-04-11,30.0413886551923
Indiana,18-49 Years,2791976,2026-04-18,30.1210410739312
Indiana,18-49 Years,2791976,2026-04-25,30.1712972821004
Indiana,18-49 Years,2791976,2026-05-02,30.2017507645421
Indiana,18-49 Years,2791976,2026-05-09,30.2780432718378
Indiana,18-49 Years,2791976,2026-05-16,30.3279094583498
Indiana,18-49 Years,2791976,2026-05-23,30.3938971433022
Indiana,18-49 Years,2791976,2026-05-30,30.4769973523511
Indiana,18-49 Years,2791976,2026-06-06,30.6650867052937
Indiana,18-49 Years,2791976,2026-06-13,30.7740850307907
Indiana,50-64 Years,1278413,2025-08-16,1.01064908535175
Indiana,50-64 Years,1278413,2025-08-23,1.01064908535175
Indiana,50-64 Years,1278413,2025-08-30,1.01064908535175
Indiana,50-64 Years,1278413,2025-09-06,1.01064908535175
Indiana,50-64 Years,1278413,2025-09-13,1.59899135707143
Indiana,50-64 Years,1278413,2025-09-20,2.32710984889333
Indiana,50-64 Years,1278413,2025-09-27,3.48813336203807
Indiana,50-64 Years,1278413,2025-10-04,6.31627866472854
Indiana,50-64 Years,1278413,2025-10-11,8.23023411416355
Indiana,50-64 Years,1278413,2025-10-18,10.6446743376907
Indiana,50-64 Years,1278413,2025-10-25,13.5168492361297
Indiana,50-64 Years,1278413,2025-11-01,16.9087500739577
Indiana,50-64 Years,1278413,2025-11-08,23.3940036131271
Indiana,50-64 Years,1278413,2025-11-15,26.1009612034331
Indiana,50-64 Years,1278413,2025-11-22,28.3770391046127
Indiana,50-64 Years,1278413,2025-11-29,30.2641591045547
Indiana,50-64 Years,1278413,2025-12-06,33.6017173134804
Indiana,50-64 Years,1278413,2025-12-13,34.9092910227676
Indiana,50-64 Years,1278413,2025-12-20,35.9553831663655
Indiana,50-64 Years,1278413,2025-12-27,36.7911647590149
Indiana,50-64 Years,1278413,2026-01-03,37.6721094648512
Indiana,50-64 Years,1278413,2026-01-10,38.9933144427485
Indiana,50-64 Years,1278413,2026-01-17,39.4669142522767
Indiana,50-64 Years,1278413,2026-01-24,39.8608189333364
Indiana,50-64 Years,1278413,2026-01-31,40.1523741308172
Indiana,50-64 Years,1278413,2026-02-07,40.8167303865769
Indiana,50-64 Years,1278413,2026-02-14,41.1555432732435
Indiana,50-64 Years,1278413,2026-02-21,41.5135015730108
Indiana,50-64 Years,1278413,2026-02-28,41.8833264959483
Indiana,50-64 Years,1278413,2026-03-07,42.6102179830068
Indiana,50-64 Years,1278413,2026-03-14,42.9525381057475
Indiana,50-64 Years,1278413,2026-03-21,43.2709866541376
Indiana,50-64 Years,1278413,2026-03-28,43.5636611625977
Indiana,50-64 Years,1278413,2026-04-04,43.8937569136076
Indiana,50-64 Years,1278413,2026-04-11,44.4208255105336
Indiana,50-64 Years,1278413,2026-04-18,44.6287932196077
Indiana,50-64 Years,1278413,2026-04-25,44.8087944878066
Indiana,50-64 Years,1278413,2026-05-02,44.9392734345858
Indiana,50-64 Years,1278413,2026-05-09,45.2071526816001
Indiana,50-64 Years,1278413,2026-05-16,45.3099743845632
Indiana,50-64 Years,1278413,2026-05-23,45.3912700245252
Indiana,50-64 Years,1278413,2026-05-30,45.4544279316171
Indiana,50-64 Years,1278413,2026-06-06,45.5550512382051
Indiana,50-64 Years,1278413,2026-06-13,45.577417558988
Indiana,65+ Years,1115285,2025-08-16,1.52318361951154
Indiana,65+ Years,1115285,2025-08-23,1.52318361951154
Indiana,65+ Years,1115285,2025-08-30,1.52318361951154
Indiana,65+ Years,1115285,2025-09-06,1.52318361951154
Indiana,65+ Years,1115285,2025-09-13,2.35591896499212
Indiana,65+ Years,1115285,2025-09-20,3.3372153471221
Indiana,65+ Years,1115285,2025-09-27,5.07489068773745
Indiana,65+ Years,1115285,2025-10-04,9.41737214075061
Indiana,65+ Years,1115285,2025-10-11,12.4669870650103
Indiana,65+ Years,1115285,2025-10-18,16.4139562165967
Indiana,65+ Years,1115285,2025-10-25,21.168922180854
Indiana,65+ Years,1115285,2025-11-01,26.7534925017403
Indiana,65+ Years,1115285,2025-11-08,37.2731565675949
Indiana,65+ Years,1115285,2025-11-15,41.4364952383421
Indiana,65+ Years,1115285,2025-11-22,44.720425117866
Indiana,65+ Years,1115285,2025-11-29,47.2608443726006
Indiana,65+ Years,1115285,2025-12-06,51.6016885185864
Indiana,65+ Years,1115285,2025-12-13,53.1712002875477
Indiana,65+ Years,1115285,2025-12-20,54.3246585228835
Indiana,65+ Years,1115285,2025-12-27,55.1804757979051
Indiana,65+ Years,1115285,2026-01-03,56.1630064048458
Indiana,65+ Years,1115285,2026-01-10,57.708204708379
Indiana,65+ Years,1115285,2026-01-17,58.4734051487571
Indiana,65+ Years,1115285,2026-01-24,59.2918082912628
Indiana,65+ Years,1115285,2026-01-31,60.0078324928246
Indiana,65+ Years,1115285,2026-02-07,61.5263339759886
Indiana,65+ Years,1115285,2026-02-14,62.1456526446344
Indiana,65+ Years,1115285,2026-02-21,62.6409383496676
Indiana,65+ Years,1115285,2026-02-28,63.0374475168025
Indiana,65+ Years,1115285,2026-03-07,63.7521413098844
Indiana,65+ Years,1115285,2026-03-14,64.0660329055775
Indiana,65+ Years,1115285,2026-03-21,64.3592872418294
Indiana,65+ Years,1115285,2026-03-28,64.6332965798939
Indiana,65+ Years,1115285,2026-04-04,64.9380612328674
Indiana,65+ Years,1115285,2026-04-11,65.4194016075475
Indiana,65+ Years,1115285,2026-04-18,65.5982531261069
Indiana,65+ Years,1115285,2026-04-25,65.7470583765264
Indiana,65+ Years,1115285,2026-05-02,65.85827736757
Indiana,65+ Years,1115285,2026-05-09,66.1129025393141
Indiana,65+ Years,1115285,2026-05-16,66.2425460265756
Indiana,65+ Years,1115285,2026-05-23,66.3789733165539
Indiana,65+ Years,1115285,2026-05-30,66.5216625935921
Indiana,65+ Years,1115285,2026-06-06,66.8122147291344
Indiana,65+ Years,1115285,2026-06-13,66.9615097737132
Iowa,6 Months - 4 Years,174095,2025-08-16,0.701916287264337
Iowa,6 Months - 4 Years,174095,2025-08-23,0.701916287264337
Iowa,6 Months - 4 Years,174095,2025-08-30,0.701916287264337
Iowa,6 Months - 4 Years,174095,2025-09-06,0.701916287264337
Iowa,6 Months - 4 Years,174095,2025-09-13,1.97744288907982
Iowa,6 Months - 4 Years,174095,2025-09-20,4.07488982564397
Iowa,6 Months - 4 Years,174095,2025-09-27,7.0550152774521
Iowa,6 Months - 4 Years,174095,2025-10-04,13.7225298645445
Iowa,6 Months - 4 Years,174095,2025-10-11,17.4862956096161
Iowa,6 Months - 4 Years,174095,2025-10-18,21.6795730573817
Iowa,6 Months - 4 Years,174095,2025-10-25,26.2082058787791
Iowa,6 Months - 4 Years,174095,2025-11-01,31.2866311788147
Iowa,6 Months - 4 Years,174095,2025-11-08,40.5103330958628
Iowa,6 Months - 4 Years,174095,2025-11-15,44.1545281141758
Iowa,6 Months - 4 Years,174095,2025-11-22,47.14830092753
Iowa,6 Months - 4 Years,174095,2025-11-29,49.5951684000662
Iowa,6 Months - 4 Years,174095,2025-12-06,53.9355481592143
Iowa,6 Months - 4 Years,174095,2025-12-13,55.7176646321746
Iowa,6 Months - 4 Years,174095,2025-12-20,57.2503236685451
Iowa,6 Months - 4 Years,174095,2025-12-27,58.545158154056
Iowa,6 Months - 4 Years,174095,2026-01-03,59.7728308771802
Iowa,6 Months - 4 Years,174095,2026-01-10,61.4999906089138
Iowa,6 Months - 4 Years,174095,2026-01-17,61.8901131773956
Iowa,6 Months - 4 Years,174095,2026-01-24,62.0588512619832
Iowa,6 Months - 4 Years,174095,2026-01-31,62.1177818776423
Iowa,6 Months - 4 Years,174095,2026-02-07,62.2485416481876
Iowa,6 Months - 4 Years,174095,2026-02-14,62.3110522264317
Iowa,6 Months - 4 Years,174095,2026-02-21,62.378258993348
Iowa,6 Months - 4 Years,174095,2026-02-28,62.4520934887308
Iowa,6 Months - 4 Years,174095,2026-03-07,62.6094882566718
Iowa,6 Months - 4 Years,174095,2026-03-14,62.6982704048992
Iowa,6 Months - 4 Years,174095,2026-03-21,62.7996534450757
Iowa,6 Months - 4 Years,174095,2026-03-28,62.920211054491
Iowa,6 Months - 4 Years,174095,2026-04-04,63.1561101229889
Iowa,6 Months - 4 Years,174095,2026-04-11,63.6522525576716
Iowa,6 Months - 4 Years,174095,2026-04-18,64.1487130489761
Iowa,6 Months - 4 Years,174095,2026-04-25,64.8610373205966
Iowa,6 Months - 4 Years,174095,2026-05-02,65.5971951824882
Iowa,6 Months - 4 Years,174095,2026-05-09,67.0090758015997
Iowa,6 Months - 4 Years,174095,2026-05-16,67.4253080518106
Iowa,6 Months - 4 Years,174095,2026-05-23,67.585955779938
Iowa,6 Months - 4 Years,174095,2026-05-30,67.5953185933127
Iowa,6 Months - 4 Years,174095,2026-06-06,67.6
Iowa,6 Months - 4 Years,174095,2026-06-13,67.6
Iowa,5-12 Years,324520,2025-08-16,4.79547371501806
Iowa,5-12 Years,324520,2025-08-23,4.79547371501806
Iowa,5-12 Years,324520,2025-08-30,4.79547371501806
Iowa,5-12 Years,324520,2025-09-06,4.79547371501806
Iowa,5-12 Years,324520,2025-09-13,6.612829663911
Iowa,5-12 Years,324520,2025-09-20,7.95165834372099
Iowa,5-12 Years,324520,2025-09-27,9.81604836557705
Iowa,5-12 Years,324520,2025-10-04,14.1834219716335
Iowa,5-12 Years,324520,2025-10-11,17.0483010606913
Iowa,5-12 Years,324520,2025-10-18,20.6101567028179
Iowa,5-12 Years,324520,2025-10-25,24.7593415376015
Iowa,5-12 Years,324520,2025-11-01,29.5000807821073
Iowa,5-12 Years,324520,2025-11-08,38.1147564296867
Iowa,5-12 Years,324520,2025-11-15,41.2660856018543
Iowa,5-12 Years,324520,2025-11-22,43.560239538692
Iowa,5-12 Years,324520,2025-11-29,45.2120483283084
Iowa,5-12 Years,324520,2025-12-06,48.0741085633798
Iowa,5-12 Years,324520,2025-12-13,49.2341867755982
Iowa,5-12 Years,324520,2025-12-20,50.2469457688332
Iowa,5-12 Years,324520,2025-12-27,51.1289722240459
Iowa,5-12 Years,324520,2026-01-03,52.0195394524421
Iowa,5-12 Years,324520,2026-01-10,53.3302028259784
Iowa,5-12 Years,324520,2026-01-17,53.7050168197886
Iowa,5-12 Years,324520,2026-01-24,53.9446034941791
Iowa,5-12 Years,324520,2026-01-31,54.0900970607901
Iowa,5-12 Years,324520,2026-02-07,54.4688897303759
Iowa,5-12 Years,324520,2026-02-14,54.7661604489541
Iowa,5-12 Years,324520,2026-02-21,55.1845799973959
Iowa,5-12 Years,324520,2026-02-28,55.6694987914349
Iowa,5-12 Years,324520,2026-03-07,56.5530414193015
Iowa,5-12 Years,324520,2026-03-14,56.8387121775468
Iowa,5-12 Years,324520,2026-03-21,56.9693410706982
Iowa,5-12 Years,324520,2026-03-28,56.9897803568994
Iowa,5-12 Years,324520,2026-04-04,57.0151718518519
Iowa,5-12 Years,324520,2026-04-11,57.0606874074074
Iowa,5-12 Years,324520,2026-04-18,57.1597037037037
Iowa,5-12 Years,324520,2026-04-25,57.3321837037037
Iowa,5-12 Years,324520,2026-05-02,57.5342088888889
Iowa,5-12 Years,324520,2026-05-09,57.9272918518518
Iowa,5-12 Years,324520,2026-05-16,58.0482755555556
Iowa,5-12 Years,324520,2026-05-23,58.0957955555556
Iowa,5-12 Years,324520,2026-05-30,58.0985985185185
Iowa,5-12 Years,324520,2026-06-06,58.1
Iowa,5-12 Years,324520,2026-06-13,58.1
Iowa,13-17 Years,208457,2025-08-16,2.81576966867338
Iowa,13-17 Years,208457,2025-08-23,2.81576966867338
Iowa,13-17 Years,208457,2025-08-30,2.81576966867338
Iowa,13-17 Years,208457,2025-09-06,2.81576966867338
Iowa,13-17 Years,208457,2025-09-13,3.85979181696876
Iowa,13-17 Years,208457,2025-09-20,4.59705970632847
Iowa,13-17 Years,208457,2025-09-27,5.72385886276056
Iowa,13-17 Years,208457,2025-10-04,8.43665591611171
Iowa,13-17 Years,208457,2025-10-11,10.224348281294
Iowa,13-17 Years,208457,2025-10-18,12.4312594490573
Iowa,13-17 Years,208457,2025-10-25,15.0389622236048
Iowa,13-17 Years,208457,2025-11-01,18.1672460817298
Iowa,13-17 Years,208457,2025-11-08,24.3470433576646
Iowa,13-17 Years,208457,2025-11-15,27.1977289003978
Iowa,13-17 Years,208457,2025-11-22,29.8528673068837
Iowa,13-17 Years,208457,2025-11-29,32.2556938990956
Iowa,13-17 Years,208457,2025-12-06,36.5825167514411
Iowa,13-17 Years,208457,2025-12-13,38.2790499590159
Iowa,13-17 Years,208457,2025-12-20,39.59458046745
Iowa,13-17 Years,208457,2025-12-27,40.5903312809958
Iowa,13-17 Years,208457,2026-01-03,41.5592380019478
Iowa,13-17 Years,208457,2026-01-10,42.9279694821052
Iowa,13-17 Years,208457,2026-01-17,43.3065035343468
Iowa,13-17 Years,208457,2026-01-24,43.5466048495422
Iowa,13-17 Years,208457,2026-01-31,43.6918499720391
Iowa,13-17 Years,208457,2026-02-07,44.0698085792421
Iowa,13-17 Years,208457,2026-02-14,44.366509453781
Iowa,13-17 Years,208457,2026-02-21,44.7846332354204
Iowa,13-17 Years,208457,2026-02-28,45.269516537443
Iowa,13-17 Years,208457,2026-03-07,46.1530414193015
Iowa,13-17 Years,208457,2026-03-14,46.4387121775468
Iowa,13-17 Years,208457,2026-03-21,46.5693410706982
Iowa,13-17 Years,208457,2026-03-28,46.5897803568994
Iowa,13-17 Years,208457,2026-04-04,46.6
Iowa,13-17 Years,208457,2026-04-11,46.6
Iowa,13-17 Years,208457,2026-04-18,46.6
Iowa,13-17 Years,208457,2026-04-25,46.6
Iowa,13-17 Years,208457,2026-05-02,46.6
Iowa,13-17 Years,208457,2026-05-09,46.6
Iowa,13-17 Years,208457,2026-05-16,46.6
Iowa,13-17 Years,208457,2026-05-23,46.6
Iowa,13-17 Years,208457,2026-05-30,46.6
Iowa,13-17 Years,208457,2026-06-06,46.6
Iowa,13-17 Years,208457,2026-06-13,46.6
Iowa,6 Months - 17 Years,707072,2025-08-16,3.93314805061857
Iowa,6 Months - 17 Years,707072,2025-08-23,3.93314805061857
Iowa,6 Months - 17 Years,707072,2025-08-30,3.93314805061857
Iowa,6 Months - 17 Years,707072,2025-09-06,3.93314805061857
Iowa,6 Months - 17 Years,707072,2025-09-13,5.47905891084664
Iowa,6 Months - 17 Years,707072,2025-09-20,6.69687360313212
Iowa,6 Months - 17 Years,707072,2025-09-27,8.38642153957977
Iowa,6 Months - 17 Years,707072,2025-10-04,12.3385210031336
Iowa,6 Months - 17 Years,707072,2025-10-11,14.8984546036667
Iowa,6 Months - 17 Years,707072,2025-10-18,18.0429435836002
Iowa,6 Months - 17 Years,707072,2025-10-25,21.7000246825607
Iowa,6 Months - 17 Years,707072,2025-11-01,25.9424523219386
Iowa,6 Months - 17 Years,707072,2025-11-08,33.8762801689222
Iowa,6 Months - 17 Years,707072,2025-11-15,37.0485904228709
Iowa,6 Months - 17 Years,707072,2025-11-22,39.6152184499805
Iowa,6 Months - 17 Years,707072,2025-11-29,41.6712605946103
Iowa,6 Months - 17 Years,707072,2025-12-06,45.2890731818551
Iowa,6 Months - 17 Years,707072,2025-12-13,46.7354129455233
Iowa,6 Months - 17 Years,707072,2025-12-20,47.9416598891625
Iowa,6 Months - 17 Years,707072,2025-12-27,48.9375943390328
Iowa,6 Months - 17 Years,707072,2026-01-03,49.9109345173697
Iowa,6 Months - 17 Years,707072,2026-01-10,51.3037706394243
Iowa,6 Months - 17 Years,707072,2026-01-17,51.6692416429445
Iowa,6 Months - 17 Years,707072,2026-01-24,51.8794727394147
Iowa,6 Months - 17 Years,707072,2026-01-31,51.99451524954
Iowa,6 Months - 17 Years,707072,2026-02-07,52.2996260390491
Iowa,6 Months - 17 Years,707072,2026-02-14,52.5525083106899
Iowa,6 Months - 17 Years,707072,2026-02-21,52.920906161307
Iowa,6 Months - 17 Years,707072,2026-02-28,53.3589232848865
Iowa,6 Months - 17 Years,707072,2026-03-07,54.1749918828908
Iowa,6 Months - 17 Years,707072,2026-03-14,54.4515352356322
Iowa,6 Months - 17 Years,707072,2026-03-21,54.5894011456322
Iowa,6 Months - 17 Years,707072,2026-03-28,54.6261367652494
Iowa,6 Months - 17 Years,707072,2026-04-04,54.6749386174146
Iowa,6 Months - 17 Years,707072,2026-04-11,54.7607063108623
Iowa,6 Months - 17 Years,707072,2026-04-18,54.8827690881354
Iowa,6 Months - 17 Years,707072,2026-04-25,55.0792980093958
Iowa,6 Months - 17 Years,707072,2026-05-02,55.2973705473615
Iowa,6 Months - 17 Years,707072,2026-05-09,55.718859394734
Iowa,6 Months - 17 Years,707072,2026-05-16,55.8460645165519
Iowa,6 Months - 17 Years,707072,2026-05-23,55.8956372599148
Iowa,6 Months - 17 Years,707072,2026-05-30,55.8985457533049
Iowa,6 Months - 17 Years,707072,2026-06-06,55.9
Iowa,6 Months - 17 Years,707072,2026-06-13,55.9
Iowa,18-49 Years,1276765,2025-08-16,1.45976265339004
Iowa,18-49 Years,1276765,2025-08-23,1.45976265339004
Iowa,18-49 Years,1276765,2025-08-30,1.45976265339004
Iowa,18-49 Years,1276765,2025-09-06,1.45976265339004
Iowa,18-49 Years,1276765,2025-09-13,1.97335302110503
Iowa,18-49 Years,1276765,2025-09-20,2.29642578508522
Iowa,18-49 Years,1276765,2025-09-27,2.97003591644511
Iowa,18-49 Years,1276765,2025-10-04,4.7092979622642
Iowa,18-49 Years,1276765,2025-10-11,5.96174887873066
Iowa,18-49 Years,1276765,2025-10-18,7.60264749549598
Iowa,18-49 Years,1276765,2025-10-25,9.60831524028286
Iowa,18-49 Years,1276765,2025-11-01,12.0097350748656
Iowa,18-49 Years,1276765,2025-11-08,16.652975657589
Iowa,18-49 Years,1276765,2025-11-15,18.5996925132608
Iowa,18-49 Years,1276765,2025-11-22,20.2299395604915
Iowa,18-49 Years,1276765,2025-11-29,21.5834524613656
Iowa,18-49 Years,1276765,2025-12-06,24.0129845437984
Iowa,18-49 Years,1276765,2025-12-13,25.0009582551088
Iowa,18-49 Years,1276765,2025-12-20,25.824912523853
Iowa,18-49 Years,1276765,2025-12-27,26.5187469411417
Iowa,18-49 Years,1276765,2026-01-03,27.3081277496682
Iowa,18-49 Years,1276765,2026-01-10,28.5571816972414
Iowa,18-49 Years,1276765,2026-01-17,29.0998645404595
Iowa,18-49 Years,1276765,2026-01-24,29.622858068489
Iowa,18-49 Years,1276765,2026-01-31,30.0518107283072
Iowa,18-49 Years,1276765,2026-02-07,30.9932267866394
Iowa,18-49 Years,1276765,2026-02-14,31.4282202732717
Iowa,18-49 Years,1276765,2026-02-21,31.8341225867511
Iowa,18-49 Years,1276765,2026-02-28,32.1964602649296
Iowa,18-49 Years,1276765,2026-03-07,32.8148106494674
Iowa,18-49 Years,1276765,2026-03-14,33.0186539770067
Iowa,18-49 Years,1276765,2026-03-21,33.1406805759224
Iowa,18-49 Years,1276765,2026-03-28,33.2064021186555
Iowa,18-49 Years,1276765,2026-04-04,33.2843959614078
Iowa,18-49 Years,1276765,2026-04-11,33.4074379708108
Iowa,18-49 Years,1276765,2026-04-18,33.488941731968
Iowa,18-49 Years,1276765,2026-04-25,33.5962824261662
Iowa,18-49 Years,1276765,2026-05-02,33.7137716169181
Iowa,18-49 Years,1276765,2026-05-09,33.9919805308055
Iowa,18-49 Years,1276765,2026-05-16,34.1412350759283
Iowa,18-49 Years,1276765,2026-05-23,34.2950018406368
Iowa,18-49 Years,1276765,2026-05-30,34.4539550915273
Iowa,18-49 Years,1276765,2026-06-06,34.7830787321098
Iowa,18-49 Years,1276765,2026-06-13,34.9567095110547
Iowa,50-64 Years,593299,2025-08-16,1.2514230026487
Iowa,50-64 Years,593299,2025-08-23,1.2514230026487
Iowa,50-64 Years,593299,2025-08-30,1.2514230026487
Iowa,50-64 Years,593299,2025-09-06,1.2514230026487
Iowa,50-64 Years,593299,2025-09-13,1.66518673650084
Iowa,50-64 Years,593299,2025-09-20,1.88435563468342
Iowa,50-64 Years,593299,2025-09-27,2.76496588324334
Iowa,50-64 Years,593299,2025-10-04,5.23181991909545
Iowa,50-64 Years,593299,2025-10-11,7.16054577615257
Iowa,50-64 Years,593299,2025-10-18,9.81256324582186
Iowa,50-64 Years,593299,2025-10-25,13.1496285592765
Iowa,50-64 Years,593299,2025-11-01,17.1715196164903
Iowa,50-64 Years,593299,2025-11-08,24.9424039724835
Iowa,50-64 Years,593299,2025-11-15,28.1153001693507
Iowa,50-64 Years,593299,2025-11-22,30.6680021539904
Iowa,50-64 Years,593299,2025-11-29,32.6906006487483
Iowa,50-64 Years,593299,2025-12-06,36.2278916193831
Iowa,50-64 Years,593299,2025-12-13,37.5952573139682
Iowa,50-64 Years,593299,2025-12-20,38.6837918322398
Iowa,50-64 Years,593299,2025-12-27,39.5539013112333
Iowa,50-64 Years,593299,2026-01-03,40.4857109137179
Iowa,50-64 Years,593299,2026-01-10,41.8970864676032
Iowa,50-64 Years,593299,2026-01-17,42.4310388965225
Iowa,50-64 Years,593299,2026-01-24,42.8969863262638
Iowa,50-64 Years,593299,2026-01-31,43.2535782485226
Iowa,50-64 Years,593299,2026-02-07,44.0574119004114
Iowa,50-64 Years,593299,2026-02-14,44.4578033292625
Iowa,50-64 Years,593299,2026-02-21,44.8674254812191
Iowa,50-64 Years,593299,2026-02-28,45.2711256670335
Iowa,50-64 Years,593299,2026-03-07,46.019585805865
Iowa,50-64 Years,593299,2026-03-14,46.3238318178417
Iowa,50-64 Years,593299,2026-03-21,46.5642885607759
Iowa,50-64 Years,593299,2026-03-28,46.7515406366117
Iowa,50-64 Years,593299,2026-04-04,46.9544486383183
Iowa,50-64 Years,593299,2026-04-11,47.2649829716588
Iowa,50-64 Years,593299,2026-04-18,47.3931478695166
Iowa,50-64 Years,593299,2026-04-25,47.5106267689952
Iowa,50-64 Years,593299,2026-05-02,47.5942826022453
Iowa,50-64 Years,593299,2026-05-09,47.7471195855504
Iowa,50-64 Years,593299,2026-05-16,47.7852711972725
Iowa,50-64 Years,593299,2026-05-23,47.7988783098672
Iowa,50-64 Years,593299,2026-05-30,47.7996261032891
Iowa,50-64 Years,593299,2026-06-06,47.8
Iowa,50-64 Years,593299,2026-06-13,47.8
Iowa,65+ Years,566136,2025-08-16,1.7645616806245
Iowa,65+ Years,566136,2025-08-23,1.7645616806245
Iowa,65+ Years,566136,2025-08-30,1.7645616806245
Iowa,65+ Years,566136,2025-09-06,1.7645616806245
Iowa,65+ Years,566136,2025-09-13,2.4101897673833
Iowa,65+ Years,566136,2025-09-20,2.85472377443742
Iowa,65+ Years,566136,2025-09-27,4.26640205511465
Iowa,65+ Years,566136,2025-10-04,8.13398267081361
Iowa,65+ Years,566136,2025-10-11,11.1068285656925
Iowa,65+ Years,566136,2025-10-18,15.1595282413793
Iowa,65+ Years,566136,2025-10-25,20.2217339574078
Iowa,65+ Years,566136,2025-11-01,26.2816067514485
Iowa,65+ Years,566136,2025-11-08,37.8978347377255
Iowa,65+ Years,566136,2025-11-15,42.5727978575544
Iowa,65+ Years,566136,2025-11-22,46.2810235536895
Iowa,65+ Years,566136,2025-11-29,49.1631194726375
Iowa,65+ Years,566136,2025-12-06,54.109944239868
Iowa,65+ Years,566136,2025-12-13,55.9178742499443
Iowa,65+ Years,566136,2025-12-20,57.2616694151355
Iowa,65+ Years,566136,2025-12-27,58.2677583774431
Iowa,65+ Years,566136,2026-01-03,59.3983518237291
Iowa,65+ Years,566136,2026-01-10,61.1533448459128
Iowa,65+ Years,566136,2026-01-17,61.9638628955038
Iowa,65+ Years,566136,2026-01-24,62.7927032417307
Iowa,65+ Years,566136,2026-01-31,63.4992208877844
Iowa,65+ Years,566136,2026-02-07,65.0225247499354
Iowa,65+ Years,566136,2026-02-14,65.6709787956407
Iowa,65+ Years,566136,2026-02-21,66.2229590667661
Iowa,65+ Years,566136,2026-02-28,66.7029852749569
Iowa,65+ Years,566136,2026-03-07,67.6290892047454
Iowa,65+ Years,566136,2026-03-14,68.1192806326933
Iowa,65+ Years,566136,2026-03-21,68.6585378026537
Iowa,65+ Years,566136,2026-03-28,69.2181459356845
Iowa,65+ Years,566136,2026-04-04,69.792837358893
Iowa,65+ Years,566136,2026-04-11,70.6768750046474
Iowa,65+ Years,566136,2026-04-18,70.9020282419695
Iowa,65+ Years,566136,2026-04-25,71.0088050984896
Iowa,65+ Years,566136,2026-05-02,71.0535004415238
Iowa,65+ Years,566136,2026-05-09,71.1715025467992
Iowa,65+ Years,566136,2026-05-16,71.2608798110883
Iowa,65+ Years,566136,2026-05-23,71.3925979685538
Iowa,65+ Years,566136,2026-05-30,71.5710465511722
Iowa,65+ Years,566136,2026-06-06,71.9899752759825
Iowa,65+ Years,566136,2026-06-13,72.239400321012
Kansas,6 Months - 4 Years,165464,2025-08-16,5.35260180911133
Kansas,6 Months - 4 Years,165464,2025-08-23,5.35260180911133
Kansas,6 Months - 4 Years,165464,2025-08-30,5.35260180911133
Kansas,6 Months - 4 Years,165464,2025-09-06,5.35260180911133
Kansas,6 Months - 4 Years,165464,2025-09-13,7.17931108528126
Kansas,6 Months - 4 Years,165464,2025-09-20,8.23853150522227
Kansas,6 Months - 4 Years,165464,2025-09-27,9.86429654483529
Kansas,6 Months - 4 Years,165464,2025-10-04,13.7839489984215
Kansas,6 Months - 4 Years,165464,2025-10-11,16.4009335133844
Kansas,6 Months - 4 Years,165464,2025-10-18,19.6721074126219
Kansas,6 Months - 4 Years,165464,2025-10-25,23.5420044596653
Kansas,6 Months - 4 Years,165464,2025-11-01,28.1107091972336
Kansas,6 Months - 4 Years,165464,2025-11-08,36.8731322310845
Kansas,6 Months - 4 Years,165464,2025-11-15,40.593437537545
Kansas,6 Months - 4 Years,165464,2025-11-22,43.7822046343495
Kansas,6 Months - 4 Years,165464,2025-11-29,46.453878598196
Kansas,6 Months - 4 Years,165464,2025-12-06,51.107752544139
Kansas,6 Months - 4 Years,165464,2025-12-13,52.8236572798176
Kansas,6 Months - 4 Years,165464,2025-12-20,54.0843498011624
Kansas,6 Months - 4 Years,165464,2025-12-27,55.0011305899114
Kansas,6 Months - 4 Years,165464,2026-01-03,55.9756284288521
Kansas,6 Months - 4 Years,165464,2026-01-10,57.4335525807183
Kansas,6 Months - 4 Years,165464,2026-01-17,58.0244375613489
Kansas,6 Months - 4 Years,165464,2026-01-24,58.5725063602148
Kansas,6 Months - 4 Years,165464,2026-01-31,58.9915219774934
Kansas,6 Months - 4 Years,165464,2026-02-07,59.8462903443183
Kansas,6 Months - 4 Years,165464,2026-02-14,60.1619662377945
Kansas,6 Months - 4 Years,165464,2026-02-21,60.3964166962522
Kansas,6 Months - 4 Years,165464,2026-02-28,60.5699497228499
Kansas,6 Months - 4 Years,165464,2026-03-07,60.8643873169689
Kansas,6 Months - 4 Years,165464,2026-03-14,60.9732630665288
Kansas,6 Months - 4 Years,165464,2026-03-21,61.0581950034787
Kansas,6 Months - 4 Years,165464,2026-03-28,61.1287706103004
Kansas,6 Months - 4 Years,165464,2026-04-04,61.2479122815116
Kansas,6 Months - 4 Years,165464,2026-04-11,61.4815283782562
Kansas,6 Months - 4 Years,165464,2026-04-18,61.7190858975665
Kansas,6 Months - 4 Years,165464,2026-04-25,62.0651741256822
Kansas,6 Months - 4 Years,165464,2026-05-02,62.4241037124881
Kansas,6 Months - 4 Years,165464,2026-05-09,63.1122828825861
Kansas,6 Months - 4 Years,165464,2026-05-16,63.3149690153836
Kansas,6 Months - 4 Years,165464,2026-05-23,63.3931657541918
Kansas,6 Months - 4 Years,165464,2026-05-30,63.3977219180639
Kansas,6 Months - 4 Years,165464,2026-06-06,63.4
Kansas,6 Months - 4 Years,165464,2026-06-13,63.4
Kansas,5-12 Years,313933,2025-08-16,3.49908916798799
Kansas,5-12 Years,313933,2025-08-23,3.49908916798799
Kansas,5-12 Years,313933,2025-08-30,3.49908916798799
Kansas,5-12 Years,313933,2025-09-06,3.49908916798799
Kansas,5-12 Years,313933,2025-09-13,4.55972687105307
Kansas,5-12 Years,313933,2025-09-20,4.96386543458702
Kansas,5-12 Years,313933,2025-09-27,6.05002753504442
Kansas,5-12 Years,313933,2025-10-04,8.96743348506962
Kansas,5-12 Years,313933,2025-10-11,11.1794375232872
Kansas,5-12 Years,313933,2025-10-18,14.1758626677074
Kansas,5-12 Years,313933,2025-10-25,17.8922790126551
Kansas,5-12 Years,313933,2025-11-01,22.3007634378818
Kansas,5-12 Years,313933,2025-11-08,30.6510867348291
Kansas,5-12 Years,313933,2025-11-15,33.92633197406
Kansas,5-12 Years,313933,2025-11-22,36.453481129323
Kansas,5-12 Years,313933,2025-11-29,38.3473262699531
Kansas,5-12 Years,313933,2025-12-06,41.4992010417168
Kansas,5-12 Years,313933,2025-12-13,42.5551296281011
Kansas,5-12 Years,313933,2025-12-20,43.2557037396106
Kansas,5-12 Years,313933,2025-12-27,43.7147336446665
Kansas,5-12 Years,313933,2026-01-03,44.2574793560646
Kansas,5-12 Years,313933,2026-01-10,45.1227533012437
Kansas,5-12 Years,313933,2026-01-17,45.6373446832618
Kansas,5-12 Years,313933,2026-01-24,46.2450306896337
Kansas,5-12 Years,313933,2026-01-31,46.79105004854
Kansas,5-12 Years,313933,2026-02-07,47.8486548761491
Kansas,5-12 Years,313933,2026-02-14,48.1706825014468
Kansas,5-12 Years,313933,2026-02-21,48.3262738076727
Kansas,5-12 Years,313933,2026-02-28,48.3771100824834
Kansas,5-12 Years,313933,2026-03-07,48.465993202726
Kansas,5-12 Years,313933,2026-03-14,48.548592466189
Kansas,5-12 Years,313933,2026-03-21,48.6943617348212
Kansas,5-12 Years,313933,2026-03-28,48.9039715338505
Kansas,5-12 Years,313933,2026-04-04,49.184073768509
Kansas,5-12 Years,313933,2026-04-11,49.6977924185706
Kansas,5-12 Years,313933,2026-04-18,49.9105512979387
Kansas,5-12 Years,313933,2026-04-25,50.0867312502897
Kansas,5-12 Years,313933,2026-05-02,50.2160603241442
Kansas,5-12 Years,313933,2026-05-09,50.4997251436007
Kansas,5-12 Years,313933,2026-05-16,50.6287813561446
Kansas,5-12 Years,313933,2026-05-23,50.7494936952622
Kansas,5-12 Years,313933,2026-05-30,50.8622217752922
Kansas,5-12 Years,313933,2026-06-06,51.0747482897678
Kansas,5-12 Years,313933,2026-06-13,51.1691803373039
Kansas,13-17 Years,199709,2025-08-16,0.887752628690826
Kansas,13-17 Years,199709,2025-08-23,0.887752628690826
Kansas,13-17 Years,199709,2025-08-30,0.887752628690826
Kansas,13-17 Years,199709,2025-09-06,0.887752628690826
Kansas,13-17 Years,199709,2025-09-13,1.42285443920619
Kansas,13-17 Years,199709,2025-09-20,2.10246132660716
Kansas,13-17 Years,199709,2025-09-27,3.23572450014041
Kansas,13-17 Years,199709,2025-10-04,6.02824636428133
Kansas,13-17 Years,199709,2025-10-11,7.961592234127
Kansas,13-17 Years,199709,2025-10-18,10.4431597369644
Kansas,13-17 Years,199709,2025-10-25,13.4128671296542
Kansas,13-17 Years,199709,2025-11-01,16.8831427409465
Kansas,13-17 Years,199709,2025-11-08,23.3962935614083
Kansas,13-17 Years,199709,2025-11-15,25.9818141131911
Kansas,13-17 Years,199709,2025-11-22,28.0322450833092
Kansas,13-17 Years,199709,2025-11-29,29.5962977207342
Kansas,13-17 Years,199709,2025-12-06,32.1269103656428
Kansas,13-17 Years,199709,2025-12-13,32.8897725882664
Kansas,13-17 Years,199709,2025-12-20,33.3116297172014
Kansas,13-17 Years,199709,2025-12-27,33.5106729953966
Kansas,13-17 Years,199709,2026-01-03,33.7104696449394
Kansas,13-17 Years,199709,2026-01-10,33.9882257579631
Kansas,13-17 Years,199709,2026-01-17,34.120422074445
Kansas,13-17 Years,199709,2026-01-24,34.2607113854418
Kansas,13-17 Years,199709,2026-01-31,34.3769150117754
Kansas,13-17 Years,199709,2026-02-07,34.6056762043726
Kansas,13-17 Years,199709,2026-02-14,34.6811190300573
Kansas,13-17 Years,199709,2026-02-21,34.7269687577398
Kansas,13-17 Years,199709,2026-02-28,34.7518180209798
Kansas,13-17 Years,199709,2026-03-07,34.7873955477909
Kansas,13-17 Years,199709,2026-03-14,34.7959161116991
Kansas,13-17 Years,199709,2026-03-21,34.7992919695875
Kansas,13-17 Years,199709,2026-03-28,34.7997639898625
Kansas,13-17 Years,199709,2026-04-04,34.8
Kansas,13-17 Years,199709,2026-04-11,34.8
Kansas,13-17 Years,199709,2026-04-18,34.8
Kansas,13-17 Years,199709,2026-04-25,34.8
Kansas,13-17 Years,199709,2026-05-02,34.8
Kansas,13-17 Years,199709,2026-05-09,34.8
Kansas,13-17 Years,199709,2026-05-16,34.8
Kansas,13-17 Years,199709,2026-05-23,34.8
Kansas,13-17 Years,199709,2026-05-30,34.8
Kansas,13-17 Years,199709,2026-06-06,34.8
Kansas,13-17 Years,199709,2026-06-13,34.8
Kansas,6 Months - 17 Years,679106,2025-08-16,3.20081443438041
Kansas,6 Months - 17 Years,679106,2025-08-23,3.20081443438041
Kansas,6 Months - 17 Years,679106,2025-08-30,3.20081443438041
Kansas,6 Months - 17 Years,679106,2025-09-06,3.20081443438041
Kansas,6 Months - 17 Years,679106,2025-09-13,4.25708488739948
Kansas,6 Months - 17 Years,679106,2025-09-20,4.81358541048316
Kansas,6 Months - 17 Years,679106,2025-09-27,5.95845264116302
Kansas,6 Months - 17 Years,679106,2025-10-04,8.90792085365341
Kansas,6 Months - 17 Years,679106,2025-10-11,11.0461576743097
Kansas,6 Months - 17 Years,679106,2025-10-18,13.8662001518199
Kansas,6 Months - 17 Years,679106,2025-10-25,17.309080372702
Kansas,6 Months - 17 Years,679106,2025-11-01,21.3811344514123
Kansas,6 Months - 17 Years,679106,2025-11-08,29.1112424847314
Kansas,6 Months - 17 Years,679106,2025-11-15,32.2123804622357
Kansas,6 Months - 17 Years,679106,2025-11-22,34.6831734942869
Kansas,6 Months - 17 Years,679106,2025-11-29,36.5940135790658
Kansas,6 Months - 17 Years,679106,2025-12-06,39.7814672021558
Kansas,6 Months - 17 Years,679106,2025-12-13,40.8419825292765
Kansas,6 Months - 17 Years,679106,2025-12-20,41.5312803218933
Kansas,6 Months - 17 Years,679106,2025-12-27,41.9651299104445
Kansas,6 Months - 17 Years,679106,2026-01-03,42.4458083465206
Kansas,6 Months - 17 Years,679106,2026-01-10,43.1775808651147
Kansas,6 Months - 17 Years,679106,2026-01-17,43.5530161758588
Kansas,6 Months - 17 Years,679106,2026-01-24,43.9638922089703
Kansas,6 Months - 17 Years,679106,2026-01-31,44.3147676055736
Kansas,6 Months - 17 Years,679106,2026-02-07,45.006637201218
Kansas,6 Months - 17 Years,679106,2026-02-14,45.23084055366
Kansas,6 Months - 17 Years,679106,2026-02-21,45.3591088210186
Kansas,6 Months - 17 Years,679106,2026-02-28,45.4255788997449
Kansas,6 Months - 17 Years,679106,2026-03-07,45.5442590957891
Kansas,6 Months - 17 Years,679106,2026-03-14,45.6137223833438
Kansas,6 Months - 17 Years,679106,2026-03-21,45.7051545479288
Kansas,6 Months - 17 Years,679106,2026-03-28,45.8197094583648
Kansas,6 Months - 17 Years,679106,2026-04-04,45.9797561662339
Kansas,6 Months - 17 Years,679106,2026-04-11,46.2732446463415
Kansas,6 Months - 17 Years,679106,2026-04-18,46.4281492472858
Kansas,6 Months - 17 Years,679106,2026-04-25,46.5889051685287
Kansas,6 Months - 17 Years,679106,2026-05-02,46.7240484478635
Kansas,6 Months - 17 Years,679106,2026-05-09,46.997311503042
Kansas,6 Months - 17 Years,679106,2026-05-16,47.0958182366631
Kansas,6 Months - 17 Years,679106,2026-05-23,47.1629194512827
Kansas,6 Months - 17 Years,679106,2026-05-30,47.2066054642309
Kansas,6 Months - 17 Years,679106,2026-06-06,47.2729181760626
Kansas,6 Months - 17 Years,679106,2026-06-13,47.2851360530771
Kansas,18-49 Years,1177590,2025-08-16,0.79997484159761
Kansas,18-49 Years,1177590,2025-08-23,0.79997484159761
Kansas,18-49 Years,1177590,2025-08-30,0.79997484159761
Kansas,18-49 Years,1177590,2025-09-06,0.79997484159761
Kansas,18-49 Years,1177590,2025-09-13,1.06435699848576
Kansas,18-49 Years,1177590,2025-09-20,1.20753671781687
Kansas,18-49 Years,1177590,2025-09-27,1.78461936046823
Kansas,18-49 Years,1177590,2025-10-04,3.41830065212055
Kansas,18-49 Years,1177590,2025-10-11,4.75615237572551
Kansas,18-49 Years,1177590,2025-10-18,6.67766066117116
Kansas,18-49 Years,1177590,2025-10-25,9.16797614121254
Kansas,18-49 Years,1177590,2025-11-01,12.2047355801637
Kansas,18-49 Years,1177590,2025-11-08,18.1257883892055
Kansas,18-49 Years,1177590,2025-11-15,20.5518747147886
Kansas,18-49 Years,1177590,2025-11-22,22.4966831371724
Kansas,18-49 Years,1177590,2025-11-29,24.0322095662528
Kansas,18-49 Years,1177590,2025-12-06,26.7243389543821
Kansas,18-49 Years,1177590,2025-12-13,27.7756760457552
Kansas,18-49 Years,1177590,2025-12-20,28.6237422617875
Kansas,18-49 Years,1177590,2025-12-27,29.309595847358
Kansas,18-49 Years,1177590,2026-01-03,30.0366528400844
Kansas,18-49 Years,1177590,2026-01-10,31.1324429633143
Kansas,18-49 Years,1177590,2026-01-17,31.5311787374204
Kansas,18-49 Years,1177590,2026-01-24,31.8664692743722
Kansas,18-49 Years,1177590,2026-01-31,32.1141455976609
Kansas,18-49 Years,1177590,2026-02-07,32.6668503425717
Kansas,18-49 Years,1177590,2026-02-14,32.9351271897012
Kansas,18-49 Years,1177590,2026-02-21,33.2051309622921
Kansas,18-49 Years,1177590,2026-02-28,33.4683043219487
Kansas,18-49 Years,1177590,2026-03-07,33.9534706081389
Kansas,18-49 Years,1177590,2026-03-14,34.1462924552716
Kansas,18-49 Years,1177590,2026-03-21,34.2944651577391
Kansas,18-49 Years,1177590,2026-03-28,34.4092823053997
Kansas,18-49 Years,1177590,2026-04-04,34.5574713485577
Kansas,18-49 Years,1177590,2026-04-11,34.8087702318327
Kansas,18-49 Years,1177590,2026-04-18,34.9685176274347
Kansas,18-49 Years,1177590,2026-04-25,35.1639523913488
Kansas,18-49 Years,1177590,2026-05-02,35.3518950137459
Kansas,18-49 Years,1177590,2026-05-09,35.7462085135454
Kansas,18-49 Years,1177590,2026-05-16,35.9037834452991
Kansas,18-49 Years,1177590,2026-05-23,36.0220616376161
Kansas,18-49 Years,1177590,2026-05-30,36.1073372109044
Kansas,18-49 Years,1177590,2026-06-06,36.2413777906716
Kansas,18-49 Years,1177590,2026-06-13,36.2691504238646
Kansas,50-64 Years,528417,2025-08-16,1.1178024684455
Kansas,50-64 Years,528417,2025-08-23,1.1178024684455
Kansas,50-64 Years,528417,2025-08-30,1.1178024684455
Kansas,50-64 Years,528417,2025-09-06,1.1178024684455
Kansas,50-64 Years,528417,2025-09-13,1.46362758232501
Kansas,50-64 Years,528417,2025-09-20,1.61608086376954
Kansas,50-64 Years,528417,2025-09-27,2.2136822295781
Kansas,50-64 Years,528417,2025-10-04,3.92662800147225
Kansas,50-64 Years,528417,2025-10-11,5.44578722932771
Kansas,50-64 Years,528417,2025-10-18,7.78327440265582
Kansas,50-64 Years,528417,2025-10-25,10.9343514133799
Kansas,50-64 Years,528417,2025-11-01,14.8084374974605
Kansas,50-64 Years,528417,2025-11-08,22.3648899535533
Kansas,50-64 Years,528417,2025-11-15,25.3808349420595
Kansas,50-64 Years,528417,2025-11-22,27.7000944585318
Kansas,50-64 Years,528417,2025-11-29,29.4427332665152
Kansas,50-64 Years,528417,2025-12-06,32.4221207725937
Kansas,50-64 Years,528417,2025-12-13,33.5047665060367
Kansas,50-64 Years,528417,2025-12-20,34.3066999653006
Kansas,50-64 Years,528417,2025-12-27,34.9135451171251
Kansas,50-64 Years,528417,2026-01-03,35.6711067098238
Kansas,50-64 Years,528417,2026-01-10,36.9280940821259
Kansas,50-64 Years,528417,2026-01-17,37.6936839092905
Kansas,50-64 Years,528417,2026-01-24,38.6105831355269
Kansas,50-64 Years,528417,2026-01-31,39.4693638081903
Kansas,50-64 Years,528417,2026-02-07,41.2202771436678
Kansas,50-64 Years,528417,2026-02-14,41.8545991620404
Kansas,50-64 Years,528417,2026-02-21,42.2707208039526
Kansas,50-64 Years,528417,2026-02-28,42.5238846447538
Kansas,50-64 Years,528417,2026-03-07,42.9275275174212
Kansas,50-64 Years,528417,2026-03-14,43.064478140297
Kansas,50-64 Years,528417,2026-03-21,43.1646664550915
Kansas,50-64 Years,528417,2026-03-28,43.2414781132831
Kansas,50-64 Years,528417,2026-04-04,43.3428928672271
Kansas,50-64 Years,528417,2026-04-11,43.5170780890882
Kansas,50-64 Years,528417,2026-04-18,43.6384248284205
Kansas,50-64 Years,528417,2026-04-25,43.7907288924154
Kansas,50-64 Years,528417,2026-05-02,43.9309207924039
Kansas,50-64 Years,528417,2026-05-09,44.195508602361
Kansas,50-64 Years,528417,2026-05-16,44.2696191658071
Kansas,50-64 Years,528417,2026-05-23,44.2975927340051
Kansas,50-64 Years,528417,2026-05-30,44.2991975780017
Kansas,50-64 Years,528417,2026-06-06,44.3
Kansas,50-64 Years,528417,2026-06-13,44.3
Kansas,65+ Years,488316,2025-08-16,2.02937128808054
Kansas,65+ Years,488316,2025-08-23,2.02937128808054
Kansas,65+ Years,488316,2025-08-30,2.02937128808054
Kansas,65+ Years,488316,2025-09-06,2.02937128808054
Kansas,65+ Years,488316,2025-09-13,2.88168191620793
Kansas,65+ Years,488316,2025-09-20,3.63152077529364
Kansas,65+ Years,488316,2025-09-27,5.24788109426808
Kansas,65+ Years,488316,2025-10-04,9.44711377586918
Kansas,65+ Years,488316,2025-10-11,12.5273266375237
Kansas,65+ Years,488316,2025-10-18,16.6214044911151
Kansas,65+ Years,488316,2025-10-25,21.6362584092485
Kansas,65+ Years,488316,2025-11-01,27.5527387040171
Kansas,65+ Years,488316,2025-11-08,38.6981723641795
Kansas,65+ Years,488316,2025-11-15,43.031847230577
Kansas,65+ Years,488316,2025-11-22,46.3586737100263
Kansas,65+ Years,488316,2025-11-29,48.8708875170154
Kansas,65+ Years,488316,2025-12-06,53.1945869760482
Kansas,65+ Years,488316,2025-12-13,54.8249056333235
Kansas,65+ Years,488316,2025-12-20,56.1028853086765
Kansas,65+ Years,488316,2025-12-27,57.1189177979043
Kansas,65+ Years,488316,2026-01-03,58.2527167376343
Kansas,65+ Years,488316,2026-01-10,60.0141591308944
Kansas,65+ Years,488316,2026-01-17,60.7794611255889
Kansas,65+ Years,488316,2026-01-24,61.5233772081067
Kansas,65+ Years,488316,2026-01-31,62.1305825118678
Kansas,65+ Years,488316,2026-02-07,63.4357392087507
Kansas,65+ Years,488316,2026-02-14,63.9984774336353
Kansas,65+ Years,488316,2026-02-21,64.4891815372223
Kansas,65+ Years,488316,2026-02-28,64.9101209099422
Kansas,65+ Years,488316,2026-03-07,65.6485044348088
Kansas,65+ Years,488316,2026-03-14,65.9276274960049
Kansas,65+ Years,488316,2026-03-21,66.1401606836811
Kansas,65+ Years,488316,2026-03-28,66.3028536192157
Kansas,65+ Years,488316,2026-04-04,66.4849566811783
Kansas,65+ Years,488316,2026-04-11,66.7666150508532
Kansas,65+ Years,488316,2026-04-18,66.8878905720488
Kansas,65+ Years,488316,2026-04-25,67.0084888770689
Kansas,65+ Years,488316,2026-05-02,67.1198517724976
Kansas,65+ Years,488316,2026-05-09,67.4091150458367
Kansas,65+ Years,488316,2026-05-16,67.6105836092948
Kansas,65+ Years,488316,2026-05-23,67.8803077239738
Kansas,65+ Years,488316,2026-05-30,68.2254462071224
Kansas,65+ Years,488316,2026-06-06,69.0205569924951
Kansas,65+ Years,488316,2026-06-13,69.4879245846393
Kentucky,6 Months - 4 Years,243832,2025-08-16,5.88124191867627
Kentucky,6 Months - 4 Years,243832,2025-08-23,5.88124191867627
Kentucky,6 Months - 4 Years,243832,2025-08-30,5.88124191867627
Kentucky,6 Months - 4 Years,243832,2025-09-06,5.88124191867627
Kentucky,6 Months - 4 Years,243832,2025-09-13,8.12568128293531
Kentucky,6 Months - 4 Years,243832,2025-09-20,9.79139754644813
Kentucky,6 Months - 4 Years,243832,2025-09-27,11.6833059426355
Kentucky,6 Months - 4 Years,243832,2025-10-04,15.7688372223667
Kentucky,6 Months - 4 Years,243832,2025-10-11,18.1085773164167
Kentucky,6 Months - 4 Years,243832,2025-10-18,20.7297160409214
Kentucky,6 Months - 4 Years,243832,2025-10-25,23.5968795756708
Kentucky,6 Months - 4 Years,243832,2025-11-01,26.8986787469003
Kentucky,6 Months - 4 Years,243832,2025-11-08,33.1619365463141
Kentucky,6 Months - 4 Years,243832,2025-11-15,35.9212594123903
Kentucky,6 Months - 4 Years,243832,2025-11-22,38.4428568150174
Kentucky,6 Months - 4 Years,243832,2025-11-29,40.725918904177
Kentucky,6 Months - 4 Years,243832,2025-12-06,44.9609739748037
Kentucky,6 Months - 4 Years,243832,2025-12-13,46.7901860418131
Kentucky,6 Months - 4 Years,243832,2025-12-20,48.3924605696378
Kentucky,6 Months - 4 Years,243832,2025-12-27,49.7870489835938
Kentucky,6 Months - 4 Years,243832,2026-01-03,51.2940661943957
Kentucky,6 Months - 4 Years,243832,2026-01-10,53.6178233440065
Kentucky,6 Months - 4 Years,243832,2026-01-17,54.4587418725879
Kentucky,6 Months - 4 Years,243832,2026-01-24,55.1475452281426
Kentucky,6 Months - 4 Years,243832,2026-01-31,55.643680545408
Kentucky,6 Months - 4 Years,243832,2026-02-07,56.7395125903559
Kentucky,6 Months - 4 Years,243832,2026-02-14,57.2558100784019
Kentucky,6 Months - 4 Years,243832,2026-02-21,57.7630515593232
Kentucky,6 Months - 4 Years,243832,2026-02-28,58.2497529555946
Kentucky,6 Months - 4 Years,243832,2026-03-07,59.1483109009511
Kentucky,6 Months - 4 Years,243832,2026-03-14,59.5219549750373
Kentucky,6 Months - 4 Years,243832,2026-03-21,59.8315421916055
Kentucky,6 Months - 4 Years,243832,2026-03-28,60.0843546301555
Kentucky,6 Months - 4 Years,243832,2026-04-04,60.3433771588987
Kentucky,6 Months - 4 Years,243832,2026-04-11,60.7258176430743
Kentucky,6 Months - 4 Years,243832,2026-04-18,60.8442608835715
Kentucky,6 Months - 4 Years,243832,2026-04-25,60.9291770914925
Kentucky,6 Months - 4 Years,243832,2026-05-02,60.9899058071523
Kentucky,6 Months - 4 Years,243832,2026-05-09,61.1662503242811
Kentucky,6 Months - 4 Years,243832,2026-05-16,61.3322881204497
Kentucky,6 Months - 4 Years,243832,2026-05-23,61.6048654346895
Kentucky,6 Months - 4 Years,243832,2026-05-30,62.0008009813562
Kentucky,6 Months - 4 Years,243832,2026-06-06,62.9650454072541
Kentucky,6 Months - 4 Years,243832,2026-06-13,63.5517999701564
Kentucky,5-12 Years,445679,2025-08-16,4.77509364937706
Kentucky,5-12 Years,445679,2025-08-23,4.77509364937706
Kentucky,5-12 Years,445679,2025-08-30,4.77509364937706
Kentucky,5-12 Years,445679,2025-09-06,4.77509364937706
Kentucky,5-12 Years,445679,2025-09-13,6.25869070080596
Kentucky,5-12 Years,445679,2025-09-20,6.88839515069152
Kentucky,5-12 Years,445679,2025-09-27,8.11818553354592
Kentucky,5-12 Years,445679,2025-10-04,11.2553987010814
Kentucky,5-12 Years,445679,2025-10-11,13.5098994148042
Kentucky,5-12 Years,445679,2025-10-18,16.4692198430365
Kentucky,5-12 Years,445679,2025-10-25,20.0671094183483
Kentucky,5-12 Years,445679,2025-11-01,24.3059578081597
Kentucky,5-12 Years,445679,2025-11-08,32.3145401334328
Kentucky,5-12 Years,445679,2025-11-15,35.4985565975765
Kentucky,5-12 Years,445679,2025-11-22,38.0132422291634
Kentucky,5-12 Years,445679,2025-11-29,39.9358755787333
Kentucky,5-12 Years,445679,2025-12-06,43.1123649220761
Kentucky,5-12 Years,445679,2025-12-13,44.1532827980501
Kentucky,5-12 Years,445679,2025-12-20,44.8223104007298
Kentucky,5-12 Years,445679,2025-12-27,45.2299257349158
Kentucky,5-12 Years,445679,2026-01-03,45.6080334689061
Kentucky,5-12 Years,445679,2026-01-10,46.1095340702616
Kentucky,5-12 Years,445679,2026-01-17,46.2464742008148
Kentucky,5-12 Years,445679,2026-01-24,46.3375292006597
Kentucky,5-12 Years,445679,2026-01-31,46.3956302898671
Kentucky,5-12 Years,445679,2026-02-07,46.5457591984326
Kentucky,5-12 Years,445679,2026-02-14,46.6596618921792
Kentucky,5-12 Years,445679,2026-02-21,46.8198481491218
Kentucky,5-12 Years,445679,2026-02-28,47.0124825784613
Kentucky,5-12 Years,445679,2026-03-07,47.3908275890309
Kentucky,5-12 Years,445679,2026-03-14,47.5396843798494
Kentucky,5-12 Years,445679,2026-03-21,47.6383347105016
Kentucky,5-12 Years,445679,2026-03-28,47.6980731678505
Kentucky,5-12 Years,445679,2026-04-04,47.7838696977222
Kentucky,5-12 Years,445679,2026-04-11,47.9374477553063
Kentucky,5-12 Years,445679,2026-04-18,48.0803197495632
Kentucky,5-12 Years,445679,2026-04-25,48.3006032666709
Kentucky,5-12 Years,445679,2026-05-02,48.5742611591481
Kentucky,5-12 Years,445679,2026-05-09,49.2346899757971
Kentucky,5-12 Years,445679,2026-05-16,49.6018142596924
Kentucky,5-12 Years,445679,2026-05-23,49.9848398770785
Kentucky,5-12 Years,445679,2026-05-30,50.3868119021814
Kentucky,5-12 Years,445679,2026-06-06,51.2327443192929
Kentucky,5-12 Years,445679,2026-06-13,51.6888054205466
Kentucky,13-17 Years,286150,2025-08-16,0.612008401262406
Kentucky,13-17 Years,286150,2025-08-23,0.612008401262406
Kentucky,13-17 Years,286150,2025-08-30,0.612008401262406
Kentucky,13-17 Years,286150,2025-09-06,0.612008401262406
Kentucky,13-17 Years,286150,2025-09-13,1.41966203581275
Kentucky,13-17 Years,286150,2025-09-20,2.71636321521493
Kentucky,13-17 Years,286150,2025-09-27,4.52890953712199
Kentucky,13-17 Years,286150,2025-10-04,8.50724606044878
Kentucky,13-17 Years,286150,2025-10-11,10.9081438795558
Kentucky,13-17 Years,286150,2025-10-18,13.7363189396904
Kentucky,13-17 Years,286150,2025-10-25,16.8900216439585
Kentucky,13-17 Years,286150,2025-11-01,20.3832536946172
Kentucky,13-17 Years,286150,2025-11-08,26.4969891443218
Kentucky,13-17 Years,286150,2025-11-15,28.5854301579737
Kentucky,13-17 Years,286150,2025-11-22,30.0071080799625
Kentucky,13-17 Years,286150,2025-11-29,30.9491715007922
Kentucky,13-17 Years,286150,2025-12-06,32.5107007410193
Kentucky,13-17 Years,286150,2025-12-13,33.0713567326527
Kentucky,13-17 Years,286150,2025-12-20,33.5023622896649
Kentucky,13-17 Years,286150,2025-12-27,33.8436751986545
Kentucky,13-17 Years,286150,2026-01-03,34.2391997599889
Kentucky,13-17 Years,286150,2026-01-10,34.86896943317
Kentucky,13-17 Years,286150,2026-01-17,35.1849342063254
Kentucky,13-17 Years,286150,2026-01-24,35.5188564982509
Kentucky,13-17 Years,286150,2026-01-31,35.7901335465358
Kentucky,13-17 Years,286150,2026-02-07,36.2980189664766
Kentucky,13-17 Years,286150,2026-02-14,36.4363951895173
Kentucky,13-17 Years,286150,2026-02-21,36.4915674349483
Kentucky,13-17 Years,286150,2026-02-28,36.4971891449828
Kentucky,13-17 Years,286150,2026-03-07,36.5078849316908
Kentucky,13-17 Years,286150,2026-03-14,36.5568930213823
Kentucky,13-17 Years,286150,2026-03-21,36.6713638347152
Kentucky,13-17 Years,286150,2026-03-28,36.8453761203048
Kentucky,13-17 Years,286150,2026-04-04,37.0427478097412
Kentucky,13-17 Years,286150,2026-04-11,37.3884830989225
Kentucky,13-17 Years,286150,2026-04-18,37.4740122855896
Kentucky,13-17 Years,286150,2026-04-25,37.5
Kentucky,13-17 Years,286150,2026-05-02,37.5
Kentucky,13-17 Years,286150,2026-05-09,37.5
Kentucky,13-17 Years,286150,2026-05-16,37.5
Kentucky,13-17 Years,286150,2026-05-23,37.5
Kentucky,13-17 Years,286150,2026-05-30,37.5
Kentucky,13-17 Years,286150,2026-06-06,37.5
Kentucky,13-17 Years,286150,2026-06-13,37.5
Kentucky,6 Months - 17 Years,975662,2025-08-16,4.77129962166671
Kentucky,6 Months - 17 Years,975662,2025-08-23,4.77129962166671
Kentucky,6 Months - 17 Years,975662,2025-08-30,4.77129962166671
Kentucky,6 Months - 17 Years,975662,2025-09-06,4.77129962166671
Kentucky,6 Months - 17 Years,975662,2025-09-13,6.33803012963241
Kentucky,6 Months - 17 Years,975662,2025-09-20,7.1491041174066
Kentucky,6 Months - 17 Years,975662,2025-09-27,8.44804683589414
Kentucky,6 Months - 17 Years,975662,2025-10-04,11.616360471481
Kentucky,6 Months - 17 Years,975662,2025-10-11,13.7832079425881
Kentucky,6 Months - 17 Years,975662,2025-10-18,16.5429533143929
Kentucky,6 Months - 17 Years,975662,2025-10-25,19.8288087627652
Kentucky,6 Months - 17 Years,975662,2025-11-01,23.6623092039555
Kentucky,6 Months - 17 Years,975662,2025-11-08,30.8355304527442
Kentucky,6 Months - 17 Years,975662,2025-11-15,33.6512565180401
Kentucky,6 Months - 17 Years,975662,2025-11-22,35.8614996559108
Kentucky,6 Months - 17 Years,975662,2025-11-29,37.5637709382927
Kentucky,6 Months - 17 Years,975662,2025-12-06,40.4698068867676
Kentucky,6 Months - 17 Years,975662,2025-12-13,41.5324305572072
Kentucky,6 Months - 17 Years,975662,2025-12-20,42.3311136304004
Kentucky,6 Months - 17 Years,975662,2025-12-27,42.9312039125538
Kentucky,6 Months - 17 Years,975662,2026-01-03,43.5519684629779
Kentucky,6 Months - 17 Years,975662,2026-01-10,44.4647717856291
Kentucky,6 Months - 17 Years,975662,2026-01-17,44.7909866054064
Kentucky,6 Months - 17 Years,975662,2026-01-24,45.0650175031401
Kentucky,6 Months - 17 Years,975662,2026-01-31,45.2663854329231
Kentucky,6 Months - 17 Years,975662,2026-02-07,45.7116850217902
Kentucky,6 Months - 17 Years,975662,2026-02-14,45.9208525574401
Kentucky,6 Months - 17 Years,975662,2026-02-21,46.1261278733463
Kentucky,6 Months - 17 Years,975662,2026-02-28,46.3254307289631
Kentucky,6 Months - 17 Years,975662,2026-03-07,46.7032065031026
Kentucky,6 Months - 17 Years,975662,2026-03-14,46.8684682765098
Kentucky,6 Months - 17 Years,975662,2026-03-21,47.0129712986529
Kentucky,6 Months - 17 Years,975662,2026-03-28,47.1418908452421
Kentucky,6 Months - 17 Years,975662,2026-04-04,47.3050619605204
Kentucky,6 Months - 17 Years,975662,2026-04-11,47.5802234474083
Kentucky,6 Months - 17 Years,975662,2026-04-18,47.7252553401126
Kentucky,6 Months - 17 Years,975662,2026-04-25,47.8883302967891
Kentucky,6 Months - 17 Years,975662,2026-05-02,48.0519477389396
Kentucky,6 Months - 17 Years,975662,2026-05-09,48.4549208976543
Kentucky,6 Months - 17 Years,975662,2026-05-16,48.6961033815747
Kentucky,6 Months - 17 Years,975662,2026-05-23,48.9768841487302
Kentucky,6 Months - 17 Years,975662,2026-05-30,49.3000401945008
Kentucky,6 Months - 17 Years,975662,2026-06-06,50.0074314538136
Kentucky,6 Months - 17 Years,975662,2026-06-13,50.4054570085383
Kentucky,18-49 Years,1812449,2025-08-16,0.918360740613159
Kentucky,18-49 Years,1812449,2025-08-23,0.918360740613159
Kentucky,18-49 Years,1812449,2025-08-30,0.918360740613159
Kentucky,18-49 Years,1812449,2025-09-06,0.918360740613159
Kentucky,18-49 Years,1812449,2025-09-13,1.32197104110922
Kentucky,18-49 Years,1812449,2025-09-20,1.69985995644539
Kentucky,18-49 Years,1812449,2025-09-27,2.37791850002793
Kentucky,18-49 Years,1812449,2025-10-04,4.07750172189609
Kentucky,18-49 Years,1812449,2025-10-11,5.27866529624085
Kentucky,18-49 Years,1812449,2025-10-18,6.8407079818646
Kentucky,18-49 Years,1812449,2025-10-25,8.72510141092003
Kentucky,18-49 Years,1812449,2025-11-01,10.9306970858764
Kentucky,18-49 Years,1812449,2025-11-08,15.0540029982892
Kentucky,18-49 Years,1812449,2025-11-15,16.6432003957561
Kentucky,18-49 Years,1812449,2025-11-22,17.8579629122113
Kentucky,18-49 Years,1812449,2025-11-29,18.7742058046722
Kentucky,18-49 Years,1812449,2025-12-06,20.3586270968976
Kentucky,18-49 Years,1812449,2025-12-13,20.962373809508
Kentucky,18-49 Years,1812449,2025-12-20,21.4413250282098
Kentucky,18-49 Years,1812449,2025-12-27,21.8310385710652
Kentucky,18-49 Years,1812449,2026-01-03,22.2955315520774
Kentucky,18-49 Years,1812449,2026-01-10,23.0463805048826
Kentucky,18-49 Years,1812449,2026-01-17,23.4219305463292
Kentucky,18-49 Years,1812449,2026-01-24,23.8290588434549
Kentucky,18-49 Years,1812449,2026-01-31,24.209453216607
Kentucky,18-49 Years,1812449,2026-02-07,25.0999567094265
Kentucky,18-49 Years,1812449,2026-02-14,25.5859598801801
Kentucky,18-49 Years,1812449,2026-02-21,26.1017898587203
Kentucky,18-49 Years,1812449,2026-02-28,26.6135933489631
Kentucky,18-49 Years,1812449,2026-03-07,27.5385510471227
Kentucky,18-49 Years,1812449,2026-03-14,27.8725223324698
Kentucky,18-49 Years,1812449,2026-03-21,28.0885755839225
Kentucky,18-49 Years,1812449,2026-03-28,28.217271145849
Kentucky,18-49 Years,1812449,2026-04-04,28.3678959527644
Kentucky,18-49 Years,1812449,2026-04-11,28.6049762843567
Kentucky,18-49 Years,1812449,2026-04-18,28.7473248994836
Kentucky,18-49 Years,1812449,2026-04-25,28.9201448456721
Kentucky,18-49 Years,1812449,2026-05-02,29.0888490904127
Kentucky,18-49 Years,1812449,2026-05-09,29.4570998720505
Kentucky,18-49 Years,1812449,2026-05-16,29.6198015342357
Kentucky,18-49 Years,1812449,2026-05-23,29.758259355101
Kentucky,18-49 Years,1812449,2026-05-30,29.8750844950087
Kentucky,18-49 Years,1812449,2026-06-06,30.0845636277104
Kentucky,18-49 Years,1812449,2026-06-13,30.1664413909084
Kentucky,50-64 Years,875025,2025-08-16,1.20545919509074
Kentucky,50-64 Years,875025,2025-08-23,1.20545919509074
Kentucky,50-64 Years,875025,2025-08-30,1.20545919509074
Kentucky,50-64 Years,875025,2025-09-06,1.20545919509074
Kentucky,50-64 Years,875025,2025-09-13,1.63353080299147
Kentucky,50-64 Years,875025,2025-09-20,1.90894947398816
Kentucky,50-64 Years,875025,2025-09-27,2.81875575941738
Kentucky,50-64 Years,875025,2025-10-04,5.32209222187486
Kentucky,50-64 Years,875025,2025-10-11,7.26404540456745
Kentucky,50-64 Years,875025,2025-10-18,9.92847875416792
Kentucky,50-64 Years,875025,2025-10-25,13.2601263282394
Kentucky,50-64 Years,875025,2025-11-01,17.2251273246966
Kentucky,50-64 Years,875025,2025-11-08,24.7410698236063
Kentucky,50-64 Years,875025,2025-11-15,27.6600722680026
Kentucky,50-64 Years,875025,2025-11-22,29.8793226448554
Kentucky,50-64 Years,875025,2025-11-29,31.5361275991516
Kentucky,50-64 Years,875025,2025-12-06,34.3828653162055
Kentucky,50-64 Years,875025,2025-12-13,35.4570861859655
Kentucky,50-64 Years,875025,2025-12-20,36.3023321819608
Kentucky,50-64 Years,875025,2025-12-27,36.9762906131236
Kentucky,50-64 Years,875025,2026-01-03,37.7188339302272
Kentucky,50-64 Years,875025,2026-01-10,38.8628676274473
Kentucky,50-64 Years,875025,2026-01-17,39.3375931429327
Kentucky,50-64 Years,875025,2026-01-24,39.784732184903
Kentucky,50-64 Years,875025,2026-01-31,40.1466416777902
Kentucky,50-64 Years,875025,2026-02-07,40.9528968315565
Kentucky,50-64 Years,875025,2026-02-14,41.3419554801566
Kentucky,50-64 Years,875025,2026-02-21,41.7226700362695
Kentucky,50-64 Years,875025,2026-02-28,42.0781275204447
Kentucky,50-64 Years,875025,2026-03-07,42.7020418090481
Kentucky,50-64 Years,875025,2026-03-14,42.9222266994009
Kentucky,50-64 Years,875025,2026-03-21,43.0671253990975
Kentucky,50-64 Years,875025,2026-03-28,43.1565593294542
Kentucky,50-64 Years,875025,2026-04-04,43.251392143304
Kentucky,50-64 Years,875025,2026-04-11,43.3915313394826
Kentucky,50-64 Years,875025,2026-04-18,43.4564246184671
Kentucky,50-64 Years,875025,2026-04-25,43.5223507111726
Kentucky,50-64 Years,875025,2026-05-02,43.5730959483156
Kentucky,50-64 Years,875025,2026-05-09,43.6665421606932
Kentucky,50-64 Years,875025,2026-05-16,43.6905699061683
Kentucky,50-64 Years,875025,2026-05-23,43.6992736994309
Kentucky,50-64 Years,875025,2026-05-30,43.6997578998103
Kentucky,50-64 Years,875025,2026-06-06,43.7
Kentucky,50-64 Years,875025,2026-06-13,43.7
Kentucky,65+ Years,770835,2025-08-16,1.11216689244494
Kentucky,65+ Years,770835,2025-08-23,1.11216689244494
Kentucky,65+ Years,770835,2025-08-30,1.11216689244494
Kentucky,65+ Years,770835,2025-09-06,1.11216689244494
Kentucky,65+ Years,770835,2025-09-13,2.0728212668512
Kentucky,65+ Years,770835,2025-09-20,3.55215660544876
Kentucky,65+ Years,770835,2025-09-27,5.75786797144661
Kentucky,65+ Years,770835,2025-10-04,11.0336528550349
Kentucky,65+ Years,770835,2025-10-11,14.5667212458886
Kentucky,65+ Years,770835,2025-10-18,19.010269897332
Kentucky,65+ Years,770835,2025-10-25,24.2469000642073
Kentucky,65+ Years,770835,2025-11-01,30.3086621085235
Kentucky,65+ Years,770835,2025-11-08,41.5530757417684
Kentucky,65+ Years,770835,2025-11-15,45.9093230676679
Kentucky,65+ Years,770835,2025-11-22,49.2906958897539
Kentucky,65+ Years,770835,2025-11-29,51.8480519743266
Kentucky,65+ Years,770835,2025-12-06,56.1100025575111
Kentucky,65+ Years,770835,2025-12-13,57.5559762623638
Kentucky,65+ Years,770835,2025-12-20,58.5395588280929
Kentucky,65+ Years,770835,2025-12-27,59.1978420306429
Kentucky,65+ Years,770835,2026-01-03,59.882483264986
Kentucky,65+ Years,770835,2026-01-10,60.8811986686832
Kentucky,65+ Years,770835,2026-01-17,61.2749549120894
Kentucky,65+ Years,770835,2026-01-24,61.6405135186641
Kentucky,65+ Years,770835,2026-01-31,61.9356412966245
Kentucky,65+ Years,770835,2026-02-07,62.6074711194112
Kentucky,65+ Years,770835,2026-02-14,62.9469347493248
Kentucky,65+ Years,770835,2026-02-21,63.2972011289998
Kentucky,65+ Years,770835,2026-02-28,63.6508326059382
Kentucky,65+ Years,770835,2026-03-07,64.3356720662311
Kentucky,65+ Years,770835,2026-03-14,64.6451370182481
Kentucky,65+ Years,770835,2026-03-21,64.9209204086436
Kentucky,65+ Years,770835,2026-03-28,65.1676722518645
Kentucky,65+ Years,770835,2026-04-04,65.4657959828234
Kentucky,65+ Years,770835,2026-04-11,65.9590123953793
Kentucky,65+ Years,770835,2026-04-18,66.1996159210956
Kentucky,65+ Years,770835,2026-04-25,66.4453203919162
Kentucky,65+ Years,770835,2026-05-02,66.6463956441659
Kentucky,65+ Years,770835,2026-05-09,67.0511072964146
Kentucky,65+ Years,770835,2026-05-16,67.1954890894932
Kentucky,65+ Years,770835,2026-05-23,67.2945375350812
Kentucky,65+ Years,770835,2026-05-30,67.3599609823987
Kentucky,65+ Years,770835,2026-06-06,67.4593772640939
Kentucky,65+ Years,770835,2026-06-13,67.4777040796157
Louisiana,6 Months - 4 Years,267338,2025-08-16,5.24862942678195
Louisiana,6 Months - 4 Years,267338,2025-08-23,5.24862942678195
Louisiana,6 Months - 4 Years,267338,2025-08-30,5.24862942678195
Louisiana,6 Months - 4 Years,267338,2025-09-06,5.24862942678195
Louisiana,6 Months - 4 Years,267338,2025-09-13,7.02441878780172
Louisiana,6 Months - 4 Years,267338,2025-09-20,8.02787383219988
Louisiana,6 Months - 4 Years,267338,2025-09-27,9.41367077096508
Louisiana,6 Months - 4 Years,267338,2025-10-04,12.6506556865479
Louisiana,6 Months - 4 Years,267338,2025-10-11,14.7518709931202
Louisiana,6 Months - 4 Years,267338,2025-10-18,17.3401831235597
Louisiana,6 Months - 4 Years,267338,2025-10-25,20.3486788405386
Louisiana,6 Months - 4 Years,267338,2025-11-01,23.8173445111984
Louisiana,6 Months - 4 Years,267338,2025-11-08,30.2248800935901
Louisiana,6 Months - 4 Years,267338,2025-11-15,32.6861221449807
Louisiana,6 Months - 4 Years,267338,2025-11-22,34.5894736996639
Louisiana,6 Months - 4 Years,267338,2025-11-29,36.0644430873715
Louisiana,6 Months - 4 Years,267338,2025-12-06,38.717118916248
Louisiana,6 Months - 4 Years,267338,2025-12-13,39.8776225797804
Louisiana,6 Months - 4 Years,267338,2025-12-20,40.957036050582
Louisiana,6 Months - 4 Years,267338,2025-12-27,41.9510570385319
Louisiana,6 Months - 4 Years,267338,2026-01-03,42.9939321927511
Louisiana,6 Months - 4 Years,267338,2026-01-10,44.581421198003
Louisiana,6 Months - 4 Years,267338,2026-01-17,45.0760919201496
Louisiana,6 Months - 4 Years,267338,2026-01-24,45.4193857718573
Louisiana,6 Months - 4 Years,267338,2026-01-31,45.6416581325817
Louisiana,6 Months - 4 Years,267338,2026-02-07,46.1768031583512
Louisiana,6 Months - 4 Years,267338,2026-02-14,46.4947115994592
Louisiana,6 Months - 4 Years,267338,2026-02-21,46.8866013113955
Louisiana,6 Months - 4 Years,267338,2026-02-28,47.3559191956518
Louisiana,6 Months - 4 Years,267338,2026-03-07,48.4031016754292
Louisiana,6 Months - 4 Years,267338,2026-03-14,49.06869761709
Louisiana,6 Months - 4 Years,267338,2026-03-21,49.8633864412136
Louisiana,6 Months - 4 Years,267338,2026-03-28,50.7237813668912
Louisiana,6 Months - 4 Years,267338,2026-04-04,51.588661719603
Louisiana,6 Months - 4 Years,267338,2026-04-11,52.9224157804531
Louisiana,6 Months - 4 Years,267338,2026-04-18,53.2148454684926
Louisiana,6 Months - 4 Years,267338,2026-04-25,53.3
Louisiana,6 Months - 4 Years,267338,2026-05-02,53.3
Louisiana,6 Months - 4 Years,267338,2026-05-09,53.3330705554709
Louisiana,6 Months - 4 Years,267338,2026-05-16,53.4500771770108
Louisiana,6 Months - 4 Years,267338,2026-05-23,53.7183761626765
Louisiana,6 Months - 4 Years,267338,2026-05-30,54.1739156561201
Louisiana,6 Months - 4 Years,267338,2026-06-06,55.3561301108102
Louisiana,6 Months - 4 Years,267338,2026-06-13,56.0954498855689
Louisiana,5-12 Years,483548,2025-08-16,6.87059940388848
Louisiana,5-12 Years,483548,2025-08-23,6.87059940388848
Louisiana,5-12 Years,483548,2025-08-30,6.87059940388848
Louisiana,5-12 Years,483548,2025-09-06,6.87059940388848
Louisiana,5-12 Years,483548,2025-09-13,8.94940196703569
Louisiana,5-12 Years,483548,2025-09-20,9.73207151430839
Louisiana,5-12 Years,483548,2025-09-27,10.898184601865
Louisiana,5-12 Years,483548,2025-10-04,13.6862965191621
Louisiana,5-12 Years,483548,2025-10-11,15.5372981335657
Louisiana,5-12 Years,483548,2025-10-18,17.8459423761842
Louisiana,5-12 Years,483548,2025-10-25,20.5650761363216
Louisiana,5-12 Years,483548,2025-11-01,23.749116179755
Louisiana,5-12 Years,483548,2025-11-08,29.7740291177248
Louisiana,5-12 Years,483548,2025-11-15,32.2403210745006
Louisiana,5-12 Years,483548,2025-11-22,34.2777857048186
Louisiana,5-12 Years,483548,2025-11-29,35.9353378783261
Louisiana,5-12 Years,483548,2025-12-06,38.8320160677516
Louisiana,5-12 Years,483548,2025-12-13,39.9358825865717
Louisiana,5-12 Years,483548,2025-12-20,40.7942342183708
Louisiana,5-12 Years,483548,2025-12-27,41.4625246669363
Louisiana,5-12 Years,483548,2026-01-03,42.1774588876425
Louisiana,5-12 Years,483548,2026-01-10,43.2576944342432
Louisiana,5-12 Years,483548,2026-01-17,43.6783754670852
Louisiana,5-12 Years,483548,2026-01-24,44.0544027784758
Louisiana,5-12 Years,483548,2026-01-31,44.3394669780058
Louisiana,5-12 Years,483548,2026-02-07,44.9457294642786
Louisiana,5-12 Years,483548,2026-02-14,45.2016777287382
Louisiana,5-12 Years,483548,2026-02-21,45.4246651307526
Louisiana,5-12 Years,483548,2026-02-28,45.6156450951244
Louisiana,5-12 Years,483548,2026-03-07,45.9451412824163
Louisiana,5-12 Years,483548,2026-03-14,46.0609989775194
Louisiana,5-12 Years,483548,2026-03-21,46.1400834198626
Louisiana,5-12 Years,483548,2026-03-28,46.194997015419
Louisiana,5-12 Years,483548,2026-04-04,46.3206824256766
Louisiana,5-12 Years,483548,2026-04-11,46.5998214928769
Louisiana,5-12 Years,483548,2026-04-18,47.0053768006005
Louisiana,5-12 Years,483548,2026-04-25,47.6636033283936
Louisiana,5-12 Years,483548,2026-05-02,48.406821842868
Louisiana,5-12 Years,483548,2026-05-09,49.8694981492541
Louisiana,5-12 Years,483548,2026-05-16,50.3391078848685
Louisiana,5-12 Years,483548,2026-05-23,50.5539950211133
Louisiana,5-12 Years,483548,2026-05-30,50.6071943133727
Louisiana,5-12 Years,483548,2026-06-06,50.676277603591
Louisiana,5-12 Years,483548,2026-06-13,50.6880503289417
Louisiana,13-17 Years,301827,2025-08-16,5.31304833799094
Louisiana,13-17 Years,301827,2025-08-23,5.31304833799094
Louisiana,13-17 Years,301827,2025-08-30,5.31304833799094
Louisiana,13-17 Years,301827,2025-09-06,5.31304833799094
Louisiana,13-17 Years,301827,2025-09-13,6.93586738897681
Louisiana,13-17 Years,301827,2025-09-20,7.57327587290098
Louisiana,13-17 Years,301827,2025-09-27,8.44584535032201
Louisiana,13-17 Years,301827,2025-10-04,10.4779358731838
Louisiana,13-17 Years,301827,2025-10-11,11.7874924307044
Louisiana,13-17 Years,301827,2025-10-18,13.3909274410948
Louisiana,13-17 Years,301827,2025-10-25,15.2507639765876
Louisiana,13-17 Years,301827,2025-11-01,17.403998996376
Louisiana,13-17 Years,301827,2025-11-08,21.4093163597397
Louisiana,13-17 Years,301827,2025-11-15,22.9758091985126
Louisiana,13-17 Years,301827,2025-11-22,24.2145794834144
Louisiana,13-17 Years,301827,2025-11-29,25.2091591757877
Louisiana,13-17 Years,301827,2025-12-06,27.0663805563285
Louisiana,13-17 Years,301827,2025-12-13,27.9559273406599
Louisiana,13-17 Years,301827,2025-12-20,28.8549655963317
Louisiana,13-17 Years,301827,2025-12-27,29.7509396227064
Louisiana,13-17 Years,301827,2026-01-03,30.7764522967985
Louisiana,13-17 Years,301827,2026-01-10,32.4418752926191
Louisiana,13-17 Years,301827,2026-01-17,33.0980186845313
Louisiana,13-17 Years,301827,2026-01-24,33.6574977987577
Louisiana,13-17 Years,301827,2026-01-31,34.0494236880841
Louisiana,13-17 Years,301827,2026-02-07,34.8051147937225
Louisiana,13-17 Years,301827,2026-02-14,35.0366467300276
Louisiana,13-17 Years,301827,2026-02-21,35.1693508187158
Louisiana,13-17 Years,301827,2026-02-28,35.2393245126732
Louisiana,13-17 Years,301827,2026-03-07,35.3517266038236
Louisiana,13-17 Years,301827,2026-03-14,35.3963624156371
Louisiana,13-17 Years,301827,2026-03-21,35.4378150894825
Louisiana,13-17 Years,301827,2026-03-28,35.4770105511474
Louisiana,13-17 Years,301827,2026-04-04,35.5208971206011
Louisiana,13-17 Years,301827,2026-04-11,35.5905334381466
Louisiana,13-17 Years,301827,2026-04-18,35.6183053190047
Louisiana,13-17 Years,301827,2026-04-25,35.64257354949
Louisiana,13-17 Years,301827,2026-05-02,35.6592432839121
Louisiana,13-17 Years,301827,2026-05-09,35.689616495402
Louisiana,13-17 Years,301827,2026-05-16,35.6971202451078
Louisiana,13-17 Years,301827,2026-05-23,35.6997815950659
Louisiana,13-17 Years,301827,2026-05-30,35.6999271983553
Louisiana,13-17 Years,301827,2026-06-06,35.7
Louisiana,13-17 Years,301827,2026-06-13,35.7
Louisiana,6 Months - 17 Years,1052713,2025-08-16,6.04517076325203
Louisiana,6 Months - 17 Years,1052713,2025-08-23,6.04517076325203
Louisiana,6 Months - 17 Years,1052713,2025-08-30,6.04517076325203
Louisiana,6 Months - 17 Years,1052713,2025-09-06,6.04517076325203
Louisiana,6 Months - 17 Years,1052713,2025-09-13,7.91321867567756
Louisiana,6 Months - 17 Years,1052713,2025-09-20,8.68595184755692
Louisiana,6 Months - 17 Years,1052713,2025-09-27,9.79951585518405
Louisiana,6 Months - 17 Years,1052713,2025-10-04,12.4358026173975
Louisiana,6 Months - 17 Years,1052713,2025-10-11,14.1696969550097
Louisiana,6 Months - 17 Years,1052713,2025-10-18,16.3211651377163
Louisiana,6 Months - 17 Years,1052713,2025-10-25,18.8413166411175
Louisiana,6 Months - 17 Years,1052713,2025-11-01,21.773477598962
Louisiana,6 Months - 17 Years,1052713,2025-11-08,27.2628085160808
Louisiana,6 Months - 17 Years,1052713,2025-11-15,29.4424061228328
Louisiana,6 Months - 17 Years,1052713,2025-11-22,31.1880106735292
Louisiana,6 Months - 17 Years,1052713,2025-11-29,32.583589162739
Louisiana,6 Months - 17 Years,1052713,2025-12-06,35.0867057001312
Louisiana,6 Months - 17 Years,1052713,2025-12-13,36.1430140039937
Louisiana,6 Months - 17 Years,1052713,2025-12-20,37.0783434423763
Louisiana,6 Months - 17 Years,1052713,2025-12-27,37.9062898137586
Louisiana,6 Months - 17 Years,1052713,2026-01-03,38.7980100107401
Louisiana,6 Months - 17 Years,1052713,2026-01-10,40.1711202421442
Louisiana,6 Months - 17 Years,1052713,2026-01-17,40.6609541316484
Louisiana,6 Months - 17 Years,1052713,2026-01-24,41.0566274711263
Louisiana,6 Months - 17 Years,1052713,2026-01-31,41.3364433816031
Louisiana,6 Months - 17 Years,1052713,2026-02-07,41.9439493447766
Louisiana,6 Months - 17 Years,1052713,2026-02-14,42.2130402251992
Louisiana,6 Months - 17 Years,1052713,2026-02-21,42.4639241063911
Louisiana,6 Months - 17 Years,1052713,2026-02-28,42.7011225564474
Louisiana,6 Months - 17 Years,1052713,2026-03-07,43.1587439946567
Louisiana,6 Months - 17 Years,1052713,2026-03-14,43.3752922070904
Louisiana,6 Months - 17 Years,1052713,2026-03-21,43.5854310912207
Louisiana,6 Months - 17 Years,1052713,2026-03-28,43.7945198817786
Louisiana,6 Months - 17 Years,1052713,2026-04-04,44.0813696359777
Louisiana,6 Months - 17 Years,1052713,2026-04-11,44.5920218416282
Louisiana,6 Months - 17 Years,1052713,2026-04-18,44.8990577665886
Louisiana,6 Months - 17 Years,1052713,2026-04-25,45.2579972401466
Louisiana,6 Months - 17 Years,1052713,2026-05-02,45.5973062780595
Louisiana,6 Months - 17 Years,1052713,2026-05-09,46.3198019393295
Louisiana,6 Months - 17 Years,1052713,2026-05-16,46.6198951537056
Louisiana,6 Months - 17 Years,1052713,2026-05-23,46.8576233949198
Louisiana,6 Months - 17 Years,1052713,2026-05-30,47.0416012570044
Louisiana,6 Months - 17 Years,1052713,2026-06-06,47.3489117167308
Louisiana,6 Months - 17 Years,1052713,2026-06-13,47.4406702201649
Louisiana,18-49 Years,1911121,2025-08-16,0.936638926915136
Louisiana,18-49 Years,1911121,2025-08-23,0.936638926915136
Louisiana,18-49 Years,1911121,2025-08-30,0.936638926915136
Louisiana,18-49 Years,1911121,2025-09-06,0.936638926915136
Louisiana,18-49 Years,1911121,2025-09-13,1.30172624705231
Louisiana,18-49 Years,1911121,2025-09-20,1.58617713705457
Louisiana,18-49 Years,1911121,2025-09-27,2.13555016271175
Louisiana,18-49 Years,1911121,2025-10-04,3.53388824582106
Louisiana,18-49 Years,1911121,2025-10-11,4.53530479802348
Louisiana,18-49 Years,1911121,2025-10-18,5.84665508617181
Louisiana,18-49 Years,1911121,2025-10-25,7.43947880632861
Louisiana,18-49 Years,1911121,2025-11-01,9.31796908365262
Louisiana,18-49 Years,1911121,2025-11-08,12.8675809453372
Louisiana,18-49 Years,1911121,2025-11-15,14.2718215312689
Louisiana,18-49 Years,1911121,2025-11-22,15.375596639942
Louisiana,18-49 Years,1911121,2025-11-29,16.2301463936402
Louisiana,18-49 Years,1911121,2025-12-06,17.7083764255417
Louisiana,18-49 Years,1911121,2025-12-13,18.2641898379261
Louisiana,18-49 Years,1911121,2025-12-20,18.6940986028482
Louisiana,18-49 Years,1911121,2025-12-27,19.032535291766
Louisiana,18-49 Years,1911121,2026-01-03,19.4276401327879
Louisiana,18-49 Years,1911121,2026-01-10,20.0581934074113
Louisiana,18-49 Years,1911121,2026-01-17,20.3698019688999
Louisiana,18-49 Years,1911121,2026-01-24,20.7014160375138
Louisiana,18-49 Years,1911121,2026-01-31,20.993057901439
Louisiana,18-49 Years,1911121,2026-02-07,21.6204806993327
Louisiana,18-49 Years,1911121,2026-02-14,21.8881695228164
Louisiana,18-49 Years,1911121,2026-02-21,22.1135117040045
Louisiana,18-49 Years,1911121,2026-02-28,22.3015903037996
Louisiana,18-49 Years,1911121,2026-03-07,22.6364160450204
Louisiana,18-49 Years,1911121,2026-03-14,22.7687833568788
Louisiana,18-49 Years,1911121,2026-03-21,22.8757704787764
Louisiana,18-49 Years,1911121,2026-03-28,22.9659785515801
Louisiana,18-49 Years,1911121,2026-04-04,23.0945413628022
Louisiana,18-49 Years,1911121,2026-04-11,23.3253405721643
Louisiana,18-49 Years,1911121,2026-04-18,23.4974880304512
Louisiana,18-49 Years,1911121,2026-04-25,23.7271493428922
Louisiana,18-49 Years,1911121,2026-05-02,23.9681742150277
Louisiana,18-49 Years,1911121,2026-05-09,24.4899374843942
Louisiana,18-49 Years,1911121,2026-05-16,24.7143196490865
Louisiana,18-49 Years,1911121,2026-05-23,24.893955609219
Louisiana,18-49 Years,1911121,2026-05-30,25.0346498093538
Louisiana,18-49 Years,1911121,2026-06-06,25.2758456795311
Louisiana,18-49 Years,1911121,2026-06-13,25.3568462750526
Louisiana,50-64 Years,873241,2025-08-16,1.28114363097735
Louisiana,50-64 Years,873241,2025-08-23,1.28114363097735
Louisiana,50-64 Years,873241,2025-08-30,1.28114363097735
Louisiana,50-64 Years,873241,2025-09-06,1.28114363097735
Louisiana,50-64 Years,873241,2025-09-13,1.7381807024046
Louisiana,50-64 Years,873241,2025-09-20,2.03552242524323
Louisiana,50-64 Years,873241,2025-09-27,2.86408249255102
Louisiana,50-64 Years,873241,2025-10-04,5.10046952547187
Louisiana,50-64 Years,873241,2025-10-11,6.81980653785801
Louisiana,50-64 Years,873241,2025-10-18,9.17263661542327
Louisiana,50-64 Years,873241,2025-10-25,12.094266333326
Louisiana,50-64 Years,873241,2025-11-01,15.5231495113023
Louisiana,50-64 Years,873241,2025-11-08,21.8799963566166
Louisiana,50-64 Years,873241,2025-11-15,24.1968720904985
Louisiana,50-64 Years,873241,2025-11-22,25.8264446093905
Louisiana,50-64 Years,873241,2025-11-29,26.9504353444611
Louisiana,50-64 Years,873241,2025-12-06,28.893337949104
Louisiana,50-64 Years,873241,2025-12-13,29.6723165685515
Louisiana,50-64 Years,873241,2025-12-20,30.3450473107621
Louisiana,50-64 Years,873241,2025-12-27,30.9410615450243
Louisiana,50-64 Years,873241,2026-01-03,31.6420323718047
Louisiana,50-64 Years,873241,2026-01-10,32.7746880101139
Louisiana,50-64 Years,873241,2026-01-17,33.2875812092078
Louisiana,50-64 Years,873241,2026-01-24,33.800787297268
Louisiana,50-64 Years,873241,2026-01-31,34.2536242154069
Louisiana,50-64 Years,873241,2026-02-07,35.3279678639532
Louisiana,50-64 Years,873241,2026-02-14,35.9403847223181
Louisiana,50-64 Years,873241,2026-02-21,36.6226368270653
Louisiana,50-64 Years,873241,2026-02-28,37.3277751156756
Louisiana,50-64 Years,873241,2026-03-07,38.6346156388552
Louisiana,50-64 Years,873241,2026-03-14,39.1419931529392
Louisiana,50-64 Years,873241,2026-03-21,39.5064901957969
Louisiana,50-64 Years,873241,2026-03-28,39.7497438672291
Louisiana,50-64 Years,873241,2026-04-04,39.9629257840439
Louisiana,50-64 Years,873241,2026-04-11,40.2365542886436
Louisiana,50-64 Years,873241,2026-04-18,40.2865525959516
Louisiana,50-64 Years,873241,2026-04-25,40.3
Louisiana,50-64 Years,873241,2026-05-02,40.3
Louisiana,50-64 Years,873241,2026-05-09,40.3
Louisiana,50-64 Years,873241,2026-05-16,40.3
Louisiana,50-64 Years,873241,2026-05-23,40.3
Louisiana,50-64 Years,873241,2026-05-30,40.3
Louisiana,50-64 Years,873241,2026-06-06,40.3
Louisiana,50-64 Years,873241,2026-06-13,40.3
Louisiana,65+ Years,763750,2025-08-16,1.34367314071441
Louisiana,65+ Years,763750,2025-08-23,1.34367314071441
Louisiana,65+ Years,763750,2025-08-30,1.34367314071441
Louisiana,65+ Years,763750,2025-09-06,1.34367314071441
Louisiana,65+ Years,763750,2025-09-13,2.24863050231459
Louisiana,65+ Years,763750,2025-09-20,3.47976574052376
Louisiana,65+ Years,763750,2025-09-27,5.14918408912115
Louisiana,65+ Years,763750,2025-10-04,9.02481151343386
Louisiana,65+ Years,763750,2025-10-11,11.5189164694848
Louisiana,65+ Years,763750,2025-10-18,14.5728003659395
Louisiana,65+ Years,763750,2025-10-25,18.1088295011626
Louisiana,65+ Years,763750,2025-11-01,22.1831288728704
Louisiana,65+ Years,763750,2025-11-08,29.7249594465975
Louisiana,65+ Years,763750,2025-11-15,32.664825993312
Louisiana,65+ Years,763750,2025-11-22,34.9801928579167
Louisiana,65+ Years,763750,2025-11-29,36.7847756360958
Louisiana,65+ Years,763750,2025-12-06,39.9221957344568
Louisiana,65+ Years,763750,2025-12-13,41.119070725125
Louisiana,65+ Years,763750,2025-12-20,42.0622375390005
Louisiana,65+ Years,763750,2025-12-27,42.8230211572434
Louisiana,65+ Years,763750,2026-01-03,43.7344870991727
Louisiana,65+ Years,763750,2026-01-10,45.2129250268044
Louisiana,65+ Years,763750,2026-01-17,45.9725816774097
Louisiana,65+ Years,763750,2026-01-24,46.8061985839888
Louisiana,65+ Years,763750,2026-01-31,47.5771060195287
Louisiana,65+ Years,763750,2026-02-07,49.3081975902661
Louisiana,65+ Years,763750,2026-02-14,50.135519454459
Louisiana,65+ Years,763750,2026-02-21,50.914468034434
Louisiana,65+ Years,763750,2026-02-28,51.6387217907113
Louisiana,65+ Years,763750,2026-03-07,53.0015105424716
Louisiana,65+ Years,763750,2026-03-14,53.6087115318422
Louisiana,65+ Years,763750,2026-03-21,54.1553531062628
Louisiana,65+ Years,763750,2026-03-28,54.6412499835715
Louisiana,65+ Years,763750,2026-04-04,55.1620344795353
Louisiana,65+ Years,763750,2026-04-11,55.9648488910169
Louisiana,65+ Years,763750,2026-04-18,56.2480877793582
Louisiana,65+ Years,763750,2026-04-25,56.4712843637765
Louisiana,65+ Years,763750,2026-05-02,56.6175231077493
Louisiana,65+ Years,763750,2026-05-09,56.9039959195771
Louisiana,65+ Years,763750,2026-05-16,56.9990003904844
Louisiana,65+ Years,763750,2026-05-23,57.0637006120975
Louisiana,65+ Years,763750,2026-05-30,57.1072892325961
Louisiana,65+ Years,763750,2026-06-06,57.1733172936947
Louisiana,65+ Years,763750,2026-06-13,57.1854822843538
Maine,6 Months - 4 Years,57244,2025-08-16,4.7301488152096
Maine,6 Months - 4 Years,57244,2025-08-23,4.7301488152096
Maine,6 Months - 4 Years,57244,2025-08-30,4.7301488152096
Maine,6 Months - 4 Years,57244,2025-09-06,4.7301488152096
Maine,6 Months - 4 Years,57244,2025-09-13,6.63023685347436
Maine,6 Months - 4 Years,57244,2025-09-20,8.1783526681178
Maine,6 Months - 4 Years,57244,2025-09-27,10.0645166283164
Maine,6 Months - 4 Years,57244,2025-10-04,14.2684631714175
Maine,6 Months - 4 Years,57244,2025-10-11,16.7689687257371
Maine,6 Months - 4 Years,57244,2025-10-18,19.6396711957099
Maine,6 Months - 4 Years,57244,2025-10-25,22.8602751162177
Maine,6 Months - 4 Years,57244,2025-11-01,26.6627830369588
Maine,6 Months - 4 Years,57244,2025-11-08,34.1403501546164
Maine,6 Months - 4 Years,57244,2025-11-15,37.7028887854828
Maine,6 Months - 4 Years,57244,2025-11-22,41.1753717006958
Maine,6 Months - 4 Years,57244,2025-11-29,44.4691910582568
Maine,6 Months - 4 Years,57244,2025-12-06,50.5958337086385
Maine,6 Months - 4 Years,57244,2025-12-13,53.18262420028
Maine,6 Months - 4 Years,57244,2025-12-20,55.3502451404762
Maine,6 Months - 4 Years,57244,2025-12-27,57.123371339395
Maine,6 Months - 4 Years,57244,2026-01-03,58.8688676325401
Maine,6 Months - 4 Years,57244,2026-01-10,61.3859895596212
Maine,6 Months - 4 Years,57244,2026-01-17,62.0810137691173
Maine,6 Months - 4 Years,57244,2026-01-24,62.5072707684636
Maine,6 Months - 4 Years,57244,2026-01-31,62.738080913414
Maine,6 Months - 4 Years,57244,2026-02-07,63.2136879931988
Maine,6 Months - 4 Years,57244,2026-02-14,63.3944842056005
Maine,6 Months - 4 Years,57244,2026-02-21,63.5459692275078
Maine,6 Months - 4 Years,57244,2026-02-28,63.6819897425026
Maine,6 Months - 4 Years,57244,2026-03-07,63.9604665361474
Maine,6 Months - 4 Years,57244,2026-03-14,64.1477058005835
Maine,6 Months - 4 Years,57244,2026-03-21,64.3973885202573
Maine,6 Months - 4 Years,57244,2026-03-28,64.6895420038879
Maine,6 Months - 4 Years,57244,2026-04-04,64.9893864918388
Maine,6 Months - 4 Years,57244,2026-04-11,65.4628305592745
Maine,6 Months - 4 Years,57244,2026-04-18,65.568872144269
Maine,6 Months - 4 Years,57244,2026-04-25,65.6
Maine,6 Months - 4 Years,57244,2026-05-02,65.6
Maine,6 Months - 4 Years,57244,2026-05-09,65.6121258703393
Maine,6 Months - 4 Years,57244,2026-05-16,65.6550282982373
Maine,6 Months - 4 Years,57244,2026-05-23,65.7534045929814
Maine,6 Months - 4 Years,57244,2026-05-30,65.9204357405774
Maine,6 Months - 4 Years,57244,2026-06-06,66.3539143739637
Maine,6 Months - 4 Years,57244,2026-06-13,66.6249982913753
Maine,5-12 Years,109722,2025-08-16,2.73901525622575
Maine,5-12 Years,109722,2025-08-23,2.73901525622575
Maine,5-12 Years,109722,2025-08-30,2.73901525622575
Maine,5-12 Years,109722,2025-09-06,2.73901525622575
Maine,5-12 Years,109722,2025-09-13,4.38386818495497
Maine,5-12 Years,109722,2025-09-20,6.44720200830454
Maine,5-12 Years,109722,2025-09-27,8.73162963527005
Maine,5-12 Years,109722,2025-10-04,13.6014127561813
Maine,5-12 Years,109722,2025-10-11,16.3446061764614
Maine,5-12 Years,109722,2025-10-18,19.3843895690033
Maine,5-12 Years,109722,2025-10-25,22.672271116907
Maine,5-12 Years,109722,2025-11-01,26.4163326002669
Maine,5-12 Years,109722,2025-11-08,33.436184722844
Maine,5-12 Years,109722,2025-11-15,36.495441333697
Maine,5-12 Years,109722,2025-11-22,39.2630928613446
Maine,5-12 Years,109722,2025-11-29,41.6814736096637
Maine,5-12 Years,109722,2025-12-06,45.8548847135932
Maine,5-12 Years,109722,2025-12-13,47.3063618257226
Maine,5-12 Years,109722,2025-12-20,48.2698850603014
Maine,5-12 Years,109722,2025-12-27,48.8821167373557
Maine,5-12 Years,109722,2026-01-03,49.542603568288
Maine,5-12 Years,109722,2026-01-10,50.5292878439006
Maine,5-12 Years,109722,2026-01-17,50.9859145329082
Maine,5-12 Years,109722,2026-01-24,51.4587466702826
Maine,5-12 Years,109722,2026-01-31,51.8618305703072
Maine,5-12 Years,109722,2026-02-07,52.7238935317124
Maine,5-12 Years,109722,2026-02-14,53.0894514265307
Maine,5-12 Years,109722,2026-02-21,53.3988123825212
Maine,5-12 Years,109722,2026-02-28,53.6551437993281
Maine,5-12 Years,109722,2026-03-07,54.0954102625043
Maine,5-12 Years,109722,2026-03-14,54.2534743942617
Maine,5-12 Years,109722,2026-03-21,54.366666101964
Maine,5-12 Years,109722,2026-03-28,54.4479183010094
Maine,5-12 Years,109722,2026-04-04,54.5422668995643
Maine,5-12 Years,109722,2026-04-11,54.690895059025
Maine,5-12 Years,109722,2026-04-18,54.7661440866405
Maine,5-12 Years,109722,2026-04-25,54.8499699477822
Maine,5-12 Years,109722,2026-05-02,54.9316573915605
Maine,5-12 Years,109722,2026-05-09,55.1285037896085
Maine,5-12 Years,109722,2026-05-16,55.2402639266187
Maine,5-12 Years,109722,2026-05-23,55.3649055422221
Maine,5-12 Years,109722,2026-05-30,55.503037947457
Maine,5-12 Years,109722,2026-06-06,55.7986337623763
Maine,5-12 Years,109722,2026-06-13,55.9609820679546
Maine,13-17 Years,75066,2025-08-16,0.687187947121939
Maine,13-17 Years,75066,2025-08-23,0.687187947121939
Maine,13-17 Years,75066,2025-08-30,0.687187947121939
Maine,13-17 Years,75066,2025-09-06,0.687187947121939
Maine,13-17 Years,75066,2025-09-13,1.90061798251804
Maine,13-17 Years,75066,2025-09-20,3.85473308172863
Maine,13-17 Years,75066,2025-09-27,6.58422883440023
Maine,13-17 Years,75066,2025-10-04,12.5697848813877
Maine,13-17 Years,75066,2025-10-11,15.8005437304015
Maine,13-17 Years,75066,2025-10-18,19.2651823775424
Maine,13-17 Years,75066,2025-10-25,22.911254539782
Maine,13-17 Years,75066,2025-11-01,27.0050152648482
Maine,13-17 Years,75066,2025-11-08,34.5718467134707
Maine,13-17 Years,75066,2025-11-15,37.8242989010917
Maine,13-17 Years,75066,2025-11-22,40.7541974291715
Maine,13-17 Years,75066,2025-11-29,43.3110643946138
Maine,13-17 Years,75066,2025-12-06,47.7333266863601
Maine,13-17 Years,75066,2025-12-13,49.2886539786453
Maine,13-17 Years,75066,2025-12-20,50.3421486605903
Maine,13-17 Years,75066,2025-12-27,51.0326149990084
Maine,13-17 Years,75066,2026-01-03,51.7903325150678
Maine,13-17 Years,75066,2026-01-10,52.9405442128894
Maine,13-17 Years,75066,2026-01-17,53.4994585602703
Maine,13-17 Years,75066,2026-01-24,54.0881094309995
Maine,13-17 Years,75066,2026-01-31,54.5723718591037
Maine,13-17 Years,75066,2026-02-07,55.5115467226313
Maine,13-17 Years,75066,2026-02-14,55.7992970103549
Maine,13-17 Years,75066,2026-02-21,55.9503488993739
Maine,13-17 Years,75066,2026-02-28,56.017371712517
Maine,13-17 Years,75066,2026-03-07,56.1527625194243
Maine,13-17 Years,75066,2026-03-14,56.3114617100291
Maine,13-17 Years,75066,2026-03-21,56.6047826398796
Maine,13-17 Years,75066,2026-03-28,57.0199380740501
Maine,13-17 Years,75066,2026-04-04,57.5106923205846
Maine,13-17 Years,75066,2026-04-11,58.3706043216867
Maine,13-17 Years,75066,2026-04-18,58.6364611352417
Maine,13-17 Years,75066,2026-04-25,58.7847041715923
Maine,13-17 Years,75066,2026-05-02,58.8494079970647
Maine,13-17 Years,75066,2026-05-09,58.9646575808686
Maine,13-17 Years,75066,2026-05-16,58.9906031331946
Maine,13-17 Years,75066,2026-05-23,58.999317135568
Maine,13-17 Years,75066,2026-05-30,58.9997723785227
Maine,13-17 Years,75066,2026-06-06,59.0
Maine,13-17 Years,75066,2026-06-13,59.0
Maine,6 Months - 17 Years,242032,2025-08-16,2.79809637169571
Maine,6 Months - 17 Years,242032,2025-08-23,2.79809637169571
Maine,6 Months - 17 Years,242032,2025-08-30,2.79809637169571
Maine,6 Months - 17 Years,242032,2025-09-06,2.79809637169571
Maine,6 Months - 17 Years,242032,2025-09-13,4.42105475904118
Maine,6 Months - 17 Years,242032,2025-09-20,6.4075637305361
Maine,6 Months - 17 Years,242032,2025-09-27,8.65210450052273
Maine,6 Months - 17 Years,242032,2025-10-04,13.4867814189546
Maine,6 Months - 17 Years,242032,2025-10-11,16.2488884231945
Maine,6 Months - 17 Years,242032,2025-10-18,19.3396948535672
Maine,6 Months - 17 Years,242032,2025-10-25,22.7138823949364
Maine,6 Months - 17 Years,242032,2025-11-01,26.5858922597997
Maine,6 Months - 17 Years,242032,2025-11-08,33.913456833096
Maine,6 Months - 17 Years,242032,2025-11-15,37.1537578769024
Maine,6 Months - 17 Years,242032,2025-11-22,40.1193632247216
Maine,6 Months - 17 Years,242032,2025-11-29,42.752077899113
Maine,6 Months - 17 Years,242032,2025-12-06,47.3865250156717
Maine,6 Months - 17 Years,242032,2025-12-13,49.0943456677528
Maine,6 Months - 17 Years,242032,2025-12-20,50.3225827808555
Maine,6 Months - 17 Years,242032,2025-12-27,51.1863864384441
Maine,6 Months - 17 Years,242032,2026-01-03,52.0963789655513
Maine,6 Months - 17 Years,242032,2026-01-10,53.4460303617173
Maine,6 Months - 17 Years,242032,2026-01-17,53.9897856246442
Maine,6 Months - 17 Years,242032,2026-01-24,54.4935803577965
Maine,6 Months - 17 Years,242032,2026-01-31,54.8793964376199
Maine,6 Months - 17 Years,242032,2026-02-07,55.6688640255523
Maine,6 Months - 17 Years,242032,2026-02-14,55.9583666683798
Maine,6 Months - 17 Years,242032,2026-02-21,56.1712394458542
Maine,6 Months - 17 Years,242032,2026-02-28,56.3338353193378
Maine,6 Months - 17 Years,242032,2026-03-07,56.6463188192461
Maine,6 Months - 17 Years,242032,2026-03-14,56.8309492397008
Maine,6 Months - 17 Years,242032,2026-03-21,57.0607460135514
Maine,6 Months - 17 Years,242032,2026-03-28,57.3237827743404
Maine,6 Months - 17 Years,242032,2026-04-04,57.613749684614
Maine,6 Months - 17 Years,242032,2026-04-11,58.0853040447967
Maine,6 Months - 17 Years,242032,2026-04-18,58.2259240200449
Maine,6 Months - 17 Years,242032,2026-04-25,58.3092363756489
Maine,6 Months - 17 Years,242032,2026-05-02,58.3550880868253
Maine,6 Months - 17 Years,242032,2026-05-09,58.4665414356248
Maine,6 Months - 17 Years,242032,2026-05-16,58.5338779100558
Maine,6 Months - 17 Years,242032,2026-05-23,58.6180175799159
Maine,6 Months - 17 Years,242032,2026-05-30,58.7194262675424
Maine,6 Months - 17 Years,242032,2026-06-06,58.9431855939051
Maine,6 Months - 17 Years,242032,2026-06-13,59.0699341363294
Maine,18-49 Years,506365,2025-08-16,0.623694208946087
Maine,18-49 Years,506365,2025-08-23,0.623694208946087
Maine,18-49 Years,506365,2025-08-30,0.623694208946087
Maine,18-49 Years,506365,2025-09-06,0.623694208946087
Maine,18-49 Years,506365,2025-09-13,1.05747724453673
Maine,18-49 Years,506365,2025-09-20,1.66025860909424
Maine,18-49 Years,506365,2025-09-27,2.63271287496392
Maine,18-49 Years,506365,2025-10-04,5.0082859637242
Maine,18-49 Years,506365,2025-10-11,6.60844494082782
Maine,18-49 Years,506365,2025-10-18,8.61566256280296
Maine,18-49 Years,506365,2025-10-25,11.0065421268665
Maine,18-49 Years,506365,2025-11-01,13.863733391297
Maine,18-49 Years,506365,2025-11-08,19.4470284156987
Maine,18-49 Years,506365,2025-11-15,21.9287639127421
Maine,18-49 Years,506365,2025-11-22,24.1527874860609
Maine,18-49 Years,506365,2025-11-29,26.09582466391
Maine,18-49 Years,506365,2025-12-06,29.5400399052255
Maine,18-49 Years,506365,2025-12-13,30.8434207678201
Maine,18-49 Years,506365,2025-12-20,31.8175157901683
Maine,18-49 Years,506365,2025-12-27,32.536819636055
Maine,18-49 Years,506365,2026-01-03,33.3028184837204
Maine,18-49 Years,506365,2026-01-10,34.450373403373
Maine,18-49 Years,506365,2026-01-17,34.9005419388856
Maine,18-49 Years,506365,2026-01-24,35.3099350518748
Maine,18-49 Years,506365,2026-01-31,35.6357672634672
Maine,18-49 Years,506365,2026-02-07,36.3807004669855
Maine,18-49 Years,506365,2026-02-14,36.7671718855697
Maine,18-49 Years,506365,2026-02-21,37.1736339551549
Maine,18-49 Years,506365,2026-02-28,37.5791695415372
Maine,18-49 Years,506365,2026-03-07,38.3231312443328
Maine,18-49 Years,506365,2026-03-14,38.6069976305459
Maine,18-49 Years,506365,2026-03-21,38.8090963924465
Maine,18-49 Years,506365,2026-03-28,38.9495896764499
Maine,18-49 Years,506365,2026-04-04,39.1225921641099
Maine,18-49 Years,506365,2026-04-11,39.4061276815633
Maine,18-49 Years,506365,2026-04-18,39.5794442088495
Maine,18-49 Years,506365,2026-04-25,39.7895563221475
Maine,18-49 Years,506365,2026-05-02,39.9929378529147
Maine,18-49 Years,506365,2026-05-09,40.4300129659785
Maine,18-49 Years,506365,2026-05-16,40.6157242661369
Maine,18-49 Years,506365,2026-05-23,40.7665578026813
Maine,18-49 Years,506365,2026-05-30,40.886946072944
Maine,18-49 Years,506365,2026-06-06,41.0935820110267
Maine,18-49 Years,506365,2026-06-13,41.1630110929023
Maine,50-64 Years,300464,2025-08-16,0.737015532941074
Maine,50-64 Years,300464,2025-08-23,0.737015532941074
Maine,50-64 Years,300464,2025-08-30,0.737015532941074
Maine,50-64 Years,300464,2025-09-06,0.737015532941074
Maine,50-64 Years,300464,2025-09-13,1.33779617494082
Maine,50-64 Years,300464,2025-09-20,2.24098587943529
Maine,50-64 Years,300464,2025-09-27,3.64359726943811
Maine,50-64 Years,300464,2025-10-04,7.03598345789201
Maine,50-64 Years,300464,2025-10-11,9.3050100993266
Maine,50-64 Years,300464,2025-10-18,12.1426709345927
Maine,50-64 Years,300464,2025-10-25,15.5052695349096
Maine,50-64 Years,300464,2025-11-01,19.4890159161429
Maine,50-64 Years,300464,2025-11-08,27.1656425918106
Maine,50-64 Years,300464,2025-11-15,30.4561647369284
Maine,50-64 Years,300464,2025-11-22,33.3045624098017
Maine,50-64 Years,300464,2025-11-29,35.7274599515018
Maine,50-64 Years,300464,2025-12-06,40.0270305842031
Maine,50-64 Years,300464,2025-12-13,41.6925170899792
Maine,50-64 Years,300464,2025-12-20,42.9912430122142
Maine,50-64 Years,300464,2025-12-27,44.0033915923392
Maine,50-64 Years,300464,2026-01-03,45.1079290735835
Maine,50-64 Years,300464,2026-01-10,46.7995077530417
Maine,50-64 Years,300464,2026-01-17,47.4971332000908
Maine,50-64 Years,300464,2026-01-24,48.1482908894848
Maine,50-64 Years,300464,2026-01-31,48.6588326797774
Maine,50-64 Years,300464,2026-02-07,49.7373424744272
Maine,50-64 Years,300464,2026-02-14,50.1742778126201
Maine,50-64 Years,300464,2026-02-21,50.5345657724009
Maine,50-64 Years,300464,2026-02-28,50.8387112919019
Maine,50-64 Years,300464,2026-03-07,51.4136645965175
Maine,50-64 Years,300464,2026-03-14,51.7085974271539
Maine,50-64 Years,300464,2026-03-21,52.0273056749378
Maine,50-64 Years,300464,2026-03-28,52.3528767165894
Maine,50-64 Years,300464,2026-04-04,52.6800002646491
Maine,50-64 Years,300464,2026-04-11,53.1753448296827
Maine,50-64 Years,300464,2026-04-18,53.2955749149301
Maine,50-64 Years,300464,2026-04-25,53.3477750083052
Maine,50-64 Years,300464,2026-05-02,53.3637318014611
Maine,50-64 Years,300464,2026-05-09,53.391851429995
Maine,50-64 Years,300464,2026-05-16,53.3978862624844
Maine,50-64 Years,300464,2026-05-23,53.3998504505604
Maine,50-64 Years,300464,2026-05-30,53.3999501501868
Maine,50-64 Years,300464,2026-06-06,53.4
Maine,50-64 Years,300464,2026-06-13,53.4
Maine,65+ Years,293776,2025-08-16,1.34071449858677
Maine,65+ Years,293776,2025-08-23,1.34071449858677
Maine,65+ Years,293776,2025-08-30,1.34071449858677
Maine,65+ Years,293776,2025-09-06,1.34071449858677
Maine,65+ Years,293776,2025-09-13,2.19445232807066
Maine,65+ Years,293776,2025-09-20,3.32016636060889
Maine,65+ Years,293776,2025-09-27,5.26474836887613
Maine,65+ Years,293776,2025-10-04,10.0962420763643
Maine,65+ Years,293776,2025-10-11,13.449290409425
Maine,65+ Years,293776,2025-10-18,17.7502081678695
Maine,65+ Years,293776,2025-10-25,22.9174616401573
Maine,65+ Years,293776,2025-11-01,29.0236597315315
Maine,65+ Years,293776,2025-11-08,40.6693136916343
Maine,65+ Years,293776,2025-11-15,45.4623662393808
Maine,65+ Years,293776,2025-11-22,49.4161045987856
Maine,65+ Years,293776,2025-11-29,52.611385233601
Maine,65+ Years,293776,2025-12-06,58.1275628378282
Maine,65+ Years,293776,2025-12-13,60.1388742284739
Maine,65+ Years,293776,2025-12-20,61.6110273798263
Maine,65+ Years,293776,2025-12-27,62.6886471978253
Maine,65+ Years,293776,2026-01-03,63.8905611768929
Maine,65+ Years,293776,2026-01-10,65.7445370761648
Maine,65+ Years,293776,2026-01-17,66.595847442074
Maine,65+ Years,293776,2026-01-24,67.4643565065836
Maine,65+ Years,293776,2026-01-31,68.2026745900008
Maine,65+ Years,293776,2026-02-07,69.7957896490366
Maine,65+ Years,293776,2026-02-14,70.4802749817172
Maine,65+ Years,293776,2026-02-21,71.0691160934105
Maine,65+ Years,293776,2026-02-28,71.5787463069624
Maine,65+ Years,293776,2026-03-07,72.5250965415269
Maine,65+ Years,293776,2026-03-14,72.9579765139797
Maine,65+ Years,293776,2026-03-21,73.3713304302733
Maine,65+ Years,293776,2026-03-28,73.7626646648507
Maine,65+ Years,293776,2026-04-04,74.1961486708306
Maine,65+ Years,293776,2026-04-11,74.881606755112
Maine,65+ Years,293776,2026-04-18,75.1314207930098
Maine,65+ Years,293776,2026-04-25,75.3334298935951
Maine,65+ Years,293776,2026-05-02,75.4771669535323
Maine,65+ Years,293776,2026-05-09,75.7920503006372
Maine,65+ Years,293776,2026-05-16,75.935684543049
Maine,65+ Years,293776,2026-05-23,76.0728894240119
Maine,65+ Years,293776,2026-05-30,76.2036560541003
Maine,65+ Years,293776,2026-06-06,76.4521372692129
Maine,65+ Years,293776,2026-06-13,76.5644136024555
Maryland,6 Months - 4 Years,324088,2025-08-16,8.14700792874955
Maryland,6 Months - 4 Years,324088,2025-08-23,8.14700792874955
Maryland,6 Months - 4 Years,324088,2025-08-30,8.14700792874955
Maryland,6 Months - 4 Years,324088,2025-09-06,8.14700792874955
Maryland,6 Months - 4 Years,324088,2025-09-13,11.4475543389386
Maryland,6 Months - 4 Years,324088,2025-09-20,14.1539797733522
Maryland,6 Months - 4 Years,324088,2025-09-27,16.9828268748794
Maryland,6 Months - 4 Years,324088,2025-10-04,22.8168147086207
Maryland,6 Months - 4 Years,324088,2025-10-11,25.9298316404424
Maryland,6 Months - 4 Years,324088,2025-10-18,29.2362202778193
Maryland,6 Months - 4 Years,324088,2025-10-25,32.6902866766109
Maryland,6 Months - 4 Years,324088,2025-11-01,36.5623732170713
Maryland,6 Months - 4 Years,324088,2025-11-08,43.7093428373712
Maryland,6 Months - 4 Years,324088,2025-11-15,46.7758171135838
Maryland,6 Months - 4 Years,324088,2025-11-22,49.5433790632992
Maryland,6 Months - 4 Years,324088,2025-11-29,51.993407283435
Maryland,6 Months - 4 Years,324088,2025-12-06,56.3708792119443
Maryland,6 Months - 4 Years,324088,2025-12-13,58.0708228486217
Maryland,6 Months - 4 Years,324088,2025-12-20,59.388770356008
Maryland,6 Months - 4 Years,324088,2025-12-27,60.4106206563244
Maryland,6 Months - 4 Years,324088,2026-01-03,61.5574981227577
Maryland,6 Months - 4 Years,324088,2026-01-10,63.3477033030061
Maryland,6 Months - 4 Years,324088,2026-01-17,64.1651925934067
Maryland,6 Months - 4 Years,324088,2026-01-24,64.9799971623802
Maryland,6 Months - 4 Years,324088,2026-01-31,65.625885857309
Maryland,6 Months - 4 Years,324088,2026-02-07,66.883893394688
Maryland,6 Months - 4 Years,324088,2026-02-14,67.2762045576343
Maryland,6 Months - 4 Years,324088,2026-02-21,67.49408655354
Maryland,6 Months - 4 Years,324088,2026-02-28,67.60385972813
Maryland,6 Months - 4 Years,324088,2026-03-07,67.8086527851005
Maryland,6 Months - 4 Years,324088,2026-03-14,67.9611345022177
Maryland,6 Months - 4 Years,324088,2026-03-21,68.1938676029936
Maryland,6 Months - 4 Years,324088,2026-03-28,68.5009860631559
Maryland,6 Months - 4 Years,324088,2026-04-04,68.8819917934609
Maryland,6 Months - 4 Years,324088,2026-04-11,69.5516700915544
Maryland,6 Months - 4 Years,324088,2026-04-18,69.7978666040927
Maryland,6 Months - 4 Years,324088,2026-04-25,69.9811741492808
Maryland,6 Months - 4 Years,324088,2026-05-02,70.1072103750705
Maryland,6 Months - 4 Years,324088,2026-05-09,70.4016304794218
Maryland,6 Months - 4 Years,324088,2026-05-16,70.5598226165224
Maryland,6 Months - 4 Years,324088,2026-05-23,70.7353503278881
Maryland,6 Months - 4 Years,324088,2026-05-30,70.927762849163
Maryland,6 Months - 4 Years,324088,2026-06-06,71.331117632122
Maryland,6 Months - 4 Years,324088,2026-06-13,71.546956798812
Maryland,5-12 Years,597009,2025-08-16,4.23375129961955
Maryland,5-12 Years,597009,2025-08-23,4.23375129961955
Maryland,5-12 Years,597009,2025-08-30,4.23375129961955
Maryland,5-12 Years,597009,2025-09-06,4.23375129961955
Maryland,5-12 Years,597009,2025-09-13,6.05693601495347
Maryland,5-12 Years,597009,2025-09-20,7.70996915653045
Maryland,5-12 Years,597009,2025-09-27,9.86231281102896
Maryland,5-12 Years,597009,2025-10-04,14.7884263936283
Maryland,5-12 Years,597009,2025-10-11,17.9122662697364
Maryland,5-12 Years,597009,2025-10-18,21.7053464599077
Maryland,5-12 Years,597009,2025-10-25,26.0588510956767
Maryland,5-12 Years,597009,2025-11-01,31.0239579060172
Maryland,5-12 Years,597009,2025-11-08,40.0881699592657
Maryland,5-12 Years,597009,2025-11-15,43.5187266694087
Maryland,5-12 Years,597009,2025-11-22,46.1388571544091
Maryland,5-12 Years,597009,2025-11-29,48.1018018466769
Maryland,5-12 Years,597009,2025-12-06,51.4099627039357
Maryland,5-12 Years,597009,2025-12-13,52.586687410562
Maryland,5-12 Years,597009,2025-12-20,53.4477495515792
Maryland,5-12 Years,597009,2025-12-27,54.0811714189663
Maryland,5-12 Years,597009,2026-01-03,54.7652150777925
Maryland,5-12 Years,597009,2026-01-10,55.8000030780629
Maryland,5-12 Years,597009,2026-01-17,56.2426644847022
Maryland,5-12 Years,597009,2026-01-24,56.6687896027405
Maryland,5-12 Years,597009,2026-01-31,56.9973729205649
Maryland,5-12 Years,597009,2026-02-07,57.6394224060953
Maryland,5-12 Years,597009,2026-02-14,57.8428204901157
Maryland,5-12 Years,597009,2026-02-21,57.9616587275174
Maryland,5-12 Years,597009,2026-02-28,58.0273537725223
Maryland,5-12 Years,597009,2026-03-07,58.1444241853266
Maryland,5-12 Years,597009,2026-03-14,58.2084859744435
Maryland,5-12 Years,597009,2026-03-21,58.2882273060488
Maryland,5-12 Years,597009,2026-03-28,58.3855722899218
Maryland,5-12 Years,597009,2026-04-04,58.5281380926068
Maryland,5-12 Years,597009,2026-04-11,58.7945168071702
Maryland,5-12 Years,597009,2026-04-18,58.9561273082503
Maryland,5-12 Years,597009,2026-04-25,59.1382231395266
Maryland,5-12 Years,597009,2026-05-02,59.294410315383
Maryland,5-12 Years,597009,2026-05-09,59.5872393964099
Maryland,5-12 Years,597009,2026-05-16,59.6674640806694
Maryland,5-12 Years,597009,2026-05-23,59.6974394679253
Maryland,5-12 Years,597009,2026-05-30,59.6991464893085
Maryland,5-12 Years,597009,2026-06-06,59.7
Maryland,5-12 Years,597009,2026-06-13,59.7
Maryland,13-17 Years,378031,2025-08-16,4.61714975568746
Maryland,13-17 Years,378031,2025-08-23,4.61714975568746
Maryland,13-17 Years,378031,2025-08-30,4.61714975568746
Maryland,13-17 Years,378031,2025-09-06,4.61714975568746
Maryland,13-17 Years,378031,2025-09-13,6.31046839753822
Maryland,13-17 Years,378031,2025-09-20,7.47903530280138
Maryland,13-17 Years,378031,2025-09-27,9.26352710784271
Maryland,13-17 Years,378031,2025-10-04,13.5608191666272
Maryland,13-17 Years,378031,2025-10-11,16.458474322394
Maryland,13-17 Years,378031,2025-10-18,20.117300889595
Maryland,13-17 Years,378031,2025-10-25,24.4447803644185
Maryland,13-17 Years,378031,2025-11-01,29.4716396194401
Maryland,13-17 Years,378031,2025-11-08,38.8361547218052
Maryland,13-17 Years,378031,2025-11-15,42.4922398652988
Maryland,13-17 Years,378031,2025-11-22,45.3516236263693
Maryland,13-17 Years,378031,2025-11-29,47.5389250247736
Maryland,13-17 Years,378031,2025-12-06,51.2319119155384
Maryland,13-17 Years,378031,2025-12-13,52.5332424485897
Maryland,13-17 Years,378031,2025-12-20,53.4640111132795
Maryland,13-17 Years,378031,2025-12-27,54.1275465077526
Maryland,13-17 Years,378031,2026-01-03,54.830390135231
Maryland,13-17 Years,378031,2026-01-10,55.8746630131939
Maryland,13-17 Years,378031,2026-01-17,56.2919459130211
Maryland,13-17 Years,378031,2026-01-24,56.6799675573302
Maryland,13-17 Years,378031,2026-01-31,56.9921340194938
Maryland,13-17 Years,378031,2026-02-07,57.7009462895089
Maryland,13-17 Years,378031,2026-02-14,58.068098816544
Maryland,13-17 Years,378031,2026-02-21,58.4503405370233
Maryland,13-17 Years,378031,2026-02-28,58.8150115725252
Maryland,13-17 Years,378031,2026-03-07,59.4261640567107
Maryland,13-17 Years,378031,2026-03-14,59.6044845910275
Maryland,13-17 Years,378031,2026-03-21,59.6823286432777
Maryland,13-17 Years,378031,2026-03-28,59.6941095477592
Maryland,13-17 Years,378031,2026-04-04,59.7
Maryland,13-17 Years,378031,2026-04-11,59.7
Maryland,13-17 Years,378031,2026-04-18,59.7
Maryland,13-17 Years,378031,2026-04-25,59.7
Maryland,13-17 Years,378031,2026-05-02,59.7
Maryland,13-17 Years,378031,2026-05-09,59.7418893702631
Maryland,13-17 Years,378031,2026-05-16,59.890097757547
Maryland,13-17 Years,378031,2026-05-23,60.2299431393902
Maryland,13-17 Years,378031,2026-05-30,60.8069598310855
Maryland,13-17 Years,378031,2026-06-06,62.304431473693
Maryland,13-17 Years,378031,2026-06-13,63.2409031883873
Maryland,6 Months - 17 Years,1299128,2025-08-16,5.20703025725308
Maryland,6 Months - 17 Years,1299128,2025-08-23,5.20703025725308
Maryland,6 Months - 17 Years,1299128,2025-08-30,5.20703025725308
Maryland,6 Months - 17 Years,1299128,2025-09-06,5.20703025725308
Maryland,6 Months - 17 Years,1299128,2025-09-13,7.30801491714069
Maryland,6 Months - 17 Years,1299128,2025-09-20,9.03414000135072
Maryland,6 Months - 17 Years,1299128,2025-09-27,11.2112158166847
Maryland,6 Months - 17 Years,1299128,2025-10-04,16.1339508456449
Maryland,6 Months - 17 Years,1299128,2025-10-11,19.1913606574015
Maryland,6 Months - 17 Years,1299128,2025-10-18,22.845454661419
Maryland,6 Months - 17 Years,1299128,2025-10-25,27.0029025848797
Maryland,6 Months - 17 Years,1299128,2025-11-01,31.7572585257534
Maryland,6 Months - 17 Years,1299128,2025-11-08,40.5150816844382
Maryland,6 Months - 17 Years,1299128,2025-11-15,43.9502862714679
Maryland,6 Months - 17 Years,1299128,2025-11-22,46.6931867495624
Maryland,6 Months - 17 Years,1299128,2025-11-29,48.8447855653413
Maryland,6 Months - 17 Years,1299128,2025-12-06,52.5167791742181
Maryland,6 Months - 17 Years,1299128,2025-12-13,53.8408560886225
Maryland,6 Months - 17 Years,1299128,2025-12-20,54.8115324217389
Maryland,6 Months - 17 Years,1299128,2025-12-27,55.5246826287088
Maryland,6 Months - 17 Years,1299128,2026-01-03,56.3029225347679
Maryland,6 Months - 17 Years,1299128,2026-01-10,57.487639412783
Maryland,6 Months - 17 Years,1299128,2026-01-17,58.0042894291449
Maryland,6 Months - 17 Years,1299128,2026-01-24,58.51022371714
Maryland,6 Months - 17 Years,1299128,2026-01-31,58.9154646259429
Maryland,6 Months - 17 Years,1299128,2026-02-07,59.7472434813516
Maryland,6 Months - 17 Years,1299128,2026-02-14,60.0568830474075
Maryland,6 Months - 17 Years,1299128,2026-02-21,60.2848166072306
Maryland,6 Months - 17 Years,1299128,2026-02-28,60.4539137834309
Maryland,6 Months - 17 Years,1299128,2026-03-07,60.7552135992974
Maryland,6 Months - 17 Years,1299128,2026-03-14,60.889694685373
Maryland,6 Months - 17 Years,1299128,2026-03-21,61.020699382622
Maryland,6 Months - 17 Years,1299128,2026-03-28,61.1499825517631
Maryland,6 Months - 17 Years,1299128,2026-04-04,61.3056702106998
Maryland,6 Months - 17 Years,1299128,2026-04-11,61.5634705494233
Maryland,6 Months - 17 Years,1299128,2026-04-18,61.6751755460071
Maryland,6 Months - 17 Years,1299128,2026-04-25,61.7822657781055
Maryland,6 Months - 17 Years,1299128,2026-05-02,61.8779610726158
Maryland,6 Months - 17 Years,1299128,2026-05-09,62.1205408981806
Maryland,6 Months - 17 Years,1299128,2026-05-16,62.2790708128827
Maryland,6 Months - 17 Years,1299128,2026-05-23,62.4812727726332
Maryland,6 Months - 17 Years,1299128,2026-05-30,62.7308525046287
Maryland,6 Months - 17 Years,1299128,2026-06-06,63.2952601158811
Maryland,6 Months - 17 Years,1299128,2026-06-13,63.6222550923722
Maryland,18-49 Years,2478067,2025-08-16,1.67026212127154
Maryland,18-49 Years,2478067,2025-08-23,1.67026212127154
Maryland,18-49 Years,2478067,2025-08-30,1.67026212127154
Maryland,18-49 Years,2478067,2025-09-06,1.67026212127154
Maryland,18-49 Years,2478067,2025-09-13,2.26353014621192
Maryland,18-49 Years,2478067,2025-09-20,2.64547198962757
Maryland,18-49 Years,2478067,2025-09-27,3.48704989197002
Maryland,18-49 Years,2478067,2025-10-04,5.68078499342586
Maryland,18-49 Years,2478067,2025-10-11,7.269356659498
Maryland,18-49 Years,2478067,2025-10-18,9.3550603401946
Maryland,18-49 Years,2478067,2025-10-25,11.9147405646842
Maryland,18-49 Years,2478067,2025-11-01,15.0011585752477
Maryland,18-49 Years,2478067,2025-11-08,21.035030442032
Maryland,18-49 Years,2478067,2025-11-15,23.6387099525941
Maryland,18-49 Years,2478067,2025-11-22,25.8837481427676
Maryland,18-49 Years,2478067,2025-11-29,27.7936528594453
Maryland,18-49 Years,2478067,2025-12-06,31.2234148341779
Maryland,18-49 Years,2478067,2025-12-13,32.5997392109923
Maryland,18-49 Years,2478067,2025-12-20,33.719916916065
Maryland,18-49 Years,2478067,2025-12-27,34.6339157750147
Maryland,18-49 Years,2478067,2026-01-03,35.6414271671741
Maryland,18-49 Years,2478067,2026-01-10,37.2011437188936
Maryland,18-49 Years,2478067,2026-01-17,37.8370307875779
Maryland,18-49 Years,2478067,2026-01-24,38.4220840567931
Maryland,18-49 Years,2478067,2026-01-31,38.8809957783345
Maryland,18-49 Years,2478067,2026-02-07,39.8721558791217
Maryland,18-49 Years,2478067,2026-02-14,40.3022856513836
Maryland,18-49 Years,2478067,2026-02-21,40.6849569135173
Maryland,18-49 Years,2478067,2026-02-28,41.0282669621843
Maryland,18-49 Years,2478067,2026-03-07,41.671067718047
Maryland,18-49 Years,2478067,2026-03-14,41.9593923771321
Maryland,18-49 Years,2478067,2026-03-21,42.2263533252478
Maryland,18-49 Years,2478067,2026-03-28,42.479349090606
Maryland,18-49 Years,2478067,2026-04-04,42.8103528814696
Maryland,18-49 Years,2478067,2026-04-11,43.3839889898435
Maryland,18-49 Years,2478067,2026-04-18,43.7108030758042
Maryland,18-49 Years,2478067,2026-04-25,44.0778562414775
Maryland,18-49 Years,2478067,2026-05-02,44.4016058956021
Maryland,18-49 Years,2478067,2026-05-09,45.0514793552064
Maryland,18-49 Years,2478067,2026-05-16,45.2794946325478
Maryland,18-49 Years,2478067,2026-05-23,45.4261733453841
Maryland,18-49 Years,2478067,2026-05-30,45.5145371215588
Maryland,18-49 Years,2478067,2026-06-06,45.6469814496876
Maryland,18-49 Years,2478067,2026-06-13,45.6712654689103
Maryland,50-64 Years,1220908,2025-08-16,1.31545843107614
Maryland,50-64 Years,1220908,2025-08-23,1.31545843107614
Maryland,50-64 Years,1220908,2025-08-30,1.31545843107614
Maryland,50-64 Years,1220908,2025-09-06,1.31545843107614
Maryland,50-64 Years,1220908,2025-09-13,2.06386015610287
Maryland,50-64 Years,1220908,2025-09-20,2.97451174122218
Maryland,50-64 Years,1220908,2025-09-27,4.52836572107898
Maryland,50-64 Years,1220908,2025-10-04,8.37869545389278
Maryland,50-64 Years,1220908,2025-10-11,11.0664434098462
Maryland,50-64 Years,1220908,2025-10-18,14.5359449700922
Maryland,50-64 Years,1220908,2025-10-25,18.6991484978473
Maryland,50-64 Years,1220908,2025-11-01,23.5573770601754
Maryland,50-64 Years,1220908,2025-11-08,32.6156834354666
Maryland,50-64 Years,1220908,2025-11-15,36.101405005953
Maryland,50-64 Years,1220908,2025-11-22,38.7665093685262
Maryland,50-64 Years,1220908,2025-11-29,40.7716308756861
Maryland,50-64 Years,1220908,2025-12-06,44.2100673068064
Maryland,50-64 Years,1220908,2025-12-13,45.4905493924739
Maryland,50-64 Years,1220908,2025-12-20,46.4791785626429
Maryland,50-64 Years,1220908,2025-12-27,47.2576663218329
Maryland,50-64 Years,1220908,2026-01-03,48.1607153616067
Maryland,50-64 Years,1220908,2026-01-10,49.5954954605944
Maryland,50-64 Years,1220908,2026-01-17,50.2915101783789
Maryland,50-64 Years,1220908,2026-01-24,51.0249217647823
Maryland,50-64 Years,1220908,2026-01-31,51.6691799001826
Maryland,50-64 Years,1220908,2026-02-07,53.0734003514457
Maryland,50-64 Years,1220908,2026-02-14,53.6962846460588
Maryland,50-64 Years,1220908,2026-02-21,54.2447039309448
Maryland,50-64 Years,1220908,2026-02-28,54.721438310012
Maryland,50-64 Years,1220908,2026-03-07,55.5789663493619
Maryland,50-64 Years,1220908,2026-03-14,55.9249184201639
Maryland,50-64 Years,1220908,2026-03-21,56.2086502498047
Maryland,50-64 Years,1220908,2026-03-28,56.4442198786272
Maryland,50-64 Years,1220908,2026-04-04,56.7227210309894
Maryland,50-64 Years,1220908,2026-04-11,57.1745325026102
Maryland,50-64 Years,1220908,2026-04-18,57.4016649503278
Maryland,50-64 Years,1220908,2026-04-25,57.6383789118844
Maryland,50-64 Years,1220908,2026-05-02,57.825848383207
Maryland,50-64 Years,1220908,2026-05-09,58.1729212325318
Maryland,50-64 Years,1220908,2026-05-16,58.2639148939914
Maryland,50-64 Years,1220908,2026-05-23,58.2972013387857
Maryland,50-64 Years,1220908,2026-05-30,58.2990671129286
Maryland,50-64 Years,1220908,2026-06-06,58.3
Maryland,50-64 Years,1220908,2026-06-13,58.3
Maryland,65+ Years,987352,2025-08-16,0.933376588865378
Maryland,65+ Years,987352,2025-08-23,0.933376588865378
Maryland,65+ Years,987352,2025-08-30,0.933376588865378
Maryland,65+ Years,987352,2025-09-06,0.933376588865378
Maryland,65+ Years,987352,2025-09-13,2.05718942399576
Maryland,65+ Years,987352,2025-09-20,3.91669794266762
Maryland,65+ Years,987352,2025-09-27,6.52752697688928
Maryland,65+ Years,987352,2025-10-04,12.5058901144906
Maryland,65+ Years,987352,2025-10-11,16.2730302241047
Maryland,65+ Years,987352,2025-10-18,20.8157297782942
Maryland,65+ Years,987352,2025-10-25,26.0275838522185
Maryland,65+ Years,987352,2025-11-01,32.0349167890268
Maryland,65+ Years,987352,2025-11-08,43.2227014660913
Maryland,65+ Years,987352,2025-11-15,47.7198831392089
Maryland,65+ Years,987352,2025-11-22,51.396602555034
Maryland,65+ Years,987352,2025-11-29,54.3421772555701
Maryland,65+ Years,987352,2025-12-06,59.3791494003766
Maryland,65+ Years,987352,2025-12-13,61.171079486107
Maryland,65+ Years,987352,2025-12-20,62.4450265796583
Maryland,65+ Years,987352,2025-12-27,63.3506596693717
Maryland,65+ Years,987352,2026-01-03,64.392697248612
Maryland,65+ Years,987352,2026-01-10,66.0295212964139
Maryland,65+ Years,987352,2026-01-17,66.8710907413333
Maryland,65+ Years,987352,2026-01-24,67.7941882876862
Maryland,65+ Years,987352,2026-01-31,68.6134535651363
Maryland,65+ Years,987352,2026-02-07,70.3391921623057
Maryland,65+ Years,987352,2026-02-14,71.0363719270031
Maryland,65+ Years,987352,2026-02-21,71.583952189214
Maryland,65+ Years,987352,2026-02-28,72.0013500224879
Maryland,65+ Years,987352,2026-03-07,72.6927787258747
Maryland,65+ Years,987352,2026-03-14,72.9234765254794
Maryland,65+ Years,987352,2026-03-21,73.0759731446102
Maryland,65+ Years,987352,2026-03-28,73.1763877262432
Maryland,65+ Years,987352,2026-04-04,73.3065558505427
Maryland,65+ Years,987352,2026-04-11,73.5262482925827
Maryland,65+ Years,987352,2026-04-18,73.6858160928891
Maryland,65+ Years,987352,2026-04-25,73.8948453450675
Maryland,65+ Years,987352,2026-05-02,74.1028389917694
Maryland,65+ Years,987352,2026-05-09,74.5294194522364
Maryland,65+ Years,987352,2026-05-16,74.6880556435425
Maryland,65+ Years,987352,2026-05-23,74.7938693601643
Maryland,65+ Years,987352,2026-05-30,74.8597382574264
Maryland,65+ Years,987352,2026-06-06,74.9593772640939
Maryland,65+ Years,987352,2026-06-13,74.9777040796157
Massachusetts,6 Months - 4 Years,317403,2025-08-16,6.45977800568919
Massachusetts,6 Months - 4 Years,317403,2025-08-23,6.45977800568919
Massachusetts,6 Months - 4 Years,317403,2025-08-30,6.45977800568919
Massachusetts,6 Months - 4 Years,317403,2025-09-06,6.45977800568919
Massachusetts,6 Months - 4 Years,317403,2025-09-13,9.37615481670141
Massachusetts,6 Months - 4 Years,317403,2025-09-20,12.1729274800857
Massachusetts,6 Months - 4 Years,317403,2025-09-27,15.2669229083878
Massachusetts,6 Months - 4 Years,317403,2025-10-04,21.8608317354775
Massachusetts,6 Months - 4 Years,317403,2025-10-11,25.6085033941886
Massachusetts,6 Months - 4 Years,317403,2025-10-18,29.8078975331321
Massachusetts,6 Months - 4 Years,317403,2025-10-25,34.359647544451
Massachusetts,6 Months - 4 Years,317403,2025-11-01,39.4607303565755
Massachusetts,6 Months - 4 Years,317403,2025-11-08,48.6878592552959
Massachusetts,6 Months - 4 Years,317403,2025-11-15,52.2630268637963
Massachusetts,6 Months - 4 Years,317403,2025-11-22,55.1356531770776
Massachusetts,6 Months - 4 Years,317403,2025-11-29,57.456379594169
Massachusetts,6 Months - 4 Years,317403,2025-12-06,61.6530082158796
Massachusetts,6 Months - 4 Years,317403,2025-12-13,63.4766132333736
Massachusetts,6 Months - 4 Years,317403,2025-12-20,65.1470182352173
Massachusetts,6 Months - 4 Years,317403,2025-12-27,66.6704148283682
Massachusetts,6 Months - 4 Years,317403,2026-01-03,68.3092222493441
Massachusetts,6 Months - 4 Years,317403,2026-01-10,70.8391381296248
Massachusetts,6 Months - 4 Years,317403,2026-01-17,71.7039587286663
Massachusetts,6 Months - 4 Years,317403,2026-01-24,72.3704518782021
Massachusetts,6 Months - 4 Years,317403,2026-01-31,72.8390842247778
Massachusetts,6 Months - 4 Years,317403,2026-02-07,73.9468921962076
Massachusetts,6 Months - 4 Years,317403,2026-02-14,74.5896746499152
Massachusetts,6 Months - 4 Years,317403,2026-02-21,75.3401307303116
Massachusetts,6 Months - 4 Years,317403,2026-02-28,76.1416356211669
Massachusetts,6 Months - 4 Years,317403,2026-03-07,77.635115678452
Massachusetts,6 Months - 4 Years,317403,2026-03-14,78.2141753287555
Massachusetts,6 Months - 4 Years,317403,2026-03-21,78.6254781724632
Massachusetts,6 Months - 4 Years,317403,2026-03-28,78.8949915895462
Massachusetts,6 Months - 4 Years,317403,2026-04-04,79.1302909967152
Massachusetts,6 Months - 4 Years,317403,2026-04-11,79.4306387712147
Massachusetts,6 Months - 4 Years,317403,2026-04-18,79.4853197826007
Massachusetts,6 Months - 4 Years,317403,2026-04-25,79.5
Massachusetts,6 Months - 4 Years,317403,2026-05-02,79.5
Massachusetts,6 Months - 4 Years,317403,2026-05-09,79.5
Massachusetts,6 Months - 4 Years,317403,2026-05-16,79.5
Massachusetts,6 Months - 4 Years,317403,2026-05-23,79.5
Massachusetts,6 Months - 4 Years,317403,2026-05-30,79.5
Massachusetts,6 Months - 4 Years,317403,2026-06-06,79.5
Massachusetts,6 Months - 4 Years,317403,2026-06-13,79.5
Massachusetts,5-12 Years,592363,2025-08-16,3.74089655159351
Massachusetts,5-12 Years,592363,2025-08-23,3.74089655159351
Massachusetts,5-12 Years,592363,2025-08-30,3.74089655159351
Massachusetts,5-12 Years,592363,2025-09-06,3.74089655159351
Massachusetts,5-12 Years,592363,2025-09-13,5.56873940242647
Massachusetts,5-12 Years,592363,2025-09-20,7.49477308466677
Massachusetts,5-12 Years,592363,2025-09-27,9.84932506589027
Massachusetts,5-12 Years,592363,2025-10-04,15.1055450908675
Massachusetts,5-12 Years,592363,2025-10-11,18.2677669820537
Massachusetts,5-12 Years,592363,2025-10-18,21.9425439354862
Massachusetts,5-12 Years,592363,2025-10-25,26.0762472840936
Massachusetts,5-12 Years,592363,2025-11-01,30.8876467399432
Massachusetts,5-12 Years,592363,2025-11-08,40.0895679386814
Massachusetts,5-12 Years,592363,2025-11-15,44.1456654117195
Massachusetts,5-12 Years,592363,2025-11-22,47.8169472064923
Massachusetts,5-12 Years,592363,2025-11-29,51.0736513762291
Massachusetts,5-12 Years,592363,2025-12-06,56.9317076863209
Massachusetts,5-12 Years,592363,2025-12-13,59.2478919890582
Massachusetts,5-12 Years,592363,2025-12-20,61.0790516505659
Massachusetts,5-12 Years,592363,2025-12-27,62.5176829004852
Massachusetts,5-12 Years,592363,2026-01-03,64.0511020038665
Massachusetts,5-12 Years,592363,2026-01-10,66.3656659999499
Massachusetts,5-12 Years,592363,2026-01-17,67.2372819633421
Massachusetts,5-12 Years,592363,2026-01-24,67.9943201599982
Massachusetts,5-12 Years,592363,2026-01-31,68.569091510437
Massachusetts,5-12 Years,592363,2026-02-07,69.8578967628127
Massachusetts,5-12 Years,592363,2026-02-14,70.4977269263879
Massachusetts,5-12 Years,592363,2026-02-21,71.14881062674
Massachusetts,5-12 Years,592363,2026-02-28,71.7742230496518
Massachusetts,5-12 Years,592363,2026-03-07,72.8731387249289
Massachusetts,5-12 Years,592363,2026-03-14,73.2516488206138
Massachusetts,5-12 Years,592363,2026-03-21,73.4864429787765
Massachusetts,5-12 Years,592363,2026-03-28,73.6184092948354
Massachusetts,5-12 Years,592363,2026-04-04,73.7688814897599
Massachusetts,5-12 Years,592363,2026-04-11,74.0002850504913
Massachusetts,5-12 Years,592363,2026-04-18,74.1340630807691
Massachusetts,5-12 Years,592363,2026-04-25,74.2966829931419
Massachusetts,5-12 Years,592363,2026-05-02,74.4628690809355
Massachusetts,5-12 Years,592363,2026-05-09,74.8519095527186
Massachusetts,5-12 Years,592363,2026-05-16,75.0560445583134
Massachusetts,5-12 Years,592363,2026-05-23,75.2645354130388
Massachusetts,5-12 Years,592363,2026-05-30,75.4779252711535
Massachusetts,5-12 Years,592363,2026-06-06,75.9151374632346
Massachusetts,5-12 Years,592363,2026-06-13,76.1423154376407
Massachusetts,13-17 Years,397344,2025-08-16,3.38031906508511
Massachusetts,13-17 Years,397344,2025-08-23,3.38031906508511
Massachusetts,13-17 Years,397344,2025-08-30,3.38031906508511
Massachusetts,13-17 Years,397344,2025-09-06,3.38031906508511
Massachusetts,13-17 Years,397344,2025-09-13,5.11000872650439
Massachusetts,13-17 Years,397344,2025-09-20,7.02000119460991
Massachusetts,13-17 Years,397344,2025-09-27,9.40529484489744
Massachusetts,13-17 Years,397344,2025-10-04,14.777348002454
Massachusetts,13-17 Years,397344,2025-10-11,18.0773931120561
Massachusetts,13-17 Years,397344,2025-10-18,21.9831166041458
Massachusetts,13-17 Years,397344,2025-10-25,26.4111077842959
Massachusetts,13-17 Years,397344,2025-11-01,31.5109172997199
Massachusetts,13-17 Years,397344,2025-11-08,41.040178764659
Massachusetts,13-17 Years,397344,2025-11-15,44.9447164874329
Massachusetts,13-17 Years,397344,2025-11-22,48.2182717298846
Massachusetts,13-17 Years,397344,2025-11-29,50.9221529320472
Massachusetts,13-17 Years,397344,2025-12-06,55.6587589984641
Massachusetts,13-17 Years,397344,2025-12-13,57.4698331437734
Massachusetts,13-17 Years,397344,2025-12-20,58.8808806588229
Massachusetts,13-17 Years,397344,2025-12-27,59.9780411064773
Massachusetts,13-17 Years,397344,2026-01-03,61.1284132433851
Massachusetts,13-17 Years,397344,2026-01-10,62.8427576597067
Massachusetts,13-17 Years,397344,2026-01-17,63.4637091333076
Massachusetts,13-17 Years,397344,2026-01-24,63.9873116012289
Massachusetts,13-17 Years,397344,2026-01-31,64.3744264013448
Massachusetts,13-17 Years,397344,2026-02-07,65.2372044312595
Massachusetts,13-17 Years,397344,2026-02-14,65.6555773474177
Massachusetts,13-17 Years,397344,2026-02-21,66.0761600038375
Massachusetts,13-17 Years,397344,2026-02-28,66.4838431611982
Massachusetts,13-17 Years,397344,2026-03-07,67.2281618182766
Massachusetts,13-17 Years,397344,2026-03-14,67.5207724716298
Massachusetts,13-17 Years,397344,2026-03-21,67.744004029127
Massachusetts,13-17 Years,397344,2026-03-28,67.9115855629038
Massachusetts,13-17 Years,397344,2026-04-04,68.0916481693577
Massachusetts,13-17 Years,397344,2026-04-11,68.3634739752069
Massachusetts,13-17 Years,397344,2026-04-18,68.4705189310479
Massachusetts,13-17 Years,397344,2026-04-25,68.5681905972907
Massachusetts,13-17 Years,397344,2026-05-02,68.6479229969206
Massachusetts,13-17 Years,397344,2026-05-09,68.835393411829
Massachusetts,13-17 Years,397344,2026-05-16,68.9370287994767
Massachusetts,13-17 Years,397344,2026-05-23,69.0490336621774
Massachusetts,13-17 Years,397344,2026-05-30,69.1713240382382
Massachusetts,13-17 Years,397344,2026-06-06,69.4282659671839
Massachusetts,13-17 Years,397344,2026-06-13,69.5662127868006
Massachusetts,6 Months - 17 Years,1307110,2025-08-16,4.20197517008252
Massachusetts,6 Months - 17 Years,1307110,2025-08-23,4.20197517008252
Massachusetts,6 Months - 17 Years,1307110,2025-08-30,4.20197517008252
Massachusetts,6 Months - 17 Years,1307110,2025-09-06,4.20197517008252
Massachusetts,6 Months - 17 Years,1307110,2025-09-13,6.23507214182522
Massachusetts,6 Months - 17 Years,1307110,2025-09-20,8.3535993213318
Massachusetts,6 Months - 17 Years,1307110,2025-09-27,10.8834103983164
Massachusetts,6 Months - 17 Years,1307110,2025-10-04,16.4752859363683
Massachusetts,6 Months - 17 Years,1307110,2025-10-11,19.8088839900684
Massachusetts,6 Months - 17 Years,1307110,2025-10-18,23.6654246845494
Massachusetts,6 Months - 17 Years,1307110,2025-10-25,27.9734114007778
Massachusetts,6 Months - 17 Years,1307110,2025-11-01,32.9312580055043
Massachusetts,6 Months - 17 Years,1307110,2025-11-08,42.2424099465722
Massachusetts,6 Months - 17 Years,1307110,2025-11-15,46.16444301645
Massachusetts,6 Months - 17 Years,1307110,2025-11-22,49.5664650672971
Massachusetts,6 Months - 17 Years,1307110,2025-11-29,52.4787644969868
Massachusetts,6 Months - 17 Years,1307110,2025-12-06,57.6800478678529
Massachusetts,6 Months - 17 Years,1307110,2025-12-13,59.7484642513485
Massachusetts,6 Months - 17 Years,1307110,2025-12-20,61.4209181286167
Massachusetts,6 Months - 17 Years,1307110,2025-12-27,62.7704793590192
Massachusetts,6 Months - 17 Years,1307110,2026-01-03,64.2034562925411
Massachusetts,6 Months - 17 Years,1307110,2026-01-10,66.3660409682766
Massachusetts,6 Months - 17 Years,1307110,2026-01-17,67.1533179487898
Massachusetts,6 Months - 17 Years,1307110,2026-01-24,67.8152327850233
Massachusetts,6 Months - 17 Years,1307110,2026-01-31,68.3081055340132
Massachusetts,6 Months - 17 Years,1307110,2026-02-07,69.4305686492089
Massachusetts,6 Months - 17 Years,1307110,2026-02-14,70.0137795973968
Massachusetts,6 Months - 17 Years,1307110,2026-02-21,70.6333772726507
Massachusetts,6 Months - 17 Years,1307110,2026-02-28,71.2500626793534
Massachusetts,6 Months - 17 Years,1307110,2026-03-07,72.3560593977879
Massachusetts,6 Months - 17 Years,1307110,2026-03-14,72.7528642133667
Massachusetts,6 Months - 17 Years,1307110,2026-03-21,73.0111658218768
Massachusetts,6 Months - 17 Years,1307110,2026-03-28,73.1663151418293
Massachusetts,6 Months - 17 Years,1307110,2026-04-04,73.3337016644204
Massachusetts,6 Months - 17 Years,1307110,2026-04-11,73.582501099552
Massachusetts,6 Months - 17 Years,1307110,2026-04-18,73.7000250226179
Massachusetts,6 Months - 17 Years,1307110,2026-04-25,73.8251653702018
Massachusetts,6 Months - 17 Years,1307110,2026-05-02,73.9393851401046
Massachusetts,6 Months - 17 Years,1307110,2026-05-09,74.2034956711802
Massachusetts,6 Months - 17 Years,1307110,2026-05-16,74.3393218496927
Massachusetts,6 Months - 17 Years,1307110,2026-05-23,74.4786835029015
Massachusetts,6 Months - 17 Years,1307110,2026-05-30,74.6215659890413
Massachusetts,6 Months - 17 Years,1307110,2026-06-06,74.9122147291344
Massachusetts,6 Months - 17 Years,1307110,2026-06-13,75.0615097737133
Massachusetts,18-49 Years,2949139,2025-08-16,1.6776894803703
Massachusetts,18-49 Years,2949139,2025-08-23,1.6776894803703
Massachusetts,18-49 Years,2949139,2025-08-30,1.6776894803703
Massachusetts,18-49 Years,2949139,2025-09-06,1.6776894803703
Massachusetts,18-49 Years,2949139,2025-09-13,2.29487438673919
Massachusetts,18-49 Years,2949139,2025-09-20,2.72474765939103
Massachusetts,18-49 Years,2949139,2025-09-27,3.65595095251593
Massachusetts,18-49 Years,2949139,2025-10-04,6.07653333247202
Massachusetts,18-49 Years,2949139,2025-10-11,7.83151190714573
Massachusetts,18-49 Years,2949139,2025-10-18,10.1400992383495
Massachusetts,18-49 Years,2949139,2025-10-25,12.9696954307122
Massachusetts,18-49 Years,2949139,2025-11-01,16.3618671481117
Massachusetts,18-49 Years,2949139,2025-11-08,22.9395680358703
Massachusetts,18-49 Years,2949139,2025-11-15,25.7272670065298
Massachusetts,18-49 Years,2949139,2025-11-22,28.0841690804432
Massachusetts,18-49 Years,2949139,2025-11-29,30.0314692633595
Massachusetts,18-49 Years,2949139,2025-12-06,33.4108605089376
Massachusetts,18-49 Years,2949139,2025-12-13,34.6407131440117
Massachusetts,18-49 Years,2949139,2025-12-20,35.5280373360776
Massachusetts,18-49 Years,2949139,2025-12-27,36.166077954278
Massachusetts,18-49 Years,2949139,2026-01-03,36.8930292359849
Massachusetts,18-49 Years,2949139,2026-01-10,38.0280137758105
Massachusetts,18-49 Years,2949139,2026-01-17,38.5851941526785
Massachusetts,18-49 Years,2949139,2026-01-24,39.1815925817461
Massachusetts,18-49 Years,2949139,2026-01-31,39.7128508632595
Massachusetts,18-49 Years,2949139,2026-02-07,40.8783671209143
Massachusetts,18-49 Years,2949139,2026-02-14,41.4056984877755
Massachusetts,18-49 Years,2949139,2026-02-21,41.8784633334954
Massachusetts,18-49 Years,2949139,2026-02-28,42.2940847617161
Massachusetts,18-49 Years,2949139,2026-03-07,43.0363387666603
Massachusetts,18-49 Years,2949139,2026-03-14,43.3224788344702
Massachusetts,18-49 Years,2949139,2026-03-21,43.5414872625793
Massachusetts,18-49 Years,2949139,2026-03-28,43.7124386940537
Massachusetts,18-49 Years,2949139,2026-04-04,43.9385127955941
Massachusetts,18-49 Years,2949139,2026-04-11,44.3276841354692
Massachusetts,18-49 Years,2949139,2026-04-18,44.590798062796
Massachusetts,18-49 Years,2949139,2026-04-25,44.9193397031495
Massachusetts,18-49 Years,2949139,2026-05-02,45.2310363668771
Massachusetts,18-49 Years,2949139,2026-05-09,45.8536538480154
Massachusetts,18-49 Years,2949139,2026-05-16,46.0671604144661
Massachusetts,18-49 Years,2949139,2026-05-23,46.1943754907652
Massachusetts,18-49 Years,2949139,2026-05-30,46.2619012218974
Massachusetts,18-49 Years,2949139,2026-06-06,46.3612572285694
Massachusetts,18-49 Years,2949139,2026-06-13,46.3793349333998
Massachusetts,50-64 Years,1399578,2025-08-16,1.04936758299541
Massachusetts,50-64 Years,1399578,2025-08-23,1.04936758299541
Massachusetts,50-64 Years,1399578,2025-08-30,1.04936758299541
Massachusetts,50-64 Years,1399578,2025-09-06,1.04936758299541
Massachusetts,50-64 Years,1399578,2025-09-13,1.70926212012518
Massachusetts,50-64 Years,1399578,2025-09-20,2.57256763239372
Massachusetts,50-64 Years,1399578,2025-09-27,4.12405730073564
Massachusetts,50-64 Years,1399578,2025-10-04,8.01389328267135
Massachusetts,50-64 Years,1399578,2025-10-11,10.7517335920381
Massachusetts,50-64 Years,1399578,2025-10-18,14.2985501698872
Massachusetts,50-64 Years,1399578,2025-10-25,18.5778710590147
Massachusetts,50-64 Years,1399578,2025-11-01,23.6163051161925
Massachusetts,50-64 Years,1399578,2025-11-08,33.1347907863559
Massachusetts,50-64 Years,1399578,2025-11-15,36.9189020000551
Massachusetts,50-64 Years,1399578,2025-11-22,39.9182655080282
Massachusetts,50-64 Years,1399578,2025-11-29,42.2665688497986
Massachusetts,50-64 Years,1399578,2025-12-06,46.3661973164176
Massachusetts,50-64 Years,1399578,2025-12-13,47.9566591131535
Massachusetts,50-64 Years,1399578,2025-12-20,49.2359522020885
Massachusetts,50-64 Years,1399578,2025-12-27,50.2749523979662
Massachusetts,50-64 Years,1399578,2026-01-03,51.4127357231448
Massachusetts,50-64 Years,1399578,2026-01-10,53.1618730537849
Massachusetts,50-64 Years,1399578,2026-01-17,53.8560371977594
Massachusetts,50-64 Years,1399578,2026-01-24,54.4872534613429
Massachusetts,50-64 Years,1399578,2026-01-31,54.996397055438
Massachusetts,50-64 Years,1399578,2026-02-07,56.1947441690251
Massachusetts,50-64 Years,1399578,2026-02-14,56.8776907750231
Massachusetts,50-64 Years,1399578,2026-02-21,57.6465955868214
Massachusetts,50-64 Years,1399578,2026-02-28,58.4324333129211
Massachusetts,50-64 Years,1399578,2026-03-07,59.8235899866964
Massachusetts,50-64 Years,1399578,2026-03-14,60.2827779214013
Massachusetts,50-64 Years,1399578,2026-03-21,60.5306013616114
Massachusetts,50-64 Years,1399578,2026-03-28,60.6296981622081
Massachusetts,50-64 Years,1399578,2026-04-04,60.7654208231242
Massachusetts,50-64 Years,1399578,2026-04-11,61.0037441326916
Massachusetts,50-64 Years,1399578,2026-04-18,61.2648823803882
Massachusetts,50-64 Years,1399578,2026-04-25,61.6571046313687
Massachusetts,50-64 Years,1399578,2026-05-02,62.0709490201622
Massachusetts,50-64 Years,1399578,2026-05-09,62.8657542544908
Massachusetts,50-64 Years,1399578,2026-05-16,63.1010589464472
Massachusetts,50-64 Years,1399578,2026-05-23,63.1920367592312
Massachusetts,50-64 Years,1399578,2026-05-30,63.1973455864104
Massachusetts,50-64 Years,1399578,2026-06-06,63.2
Massachusetts,50-64 Years,1399578,2026-06-13,63.2
Massachusetts,65+ Years,1198402,2025-08-16,0.892058947166556
Massachusetts,65+ Years,1198402,2025-08-23,0.892058947166556
Massachusetts,65+ Years,1198402,2025-08-30,0.892058947166556
Massachusetts,65+ Years,1198402,2025-09-06,0.892058947166556
Massachusetts,65+ Years,1198402,2025-09-13,2.21926534613656
Massachusetts,65+ Years,1198402,2025-09-20,4.40963986785326
Massachusetts,65+ Years,1198402,2025-09-27,7.56619481380347
Massachusetts,65+ Years,1198402,2025-10-04,14.5878543654001
Massachusetts,65+ Years,1198402,2025-10-11,18.8596568247777
Massachusetts,65+ Years,1198402,2025-10-18,23.8967744920713
Massachusetts,65+ Years,1198402,2025-10-25,29.561470817495
Massachusetts,65+ Years,1198402,2025-11-01,35.9809468753958
Massachusetts,65+ Years,1198402,2025-11-08,47.6676117013079
Massachusetts,65+ Years,1198402,2025-11-15,52.1436223523261
Massachusetts,65+ Years,1198402,2025-11-22,55.6394103227068
Massachusetts,65+ Years,1198402,2025-11-29,58.3276425035514
Massachusetts,65+ Years,1198402,2025-12-06,62.9052748662558
Massachusetts,65+ Years,1198402,2025-12-13,64.5601059364972
Massachusetts,65+ Years,1198402,2025-12-20,65.7854147899793
Massachusetts,65+ Years,1198402,2025-12-27,66.7037044987382
Massachusetts,65+ Years,1198402,2026-01-03,67.7509841552456
Massachusetts,65+ Years,1198402,2026-01-10,69.392725718183
Massachusetts,65+ Years,1198402,2026-01-17,70.1893110788439
Massachusetts,65+ Years,1198402,2026-01-24,71.0277441828059
Massachusetts,65+ Years,1198402,2026-01-31,71.7457210524921
Massachusetts,65+ Years,1198402,2026-02-07,73.2431971496282
Massachusetts,65+ Years,1198402,2026-02-14,73.8234198702252
Massachusetts,65+ Years,1198402,2026-02-21,74.2614389988436
Massachusetts,65+ Years,1198402,2026-02-28,74.5949624637102
Massachusetts,65+ Years,1198402,2026-03-07,75.2004314271945
Massachusetts,65+ Years,1198402,2026-03-14,75.4757740057082
Massachusetts,65+ Years,1198402,2026-03-21,75.7466239686634
Massachusetts,65+ Years,1198402,2026-03-28,76.022321412836
Massachusetts,65+ Years,1198402,2026-04-04,76.4108965916636
Massachusetts,65+ Years,1198402,2026-04-11,77.1130232092017
Massachusetts,65+ Years,1198402,2026-04-18,77.5618025984717
Massachusetts,65+ Years,1198402,2026-04-25,78.0985376160108
Massachusetts,65+ Years,1198402,2026-05-02,78.5978672011017
Massachusetts,65+ Years,1198402,2026-05-09,79.6050261689369
Massachusetts,65+ Years,1198402,2026-05-16,79.9620617980513
Massachusetts,65+ Years,1198402,2026-05-23,80.1888210769824
Massachusetts,65+ Years,1198402,2026-05-30,80.3218327913399
Massachusetts,65+ Years,1198402,2026-06-06,80.5206356584558
Massachusetts,65+ Years,1198402,2026-06-13,80.5570400243309
Michigan,6 Months - 4 Years,505214,2025-08-16,4.84384755556888
Michigan,6 Months - 4 Years,505214,2025-08-23,4.84384755556888
Michigan,6 Months - 4 Years,505214,2025-08-30,4.84384755556888
Michigan,6 Months - 4 Years,505214,2025-09-06,4.84384755556888
Michigan,6 Months - 4 Years,505214,2025-09-13,6.89596756142251
Michigan,6 Months - 4 Years,505214,2025-09-20,8.70425923258221
Michigan,6 Months - 4 Years,505214,2025-09-27,10.7188531283887
Michigan,6 Months - 4 Years,505214,2025-10-04,15.0274593335277
Michigan,6 Months - 4 Years,505214,2025-10-11,17.4674236175755
Michigan,6 Months - 4 Years,505214,2025-10-18,20.1823638116261
Michigan,6 Months - 4 Years,505214,2025-10-25,23.1281821394765
Michigan,6 Months - 4 Years,505214,2025-11-01,26.4862731291023
Michigan,6 Months - 4 Years,505214,2025-11-08,32.7754751843045
Michigan,6 Months - 4 Years,505214,2025-11-15,35.4882488776197
Michigan,6 Months - 4 Years,505214,2025-11-22,37.9185663885497
Michigan,6 Months - 4 Years,505214,2025-11-29,40.0451159848655
Michigan,6 Months - 4 Years,505214,2025-12-06,43.8012941469126
Michigan,6 Months - 4 Years,505214,2025-12-13,45.2208241001696
Michigan,6 Months - 4 Years,505214,2025-12-20,46.2869107420131
Michigan,6 Months - 4 Years,505214,2025-12-27,47.0777972807976
Michigan,6 Months - 4 Years,505214,2026-01-03,47.902550638807
Michigan,6 Months - 4 Years,505214,2026-01-10,49.1212376153924
Michigan,6 Months - 4 Years,505214,2026-01-17,49.5664457357995
Michigan,6 Months - 4 Years,505214,2026-01-24,49.948065331829
Michigan,6 Months - 4 Years,505214,2026-01-31,50.2392610332119
Michigan,6 Months - 4 Years,505214,2026-02-07,50.9187205233926
Michigan,6 Months - 4 Years,505214,2026-02-14,51.2996668081302
Michigan,6 Months - 4 Years,505214,2026-02-21,51.7272141602414
Michigan,6 Months - 4 Years,505214,2026-02-28,52.1629252032598
Michigan,6 Months - 4 Years,505214,2026-03-07,52.9303156383241
Michigan,6 Months - 4 Years,505214,2026-03-14,53.1820918648401
Michigan,6 Months - 4 Years,505214,2026-03-21,53.3178263150248
Michigan,6 Months - 4 Years,505214,2026-03-28,53.3715224297864
Michigan,6 Months - 4 Years,505214,2026-04-04,53.4269223921697
Michigan,6 Months - 4 Years,505214,2026-04-11,53.5051894802437
Michigan,6 Months - 4 Years,505214,2026-04-18,53.5538730129148
Michigan,6 Months - 4 Years,505214,2026-04-25,53.6127410465089
Michigan,6 Months - 4 Years,505214,2026-05-02,53.664803438461
Michigan,6 Months - 4 Years,505214,2026-05-09,53.7624131321366
Michigan,6 Months - 4 Years,505214,2026-05-16,53.7891546935565
Michigan,6 Months - 4 Years,505214,2026-05-23,53.7991464893084
Michigan,6 Months - 4 Years,505214,2026-05-30,53.7997154964361
Michigan,6 Months - 4 Years,505214,2026-06-06,53.8
Michigan,6 Months - 4 Years,505214,2026-06-13,53.8
Michigan,5-12 Years,942980,2025-08-16,3.8511664024462
Michigan,5-12 Years,942980,2025-08-23,3.8511664024462
Michigan,5-12 Years,942980,2025-08-30,3.8511664024462
Michigan,5-12 Years,942980,2025-09-06,3.8511664024462
Michigan,5-12 Years,942980,2025-09-13,5.01830799264035
Michigan,5-12 Years,942980,2025-09-20,5.46261786516191
Michigan,5-12 Years,942980,2025-09-27,6.54834592705961
Michigan,5-12 Years,942980,2025-10-04,9.4261541758242
Michigan,5-12 Years,942980,2025-10-11,11.5807004243966
Michigan,5-12 Years,942980,2025-10-18,14.4786420188251
Michigan,5-12 Years,942980,2025-10-25,18.0556942037297
Michigan,5-12 Years,942980,2025-11-01,22.2885880185059
Michigan,5-12 Years,942980,2025-11-08,30.2832757367074
Michigan,5-12 Years,942980,2025-11-15,33.3996057249621
Michigan,5-12 Years,942980,2025-11-22,35.7913442852844
Michigan,5-12 Years,942980,2025-11-29,37.5853766171294
Michigan,5-12 Years,942980,2025-12-06,40.623515985389
Michigan,5-12 Years,942980,2025-12-13,41.7184585241641
Michigan,5-12 Years,942980,2025-12-20,42.5310694709071
Michigan,5-12 Years,942980,2025-12-27,43.1340393591581
Michigan,5-12 Years,942980,2026-01-03,43.755933485037
Michigan,5-12 Years,942980,2026-01-10,44.6673239538926
Michigan,5-12 Years,942980,2026-01-17,44.9939666592318
Michigan,5-12 Years,942980,2026-01-24,45.269624652321
Michigan,5-12 Years,942980,2026-01-31,45.4717977149706
Michigan,5-12 Years,942980,2026-02-07,45.9156859138881
Michigan,5-12 Years,942980,2026-02-14,46.1236186009775
Michigan,5-12 Years,942980,2026-02-21,46.3262583286439
Michigan,5-12 Years,942980,2026-02-28,46.5151805920367
Michigan,5-12 Years,942980,2026-03-07,46.8442859785309
Michigan,5-12 Years,942980,2026-03-14,46.957875970083
Michigan,5-12 Years,942980,2026-03-21,47.0303421809394
Michigan,5-12 Years,942980,2026-03-28,47.073528098137
Michigan,5-12 Years,942980,2026-04-04,47.1241127342779
Michigan,5-12 Years,942980,2026-04-11,47.204065617087
Michigan,5-12 Years,942980,2026-04-18,47.2535798312217
Michigan,5-12 Years,942980,2026-04-25,47.3127410465089
Michigan,5-12 Years,942980,2026-05-02,47.364803438461
Michigan,5-12 Years,942980,2026-05-09,47.4624131321366
Michigan,5-12 Years,942980,2026-05-16,47.4891546935565
Michigan,5-12 Years,942980,2026-05-23,47.4991464893084
Michigan,5-12 Years,942980,2026-05-30,47.4997154964361
Michigan,5-12 Years,942980,2026-06-06,47.5
Michigan,5-12 Years,942980,2026-06-13,47.5
Michigan,13-17 Years,624694,2025-08-16,4.16440072320245
Michigan,13-17 Years,624694,2025-08-23,4.16440072320245
Michigan,13-17 Years,624694,2025-08-30,4.16440072320245
Michigan,13-17 Years,624694,2025-09-06,4.16440072320245
Michigan,13-17 Years,624694,2025-09-13,5.44280619245232
Michigan,13-17 Years,624694,2025-09-20,5.95829080294292
Michigan,13-17 Years,624694,2025-09-27,6.92828118450318
Michigan,13-17 Years,624694,2025-10-04,9.3840144923414
Michigan,13-17 Years,624694,2025-10-11,11.1263322566493
Michigan,13-17 Years,624694,2025-10-18,13.3926640882699
Michigan,13-17 Years,624694,2025-10-25,16.1391457971075
Michigan,13-17 Years,624694,2025-11-01,19.3903483220985
Michigan,13-17 Years,624694,2025-11-08,25.5822683193856
Michigan,13-17 Years,624694,2025-11-15,28.0954773828692
Michigan,13-17 Years,624694,2025-11-22,30.1311386047311
Michigan,13-17 Years,624694,2025-11-29,31.7536414353442
Michigan,13-17 Years,624694,2025-12-06,34.574876584027
Michigan,13-17 Years,624694,2025-12-13,35.6419480380935
Michigan,13-17 Years,624694,2025-12-20,36.4676771174408
Michigan,13-17 Years,624694,2025-12-27,37.1097024429788
Michigan,13-17 Years,624694,2026-01-03,37.8073451694454
Michigan,13-17 Years,624694,2026-01-10,38.8715059100958
Michigan,13-17 Years,624694,2026-01-17,39.3056401369858
Michigan,13-17 Years,624694,2026-01-24,39.7088689911849
Michigan,13-17 Years,624694,2026-01-31,40.0260861893619
Michigan,13-17 Years,624694,2026-02-07,40.7116169272368
Michigan,13-17 Years,624694,2026-02-14,41.0188707940705
Michigan,13-17 Years,624694,2026-02-21,41.3000575213101
Michigan,13-17 Years,624694,2026-02-28,41.5429047291518
Michigan,13-17 Years,624694,2026-03-07,41.9347432529763
Michigan,13-17 Years,624694,2026-03-14,42.043422168358
Michigan,13-17 Years,624694,2026-03-21,42.0896943738142
Michigan,13-17 Years,624694,2026-03-28,42.0965647912714
Michigan,13-17 Years,624694,2026-04-04,42.1137925925926
Michigan,13-17 Years,624694,2026-04-11,42.1551703703704
Michigan,13-17 Years,624694,2026-04-18,42.2451851851852
Michigan,13-17 Years,624694,2026-04-25,42.4019851851852
Michigan,13-17 Years,624694,2026-05-02,42.5856444444444
Michigan,13-17 Years,624694,2026-05-09,42.9429925925926
Michigan,13-17 Years,624694,2026-05-16,43.0529777777778
Michigan,13-17 Years,624694,2026-05-23,43.0961777777778
Michigan,13-17 Years,624694,2026-05-30,43.0987259259259
Michigan,13-17 Years,624694,2026-06-06,43.1
Michigan,13-17 Years,624694,2026-06-13,43.1
Michigan,6 Months - 17 Years,2072888,2025-08-16,4.12883673058146
Michigan,6 Months - 17 Years,2072888,2025-08-23,4.12883673058146
Michigan,6 Months - 17 Years,2072888,2025-08-30,4.12883673058146
Michigan,6 Months - 17 Years,2072888,2025-09-06,4.12883673058146
Michigan,6 Months - 17 Years,2072888,2025-09-13,5.52759914412901
Michigan,6 Months - 17 Years,2072888,2025-09-20,6.32269346079087
Michigan,6 Months - 17 Years,2072888,2025-09-27,7.59176716333141
Michigan,6 Months - 17 Years,2072888,2025-10-04,10.6842793434808
Michigan,6 Months - 17 Years,2072888,2025-10-11,12.7895828723868
Michigan,6 Months - 17 Years,2072888,2025-10-18,15.4601916069769
Michigan,6 Months - 17 Years,2072888,2025-10-25,18.6381240619413
Michigan,6 Months - 17 Years,2072888,2025-11-01,22.3628380678897
Michigan,6 Months - 17 Years,2072888,2025-11-08,29.3919521561017
Michigan,6 Months - 17 Years,2072888,2025-11-15,32.2218641010787
Michigan,6 Months - 17 Years,2072888,2025-11-22,34.5083778049669
Michigan,6 Months - 17 Years,2072888,2025-11-29,36.322521705473
Michigan,6 Months - 17 Years,2072888,2025-12-06,39.4494696296805
Michigan,6 Months - 17 Years,2072888,2025-12-13,40.6067293956738
Michigan,6 Months - 17 Years,2072888,2025-12-20,41.4805967147434
Michigan,6 Months - 17 Years,2072888,2025-12-27,42.1395959216818
Michigan,6 Months - 17 Years,2072888,2026-01-03,42.8300066392087
Michigan,6 Months - 17 Years,2072888,2026-01-10,43.8545072201608
Michigan,6 Months - 17 Years,2072888,2026-01-17,44.2339014904726
Michigan,6 Months - 17 Years,2072888,2026-01-24,44.5622275249362
Michigan,6 Months - 17 Years,2072888,2026-01-31,44.8104304102239
Michigan,6 Months - 17 Years,2072888,2026-02-07,45.3679106287624
Michigan,6 Months - 17 Years,2072888,2026-02-14,45.6483132843185
Michigan,6 Months - 17 Years,2072888,2026-02-21,45.9368098312899
Michigan,6 Months - 17 Years,2072888,2026-02-28,46.2125906214811
Michigan,6 Months - 17 Years,2072888,2026-03-07,46.6832030453675
Michigan,6 Months - 17 Years,2072888,2026-03-14,46.8299769405947
Michigan,6 Months - 17 Years,2072888,2026-03-21,46.9052325653591
Michigan,6 Months - 17 Years,2072888,2026-03-28,46.9320956795529
Michigan,6 Months - 17 Years,2072888,2026-04-04,46.965879971284
Michigan,6 Months - 17 Years,2072888,2026-04-11,47.0219428549265
Michigan,6 Months - 17 Years,2072888,2026-04-18,47.0801786292688
Michigan,6 Months - 17 Years,2072888,2026-04-25,47.1662935314205
Michigan,6 Months - 17 Years,2072888,2026-05-02,47.256025928122
Michigan,6 Months - 17 Years,2072888,2026-05-09,47.4280707206465
Michigan,6 Months - 17 Years,2072888,2026-05-16,47.4787422538459
Michigan,6 Months - 17 Years,2072888,2026-05-23,47.498291438548
Michigan,6 Months - 17 Years,2072888,2026-05-30,47.499430479516
Michigan,6 Months - 17 Years,2072888,2026-06-06,47.5
Michigan,6 Months - 17 Years,2072888,2026-06-13,47.5
Michigan,18-49 Years,4002980,2025-08-16,1.08768473293436
Michigan,18-49 Years,4002980,2025-08-23,1.08768473293436
Michigan,18-49 Years,4002980,2025-08-30,1.08768473293436
Michigan,18-49 Years,4002980,2025-09-06,1.08768473293436
Michigan,18-49 Years,4002980,2025-09-13,1.52481921859068
Michigan,18-49 Years,4002980,2025-09-20,1.88364721609619
Michigan,18-49 Years,4002980,2025-09-27,2.54332092180018
Michigan,18-49 Years,4002980,2025-10-04,4.20472223339487
Michigan,18-49 Years,4002980,2025-10-11,5.35927543516423
Michigan,18-49 Years,4002980,2025-10-18,6.83513716047159
Michigan,18-49 Years,4002980,2025-10-25,8.61973649004629
Michigan,18-49 Years,4002980,2025-11-01,10.7738061759533
Michigan,18-49 Years,4002980,2025-11-08,15.0305027723738
Michigan,18-49 Years,4002980,2025-11-15,16.957644580504
Michigan,18-49 Years,4002980,2025-11-22,18.7079257476872
Michigan,18-49 Years,4002980,2025-11-29,20.2513908207914
Michigan,18-49 Years,4002980,2025-12-06,22.9828257226969
Michigan,18-49 Years,4002980,2025-12-13,23.9971886813828
Michigan,18-49 Years,4002980,2025-12-20,24.7300826573218
Michigan,18-49 Years,4002980,2025-12-27,25.2517668916821
Michigan,18-49 Years,4002980,2026-01-03,25.8332820077626
Michigan,18-49 Years,4002980,2026-01-10,26.728716354524
Michigan,18-49 Years,4002980,2026-01-17,27.1454123392234
Michigan,18-49 Years,4002980,2026-01-24,27.5750153548631
Michigan,18-49 Years,4002980,2026-01-31,27.9442052724087
Michigan,18-49 Years,4002980,2026-02-07,28.7499885630784
Michigan,18-49 Years,4002980,2026-02-14,29.1179277276998
Michigan,18-49 Years,4002980,2026-02-21,29.4530457177137
Michigan,18-49 Years,4002980,2026-02-28,29.7401913297064
Michigan,18-49 Years,4002980,2026-03-07,30.2038474732809
Michigan,18-49 Years,4002980,2026-03-14,30.3327633574579
Michigan,18-49 Years,4002980,2026-03-21,30.3877402926225
Michigan,18-49 Years,4002980,2026-03-28,30.3959134308742
Michigan,18-49 Years,4002980,2026-04-04,30.4082755555556
Michigan,18-49 Years,4002980,2026-04-11,30.4331022222222
Michigan,18-49 Years,4002980,2026-04-18,30.4871111111111
Michigan,18-49 Years,4002980,2026-04-25,30.5811911111111
Michigan,18-49 Years,4002980,2026-05-02,30.6913866666667
Michigan,18-49 Years,4002980,2026-05-09,30.9057955555556
Michigan,18-49 Years,4002980,2026-05-16,30.9717866666667
Michigan,18-49 Years,4002980,2026-05-23,30.9977066666667
Michigan,18-49 Years,4002980,2026-05-30,30.9992355555556
Michigan,18-49 Years,4002980,2026-06-06,31.0
Michigan,18-49 Years,4002980,2026-06-13,31.0
Michigan,50-64 Years,2020612,2025-08-16,0.854428003054118
Michigan,50-64 Years,2020612,2025-08-23,0.854428003054118
Michigan,50-64 Years,2020612,2025-08-30,0.854428003054118
Michigan,50-64 Years,2020612,2025-09-06,0.854428003054118
Michigan,50-64 Years,2020612,2025-09-13,1.59498500954998
Michigan,50-64 Years,2020612,2025-09-20,2.73438833433293
Michigan,50-64 Years,2020612,2025-09-27,4.2387479062122
Michigan,50-64 Years,2020612,2025-10-04,7.69858186651263
Michigan,50-64 Years,2020612,2025-10-11,9.88839990862691
Michigan,50-64 Years,2020612,2025-10-18,12.5356471967374
Michigan,50-64 Years,2020612,2025-10-25,15.5812606590772
Michigan,50-64 Years,2020612,2025-11-01,19.1035851600045
Michigan,50-64 Years,2020612,2025-11-08,25.687933778368
Michigan,50-64 Years,2020612,2025-11-15,28.3469098750134
Michigan,50-64 Years,2020612,2025-11-22,30.5304875122873
Michigan,50-64 Years,2020612,2025-11-29,32.3036156212126
Michigan,50-64 Years,2020612,2025-12-06,35.4176582460513
Michigan,50-64 Years,2020612,2025-12-13,36.6212722021677
Michigan,50-64 Years,2020612,2025-12-20,37.5744331095057
Michigan,50-64 Years,2020612,2025-12-27,38.3380749275275
Michigan,50-64 Years,2020612,2026-01-03,39.2041322450083
Michigan,50-64 Years,2020612,2026-01-10,40.5644284726503
Michigan,50-64 Years,2020612,2026-01-17,41.174491018887
Michigan,50-64 Years,2020612,2026-01-24,41.7813081042744
Michigan,50-64 Years,2020612,2026-01-31,42.2914733203997
Michigan,50-64 Years,2020612,2026-02-07,43.4106244175917
Michigan,50-64 Years,2020612,2026-02-14,43.9229393646184
Michigan,50-64 Years,2020612,2026-02-21,44.3944678921093
Michigan,50-64 Years,2020612,2026-02-28,44.8148307439587
Michigan,50-64 Years,2020612,2026-03-07,45.5493255384293
Michigan,50-64 Years,2020612,2026-03-14,45.8100523708581
Michigan,50-64 Years,2020612,2026-03-21,45.9859946833124
Michigan,50-64 Years,2020612,2026-03-28,46.1030307996137
Michigan,50-64 Years,2020612,2026-04-04,46.2646845708401
Michigan,50-64 Years,2020612,2026-04-11,46.5475194777753
Michigan,50-64 Years,2020612,2026-04-18,46.7782654646616
Michigan,50-64 Years,2020612,2026-04-25,47.1082049759242
Michigan,50-64 Years,2020612,2026-05-02,47.4850507828259
Michigan,50-64 Years,2020612,2026-05-09,48.3495706059043
Michigan,50-64 Years,2020612,2026-05-16,48.7760531520713
Michigan,50-64 Years,2020612,2026-05-23,49.1716079265534
Michigan,50-64 Years,2020612,2026-05-30,49.5395730547592
Michigan,50-64 Years,2020612,2026-06-06,50.2573267580944
Michigan,50-64 Years,2020612,2026-06-13,50.6016937224423
Michigan,65+ Years,1812441,2025-08-16,0.904422084500021
Michigan,65+ Years,1812441,2025-08-23,0.904422084500021
Michigan,65+ Years,1812441,2025-08-30,0.904422084500021
Michigan,65+ Years,1812441,2025-09-06,0.904422084500021
Michigan,65+ Years,1812441,2025-09-13,1.88574494344697
Michigan,65+ Years,1812441,2025-09-20,3.52060858588638
Michigan,65+ Years,1812441,2025-09-27,5.80155007482373
Michigan,65+ Years,1812441,2025-10-04,11.1467907061536
Michigan,65+ Years,1812441,2025-10-11,14.6177655055456
Michigan,65+ Years,1812441,2025-10-18,18.8886382044012
Michigan,65+ Years,1812441,2025-10-25,23.861307925838
Michigan,65+ Years,1812441,2025-11-01,29.6313630228716
Michigan,65+ Years,1812441,2025-11-08,40.4352989404038
Michigan,65+ Years,1812441,2025-11-15,44.7824840371937
Michigan,65+ Years,1812441,2025-11-22,48.320949427913
Michigan,65+ Years,1812441,2025-11-29,51.1433443831364
Michigan,65+ Years,1812441,2025-12-06,55.9739845080202
Michigan,65+ Years,1812441,2025-12-13,57.7055959566182
Michigan,65+ Years,1812441,2025-12-20,58.9527728850179
Michigan,65+ Years,1812441,2025-12-27,59.8499914508075
Michigan,65+ Years,1812441,2026-01-03,60.8446266688301
Michigan,65+ Years,1812441,2026-01-10,62.3699030584413
Michigan,65+ Years,1812441,2026-01-17,63.0652572460225
Michigan,65+ Years,1812441,2026-01-24,63.7740533067637
Michigan,65+ Years,1812441,2026-01-31,64.3807258632224
Michigan,65+ Years,1812441,2026-02-07,65.7123949612299
Michigan,65+ Years,1812441,2026-02-14,66.3186806911993
Michigan,65+ Years,1812441,2026-02-21,66.8725119819078
Michigan,65+ Years,1812441,2026-02-28,67.3687627611043
Michigan,65+ Years,1812441,2026-03-07,68.2612334101452
Michigan,65+ Years,1812441,2026-03-14,68.6126543830343
Michigan,65+ Years,1812441,2026-03-21,68.8888083524984
Michigan,65+ Years,1812441,2026-03-28,69.1073269262661
Michigan,65+ Years,1812441,2026-04-04,69.3650170850607
Michigan,65+ Years,1812441,2026-04-11,69.7805670300064
Michigan,65+ Years,1812441,2026-04-18,69.9940144891879
Michigan,65+ Years,1812441,2026-04-25,70.2215160808772
Michigan,65+ Years,1812441,2026-05-02,70.4082688880508
Michigan,65+ Years,1812441,2026-05-09,70.7668551355208
Michigan,65+ Years,1812441,2026-05-16,70.8753048078938
Michigan,65+ Years,1812441,2026-05-23,70.9311666606414
Michigan,65+ Years,1812441,2026-05-30,70.9545604945777
Michigan,65+ Years,1812441,2026-06-06,70.9877368585651
Michigan,65+ Years,1812441,2026-06-13,70.9936764820107
Minnesota,6 Months - 4 Years,312796,2025-08-16,4.17577587642942
Minnesota,6 Months - 4 Years,312796,2025-08-23,4.17577587642942
Minnesota,6 Months - 4 Years,312796,2025-08-30,4.17577587642942
Minnesota,6 Months - 4 Years,312796,2025-09-06,4.17577587642942
Minnesota,6 Months - 4 Years,312796,2025-09-13,5.99340966001505
Minnesota,6 Months - 4 Years,312796,2025-09-20,7.66104487498468
Minnesota,6 Months - 4 Years,312796,2025-09-27,9.63698891119717
Minnesota,6 Months - 4 Years,312796,2025-10-04,13.9890823584851
Minnesota,6 Months - 4 Years,312796,2025-10-11,16.5524906232682
Minnesota,6 Months - 4 Years,312796,2025-10-18,19.4833512621911
Minnesota,6 Months - 4 Years,312796,2025-10-25,22.7438926371532
Minnesota,6 Months - 4 Years,312796,2025-11-01,26.5338568654827
Minnesota,6 Months - 4 Years,312796,2025-11-08,33.8050264061419
Minnesota,6 Months - 4 Years,312796,2025-11-15,37.0738380750779
Minnesota,6 Months - 4 Years,312796,2025-11-22,40.0985978614117
Minnesota,6 Months - 4 Years,312796,2025-11-29,42.8318563482805
Minnesota,6 Months - 4 Years,312796,2025-12-06,47.771394759164
Minnesota,6 Months - 4 Years,312796,2025-12-13,49.7366230783546
Minnesota,6 Months - 4 Years,312796,2025-12-20,51.2941331662008
Minnesota,6 Months - 4 Years,312796,2025-12-27,52.511292719805
Minnesota,6 Months - 4 Years,312796,2026-01-03,53.7593088957199
Minnesota,6 Months - 4 Years,312796,2026-01-10,55.5965485217662
Minnesota,6 Months - 4 Years,312796,2026-01-17,56.2141812007696
Minnesota,6 Months - 4 Years,312796,2026-01-24,56.6967984800362
Minnesota,6 Months - 4 Years,312796,2026-01-31,57.0243273808029
Minnesota,6 Months - 4 Years,312796,2026-02-07,57.7179484887952
Minnesota,6 Months - 4 Years,312796,2026-02-14,58.0088463272877
Minnesota,6 Months - 4 Years,312796,2026-02-21,58.2678814082777
Minnesota,6 Months - 4 Years,312796,2026-02-28,58.4971508625484
Minnesota,6 Months - 4 Years,312796,2026-03-07,58.9030681304045
Minnesota,6 Months - 4 Years,312796,2026-03-14,59.0556204741001
Minnesota,6 Months - 4 Years,312796,2026-03-21,59.1695304378768
Minnesota,6 Months - 4 Years,312796,2026-03-28,59.2582951424125
Minnesota,6 Months - 4 Years,312796,2026-04-04,59.426558846688
Minnesota,6 Months - 4 Years,312796,2026-04-11,59.7742023770883
Minnesota,6 Months - 4 Years,312796,2026-04-18,60.190340873147
Minnesota,6 Months - 4 Years,312796,2026-04-25,60.8285856437909
Minnesota,6 Months - 4 Years,312796,2026-05-02,61.515382763829
Minnesota,6 Months - 4 Years,312796,2026-05-09,62.8381935128159
Minnesota,6 Months - 4 Years,312796,2026-05-16,63.233250579275
Minnesota,6 Months - 4 Years,312796,2026-05-23,63.3865483666764
Minnesota,6 Months - 4 Years,312796,2026-05-30,63.3955161222255
Minnesota,6 Months - 4 Years,312796,2026-06-06,63.4
Minnesota,6 Months - 4 Years,312796,2026-06-13,63.4
Minnesota,5-12 Years,583920,2025-08-16,2.84151351029276
Minnesota,5-12 Years,583920,2025-08-23,2.84151351029276
Minnesota,5-12 Years,583920,2025-08-30,2.84151351029276
Minnesota,5-12 Years,583920,2025-09-06,2.84151351029276
Minnesota,5-12 Years,583920,2025-09-13,4.18757414251292
Minnesota,5-12 Years,583920,2025-09-20,5.56306635758711
Minnesota,5-12 Years,583920,2025-09-27,7.43953811915026
Minnesota,5-12 Years,583920,2025-10-04,11.804498931739
Minnesota,5-12 Years,583920,2025-10-11,14.6125262863949
Minnesota,5-12 Years,583920,2025-10-18,18.0463756083945
Minnesota,5-12 Years,583920,2025-10-25,22.0263627135671
Minnesota,5-12 Years,583920,2025-11-01,26.6344373589964
Minnesota,5-12 Years,583920,2025-11-08,35.2329526642315
Minnesota,5-12 Years,583920,2025-11-15,38.6576965961251
Minnesota,5-12 Years,583920,2025-11-22,41.4204719120813
Minnesota,5-12 Years,583920,2025-11-29,43.6321179381973
Minnesota,5-12 Years,583920,2025-12-06,47.5391515970918
Minnesota,5-12 Years,583920,2025-12-13,49.1130051322631
Minnesota,5-12 Years,583920,2025-12-20,50.4354494904138
Minnesota,5-12 Years,583920,2025-12-27,51.5442493376708
Minnesota,5-12 Years,583920,2026-01-03,52.6875627837258
Minnesota,5-12 Years,583920,2026-01-10,54.3869030517108
Minnesota,5-12 Years,583920,2026-01-17,54.9291242849505
Minnesota,5-12 Years,583920,2026-01-24,55.3272428622647
Minnesota,5-12 Years,583920,2026-01-31,55.5966305746281
Minnesota,5-12 Years,583920,2026-02-07,56.2406743023435
Minnesota,5-12 Years,583920,2026-02-14,56.6274414930237
Minnesota,5-12 Years,583920,2026-02-21,57.0941272250686
Minnesota,5-12 Years,583920,2026-02-28,57.6071701361088
Minnesota,5-12 Years,583920,2026-03-07,58.5825464588291
Minnesota,5-12 Years,583920,2026-03-14,58.9630048259642
Minnesota,5-12 Years,583920,2026-03-21,59.2277020101329
Minnesota,5-12 Years,583920,2026-03-28,59.4042937644973
Minnesota,5-12 Years,583920,2026-04-04,59.6524182635017
Minnesota,5-12 Years,583920,2026-04-11,60.0939251284186
Minnesota,5-12 Years,583920,2026-04-18,60.4651284298513
Minnesota,5-12 Years,583920,2026-04-25,60.9708208446733
Minnesota,5-12 Years,583920,2026-05-02,61.4678976100645
Minnesota,5-12 Years,583920,2026-05-09,62.4142012957042
Minnesota,5-12 Years,583920,2026-05-16,62.6867851253141
Minnesota,5-12 Years,583920,2026-05-23,62.7909559663204
Minnesota,5-12 Years,583920,2026-05-30,62.7969853221068
Minnesota,5-12 Years,583920,2026-06-06,62.8
Minnesota,5-12 Years,583920,2026-06-13,62.8
Minnesota,13-17 Years,371308,2025-08-16,2.20556399531747
Minnesota,13-17 Years,371308,2025-08-23,2.20556399531747
Minnesota,13-17 Years,371308,2025-08-30,2.20556399531747
Minnesota,13-17 Years,371308,2025-09-06,2.20556399531747
Minnesota,13-17 Years,371308,2025-09-13,3.31819753678428
Minnesota,13-17 Years,371308,2025-09-20,4.5319602886605
Minnesota,13-17 Years,371308,2025-09-27,6.14666330250841
Minnesota,13-17 Years,371308,2025-10-04,9.87019550876647
Minnesota,13-17 Years,371308,2025-10-11,12.2339177660328
Minnesota,13-17 Years,371308,2025-10-18,15.0965729196287
Minnesota,13-17 Years,371308,2025-10-25,18.3956020685334
Minnesota,13-17 Years,371308,2025-11-01,22.2171030710806
Minnesota,13-17 Years,371308,2025-11-08,29.3794225734659
Minnesota,13-17 Years,371308,2025-11-15,32.2930203387459
Minnesota,13-17 Years,371308,2025-11-22,34.702679748238
Minnesota,13-17 Years,371308,2025-11-29,36.6654594944779
Minnesota,13-17 Years,371308,2025-12-06,40.0865789504731
Minnesota,13-17 Years,371308,2025-12-13,41.374269666711
Minnesota,13-17 Years,371308,2025-12-20,42.3585440072851
Minnesota,13-17 Years,371308,2025-12-27,43.115708665523
Minnesota,13-17 Years,371308,2026-01-03,43.9573215715086
Minnesota,13-17 Years,371308,2026-01-10,45.256478275286
Minnesota,13-17 Years,371308,2026-01-17,45.8167625623614
Minnesota,13-17 Years,371308,2026-01-24,46.3648099637936
Minnesota,13-17 Years,371308,2026-01-31,46.8329363078919
Minnesota,13-17 Years,371308,2026-02-07,47.9307802284215
Minnesota,13-17 Years,371308,2026-02-14,48.549596026172
Minnesota,13-17 Years,371308,2026-02-21,49.2316736660211
Minnesota,13-17 Years,371308,2026-02-28,49.9089953078076
Minnesota,13-17 Years,371308,2026-03-07,51.0658781277024
Minnesota,13-17 Years,371308,2026-03-14,51.4120299897509
Minnesota,13-17 Years,371308,2026-03-21,51.5649703303381
Minnesota,13-17 Years,371308,2026-03-28,51.588323443446
Minnesota,13-17 Years,371308,2026-04-04,51.6229759249862
Minnesota,13-17 Years,371308,2026-04-11,51.691903699945
Minnesota,13-17 Years,371308,2026-04-18,51.8449561906897
Minnesota,13-17 Years,371308,2026-04-25,52.1201257492885
Minnesota,13-17 Years,371308,2026-05-02,52.4633205141191
Minnesota,13-17 Years,371308,2026-05-09,53.1851425918176
Minnesota,13-17 Years,371308,2026-05-16,53.4686974533569
Minnesota,13-17 Years,371308,2026-05-23,53.6548629068913
Minnesota,13-17 Years,371308,2026-05-30,53.7652163495149
Minnesota,13-17 Years,371308,2026-06-06,53.931837854477
Minnesota,13-17 Years,371308,2026-06-13,53.9624431808637
Minnesota,6 Months - 17 Years,1268024,2025-08-16,2.78071719092111
Minnesota,6 Months - 17 Years,1268024,2025-08-23,2.78071719092111
Minnesota,6 Months - 17 Years,1268024,2025-08-30,2.78071719092111
Minnesota,6 Months - 17 Years,1268024,2025-09-06,2.78071719092111
Minnesota,6 Months - 17 Years,1268024,2025-09-13,4.11710346142647
Minnesota,6 Months - 17 Years,1268024,2025-09-20,5.50313625780029
Minnesota,6 Months - 17 Years,1268024,2025-09-27,7.3097720905364
Minnesota,6 Months - 17 Years,1268024,2025-10-04,11.4454177113109
Minnesota,6 Months - 17 Years,1268024,2025-10-11,14.0415785158069
Minnesota,6 Months - 17 Years,1268024,2025-10-18,17.1601579027076
Minnesota,6 Months - 17 Years,1268024,2025-10-25,20.736139730545
Minnesota,6 Months - 17 Years,1268024,2025-11-01,24.878569202691
Minnesota,6 Months - 17 Years,1268024,2025-11-08,32.6563161830471
Minnesota,6 Months - 17 Years,1268024,2025-11-15,35.8469375533085
Minnesota,6 Months - 17 Years,1268024,2025-11-22,38.5151123484436
Minnesota,6 Months - 17 Years,1268024,2025-11-29,40.7218087685194
Minnesota,6 Months - 17 Years,1268024,2025-12-06,44.6285820897634
Minnesota,6 Months - 17 Years,1268024,2025-12-13,46.1732245342824
Minnesota,6 Months - 17 Years,1268024,2025-12-20,47.4273483691999
Minnesota,6 Months - 17 Years,1268024,2025-12-27,48.4457630513751
Minnesota,6 Months - 17 Years,1268024,2026-01-03,49.5219944331819
Minnesota,6 Months - 17 Years,1268024,2026-01-10,51.1414456857303
Minnesota,6 Months - 17 Years,1268024,2026-01-17,51.7184587059658
Minnesota,6 Months - 17 Years,1268024,2026-01-24,52.1945172042425
Minnesota,6 Months - 17 Years,1268024,2026-01-31,52.5461653518939
Minnesota,6 Months - 17 Years,1268024,2026-02-07,53.3619117043896
Minnesota,6 Months - 17 Years,1268024,2026-02-14,53.8102167846359
Minnesota,6 Months - 17 Years,1268024,2026-02-21,54.3089480706727
Minnesota,6 Months - 17 Years,1268024,2026-02-28,54.82021124302
Minnesota,6 Months - 17 Years,1268024,2026-03-07,55.7415996340229
Minnesota,6 Months - 17 Years,1268024,2026-03-14,56.0645964115403
Minnesota,6 Months - 17 Years,1268024,2026-03-21,56.2609404533277
Minnesota,6 Months - 17 Years,1268024,2026-03-28,56.3663413017863
Minnesota,6 Months - 17 Years,1268024,2026-04-04,56.5219233337153
Minnesota,6 Months - 17 Years,1268024,2026-04-11,56.8063644625702
Minnesota,6 Months - 17 Years,1268024,2026-04-18,57.1004998172749
Minnesota,6 Months - 17 Years,1268024,2026-04-25,57.5370560978193
Minnesota,6 Months - 17 Years,1268024,2026-05-02,58.0013241784288
Minnesota,6 Months - 17 Years,1268024,2026-05-09,58.9164142390147
Minnesota,6 Months - 17 Years,1268024,2026-05-16,59.2132614656832
Minnesota,6 Months - 17 Years,1268024,2026-05-23,59.3594342235565
Minnesota,6 Months - 17 Years,1268024,2026-05-30,59.4084304756108
Minnesota,6 Months - 17 Years,1268024,2026-06-06,59.4757337605222
Minnesota,6 Months - 17 Years,1268024,2026-06-13,59.487578549534
Minnesota,18-49 Years,2313403,2025-08-16,1.05319117622856
Minnesota,18-49 Years,2313403,2025-08-23,1.05319117622856
Minnesota,18-49 Years,2313403,2025-08-30,1.05319117622856
Minnesota,18-49 Years,2313403,2025-09-06,1.05319117622856
Minnesota,18-49 Years,2313403,2025-09-13,1.50677069486318
Minnesota,18-49 Years,2313403,2025-09-20,1.92021595508758
Minnesota,18-49 Years,2313403,2025-09-27,2.73395776771158
Minnesota,18-49 Years,2313403,2025-10-04,4.81237038727575
Minnesota,18-49 Years,2313403,2025-10-11,6.28885772436564
Minnesota,18-49 Years,2313403,2025-10-18,8.2061911205051
Minnesota,18-49 Years,2313403,2025-10-25,10.5390801323726
Minnesota,18-49 Years,2313403,2025-11-01,13.3353913457287
Minnesota,18-49 Years,2313403,2025-11-08,18.7744708043711
Minnesota,18-49 Years,2313403,2025-11-15,21.1152238891046
Minnesota,18-49 Years,2313403,2025-11-22,23.1314314196385
Minnesota,18-49 Years,2313403,2025-11-29,24.8280762526055
Minnesota,18-49 Years,2313403,2025-12-06,27.7934763738914
Minnesota,18-49 Years,2313403,2025-12-13,28.886838428031
Minnesota,18-49 Years,2313403,2025-12-20,29.6850760116729
Minnesota,18-49 Years,2313403,2025-12-27,30.2647849923766
Minnesota,18-49 Years,2313403,2026-01-03,30.9146194354112
Minnesota,18-49 Years,2313403,2026-01-10,31.9198993229541
Minnesota,18-49 Years,2313403,2026-01-17,32.3889986383836
Minnesota,18-49 Years,2313403,2026-01-24,32.8732461903355
Minnesota,18-49 Years,2313403,2026-01-31,33.2904350604825
Minnesota,18-49 Years,2313403,2026-02-07,34.1990579212047
Minnesota,18-49 Years,2313403,2026-02-14,34.6038688087498
Minnesota,18-49 Years,2313403,2026-02-21,34.9641637262771
Minnesota,18-49 Years,2313403,2026-02-28,35.278198289709
Minnesota,18-49 Years,2313403,2026-03-07,35.8332980479068
Minnesota,18-49 Years,2313403,2026-03-14,36.0456236286208
Minnesota,18-49 Years,2313403,2026-03-21,36.2083427294493
Minnesota,18-49 Years,2313403,2026-03-28,36.3327531049914
Minnesota,18-49 Years,2313403,2026-04-04,36.4681799191749
Minnesota,18-49 Years,2313403,2026-04-11,36.6745924683611
Minnesota,18-49 Years,2313403,2026-04-18,36.7589873593433
Minnesota,18-49 Years,2313403,2026-04-25,36.8380009015635
Minnesota,18-49 Years,2313403,2026-05-02,36.9024394673719
Minnesota,18-49 Years,2313403,2026-05-09,37.0483709017154
Minnesota,18-49 Years,2313403,2026-05-16,37.1202264956768
Minnesota,18-49 Years,2313403,2026-05-23,37.1924627611373
Minnesota,18-49 Years,2313403,2026-05-30,37.2649389095674
Minnesota,18-49 Years,2313403,2026-06-06,37.4091554430348
Minnesota,18-49 Years,2313403,2026-06-13,37.4805856520448
Minnesota,50-64 Years,1091743,2025-08-16,1.47197181733401
Minnesota,50-64 Years,1091743,2025-08-23,1.47197181733401
Minnesota,50-64 Years,1091743,2025-08-30,1.47197181733401
Minnesota,50-64 Years,1091743,2025-09-06,1.47197181733401
Minnesota,50-64 Years,1091743,2025-09-13,1.98387654049636
Minnesota,50-64 Years,1091743,2025-09-20,2.29671342262416
Minnesota,50-64 Years,1091743,2025-09-27,3.30545301014258
Minnesota,50-64 Years,1091743,2025-10-04,6.07304301983231
Minnesota,50-64 Years,1091743,2025-10-11,8.18491987754355
Minnesota,50-64 Years,1091743,2025-10-18,11.0456605450197
Minnesota,50-64 Years,1091743,2025-10-25,14.6227922954855
Minnesota,50-64 Years,1091743,2025-11-01,18.9519746431989
Minnesota,50-64 Years,1091743,2025-11-08,27.4156426424894
Minnesota,50-64 Years,1091743,2025-11-15,31.0271423223437
Minnesota,50-64 Years,1091743,2025-11-22,34.0815321208403
Minnesota,50-64 Years,1091743,2025-11-29,36.5929945976298
Minnesota,50-64 Years,1091743,2025-12-06,40.9048352073506
Minnesota,50-64 Years,1091743,2025-12-13,42.4290643594144
Minnesota,50-64 Years,1091743,2025-12-20,43.4872855393905
Minnesota,50-64 Years,1091743,2025-12-27,44.2050949517736
Minnesota,50-64 Years,1091743,2026-01-03,44.960927093622
Minnesota,50-64 Years,1091743,2026-01-10,46.0759365835117
Minnesota,50-64 Years,1091743,2026-01-17,46.5307609770072
Minnesota,50-64 Years,1091743,2026-01-24,46.9610607123435
Minnesota,50-64 Years,1091743,2026-01-31,47.3077165239689
Minnesota,50-64 Years,1091743,2026-02-07,48.0710775659309
Minnesota,50-64 Years,1091743,2026-02-14,48.425332648137
Minnesota,50-64 Years,1091743,2026-02-21,48.7609514647877
Minnesota,50-64 Years,1091743,2026-02-28,49.0705898546194
Minnesota,50-64 Years,1091743,2026-03-07,49.6269679200007
Minnesota,50-64 Years,1091743,2026-03-14,49.8418259746867
Minnesota,50-64 Years,1091743,2026-03-21,50.0048682989118
Minnesota,50-64 Years,1091743,2026-03-28,50.1278803978696
Minnesota,50-64 Years,1091743,2026-04-04,50.2659196945979
Minnesota,50-64 Years,1091743,2026-04-11,50.4804615305541
Minnesota,50-64 Years,1091743,2026-04-18,50.5779417611329
Minnesota,50-64 Years,1091743,2026-04-25,50.6759798045254
Minnesota,50-64 Years,1091743,2026-05-02,50.7581515714904
Minnesota,50-64 Years,1091743,2026-05-09,50.9353849334527
Minnesota,50-64 Years,1091743,2026-05-16,51.0122434427445
Minnesota,50-64 Years,1091743,2026-05-23,51.0793402551349
Minnesota,50-64 Years,1091743,2026-05-30,51.1376124400325
Minnesota,50-64 Years,1091743,2026-06-06,51.2422818138552
Minnesota,50-64 Years,1091743,2026-06-13,51.2832206954542
Minnesota,65+ Years,948841,2025-08-16,1.11548975772646
Minnesota,65+ Years,948841,2025-08-23,1.11548975772646
Minnesota,65+ Years,948841,2025-08-30,1.11548975772646
Minnesota,65+ Years,948841,2025-09-06,1.11548975772646
Minnesota,65+ Years,948841,2025-09-13,1.94912143645363
Minnesota,65+ Years,948841,2025-09-20,3.15286473751508
Minnesota,65+ Years,948841,2025-09-27,5.13442059500467
Minnesota,65+ Years,948841,2025-10-04,10.0008319310678
Minnesota,65+ Years,948841,2025-10-11,13.3291089551194
Minnesota,65+ Years,948841,2025-10-18,17.5574441367297
Minnesota,65+ Years,948841,2025-10-25,22.6085307171453
Minnesota,65+ Years,948841,2025-11-01,28.5748067098689
Minnesota,65+ Years,948841,2025-11-08,39.9805323235362
Minnesota,65+ Years,948841,2025-11-15,44.7393662343422
Minnesota,65+ Years,948841,2025-11-22,48.7300496795088
Minnesota,65+ Years,948841,2025-11-29,51.9951969497728
Minnesota,65+ Years,948841,2025-12-06,57.6033972735675
Minnesota,65+ Years,948841,2025-12-13,59.6008715348992
Minnesota,65+ Years,948841,2025-12-20,61.0095549581325
Minnesota,65+ Years,948841,2025-12-27,61.9897243480351
Minnesota,65+ Years,948841,2026-01-03,63.0500060078586
Minnesota,65+ Years,948841,2026-01-10,64.6462152207118
Minnesota,65+ Years,948841,2026-01-17,65.3402534800355
Minnesota,65+ Years,948841,2026-01-24,66.0263187390622
Minnesota,65+ Years,948841,2026-01-31,66.5982557293462
Minnesota,65+ Years,948841,2026-02-07,67.8524536157281
Minnesota,65+ Years,948841,2026-02-14,68.4242521588315
Minnesota,65+ Years,948841,2026-02-21,68.9513814121492
Minnesota,65+ Years,948841,2026-02-28,69.4272226393067
Minnesota,65+ Years,948841,2026-03-07,70.2816689703711
Minnesota,65+ Years,948841,2026-03-14,70.6169507913075
Minnesota,65+ Years,948841,2026-03-21,70.8792721553546
Minnesota,65+ Years,948841,2026-03-28,71.084147140508
Minnesota,65+ Years,948841,2026-04-04,71.3098136156397
Minnesota,65+ Years,948841,2026-04-11,71.6571028888003
Minnesota,65+ Years,948841,2026-04-18,71.8009453834611
Minnesota,65+ Years,948841,2026-04-25,71.936735875139
Minnesota,65+ Years,948841,2026-05-02,72.0493697264114
Minnesota,65+ Years,948841,2026-05-09,72.3084672229431
Minnesota,65+ Years,948841,2026-05-16,72.4410258347
Minnesota,65+ Years,948841,2026-05-23,72.5788366700932
Minnesota,65+ Years,948841,2026-05-30,72.7216170447719
Minnesota,65+ Years,948841,2026-06-06,73.0122147291344
Minnesota,65+ Years,948841,2026-06-13,73.1615097737132
Mississippi,6 Months - 4 Years,163954,2025-08-16,5.22789633888762
Mississippi,6 Months - 4 Years,163954,2025-08-23,5.22789633888762
Mississippi,6 Months - 4 Years,163954,2025-08-30,5.22789633888762
Mississippi,6 Months - 4 Years,163954,2025-09-06,5.22789633888762
Mississippi,6 Months - 4 Years,163954,2025-09-13,7.10587825717721
Mississippi,6 Months - 4 Years,163954,2025-09-20,8.33387466889605
Mississippi,6 Months - 4 Years,163954,2025-09-27,9.71260727441292
Mississippi,6 Months - 4 Years,163954,2025-10-04,12.6726673514918
Mississippi,6 Months - 4 Years,163954,2025-10-11,14.3478749886741
Mississippi,6 Months - 4 Years,163954,2025-10-18,16.2051459233366
Mississippi,6 Months - 4 Years,163954,2025-10-25,18.2244195848324
Mississippi,6 Months - 4 Years,163954,2025-11-01,20.5562151669646
Mississippi,6 Months - 4 Years,163954,2025-11-08,25.0208853026149
Mississippi,6 Months - 4 Years,163954,2025-11-15,27.0560360440497
Mississippi,6 Months - 4 Years,163954,2025-11-22,28.978435324601
Mississippi,6 Months - 4 Years,163954,2025-11-29,30.7584686766884
Mississippi,6 Months - 4 Years,163954,2025-12-06,34.0430739752465
Mississippi,6 Months - 4 Years,163954,2025-12-13,35.4077205428737
Mississippi,6 Months - 4 Years,163954,2025-12-20,36.5379218901013
Mississippi,6 Months - 4 Years,163954,2025-12-27,37.4704718362645
Mississippi,6 Months - 4 Years,163954,2026-01-03,38.4963246534852
Mississippi,6 Months - 4 Years,163954,2026-01-10,40.0861042317412
Mississippi,6 Months - 4 Years,163954,2026-01-17,40.722302392846
Mississippi,6 Months - 4 Years,163954,2026-01-24,41.2963603748161
Mississippi,6 Months - 4 Years,163954,2026-01-31,41.7389535324323
Mississippi,6 Months - 4 Years,163954,2026-02-07,42.6905986671345
Mississippi,6 Months - 4 Years,163954,2026-02-14,43.097400136894
Mississippi,6 Months - 4 Years,163954,2026-02-21,43.4552192955893
Mississippi,6 Months - 4 Years,163954,2026-02-28,43.7756838395804
Mississippi,6 Months - 4 Years,163954,2026-03-07,44.3895159304094
Mississippi,6 Months - 4 Years,163954,2026-03-14,44.7034325616294
Mississippi,6 Months - 4 Years,163954,2026-03-21,45.0366116939534
Mississippi,6 Months - 4 Years,163954,2026-03-28,45.3698950617023
Mississippi,6 Months - 4 Years,163954,2026-04-04,45.6935347612325
Mississippi,6 Months - 4 Years,163954,2026-04-11,46.1716282645346
Mississippi,6 Months - 4 Years,163954,2026-04-18,46.2714775629239
Mississippi,6 Months - 4 Years,163954,2026-04-25,46.3
Mississippi,6 Months - 4 Years,163954,2026-05-02,46.3
Mississippi,6 Months - 4 Years,163954,2026-05-09,46.3
Mississippi,6 Months - 4 Years,163954,2026-05-16,46.3
Mississippi,6 Months - 4 Years,163954,2026-05-23,46.3
Mississippi,6 Months - 4 Years,163954,2026-05-30,46.3
Mississippi,6 Months - 4 Years,163954,2026-06-06,46.3
Mississippi,6 Months - 4 Years,163954,2026-06-13,46.3
Mississippi,5-12 Years,307561,2025-08-16,2.50539223730666
Mississippi,5-12 Years,307561,2025-08-23,2.50539223730666
Mississippi,5-12 Years,307561,2025-08-30,2.50539223730666
Mississippi,5-12 Years,307561,2025-09-06,2.50539223730666
Mississippi,5-12 Years,307561,2025-09-13,3.37631218789154
Mississippi,5-12 Years,307561,2025-09-20,3.9072175526791
Mississippi,5-12 Years,307561,2025-09-27,4.81975192405169
Mississippi,5-12 Years,307561,2025-10-04,7.08448258129747
Mississippi,5-12 Years,307561,2025-10-11,8.65711292678381
Mississippi,5-12 Years,307561,2025-10-18,10.6761943446808
Mississippi,5-12 Years,307561,2025-10-25,13.1006949300925
Mississippi,5-12 Years,307561,2025-11-01,15.9579237621479
Mississippi,5-12 Years,307561,2025-11-08,21.3788517188152
Mississippi,5-12 Years,307561,2025-11-15,23.5741219827692
Mississippi,5-12 Years,307561,2025-11-22,25.3537166753831
Mississippi,5-12 Years,307561,2025-11-29,26.7736188874678
Mississippi,5-12 Years,307561,2025-12-06,29.2444297879974
Mississippi,5-12 Years,307561,2025-12-13,30.19278427313
Mississippi,5-12 Years,307561,2025-12-20,30.9441734927467
Mississippi,5-12 Years,307561,2025-12-27,31.5343951139675
Mississippi,5-12 Years,307561,2026-01-03,32.1126149739014
Mississippi,5-12 Years,307561,2026-01-10,32.9357101430997
Mississippi,5-12 Years,307561,2026-01-17,33.1638611251612
Mississippi,5-12 Years,307561,2026-01-24,33.3084377814189
Mississippi,5-12 Years,307561,2026-01-31,33.3956678422032
Mississippi,5-12 Years,307561,2026-02-07,33.621591833145
Mississippi,5-12 Years,307561,2026-02-14,33.7966841602249
Mississippi,5-12 Years,307561,2026-02-21,34.0418137283771
Mississippi,5-12 Years,307561,2026-02-28,34.325026169956
Mississippi,5-12 Years,307561,2026-03-07,34.840105840205
Mississippi,5-12 Years,307561,2026-03-14,35.0062797390328
Mississippi,5-12 Years,307561,2026-03-21,35.0821943075395
Mississippi,5-12 Years,307561,2026-03-28,35.0940647691798
Mississippi,5-12 Years,307561,2026-04-04,35.1
Mississippi,5-12 Years,307561,2026-04-11,35.1
Mississippi,5-12 Years,307561,2026-04-18,35.1
Mississippi,5-12 Years,307561,2026-04-25,35.1
Mississippi,5-12 Years,307561,2026-05-02,35.1
Mississippi,5-12 Years,307561,2026-05-09,35.1
Mississippi,5-12 Years,307561,2026-05-16,35.1
Mississippi,5-12 Years,307561,2026-05-23,35.1
Mississippi,5-12 Years,307561,2026-05-30,35.1
Mississippi,5-12 Years,307561,2026-06-06,35.1
Mississippi,5-12 Years,307561,2026-06-13,35.1
Mississippi,13-17 Years,203906,2025-08-16,4.05108678236547
Mississippi,13-17 Years,203906,2025-08-23,4.05108678236547
Mississippi,13-17 Years,203906,2025-08-30,4.05108678236547
Mississippi,13-17 Years,203906,2025-09-06,4.05108678236547
Mississippi,13-17 Years,203906,2025-09-13,5.10173079952701
Mississippi,13-17 Years,203906,2025-09-20,5.19105199008465
Mississippi,13-17 Years,203906,2025-09-27,5.53334079018296
Mississippi,13-17 Years,203906,2025-10-04,6.52491672048128
Mississippi,13-17 Years,203906,2025-10-11,7.4714739778
Mississippi,13-17 Years,203906,2025-10-18,9.01593590495681
Mississippi,13-17 Years,203906,2025-10-25,11.1694590804148
Mississippi,13-17 Years,203906,2025-11-01,13.8507418798818
Mississippi,13-17 Years,203906,2025-11-08,19.1411280060028
Mississippi,13-17 Years,203906,2025-11-15,21.2863061438797
Mississippi,13-17 Years,203906,2025-11-22,22.9520994140282
Mississippi,13-17 Years,203906,2025-11-29,24.1936866834727
Mississippi,13-17 Years,203906,2025-12-06,26.2224777648386
Mississippi,13-17 Years,203906,2025-12-13,26.8561823268649
Mississippi,13-17 Years,203906,2025-12-20,27.2287936323675
Mississippi,13-17 Years,203906,2025-12-27,27.4294098543432
Mississippi,13-17 Years,203906,2026-01-03,27.6633443986327
Mississippi,13-17 Years,203906,2026-01-10,28.0303488245398
Mississippi,13-17 Years,203906,2026-01-17,28.2715261863317
Mississippi,13-17 Years,203906,2026-01-24,28.5714928669732
Mississippi,13-17 Years,203906,2026-01-31,28.8486495384512
Mississippi,13-17 Years,203906,2026-02-07,29.3762736933973
Mississippi,13-17 Years,203906,2026-02-14,29.5281357188413
Mississippi,13-17 Years,203906,2026-02-21,29.5903075156927
Mississippi,13-17 Years,203906,2026-02-28,29.5967691718976
Mississippi,13-17 Years,203906,2026-03-07,29.6
Mississippi,13-17 Years,203906,2026-03-14,29.6
Mississippi,13-17 Years,203906,2026-03-21,29.6
Mississippi,13-17 Years,203906,2026-03-28,29.6
Mississippi,13-17 Years,203906,2026-04-04,29.6
Mississippi,13-17 Years,203906,2026-04-11,29.6
Mississippi,13-17 Years,203906,2026-04-18,29.6
Mississippi,13-17 Years,203906,2026-04-25,29.6
Mississippi,13-17 Years,203906,2026-05-02,29.6
Mississippi,13-17 Years,203906,2026-05-09,29.6
Mississippi,13-17 Years,203906,2026-05-16,29.6
Mississippi,13-17 Years,203906,2026-05-23,29.6
Mississippi,13-17 Years,203906,2026-05-30,29.6
Mississippi,13-17 Years,203906,2026-06-06,29.6
Mississippi,13-17 Years,203906,2026-06-13,29.6
Mississippi,6 Months - 17 Years,675420,2025-08-16,3.70010468181834
Mississippi,6 Months - 17 Years,675420,2025-08-23,3.70010468181834
Mississippi,6 Months - 17 Years,675420,2025-08-30,3.70010468181834
Mississippi,6 Months - 17 Years,675420,2025-09-06,3.70010468181834
Mississippi,6 Months - 17 Years,675420,2025-09-13,4.79925735684804
Mississippi,6 Months - 17 Years,675420,2025-09-20,5.17765175460637
Mississippi,6 Months - 17 Years,675420,2025-09-27,5.94316456099552
Mississippi,6 Months - 17 Years,675420,2025-10-04,7.90891562743547
Mississippi,6 Months - 17 Years,675420,2025-10-11,9.32048395759369
Mississippi,6 Months - 17 Years,675420,2025-10-18,11.1682999823609
Mississippi,6 Months - 17 Years,675420,2025-10-25,13.421522365512
Mississippi,6 Months - 17 Years,675420,2025-11-01,16.1065295153918
Mississippi,6 Months - 17 Years,675420,2025-11-08,21.2679823955103
Mississippi,6 Months - 17 Years,675420,2025-11-15,23.4098695367022
Mississippi,6 Months - 17 Years,675420,2025-11-22,25.1835217311227
Mississippi,6 Months - 17 Years,675420,2025-11-29,26.6238139532102
Mississippi,6 Months - 17 Years,675420,2025-12-06,29.1263152513079
Mississippi,6 Months - 17 Years,675420,2025-12-13,30.0605288662825
Mississippi,6 Months - 17 Years,675420,2025-12-20,30.7666408584379
Mississippi,6 Months - 17 Years,675420,2025-12-27,31.2980695772215
Mississippi,6 Months - 17 Years,675420,2026-01-03,31.8551839517859
Mississippi,6 Months - 17 Years,675420,2026-01-10,32.682294658529
Mississippi,6 Months - 17 Years,675420,2026-01-17,32.9889787874254
Mississippi,6 Months - 17 Years,675420,2026-01-24,33.2545947203135
Mississippi,6 Months - 17 Years,675420,2026-01-31,33.4559969812906
Mississippi,6 Months - 17 Years,675420,2026-02-07,33.9097903131473
Mississippi,6 Months - 17 Years,675420,2026-02-14,34.1386773943515
Mississippi,6 Months - 17 Years,675420,2026-02-21,34.3750639741438
Mississippi,6 Months - 17 Years,675420,2026-02-28,34.604267497982
Mississippi,6 Months - 17 Years,675420,2026-03-07,35.0075875982765
Mississippi,6 Months - 17 Years,675420,2026-03-14,35.1486598378883
Mississippi,6 Months - 17 Years,675420,2026-03-21,35.239008325034
Mississippi,6 Months - 17 Years,675420,2026-03-28,35.2907543423373
Mississippi,6 Months - 17 Years,675420,2026-04-04,35.3346198876056
Mississippi,6 Months - 17 Years,675420,2026-04-11,35.3881247500475
Mississippi,6 Months - 17 Years,675420,2026-04-18,35.3975228389256
Mississippi,6 Months - 17 Years,675420,2026-04-25,35.4
Mississippi,6 Months - 17 Years,675420,2026-05-02,35.4
Mississippi,6 Months - 17 Years,675420,2026-05-09,35.4
Mississippi,6 Months - 17 Years,675420,2026-05-16,35.4
Mississippi,6 Months - 17 Years,675420,2026-05-23,35.4
Mississippi,6 Months - 17 Years,675420,2026-05-30,35.4
Mississippi,6 Months - 17 Years,675420,2026-06-06,35.4
Mississippi,6 Months - 17 Years,675420,2026-06-13,35.4
Mississippi,18-49 Years,1197674,2025-08-16,0.620895875168764
Mississippi,18-49 Years,1197674,2025-08-23,0.620895875168764
Mississippi,18-49 Years,1197674,2025-08-30,0.620895875168764
Mississippi,18-49 Years,1197674,2025-09-06,0.620895875168764
Mississippi,18-49 Years,1197674,2025-09-13,1.24251656170765
Mississippi,18-49 Years,1197674,2025-09-20,2.18710928507622
Mississippi,18-49 Years,1197674,2025-09-27,3.40293856223017
Mississippi,18-49 Years,1197674,2025-10-04,6.02720912510871
Mississippi,18-49 Years,1197674,2025-10-11,7.54870146374544
Mississippi,18-49 Years,1197674,2025-10-18,9.27911470099619
Mississippi,18-49 Years,1197674,2025-10-25,11.1765862334302
Mississippi,18-49 Years,1197674,2025-11-01,13.3141558964463
Mississippi,18-49 Years,1197674,2025-11-08,17.2246066378046
Mississippi,18-49 Years,1197674,2025-11-15,18.8046146781992
Mississippi,18-49 Years,1197674,2025-11-22,20.1236248197242
Mississippi,18-49 Years,1197674,2025-11-29,21.1717708402268
Mississippi,18-49 Years,1197674,2025-12-06,22.8278196401507
Mississippi,18-49 Years,1197674,2025-12-13,23.2728056391368
Mississippi,18-49 Years,1197674,2025-12-20,23.4590713828788
Mississippi,18-49 Years,1197674,2025-12-27,23.4863571276263
Mississippi,18-49 Years,1197674,2026-01-03,23.5
Mississippi,18-49 Years,1197674,2026-01-10,23.5
Mississippi,18-49 Years,1197674,2026-01-17,23.5
Mississippi,18-49 Years,1197674,2026-01-24,23.5
Mississippi,18-49 Years,1197674,2026-01-31,23.5
Mississippi,18-49 Years,1197674,2026-02-07,23.5
Mississippi,18-49 Years,1197674,2026-02-14,23.5
Mississippi,18-49 Years,1197674,2026-02-21,23.5
Mississippi,18-49 Years,1197674,2026-02-28,23.5
Mississippi,18-49 Years,1197674,2026-03-07,23.5
Mississippi,18-49 Years,1197674,2026-03-14,23.5
Mississippi,18-49 Years,1197674,2026-03-21,23.5
Mississippi,18-49 Years,1197674,2026-03-28,23.5
Mississippi,18-49 Years,1197674,2026-04-04,23.5
Mississippi,18-49 Years,1197674,2026-04-11,23.5
Mississippi,18-49 Years,1197674,2026-04-18,23.5
Mississippi,18-49 Years,1197674,2026-04-25,23.5
Mississippi,18-49 Years,1197674,2026-05-02,23.5
Mississippi,18-49 Years,1197674,2026-05-09,23.5
Mississippi,18-49 Years,1197674,2026-05-16,23.5
Mississippi,18-49 Years,1197674,2026-05-23,23.5
Mississippi,18-49 Years,1197674,2026-05-30,23.5
Mississippi,18-49 Years,1197674,2026-06-06,23.5
Mississippi,18-49 Years,1197674,2026-06-13,23.5
Mississippi,50-64 Years,561322,2025-08-16,0.713644841940246
Mississippi,50-64 Years,561322,2025-08-23,0.713644841940246
Mississippi,50-64 Years,561322,2025-08-30,0.713644841940246
Mississippi,50-64 Years,561322,2025-09-06,0.713644841940246
Mississippi,50-64 Years,561322,2025-09-13,1.34732882311676
Mississippi,50-64 Years,561322,2025-09-20,2.33310690991756
Mississippi,50-64 Years,561322,2025-09-27,3.72538674632019
Mississippi,50-64 Years,561322,2025-10-04,7.00180847335746
Mississippi,50-64 Years,561322,2025-10-11,9.16859076406044
Mississippi,50-64 Years,561322,2025-10-18,11.8788583634153
Mississippi,50-64 Years,561322,2025-10-25,15.0449783511192
Mississippi,50-64 Years,561322,2025-11-01,18.6552490138218
Mississippi,50-64 Years,561322,2025-11-08,25.2104399169068
Mississippi,50-64 Years,561322,2025-11-15,27.6297448224448
Mississippi,50-64 Years,561322,2025-11-22,29.409237222483
Mississippi,50-64 Years,561322,2025-11-29,30.6530927366784
Mississippi,50-64 Years,561322,2025-12-06,32.5617506268738
Mississippi,50-64 Years,561322,2025-12-13,33.0544560684704
Mississippi,50-64 Years,561322,2025-12-20,33.256390484682
Mississippi,50-64 Years,561322,2025-12-27,33.285463494894
Mississippi,50-64 Years,561322,2026-01-03,33.3
Mississippi,50-64 Years,561322,2026-01-10,33.3
Mississippi,50-64 Years,561322,2026-01-17,33.3
Mississippi,50-64 Years,561322,2026-01-24,33.3
Mississippi,50-64 Years,561322,2026-01-31,33.3
Mississippi,50-64 Years,561322,2026-02-07,33.3
Mississippi,50-64 Years,561322,2026-02-14,33.3
Mississippi,50-64 Years,561322,2026-02-21,33.3
Mississippi,50-64 Years,561322,2026-02-28,33.3
Mississippi,50-64 Years,561322,2026-03-07,33.3
Mississippi,50-64 Years,561322,2026-03-14,33.3
Mississippi,50-64 Years,561322,2026-03-21,33.3
Mississippi,50-64 Years,561322,2026-03-28,33.3
Mississippi,50-64 Years,561322,2026-04-04,33.3
Mississippi,50-64 Years,561322,2026-04-11,33.3
Mississippi,50-64 Years,561322,2026-04-18,33.3
Mississippi,50-64 Years,561322,2026-04-25,33.3
Mississippi,50-64 Years,561322,2026-05-02,33.3
Mississippi,50-64 Years,561322,2026-05-09,33.3
Mississippi,50-64 Years,561322,2026-05-16,33.3
Mississippi,50-64 Years,561322,2026-05-23,33.3
Mississippi,50-64 Years,561322,2026-05-30,33.3
Mississippi,50-64 Years,561322,2026-06-06,33.3
Mississippi,50-64 Years,561322,2026-06-13,33.3
Mississippi,65+ Years,499955,2025-08-16,0.62796922348904
Mississippi,65+ Years,499955,2025-08-23,0.62796922348904
Mississippi,65+ Years,499955,2025-08-30,0.62796922348904
Mississippi,65+ Years,499955,2025-09-06,0.62796922348904
Mississippi,65+ Years,499955,2025-09-13,1.60740199359344
Mississippi,65+ Years,499955,2025-09-20,3.20503255658852
Mississippi,65+ Years,499955,2025-09-27,5.48164730664992
Mississippi,65+ Years,499955,2025-10-04,10.5055217283785
Mississippi,65+ Years,499955,2025-10-11,13.4049821382464
Mississippi,65+ Years,499955,2025-10-18,16.6719341717699
Mississippi,65+ Years,499955,2025-10-25,20.2621460743601
Mississippi,65+ Years,499955,2025-11-01,24.4056861805263
Mississippi,65+ Years,499955,2025-11-08,32.3547013507914
Mississippi,65+ Years,499955,2025-11-15,36.0319514308638
Mississippi,65+ Years,499955,2025-11-22,39.5171253243754
Mississippi,65+ Years,499955,2025-11-29,42.6000054633688
Mississippi,65+ Years,499955,2025-12-06,47.6376927881329
Mississippi,65+ Years,499955,2025-12-13,49.055860111542
Mississippi,65+ Years,499955,2025-12-20,49.6638595653788
Mississippi,65+ Years,499955,2025-12-27,49.7546198551263
Mississippi,65+ Years,499955,2026-01-03,49.8
Mississippi,65+ Years,499955,2026-01-10,49.8
Mississippi,65+ Years,499955,2026-01-17,49.8
Mississippi,65+ Years,499955,2026-01-24,49.8
Mississippi,65+ Years,499955,2026-01-31,49.8
Mississippi,65+ Years,499955,2026-02-07,49.8
Mississippi,65+ Years,499955,2026-02-14,49.8
Mississippi,65+ Years,499955,2026-02-21,49.8
Mississippi,65+ Years,499955,2026-02-28,49.8
Mississippi,65+ Years,499955,2026-03-07,49.8
Mississippi,65+ Years,499955,2026-03-14,49.8
Mississippi,65+ Years,499955,2026-03-21,49.8
Mississippi,65+ Years,499955,2026-03-28,49.8
Mississippi,65+ Years,499955,2026-04-04,49.8
Mississippi,65+ Years,499955,2026-04-11,49.8
Mississippi,65+ Years,499955,2026-04-18,49.8
Mississippi,65+ Years,499955,2026-04-25,49.8
Mississippi,65+ Years,499955,2026-05-02,49.8
Mississippi,65+ Years,499955,2026-05-09,49.8
Mississippi,65+ Years,499955,2026-05-16,49.8
Mississippi,65+ Years,499955,2026-05-23,49.8
Mississippi,65+ Years,499955,2026-05-30,49.8
Mississippi,65+ Years,499955,2026-06-06,49.8
Mississippi,65+ Years,499955,2026-06-13,49.8
Missouri,6 Months - 4 Years,331754,2025-08-16,4.51545843107614
Missouri,6 Months - 4 Years,331754,2025-08-23,4.51545843107614
Missouri,6 Months - 4 Years,331754,2025-08-30,4.51545843107614
Missouri,6 Months - 4 Years,331754,2025-09-06,4.51545843107614
Missouri,6 Months - 4 Years,331754,2025-09-13,6.06386015610287
Missouri,6 Months - 4 Years,331754,2025-09-20,6.97451174122218
Missouri,6 Months - 4 Years,331754,2025-09-27,8.52836572107898
Missouri,6 Months - 4 Years,331754,2025-10-04,12.3786030979209
Missouri,6 Months - 4 Years,331754,2025-10-11,15.0633299874173
Missouri,6 Months - 4 Years,331754,2025-10-18,18.525443069915
Missouri,6 Months - 4 Years,331754,2025-10-25,22.6797065395946
Missouri,6 Months - 4 Years,331754,2025-11-01,27.5345138262543
Missouri,6 Months - 4 Years,331754,2025-11-08,36.6005583416062
Missouri,6 Months - 4 Years,331754,2025-11-15,40.0941191376037
Missouri,6 Months - 4 Years,331754,2025-11-22,42.7701981115796
Missouri,6 Months - 4 Years,331754,2025-11-29,44.8063168453911
Missouri,6 Months - 4 Years,331754,2025-12-06,48.3926738304849
Missouri,6 Months - 4 Years,331754,2025-12-13,49.8519572183379
Missouri,6 Months - 4 Years,331754,2025-12-20,51.1059194535909
Missouri,6 Months - 4 Years,331754,2025-12-27,52.1967953371404
Missouri,6 Months - 4 Years,331754,2026-01-03,53.4189012853479
Missouri,6 Months - 4 Years,331754,2026-01-10,55.3391856328766
Missouri,6 Months - 4 Years,331754,2026-01-17,56.1180329010065
Missouri,6 Months - 4 Years,331754,2026-01-24,56.8281628921967
Missouri,6 Months - 4 Years,331754,2026-01-31,57.3915080060196
Missouri,6 Months - 4 Years,331754,2026-02-07,58.6573941149559
Missouri,6 Months - 4 Years,331754,2026-02-14,59.2845724677014
Missouri,6 Months - 4 Years,331754,2026-02-21,59.9153267961675
Missouri,6 Months - 4 Years,331754,2026-02-28,60.5175428203576
Missouri,6 Months - 4 Years,331754,2026-03-07,61.5858617578051
Missouri,6 Months - 4 Years,331754,2026-03-14,61.9753921382865
Missouri,6 Months - 4 Years,331754,2026-03-21,62.2441214078845
Missouri,6 Months - 4 Years,331754,2026-03-28,62.4169147504619
Missouri,6 Months - 4 Years,331754,2026-04-04,62.5669463339
Missouri,6 Months - 4 Years,331754,2026-04-11,62.7567473160782
Missouri,6 Months - 4 Years,331754,2026-04-18,62.7908892469125
Missouri,6 Months - 4 Years,331754,2026-04-25,62.8
Missouri,6 Months - 4 Years,331754,2026-05-02,62.8
Missouri,6 Months - 4 Years,331754,2026-05-09,62.8
Missouri,6 Months - 4 Years,331754,2026-05-16,62.8
Missouri,6 Months - 4 Years,331754,2026-05-23,62.8
Missouri,6 Months - 4 Years,331754,2026-05-30,62.8
Missouri,6 Months - 4 Years,331754,2026-06-06,62.8
Missouri,6 Months - 4 Years,331754,2026-06-13,62.8
Missouri,5-12 Years,610838,2025-08-16,4.50283888438759
Missouri,5-12 Years,610838,2025-08-23,4.50283888438759
Missouri,5-12 Years,610838,2025-08-30,4.50283888438759
Missouri,5-12 Years,610838,2025-09-06,4.50283888438759
Missouri,5-12 Years,610838,2025-09-13,5.99857532102741
Missouri,5-12 Years,610838,2025-09-20,6.80169401860458
Missouri,5-12 Years,610838,2025-09-27,8.16018800840961
Missouri,5-12 Years,610838,2025-10-04,11.5185899619758
Missouri,5-12 Years,610838,2025-10-11,13.8296649513949
Missouri,5-12 Years,610838,2025-10-18,16.7758040026496
Missouri,5-12 Years,610838,2025-10-25,20.3067259355351
Missouri,5-12 Years,610838,2025-11-01,24.4911225104563
Missouri,5-12 Years,610838,2025-11-08,32.5222187693839
Missouri,5-12 Years,610838,2025-11-15,35.8968901543179
Missouri,5-12 Years,610838,2025-11-22,38.7457190908814
Missouri,5-12 Years,610838,2025-11-29,41.0985862906091
Missouri,5-12 Years,610838,2025-12-06,45.1867628508403
Missouri,5-12 Years,610838,2025-12-13,46.7064278385828
Missouri,5-12 Years,610838,2025-12-20,47.8451101075002
Missouri,5-12 Years,610838,2025-12-27,48.6853258516554
Missouri,5-12 Years,610838,2026-01-03,49.5141601101914
Missouri,5-12 Years,610838,2026-01-10,50.6921922222698
Missouri,5-12 Years,610838,2026-01-17,51.0515768600223
Missouri,5-12 Years,610838,2026-01-24,51.3106025100252
Missouri,5-12 Years,610838,2026-01-31,51.4781758531085
Missouri,5-12 Years,610838,2026-02-07,51.8464840759117
Missouri,5-12 Years,610838,2026-02-14,52.0146240812008
Missouri,5-12 Years,610838,2026-02-21,52.1804439642658
Missouri,5-12 Years,610838,2026-02-28,52.3498602779947
Missouri,5-12 Years,610838,2026-03-07,52.709125991674
Missouri,5-12 Years,610838,2026-03-14,52.9430852914005
Missouri,5-12 Years,610838,2026-03-21,53.2394891979321
Missouri,5-12 Years,610838,2026-03-28,53.5746560669053
Missouri,5-12 Years,610838,2026-04-04,53.9153540601999
Missouri,5-12 Years,610838,2026-04-11,54.4474943816242
Missouri,5-12 Years,610838,2026-04-18,54.5654921324908
Missouri,5-12 Years,610838,2026-04-25,54.6
Missouri,5-12 Years,610838,2026-05-02,54.6
Missouri,5-12 Years,610838,2026-05-09,54.6
Missouri,5-12 Years,610838,2026-05-16,54.6
Missouri,5-12 Years,610838,2026-05-23,54.6
Missouri,5-12 Years,610838,2026-05-30,54.6
Missouri,5-12 Years,610838,2026-06-06,54.6
Missouri,5-12 Years,610838,2026-06-13,54.6
Missouri,13-17 Years,392934,2025-08-16,3.5256106158783
Missouri,13-17 Years,392934,2025-08-23,3.5256106158783
Missouri,13-17 Years,392934,2025-08-30,3.5256106158783
Missouri,13-17 Years,392934,2025-09-06,3.5256106158783
Missouri,13-17 Years,392934,2025-09-13,4.66504959053453
Missouri,13-17 Years,392934,2025-09-20,5.22584052010595
Missouri,13-17 Years,392934,2025-09-27,6.38451408144833
Missouri,13-17 Years,392934,2025-10-04,9.37274581964597
Missouri,13-17 Years,392934,2025-10-11,11.5677618167726
Missouri,13-17 Years,392934,2025-10-18,14.4950725141793
Missouri,13-17 Years,392934,2025-10-25,18.0693157577248
Missouri,13-17 Years,392934,2025-11-01,22.2321903093906
Missouri,13-17 Years,392934,2025-11-08,29.9113169758778
Missouri,13-17 Years,392934,2025-11-15,32.7261548201281
Missouri,13-17 Years,392934,2025-11-22,34.7368791037442
Missouri,13-17 Years,392934,2025-11-29,36.1327359690664
Missouri,13-17 Years,392934,2025-12-06,38.463053565864
Missouri,13-17 Years,392934,2025-12-13,39.2979861565688
Missouri,13-17 Years,392934,2025-12-20,39.9278168195613
Missouri,13-17 Years,392934,2025-12-27,40.409635509262
Missouri,13-17 Years,392934,2026-01-03,40.925381477995
Missouri,13-17 Years,392934,2026-01-10,41.7017860136029
Missouri,13-17 Years,392934,2026-01-17,42.0082706317117
Missouri,13-17 Years,392934,2026-01-24,42.2879099297613
Missouri,13-17 Years,392934,2026-01-31,42.5074117062622
Missouri,13-17 Years,392934,2026-02-07,42.9901185864965
Missouri,13-17 Years,392934,2026-02-14,43.2096564708644
Missouri,13-17 Years,392934,2026-02-21,43.4156563072458
Missouri,13-17 Years,392934,2026-02-28,43.6117425775839
Missouri,13-17 Years,392934,2026-03-07,43.9982775791033
Missouri,13-17 Years,392934,2026-03-14,44.2021521494158
Missouri,13-17 Years,392934,2026-03-21,44.4211227452174
Missouri,13-17 Years,392934,2026-03-28,44.643446366859
Missouri,13-17 Years,392934,2026-04-04,44.8697517977262
Missouri,13-17 Years,392934,2026-04-11,45.215442797655
Missouri,13-17 Years,392934,2026-04-18,45.3042164567946
Missouri,13-17 Years,392934,2026-04-25,45.3473080309905
Missouri,13-17 Years,392934,2026-05-02,45.3633288306896
Missouri,13-17 Years,392934,2026-05-09,45.3916507817169
Missouri,13-17 Years,392934,2026-05-16,45.3978174908666
Missouri,13-17 Years,392934,2026-05-23,45.3998442688419
Missouri,13-17 Years,392934,2026-05-30,45.399948089614
Missouri,13-17 Years,392934,2026-06-06,45.4
Missouri,13-17 Years,392934,2026-06-13,45.4
Missouri,6 Months - 17 Years,1335526,2025-08-16,4.22492706188501
Missouri,6 Months - 17 Years,1335526,2025-08-23,4.22492706188501
Missouri,6 Months - 17 Years,1335526,2025-08-30,4.22492706188501
Missouri,6 Months - 17 Years,1335526,2025-09-06,4.22492706188501
Missouri,6 Months - 17 Years,1335526,2025-09-13,5.63065292919635
Missouri,6 Months - 17 Years,1335526,2025-09-20,6.38951348395664
Missouri,6 Months - 17 Years,1335526,2025-09-27,7.73414281988024
Missouri,6 Months - 17 Years,1335526,2025-10-04,11.0948097162992
Missouri,6 Months - 17 Years,1335526,2025-10-11,13.4534178283028
Missouri,6 Months - 17 Years,1335526,2025-10-18,16.5041394096555
Missouri,6 Months - 17 Years,1335526,2025-10-25,20.1795989280006
Missouri,6 Months - 17 Years,1335526,2025-11-01,24.5009245222989
Missouri,6 Months - 17 Years,1335526,2025-11-08,32.6542998275649
Missouri,6 Months - 17 Years,1335526,2025-11-15,35.8940490999066
Missouri,6 Months - 17 Years,1335526,2025-11-22,38.4613371739909
Missouri,6 Months - 17 Years,1335526,2025-11-29,40.4609011849902
Missouri,6 Months - 17 Years,1335526,2025-12-06,43.90517580819
Missouri,6 Months - 17 Years,1335526,2025-12-13,45.193524629772
Missouri,6 Months - 17 Years,1335526,2025-12-20,46.1866655758557
Missouri,6 Months - 17 Years,1335526,2025-12-27,46.9526187080991
Missouri,6 Months - 17 Years,1335526,2026-01-03,47.7463722275851
Missouri,6 Months - 17 Years,1335526,2026-01-10,48.9182538036502
Missouri,6 Months - 17 Years,1335526,2026-01-17,49.3296465207805
Missouri,6 Months - 17 Years,1335526,2026-01-24,49.6681739690942
Missouri,6 Months - 17 Years,1335526,2026-01-31,49.9144293036358
Missouri,6 Months - 17 Years,1335526,2026-02-07,50.4657111667063
Missouri,6 Months - 17 Years,1335526,2026-02-14,50.7325684870009
Missouri,6 Months - 17 Years,1335526,2026-02-21,51.0029838724593
Missouri,6 Months - 17 Years,1335526,2026-02-28,51.2755847972011
Missouri,6 Months - 17 Years,1335526,2026-03-07,51.8152840726783
Missouri,6 Months - 17 Years,1335526,2026-03-14,52.0909226112463
Missouri,6 Months - 17 Years,1335526,2026-03-21,52.3734178461334
Missouri,6 Months - 17 Years,1335526,2026-03-28,52.6470999085197
Missouri,6 Months - 17 Years,1335526,2026-04-04,52.9109259852469
Missouri,6 Months - 17 Years,1335526,2026-04-11,53.2971695616326
Missouri,6 Months - 17 Years,1335526,2026-04-18,53.3772094146665
Missouri,6 Months - 17 Years,1335526,2026-04-25,53.4
Missouri,6 Months - 17 Years,1335526,2026-05-02,53.4
Missouri,6 Months - 17 Years,1335526,2026-05-09,53.4
Missouri,6 Months - 17 Years,1335526,2026-05-16,53.4
Missouri,6 Months - 17 Years,1335526,2026-05-23,53.4
Missouri,6 Months - 17 Years,1335526,2026-05-30,53.4
Missouri,6 Months - 17 Years,1335526,2026-06-06,53.4
Missouri,6 Months - 17 Years,1335526,2026-06-13,53.4
Missouri,18-49 Years,2481136,2025-08-16,1.02181006327308
Missouri,18-49 Years,2481136,2025-08-23,1.02181006327308
Missouri,18-49 Years,2481136,2025-08-30,1.02181006327308
Missouri,18-49 Years,2481136,2025-09-06,1.02181006327308
Missouri,18-49 Years,2481136,2025-09-13,1.31702135148381
Missouri,18-49 Years,2481136,2025-09-20,1.40866415598095
Missouri,18-49 Years,2481136,2025-09-27,1.76681179161577
Missouri,18-49 Years,2481136,2025-10-04,2.79423045504687
Missouri,18-49 Years,2481136,2025-10-11,3.69523064571196
Missouri,18-49 Years,2481136,2025-10-18,5.07501937421478
Missouri,18-49 Years,2481136,2025-10-25,6.94999819683853
Missouri,18-49 Years,2481136,2025-11-01,9.30656137060521
Missouri,18-49 Years,2481136,2025-11-08,14.0555833603325
Missouri,18-49 Years,2481136,2025-11-15,16.1178814183412
Missouri,18-49 Years,2481136,2025-11-22,17.8644788968258
Missouri,18-49 Years,2481136,2025-11-29,19.329576507785
Missouri,18-49 Years,2481136,2025-12-06,21.9872813641709
Missouri,18-49 Years,2481136,2025-12-13,23.0938481789153
Missouri,18-49 Years,2481136,2025-12-20,24.0366320288013
Missouri,18-49 Years,2481136,2025-12-27,24.841153737399
Missouri,18-49 Years,2481136,2026-01-03,25.7268410137787
Missouri,18-49 Years,2481136,2026-01-10,27.1038701306673
Missouri,18-49 Years,2481136,2026-01-17,27.6432079533719
Missouri,18-49 Years,2481136,2026-01-24,28.1195764210265
Missouri,18-49 Years,2481136,2026-01-31,28.4815895235887
Missouri,18-49 Years,2481136,2026-02-07,29.2698488455547
Missouri,18-49 Years,2481136,2026-02-14,29.6308570474286
Missouri,18-49 Years,2481136,2026-02-21,29.9707123599993
Missouri,18-49 Years,2481136,2026-02-28,30.2738345630176
Missouri,18-49 Years,2481136,2026-03-07,30.7774734858032
Missouri,18-49 Years,2481136,2026-03-14,30.9299547998439
Missouri,18-49 Years,2481136,2026-03-21,31.0081210954561
Missouri,18-49 Years,2481136,2026-03-28,31.0368566341768
Missouri,18-49 Years,2481136,2026-04-04,31.0634494314678
Missouri,18-49 Years,2481136,2026-04-11,31.0969399570911
Missouri,18-49 Years,2481136,2026-04-18,31.1114043094418
Missouri,18-49 Years,2481136,2026-04-25,31.1268285374585
Missouri,18-49 Years,2481136,2026-05-02,31.1425727267537
Missouri,18-49 Years,2481136,2026-05-09,31.194394011603
Missouri,18-49 Years,2481136,2026-05-16,31.2563453548563
Missouri,18-49 Years,2481136,2026-05-23,31.3681347148062
Missouri,18-49 Years,2481136,2026-05-30,31.5394652737606
Missouri,18-49 Years,2481136,2026-06-06,31.9674467896186
Missouri,18-49 Years,2481136,2026-06-13,32.2311107152823
Missouri,50-64 Years,1190434,2025-08-16,1.07146766276955
Missouri,50-64 Years,1190434,2025-08-23,1.07146766276955
Missouri,50-64 Years,1190434,2025-08-30,1.07146766276955
Missouri,50-64 Years,1190434,2025-09-06,1.07146766276955
Missouri,50-64 Years,1190434,2025-09-13,1.56362441315514
Missouri,50-64 Years,1190434,2025-09-20,2.05118470269289
Missouri,50-64 Years,1190434,2025-09-27,3.12499972060738
Missouri,50-64 Years,1190434,2025-10-04,5.92497887942319
Missouri,50-64 Years,1190434,2025-10-11,7.9871191354452
Missouri,50-64 Years,1190434,2025-10-18,10.7346855163056
Missouri,50-64 Years,1190434,2025-10-25,14.1050388046178
Missouri,50-64 Years,1190434,2025-11-01,18.082425016712
Missouri,50-64 Years,1190434,2025-11-08,25.573362392458
Missouri,50-64 Years,1190434,2025-11-15,28.4795654848457
Missouri,50-64 Years,1190434,2025-11-22,30.7033526674969
Missouri,50-64 Years,1190434,2025-11-29,32.3776402816028
Missouri,50-64 Years,1190434,2025-12-06,35.2608133453725
Missouri,50-64 Years,1190434,2025-12-13,36.3498786139347
Missouri,50-64 Years,1190434,2025-12-20,37.205649401334
Missouri,50-64 Years,1190434,2025-12-27,37.8895740537871
Missouri,50-64 Years,1190434,2026-01-03,38.6668463877375
Missouri,50-64 Years,1190434,2026-01-10,39.8889333204731
Missouri,50-64 Years,1190434,2026-01-17,40.4471402522387
Missouri,50-64 Years,1190434,2026-01-24,41.0084196853884
Missouri,50-64 Years,1190434,2026-01-31,41.4762597560859
Missouri,50-64 Years,1190434,2026-02-07,42.46971105961
Missouri,50-64 Years,1190434,2026-02-14,42.8830931111773
Missouri,50-64 Years,1190434,2026-02-21,43.2268357861404
Missouri,50-64 Years,1190434,2026-02-28,43.5066183078181
Missouri,50-64 Years,1190434,2026-03-07,43.9832901086509
Missouri,50-64 Years,1190434,2026-03-14,44.1568249767306
Missouri,50-64 Years,1190434,2026-03-21,44.2862575155824
Missouri,50-64 Years,1190434,2026-03-28,44.3805160411379
Missouri,50-64 Years,1190434,2026-04-04,44.4643895438041
Missouri,50-64 Years,1190434,2026-04-11,44.574309407532
Missouri,50-64 Years,1190434,2026-04-18,44.5945395667479
Missouri,50-64 Years,1190434,2026-04-25,44.6
Missouri,50-64 Years,1190434,2026-05-02,44.6
Missouri,50-64 Years,1190434,2026-05-09,44.6
Missouri,50-64 Years,1190434,2026-05-16,44.6
Missouri,50-64 Years,1190434,2026-05-23,44.6
Missouri,50-64 Years,1190434,2026-05-30,44.6
Missouri,50-64 Years,1190434,2026-06-06,44.6
Missouri,50-64 Years,1190434,2026-06-13,44.6
Missouri,65+ Years,1089714,2025-08-16,2.16649915677315
Missouri,65+ Years,1089714,2025-08-23,2.16649915677315
Missouri,65+ Years,1089714,2025-08-30,2.16649915677315
Missouri,65+ Years,1089714,2025-09-06,2.16649915677315
Missouri,65+ Years,1089714,2025-09-13,3.02579136627606
Missouri,65+ Years,1089714,2025-09-20,3.71642130597023
Missouri,65+ Years,1089714,2025-09-27,5.31477445417516
Missouri,65+ Years,1089714,2025-10-04,9.51591096524366
Missouri,65+ Years,1089714,2025-10-11,12.6229415381876
Missouri,65+ Years,1089714,2025-10-18,16.7682397846419
Missouri,65+ Years,1089714,2025-10-25,21.8696812749225
Missouri,65+ Years,1089714,2025-11-01,27.9282087775596
Missouri,65+ Years,1089714,2025-11-08,39.4511206154694
Missouri,65+ Years,1089714,2025-11-15,44.0398615374655
Missouri,65+ Years,1089714,2025-11-22,47.656295180505
Missouri,65+ Years,1089714,2025-11-29,50.462207853313
Missouri,65+ Years,1089714,2025-12-06,55.3270070719248
Missouri,65+ Years,1089714,2025-12-13,57.1844928131191
Missouri,65+ Years,1089714,2025-12-20,58.6532980571968
Missouri,65+ Years,1089714,2025-12-27,59.8205649091888
Missouri,65+ Years,1089714,2026-01-03,61.0645557699899
Missouri,65+ Years,1089714,2026-01-10,62.9435402507747
Missouri,65+ Years,1089714,2026-01-17,63.6605496271648
Missouri,65+ Years,1089714,2026-01-24,64.2883131666904
Missouri,65+ Years,1089714,2026-01-31,64.7504115339537
Missouri,65+ Years,1089714,2026-02-07,65.7020796523404
Missouri,65+ Years,1089714,2026-02-14,66.0573695019184
Missouri,65+ Years,1089714,2026-02-21,66.3282537122702
Missouri,65+ Years,1089714,2026-02-28,66.5464868221901
Missouri,65+ Years,1089714,2026-03-07,66.9819347815216
Missouri,65+ Years,1089714,2026-03-14,67.2626915364319
Missouri,65+ Years,1089714,2026-03-21,67.6344468660564
Missouri,65+ Years,1089714,2026-03-28,68.0822936362697
Missouri,65+ Years,1089714,2026-04-04,68.6117385517329
Missouri,65+ Years,1089714,2026-04-11,69.5121920302469
Missouri,65+ Years,1089714,2026-04-18,69.8354411117721
Missouri,65+ Years,1089714,2026-04-25,70.0726479047515
Missouri,65+ Years,1089714,2026-05-02,70.218699754112
Missouri,65+ Years,1089714,2026-05-09,70.5045817984627
Missouri,65+ Years,1089714,2026-05-16,70.5992011987802
Missouri,65+ Years,1089714,2026-05-23,70.6637186622814
Missouri,65+ Years,1089714,2026-05-30,70.707295249324
Missouri,65+ Years,1089714,2026-06-06,70.7733172936946
Missouri,65+ Years,1089714,2026-06-13,70.7854822843538
Montana,6 Months - 4 Years,54232,2025-08-16,0.700664062050467
Montana,6 Months - 4 Years,54232,2025-08-23,0.700664062050467
Montana,6 Months - 4 Years,54232,2025-08-30,0.700664062050467
Montana,6 Months - 4 Years,54232,2025-09-06,0.700664062050467
Montana,6 Months - 4 Years,54232,2025-09-13,1.9644424198439
Montana,6 Months - 4 Years,54232,2025-09-20,3.96856858426081
Montana,6 Months - 4 Years,54232,2025-09-27,6.72095556643267
Montana,6 Months - 4 Years,54232,2025-10-04,12.6608251681024
Montana,6 Months - 4 Years,54232,2025-10-11,15.7218485031784
Montana,6 Months - 4 Years,54232,2025-10-18,18.8901771105239
Montana,6 Months - 4 Years,54232,2025-10-25,22.1172996899031
Montana,6 Months - 4 Years,54232,2025-11-01,25.65928241329
Montana,6 Months - 4 Years,54232,2025-11-08,32.0117301306377
Montana,6 Months - 4 Years,54232,2025-11-15,34.5941019484882
Montana,6 Months - 4 Years,54232,2025-11-22,36.8234707504546
Montana,6 Months - 4 Years,54232,2025-11-29,38.7102297089058
Montana,6 Months - 4 Years,54232,2025-12-06,41.9735407608364
Montana,6 Months - 4 Years,54232,2025-12-13,43.146238044199
Montana,6 Months - 4 Years,54232,2025-12-20,43.9789278394422
Montana,6 Months - 4 Years,54232,2025-12-27,44.5690848011393
Montana,6 Months - 4 Years,54232,2026-01-03,45.266340325515
Montana,6 Months - 4 Years,54232,2026-01-10,46.3802435253707
Montana,6 Months - 4 Years,54232,2026-01-17,46.9944469119531
Montana,6 Months - 4 Years,54232,2026-01-24,47.6966155007862
Montana,6 Months - 4 Years,54232,2026-01-31,48.3405549080012
Montana,6 Months - 4 Years,54232,2026-02-07,49.6905132425347
Montana,6 Months - 4 Years,54232,2026-02-14,50.2159471613663
Montana,6 Months - 4 Years,54232,2026-02-21,50.6038579728401
Montana,6 Months - 4 Years,54232,2026-02-28,50.89274274419
Montana,6 Months - 4 Years,54232,2026-03-07,51.4357797694738
Montana,6 Months - 4 Years,54232,2026-03-14,51.7371945311503
Montana,6 Months - 4 Years,54232,2026-03-21,52.0921411525627
Montana,6 Months - 4 Years,54232,2026-03-28,52.4759408177901
Montana,6 Months - 4 Years,54232,2026-04-04,52.857733246848
Montana,6 Months - 4 Years,54232,2026-04-11,53.4387228512886
Montana,6 Months - 4 Years,54232,2026-04-18,53.5638246374035
Montana,6 Months - 4 Years,54232,2026-04-25,53.6
Montana,6 Months - 4 Years,54232,2026-05-02,53.6
Montana,6 Months - 4 Years,54232,2026-05-09,53.6
Montana,6 Months - 4 Years,54232,2026-05-16,53.6
Montana,6 Months - 4 Years,54232,2026-05-23,53.6
Montana,6 Months - 4 Years,54232,2026-05-30,53.6
Montana,6 Months - 4 Years,54232,2026-06-06,53.6
Montana,6 Months - 4 Years,54232,2026-06-13,53.6
Montana,5-12 Years,104230,2025-08-16,2.99695451506982
Montana,5-12 Years,104230,2025-08-23,2.99695451506982
Montana,5-12 Years,104230,2025-08-30,2.99695451506982
Montana,5-12 Years,104230,2025-09-06,2.99695451506982
Montana,5-12 Years,104230,2025-09-13,4.17546629445097
Montana,5-12 Years,104230,2025-09-20,5.10551493374122
Montana,5-12 Years,104230,2025-09-27,6.46734027207525
Montana,5-12 Years,104230,2025-10-04,9.70711262727224
Montana,5-12 Years,104230,2025-10-11,11.8553408710118
Montana,5-12 Years,104230,2025-10-18,14.5370402719285
Montana,5-12 Years,104230,2025-10-25,17.687403333523
Montana,5-12 Years,104230,2025-11-01,21.3462247319422
Montana,5-12 Years,104230,2025-11-08,28.1901916903238
Montana,5-12 Years,104230,2025-11-15,30.9239385065569
Montana,5-12 Years,104230,2025-11-22,33.1228272377261
Montana,5-12 Years,104230,2025-11-29,34.8353152757504
Montana,5-12 Years,104230,2025-12-06,37.6614628370259
Montana,5-12 Years,104230,2025-12-13,38.5624724731775
Montana,5-12 Years,104230,2025-12-20,39.1069209626069
Montana,5-12 Years,104230,2025-12-27,39.4137546448254
Montana,5-12 Years,104230,2026-01-03,39.7696936849818
Montana,5-12 Years,104230,2026-01-10,40.3255795897199
Montana,5-12 Years,104230,2026-01-17,40.6701979463686
Montana,5-12 Years,104230,2026-01-24,41.0929380688454
Montana,5-12 Years,104230,2026-01-31,41.4962834022455
Montana,5-12 Years,104230,2026-02-07,42.3264564959977
Montana,5-12 Years,104230,2026-02-14,42.634988927891
Montana,5-12 Years,104230,2026-02-21,42.8443394322746
Montana,5-12 Years,104230,2026-02-28,42.9788402633178
Montana,5-12 Years,104230,2026-03-07,43.2018039999119
Montana,5-12 Years,104230,2026-03-14,43.2893193659349
Montana,5-12 Years,104230,2026-03-21,43.3659567196359
Montana,5-12 Years,104230,2026-03-28,43.4324054554839
Montana,5-12 Years,104230,2026-04-04,43.4938787911552
Montana,5-12 Years,104230,2026-04-11,43.5789667089699
Montana,5-12 Years,104230,2026-04-18,43.5954441498403
Montana,5-12 Years,104230,2026-04-25,43.6
Montana,5-12 Years,104230,2026-05-02,43.6
Montana,5-12 Years,104230,2026-05-09,43.6
Montana,5-12 Years,104230,2026-05-16,43.6
Montana,5-12 Years,104230,2026-05-23,43.6
Montana,5-12 Years,104230,2026-05-30,43.6
Montana,5-12 Years,104230,2026-06-06,43.6
Montana,5-12 Years,104230,2026-06-13,43.6
Montana,13-17 Years,65539,2025-08-16,0.694988643564006
Montana,13-17 Years,65539,2025-08-23,0.694988643564006
Montana,13-17 Years,65539,2025-08-30,0.694988643564006
Montana,13-17 Years,65539,2025-09-06,0.694988643564006
Montana,13-17 Years,65539,2025-09-13,1.27799426805523
Montana,13-17 Years,65539,2025-09-20,2.16342408535495
Montana,13-17 Years,65539,2025-09-27,3.36311844841991
Montana,13-17 Years,65539,2025-10-04,6.14778721740197
Montana,13-17 Years,65539,2025-10-11,7.94799161453924
Montana,13-17 Years,65539,2025-10-18,10.1626817963086
Montana,13-17 Years,65539,2025-10-25,12.7277421476588
Montana,13-17 Years,65539,2025-11-01,15.6626134876753
Montana,13-17 Years,65539,2025-11-08,21.025590722452
Montana,13-17 Years,65539,2025-11-15,23.0363276437209
Montana,13-17 Years,65539,2025-11-22,24.549106934459
Montana,13-17 Years,65539,2025-11-29,25.6732477159524
Montana,13-17 Years,65539,2025-12-06,27.6101836339469
Montana,13-17 Years,65539,2025-12-13,28.3713309153953
Montana,13-17 Years,65539,2025-12-20,29.0089315539768
Montana,13-17 Years,65539,2025-12-27,29.5379902972231
Montana,13-17 Years,65539,2026-01-03,30.0392721032846
Montana,13-17 Years,65539,2026-01-10,30.7411839010304
Montana,13-17 Years,65539,2026-01-17,30.902432819975
Montana,13-17 Years,65539,2026-01-24,30.9761855226592
Montana,13-17 Years,65539,2026-01-31,31.005237786663
Montana,13-17 Years,65539,2026-02-07,31.073344620876
Montana,13-17 Years,65539,2026-02-14,31.1118959049912
Montana,13-17 Years,65539,2026-02-21,31.1588616377398
Montana,13-17 Years,65539,2026-02-28,31.2140178420883
Montana,13-17 Years,65539,2026-03-07,31.3330377280494
Montana,13-17 Years,65539,2026-03-14,31.4030060222263
Montana,13-17 Years,65539,2026-03-21,31.4816905690162
Montana,13-17 Years,65539,2026-03-28,31.5632730127803
Montana,13-17 Years,65539,2026-04-04,31.6439998974573
Montana,13-17 Years,65539,2026-04-11,31.7661535489933
Montana,13-17 Years,65539,2026-04-18,31.792411951477
Montana,13-17 Years,65539,2026-04-25,31.8
Montana,13-17 Years,65539,2026-05-02,31.8
Montana,13-17 Years,65539,2026-05-09,31.8
Montana,13-17 Years,65539,2026-05-16,31.8
Montana,13-17 Years,65539,2026-05-23,31.8
Montana,13-17 Years,65539,2026-05-30,31.8
Montana,13-17 Years,65539,2026-06-06,31.8
Montana,13-17 Years,65539,2026-06-13,31.8
Montana,6 Months - 17 Years,224000,2025-08-16,3.00569208996664
Montana,6 Months - 17 Years,224000,2025-08-23,3.00569208996664
Montana,6 Months - 17 Years,224000,2025-08-30,3.00569208996664
Montana,6 Months - 17 Years,224000,2025-09-06,3.00569208996664
Montana,6 Months - 17 Years,224000,2025-09-13,4.15208616110001
Montana,6 Months - 17 Years,224000,2025-09-20,5.00780015960965
Montana,6 Months - 17 Years,224000,2025-09-27,6.25922210768398
Montana,6 Months - 17 Years,224000,2025-10-04,9.23521646499175
Montana,6 Months - 17 Years,224000,2025-10-11,11.2069381140991
Montana,6 Months - 17 Years,224000,2025-10-18,13.6667162708983
Montana,6 Months - 17 Years,224000,2025-10-25,16.5557047936469
Montana,6 Months - 17 Years,224000,2025-11-01,19.9122926717281
Montana,6 Months - 17 Years,224000,2025-11-08,26.1897532993242
Montana,6 Months - 17 Years,224000,2025-11-15,28.6888079561058
Montana,6 Months - 17 Years,224000,2025-11-22,30.6922093373426
Montana,6 Months - 17 Years,224000,2025-11-29,32.2599288782192
Montana,6 Months - 17 Years,224000,2025-12-06,34.9044577329511
Montana,6 Months - 17 Years,224000,2025-12-13,35.8155160551735
Montana,6 Months - 17 Years,224000,2025-12-20,36.4388966704969
Montana,6 Months - 17 Years,224000,2025-12-27,36.8607793335282
Montana,6 Months - 17 Years,224000,2026-01-03,37.3347187501507
Montana,6 Months - 17 Years,224000,2026-01-10,38.06539009186
Montana,6 Months - 17 Years,224000,2026-01-17,38.431260345515
Montana,6 Months - 17 Years,224000,2026-01-24,38.8269126592114
Montana,6 Months - 17 Years,224000,2026-01-31,39.1713256102258
Montana,6 Months - 17 Years,224000,2026-02-07,39.8862141454699
Montana,6 Months - 17 Years,224000,2026-02-14,40.159520774724
Montana,6 Months - 17 Years,224000,2026-02-21,40.3610102952343
Montana,6 Months - 17 Years,224000,2026-02-28,40.5092384075291
Montana,6 Months - 17 Years,224000,2026-03-07,40.7744867569211
Montana,6 Months - 17 Years,224000,2026-03-14,40.8996174401315
Montana,6 Months - 17 Years,224000,2026-03-21,41.028254883942
Montana,6 Months - 17 Years,224000,2026-03-28,41.1546024730076
Montana,6 Months - 17 Years,224000,2026-04-04,41.2760990212829
Montana,6 Months - 17 Years,224000,2026-04-11,41.4532699935288
Montana,6 Months - 17 Years,224000,2026-04-18,41.4896717541821
Montana,6 Months - 17 Years,224000,2026-04-25,41.5
Montana,6 Months - 17 Years,224000,2026-05-02,41.5
Montana,6 Months - 17 Years,224000,2026-05-09,41.5
Montana,6 Months - 17 Years,224000,2026-05-16,41.5
Montana,6 Months - 17 Years,224000,2026-05-23,41.5
Montana,6 Months - 17 Years,224000,2026-05-30,41.5
Montana,6 Months - 17 Years,224000,2026-06-06,41.5
Montana,6 Months - 17 Years,224000,2026-06-13,41.5
Montana,18-49 Years,426848,2025-08-16,0.808060229592513
Montana,18-49 Years,426848,2025-08-23,0.808060229592513
Montana,18-49 Years,426848,2025-08-30,0.808060229592513
Montana,18-49 Years,426848,2025-09-06,0.808060229592513
Montana,18-49 Years,426848,2025-09-13,1.05504556854636
Montana,18-49 Years,426848,2025-09-20,1.15481372782948
Montana,18-49 Years,426848,2025-09-27,1.55773104801294
Montana,18-49 Years,426848,2025-10-04,2.69684458487618
Montana,18-49 Years,426848,2025-10-11,3.60802550604451
Montana,18-49 Years,426848,2025-10-18,4.89300329584763
Montana,18-49 Years,426848,2025-10-25,6.55718188352271
Montana,18-49 Years,426848,2025-11-01,8.62821215574119
Montana,18-49 Years,426848,2025-11-08,12.8161952953043
Montana,18-49 Years,426848,2025-11-15,14.7251732044918
Montana,18-49 Years,426848,2025-11-22,16.44106627173
Montana,18-49 Years,426848,2025-11-29,17.9418039832643
Montana,18-49 Years,426848,2025-12-06,20.6119839272017
Montana,18-49 Years,426848,2025-12-13,21.6383824278225
Montana,18-49 Years,426848,2025-12-20,22.4213794749267
Montana,18-49 Years,426848,2025-12-27,23.0038241765969
Montana,18-49 Years,426848,2026-01-03,23.5628146128711
Montana,18-49 Years,426848,2026-01-10,24.3427092694073
Montana,18-49 Years,426848,2026-01-17,24.5499016746143
Montana,18-49 Years,426848,2026-01-24,24.6752607402339
Montana,18-49 Years,426848,2026-01-31,24.7476402002525
Montana,18-49 Years,426848,2026-02-07,24.9341975609755
Montana,18-49 Years,426848,2026-02-14,25.0761612920407
Montana,18-49 Years,426848,2026-02-21,25.2753952217473
Montana,18-49 Years,426848,2026-02-28,25.5111112385071
Montana,18-49 Years,426848,2026-03-07,25.9609568242612
Montana,18-49 Years,426848,2026-03-14,26.1297518860618
Montana,18-49 Years,426848,2026-03-21,26.235303144133
Montana,18-49 Years,426848,2026-03-28,26.289770535953
Montana,18-49 Years,426848,2026-04-04,26.3349457620457
Montana,18-49 Years,426848,2026-04-11,26.3882550998235
Montana,18-49 Years,426848,2026-04-18,26.397556843215
Montana,18-49 Years,426848,2026-04-25,26.4
Montana,18-49 Years,426848,2026-05-02,26.4
Montana,18-49 Years,426848,2026-05-09,26.4
Montana,18-49 Years,426848,2026-05-16,26.4
Montana,18-49 Years,426848,2026-05-23,26.4
Montana,18-49 Years,426848,2026-05-30,26.4
Montana,18-49 Years,426848,2026-06-06,26.4
Montana,18-49 Years,426848,2026-06-13,26.4
Montana,50-64 Years,207092,2025-08-16,1.17144123496903
Montana,50-64 Years,207092,2025-08-23,1.17144123496903
Montana,50-64 Years,207092,2025-08-30,1.17144123496903
Montana,50-64 Years,207092,2025-09-06,1.17144123496903
Montana,50-64 Years,207092,2025-09-13,1.54118518513398
Montana,50-64 Years,207092,2025-09-20,1.70966599380134
Montana,50-64 Years,207092,2025-09-27,2.39734651857485
Montana,50-64 Years,207092,2025-10-04,4.33445864464552
Montana,50-64 Years,207092,2025-10-11,5.8996362284001
Montana,50-64 Years,207092,2025-10-18,8.11301491723225
Montana,50-64 Years,207092,2025-10-25,10.9268688392211
Montana,50-64 Years,207092,2025-11-01,14.2759181795488
Montana,50-64 Years,207092,2025-11-08,20.5784346172877
Montana,50-64 Years,207092,2025-11-15,22.9319620014376
Montana,50-64 Years,207092,2025-11-22,24.6254036755693
Montana,50-64 Years,207092,2025-11-29,25.8246158307013
Montana,50-64 Years,207092,2025-12-06,27.9150562423119
Montana,50-64 Years,207092,2025-12-13,28.7641631748996
Montana,50-64 Years,207092,2025-12-20,29.5031311764395
Montana,50-64 Years,207092,2025-12-27,30.1600400575956
Montana,50-64 Years,207092,2026-01-03,30.9362123018363
Montana,50-64 Years,207092,2026-01-10,32.2003769699639
Montana,50-64 Years,207092,2026-01-17,32.8068883697046
Montana,50-64 Years,207092,2026-01-24,33.4214206222719
Montana,50-64 Years,207092,2026-01-31,33.9090084295122
Montana,50-64 Years,207092,2026-02-07,34.8311814315494
Montana,50-64 Years,207092,2026-02-14,35.091290926479
Montana,50-64 Years,207092,2026-02-21,35.2066786816561
Montana,50-64 Years,207092,2026-02-28,35.2355053823643
Montana,50-64 Years,207092,2026-03-07,35.2997120300188
Montana,50-64 Years,207092,2026-03-14,35.4538527526655
Montana,50-64 Years,207092,2026-03-21,35.7985713355348
Montana,50-64 Years,207092,2026-03-28,36.3386576594308
Montana,50-64 Years,207092,2026-04-04,37.0609636904974
Montana,50-64 Years,207092,2026-04-11,38.4073806478814
Montana,50-64 Years,207092,2026-04-18,38.9409263428799
Montana,50-64 Years,207092,2026-04-25,39.3462952027714
Montana,50-64 Years,207092,2026-05-02,39.5952869156476
Montana,50-64 Years,207092,2026-05-09,40.0475524708359
Montana,50-64 Years,207092,2026-05-16,40.1579364694649
Montana,50-64 Years,207092,2026-05-23,40.1968257500643
Montana,50-64 Years,207092,2026-05-30,40.1989419166881
Montana,50-64 Years,207092,2026-06-06,40.2
Montana,50-64 Years,207092,2026-06-13,40.2
Montana,65+ Years,213392,2025-08-16,1.69606616904603
Montana,65+ Years,213392,2025-08-23,1.69606616904603
Montana,65+ Years,213392,2025-08-30,1.69606616904603
Montana,65+ Years,213392,2025-09-06,1.69606616904603
Montana,65+ Years,213392,2025-09-13,2.74099521922554
Montana,65+ Years,213392,2025-09-20,4.0854777106755
Montana,65+ Years,213392,2025-09-27,5.98859151332474
Montana,65+ Years,213392,2025-10-04,10.4685142555983
Montana,65+ Years,213392,2025-10-11,13.3769592477075
Montana,65+ Years,213392,2025-10-18,16.9476811231424
Montana,65+ Years,213392,2025-10-25,21.1148002738694
Montana,65+ Years,213392,2025-11-01,25.9975806258907
Montana,65+ Years,213392,2025-11-08,35.2922564770983
Montana,65+ Years,213392,2025-11-15,39.202563255817
Montana,65+ Years,213392,2025-11-22,42.5381893216679
Montana,65+ Years,213392,2025-11-29,45.3266481866128
Montana,65+ Years,213392,2025-12-06,50.1945056814267
Montana,65+ Years,213392,2025-12-13,51.9945746996745
Montana,65+ Years,213392,2025-12-20,53.3206734872667
Montana,65+ Years,213392,2025-12-27,54.2990376297224
Montana,65+ Years,213392,2026-01-03,55.4269477879177
Montana,65+ Years,213392,2026-01-10,57.2070628931848
Montana,65+ Years,213392,2026-01-17,58.1043775000034
Montana,65+ Years,213392,2026-01-24,59.0704838586822
Montana,65+ Years,213392,2026-01-31,59.9086707077209
Montana,65+ Years,213392,2026-02-07,61.6412539258426
Montana,65+ Years,213392,2026-02-14,62.2958365354179
Montana,65+ Years,213392,2026-02-21,62.7704001202558
Montana,65+ Years,213392,2026-02-28,63.1119270607065
Montana,65+ Years,213392,2026-03-07,63.7166280845077
Montana,65+ Years,213392,2026-03-14,63.9960129327827
Montana,65+ Years,213392,2026-03-21,64.2789974259819
Montana,65+ Years,213392,2026-03-28,64.5540343367359
Montana,65+ Years,213392,2026-04-04,64.8175076621343
Montana,65+ Years,213392,2026-04-11,65.1998022323875
Montana,65+ Years,213392,2026-04-18,65.2778961983417
Montana,65+ Years,213392,2026-04-25,65.3
Montana,65+ Years,213392,2026-05-02,65.3
Montana,65+ Years,213392,2026-05-09,65.3
Montana,65+ Years,213392,2026-05-16,65.3
Montana,65+ Years,213392,2026-05-23,65.3
Montana,65+ Years,213392,2026-05-30,65.3
Montana,65+ Years,213392,2026-06-06,65.3
Montana,65+ Years,213392,2026-06-13,65.3
Nebraska,6 Months - 4 Years,116236,2025-08-16,6.34598103575986
Nebraska,6 Months - 4 Years,116236,2025-08-23,6.34598103575986
Nebraska,6 Months - 4 Years,116236,2025-08-30,6.34598103575986
Nebraska,6 Months - 4 Years,116236,2025-09-06,6.34598103575986
Nebraska,6 Months - 4 Years,116236,2025-09-13,8.06752334163298
Nebraska,6 Months - 4 Years,116236,2025-09-20,8.36647487349736
Nebraska,6 Months - 4 Years,116236,2025-09-27,9.57608047084861
Nebraska,6 Months - 4 Years,116236,2025-10-04,12.9969017740453
Nebraska,6 Months - 4 Years,116236,2025-10-11,15.8429676513639
Nebraska,6 Months - 4 Years,116236,2025-10-18,19.969512586001
Nebraska,6 Months - 4 Years,116236,2025-10-25,25.2741767740624
Nebraska,6 Months - 4 Years,116236,2025-11-01,31.5523265979097
Nebraska,6 Months - 4 Years,116236,2025-11-08,43.2021178902508
Nebraska,6 Months - 4 Years,116236,2025-11-15,47.3225371563676
Nebraska,6 Months - 4 Years,116236,2025-11-22,50.0639836863696
Nebraska,6 Months - 4 Years,116236,2025-11-29,51.8358815976749
Nebraska,6 Months - 4 Years,116236,2025-12-06,54.9448987761533
Nebraska,6 Months - 4 Years,116236,2025-12-13,56.3320872091481
Nebraska,6 Months - 4 Years,116236,2025-12-20,57.6944037420245
Nebraska,6 Months - 4 Years,116236,2025-12-27,59.0084912367735
Nebraska,6 Months - 4 Years,116236,2026-01-03,60.3751003127611
Nebraska,6 Months - 4 Years,116236,2026-01-10,62.4577566798099
Nebraska,6 Months - 4 Years,116236,2026-01-17,63.071972141239
Nebraska,6 Months - 4 Years,116236,2026-01-24,63.4637473857486
Nebraska,6 Months - 4 Years,116236,2026-01-31,63.6897624820649
Nebraska,6 Months - 4 Years,116236,2026-02-07,64.201222774504
Nebraska,6 Months - 4 Years,116236,2026-02-14,64.4714931305504
Nebraska,6 Months - 4 Years,116236,2026-02-21,64.7697369381975
Nebraska,6 Months - 4 Years,116236,2026-02-28,65.0672415886656
Nebraska,6 Months - 4 Years,116236,2026-03-07,65.5711255369791
Nebraska,6 Months - 4 Years,116236,2026-03-14,65.7198673640151
Nebraska,6 Months - 4 Years,116236,2026-03-21,65.7851289997603
Nebraska,6 Months - 4 Years,116236,2026-03-28,65.7950429999201
Nebraska,6 Months - 4 Years,116236,2026-04-04,65.8
Nebraska,6 Months - 4 Years,116236,2026-04-11,65.8
Nebraska,6 Months - 4 Years,116236,2026-04-18,65.8
Nebraska,6 Months - 4 Years,116236,2026-04-25,65.8
Nebraska,6 Months - 4 Years,116236,2026-05-02,65.8
Nebraska,6 Months - 4 Years,116236,2026-05-09,65.8
Nebraska,6 Months - 4 Years,116236,2026-05-16,65.8
Nebraska,6 Months - 4 Years,116236,2026-05-23,65.8
Nebraska,6 Months - 4 Years,116236,2026-05-30,65.8
Nebraska,6 Months - 4 Years,116236,2026-06-06,65.8
Nebraska,6 Months - 4 Years,116236,2026-06-13,65.8
Nebraska,5-12 Years,213286,2025-08-16,4.20630024741652
Nebraska,5-12 Years,213286,2025-08-23,4.20630024741652
Nebraska,5-12 Years,213286,2025-08-30,4.20630024741652
Nebraska,5-12 Years,213286,2025-09-06,4.20630024741652
Nebraska,5-12 Years,213286,2025-09-13,5.35870066449699
Nebraska,5-12 Years,213286,2025-09-20,5.58771116897011
Nebraska,5-12 Years,213286,2025-09-27,6.49405062068372
Nebraska,5-12 Years,213286,2025-10-04,9.08178506218839
Nebraska,5-12 Years,213286,2025-10-11,11.3471697285371
Nebraska,5-12 Years,213286,2025-10-18,14.7841347875643
Nebraska,5-12 Years,213286,2025-10-25,19.3436231844182
Nebraska,5-12 Years,213286,2025-11-01,24.8389163479813
Nebraska,5-12 Years,213286,2025-11-08,35.2487664926458
Nebraska,5-12 Years,213286,2025-11-15,39.0842692027253
Nebraska,5-12 Years,213286,2025-11-22,41.7581409275023
Nebraska,5-12 Years,213286,2025-11-29,43.5767437467848
Nebraska,5-12 Years,213286,2025-12-06,46.7353235494354
Nebraska,5-12 Years,213286,2025-12-13,48.060865465081
Nebraska,5-12 Years,213286,2025-12-20,49.2721772818255
Nebraska,5-12 Years,213286,2025-12-27,50.3664369570729
Nebraska,5-12 Years,213286,2026-01-03,51.4525073463678
Nebraska,5-12 Years,213286,2026-01-10,53.0418604860849
Nebraska,5-12 Years,213286,2026-01-17,53.4516810549943
Nebraska,5-12 Years,213286,2026-01-24,53.6726594321083
Nebraska,5-12 Years,213286,2026-01-31,53.7858353800652
Nebraska,5-12 Years,213286,2026-02-07,54.117044029402
Nebraska,5-12 Years,213286,2026-02-14,54.4694723879169
Nebraska,5-12 Years,213286,2026-02-21,55.0387424977775
Nebraska,5-12 Years,213286,2026-02-28,55.74845060575
Nebraska,5-12 Years,213286,2026-03-07,57.0889457898007
Nebraska,5-12 Years,213286,2026-03-14,57.5402770032859
Nebraska,5-12 Years,213286,2026-03-21,57.7501690006404
Nebraska,5-12 Years,213286,2026-03-28,57.7833896668801
Nebraska,5-12 Years,213286,2026-04-04,57.8
Nebraska,5-12 Years,213286,2026-04-11,57.8
Nebraska,5-12 Years,213286,2026-04-18,57.8
Nebraska,5-12 Years,213286,2026-04-25,57.8
Nebraska,5-12 Years,213286,2026-05-02,57.8
Nebraska,5-12 Years,213286,2026-05-09,57.8055117592451
Nebraska,5-12 Years,213286,2026-05-16,57.8250128628351
Nebraska,5-12 Years,213286,2026-05-23,57.8697293604461
Nebraska,5-12 Years,213286,2026-05-30,57.9456526093534
Nebraska,5-12 Years,213286,2026-06-06,58.1426883518017
Nebraska,5-12 Years,213286,2026-06-13,58.2659083142615
Nebraska,13-17 Years,133012,2025-08-16,0.724774680697265
Nebraska,13-17 Years,133012,2025-08-23,0.724774680697265
Nebraska,13-17 Years,133012,2025-08-30,0.724774680697265
Nebraska,13-17 Years,133012,2025-09-06,0.724774680697265
Nebraska,13-17 Years,133012,2025-09-13,1.33428604805228
Nebraska,13-17 Years,133012,2025-09-20,2.2617230111799
Nebraska,13-17 Years,133012,2025-09-27,3.57343498528166
Nebraska,13-17 Years,133012,2025-10-04,6.65983387350628
Nebraska,13-17 Years,133012,2025-10-11,8.6447204563878
Nebraska,13-17 Years,133012,2025-10-18,11.0584253190438
Nebraska,13-17 Years,133012,2025-10-25,13.8728788399395
Nebraska,13-17 Years,133012,2025-11-01,17.2138411623848
Nebraska,13-17 Years,133012,2025-11-08,23.721049887872
Nebraska,13-17 Years,133012,2025-11-15,26.6337309789871
Nebraska,13-17 Years,133012,2025-11-22,29.2821097093891
Nebraska,13-17 Years,133012,2025-11-29,31.6486933089667
Nebraska,13-17 Years,133012,2025-12-06,35.9625050663471
Nebraska,13-17 Years,133012,2025-12-13,37.7398793868813
Nebraska,13-17 Years,133012,2025-12-20,39.2154730466973
Nebraska,13-17 Years,133012,2025-12-27,40.4240356227568
Nebraska,13-17 Years,133012,2026-01-03,41.6599190640998
Nebraska,13-17 Years,133012,2026-01-10,43.4893063430287
Nebraska,13-17 Years,133012,2026-01-17,44.0894393459261
Nebraska,13-17 Years,133012,2026-01-24,44.540283561061
Nebraska,13-17 Years,133012,2026-01-31,44.8182431933461
Nebraska,13-17 Years,133012,2026-02-07,45.323386103367
Nebraska,13-17 Years,133012,2026-02-14,45.4468499283749
Nebraska,13-17 Years,133012,2026-02-21,45.4932415921006
Nebraska,13-17 Years,133012,2026-02-28,45.4977471973669
Nebraska,13-17 Years,133012,2026-03-07,45.5
Nebraska,13-17 Years,133012,2026-03-14,45.5
Nebraska,13-17 Years,133012,2026-03-21,45.5
Nebraska,13-17 Years,133012,2026-03-28,45.5
Nebraska,13-17 Years,133012,2026-04-04,45.5096548148148
Nebraska,13-17 Years,133012,2026-04-11,45.5386192592593
Nebraska,13-17 Years,133012,2026-04-18,45.6016296296296
Nebraska,13-17 Years,133012,2026-04-25,45.7113896296296
Nebraska,13-17 Years,133012,2026-05-02,45.8399511111111
Nebraska,13-17 Years,133012,2026-05-09,46.0900948148148
Nebraska,13-17 Years,133012,2026-05-16,46.1670844444444
Nebraska,13-17 Years,133012,2026-05-23,46.1973244444444
Nebraska,13-17 Years,133012,2026-05-30,46.1991081481481
Nebraska,13-17 Years,133012,2026-06-06,46.2
Nebraska,13-17 Years,133012,2026-06-13,46.2
Nebraska,6 Months - 17 Years,462534,2025-08-16,4.07228925635676
Nebraska,6 Months - 17 Years,462534,2025-08-23,4.07228925635676
Nebraska,6 Months - 17 Years,462534,2025-08-30,4.07228925635676
Nebraska,6 Months - 17 Years,462534,2025-09-06,4.07228925635676
Nebraska,6 Months - 17 Years,462534,2025-09-13,5.19530347862279
Nebraska,6 Months - 17 Years,462534,2025-09-20,5.42806669459642
Nebraska,6 Months - 17 Years,462534,2025-09-27,6.36827762443798
Nebraska,6 Months - 17 Years,462534,2025-10-04,9.02811973981177
Nebraska,6 Months - 17 Years,462534,2025-10-11,11.2165929761375
Nebraska,6 Months - 17 Years,462534,2025-10-18,14.3671451356184
Nebraska,6 Months - 17 Years,462534,2025-10-25,18.4330983922444
Nebraska,6 Months - 17 Years,462534,2025-11-01,23.3309523542069
Nebraska,6 Months - 17 Years,462534,2025-11-08,32.6889776883512
Nebraska,6 Months - 17 Years,462534,2025-11-15,36.3027622871303
Nebraska,6 Months - 17 Years,462534,2025-11-22,39.0045887572473
Nebraska,6 Months - 17 Years,462534,2025-11-29,41.002642980534
Nebraska,6 Months - 17 Years,462534,2025-12-06,44.5294718287684
Nebraska,6 Months - 17 Years,462534,2025-12-13,46.0149051653802
Nebraska,6 Months - 17 Years,462534,2025-12-20,47.3517651898068
Nebraska,6 Months - 17 Years,462534,2025-12-27,48.543149520817
Nebraska,6 Months - 17 Years,462534,2026-01-03,49.7460562018795
Nebraska,6 Months - 17 Years,462534,2026-01-10,51.5245539955709
Nebraska,6 Months - 17 Years,462534,2026-01-17,52.0245495813558
Nebraska,6 Months - 17 Years,462534,2026-01-24,52.3328056561386
Nebraska,6 Months - 17 Years,462534,2026-01-31,52.5095087006743
Nebraska,6 Months - 17 Years,462534,2026-02-07,52.9397924153241
Nebraska,6 Months - 17 Years,462534,2026-02-14,53.2210571026047
Nebraska,6 Months - 17 Years,462534,2026-02-21,53.5794449517261
Nebraska,6 Months - 17 Years,462534,2026-02-28,53.9712370089853
Nebraska,6 Months - 17 Years,462534,2026-03-07,54.6640673869779
Nebraska,6 Months - 17 Years,462534,2026-03-14,54.8801587866673
Nebraska,6 Months - 17 Years,462534,2026-03-21,54.9774227276453
Nebraska,6 Months - 17 Years,462534,2026-03-28,54.9924742425484
Nebraska,6 Months - 17 Years,462534,2026-04-04,55.0031544837779
Nebraska,6 Months - 17 Years,462534,2026-04-11,55.0126179351117
Nebraska,6 Months - 17 Years,462534,2026-04-18,55.0341501346874
Nebraska,6 Months - 17 Years,462534,2026-04-25,55.0742643247753
Nebraska,6 Months - 17 Years,462534,2026-05-02,55.1276092741186
Nebraska,6 Months - 17 Years,462534,2026-05-09,55.2479169020317
Nebraska,6 Months - 17 Years,462534,2026-05-16,55.3041582604924
Nebraska,6 Months - 17 Years,462534,2026-05-23,55.3509835782938
Nebraska,6 Months - 17 Years,462534,2026-05-30,55.3894905111464
Nebraska,6 Months - 17 Years,462534,2026-06-06,55.4599252252555
Nebraska,6 Months - 17 Years,462534,2026-06-13,55.4893049058822
Nebraska,18-49 Years,790977,2025-08-16,1.1280913273132
Nebraska,18-49 Years,790977,2025-08-23,1.1280913273132
Nebraska,18-49 Years,790977,2025-08-30,1.1280913273132
Nebraska,18-49 Years,790977,2025-09-06,1.1280913273132
Nebraska,18-49 Years,790977,2025-09-13,1.47511664490007
Nebraska,18-49 Years,790977,2025-09-20,1.61670518149055
Nebraska,18-49 Years,790977,2025-09-27,2.19763626611925
Nebraska,18-49 Years,790977,2025-10-04,3.82978615045313
Nebraska,18-49 Years,790977,2025-10-11,5.11184993204755
Nebraska,18-49 Years,790977,2025-10-18,6.88224928670941
Nebraska,18-49 Years,790977,2025-10-25,9.11979193592012
Nebraska,18-49 Years,790977,2025-11-01,11.8287031949444
Nebraska,18-49 Years,790977,2025-11-08,17.0983224626787
Nebraska,18-49 Years,790977,2025-11-15,19.2889063431473
Nebraska,18-49 Years,790977,2025-11-22,21.0846340044775
Nebraska,18-49 Years,790977,2025-11-29,22.5268603637025
Nebraska,18-49 Years,790977,2025-12-06,25.0270941058772
Nebraska,18-49 Years,790977,2025-12-13,25.9510701827163
Nebraska,18-49 Years,790977,2025-12-20,26.6392700444372
Nebraska,18-49 Years,790977,2025-12-27,27.1535030851272
Nebraska,18-49 Years,790977,2026-01-03,27.7305111439349
Nebraska,18-49 Years,790977,2026-01-10,28.6258683355125
Nebraska,18-49 Years,790977,2026-01-17,29.0392926652707
Nebraska,18-49 Years,790977,2026-01-24,29.4608353634636
Nebraska,18-49 Years,790977,2026-01-31,29.8159938562949
Nebraska,18-49 Years,790977,2026-02-07,30.5702939158715
Nebraska,18-49 Years,790977,2026-02-14,30.8814215691342
Nebraska,18-49 Years,790977,2026-02-21,31.137050420351
Nebraska,18-49 Years,790977,2026-02-28,31.3465336866679
Nebraska,18-49 Years,790977,2026-03-07,31.7205897389309
Nebraska,18-49 Years,790977,2026-03-14,31.879543170112
Nebraska,18-49 Years,790977,2026-03-21,32.022329912029
Nebraska,18-49 Years,790977,2026-03-28,32.1488241577888
Nebraska,18-49 Years,790977,2026-04-04,32.2747344749053
Nebraska,18-49 Years,790977,2026-04-11,32.4590949616065
Nebraska,18-49 Years,790977,2026-04-18,32.5077695736256
Nebraska,18-49 Years,790977,2026-04-25,32.5351927276009
Nebraska,18-49 Years,790977,2026-05-02,32.5501898464633
Nebraska,18-49 Years,790977,2026-05-09,32.5903914685657
Nebraska,18-49 Years,790977,2026-05-16,32.6218847285324
Nebraska,18-49 Years,790977,2026-05-23,32.6690285473292
Nebraska,18-49 Years,790977,2026-05-30,32.7336270950006
Nebraska,18-49 Years,790977,2026-06-06,32.8863355166396
Nebraska,18-49 Years,790977,2026-06-13,32.9776700603078
Nebraska,50-64 Years,345517,2025-08-16,1.29749078813917
Nebraska,50-64 Years,345517,2025-08-23,1.29749078813917
Nebraska,50-64 Years,345517,2025-08-30,1.29749078813917
Nebraska,50-64 Years,345517,2025-09-06,1.29749078813917
Nebraska,50-64 Years,345517,2025-09-13,1.71405811581889
Nebraska,50-64 Years,345517,2025-09-20,1.92217347344459
Nebraska,50-64 Years,345517,2025-09-27,2.75020661365737
Nebraska,50-64 Years,345517,2025-10-04,5.10793732165539
Nebraska,50-64 Years,345517,2025-10-11,7.11552102834691
Nebraska,50-64 Years,345517,2025-10-18,10.0980981297956
Nebraska,50-64 Years,345517,2025-10-25,14.0324481909902
Nebraska,50-64 Years,345517,2025-11-01,18.8275419453954
Nebraska,50-64 Years,345517,2025-11-08,28.1158748279896
Nebraska,50-64 Years,345517,2025-11-15,31.808404327376
Nebraska,50-64 Years,345517,2025-11-22,34.6507024138263
Nebraska,50-64 Years,345517,2025-11-29,36.7872812509658
Nebraska,50-64 Years,345517,2025-12-06,40.4312620149617
Nebraska,50-64 Years,345517,2025-12-13,41.7665859931545
Nebraska,50-64 Years,345517,2025-12-20,42.7748168670191
Nebraska,50-64 Years,345517,2025-12-27,43.5381826236043
Nebraska,50-64 Years,345517,2026-01-03,44.3418719611729
Nebraska,50-64 Years,345517,2026-01-10,45.5391917136903
Nebraska,50-64 Years,345517,2026-01-17,45.9932404265115
Nebraska,50-64 Years,345517,2026-01-24,46.3929964731169
Nebraska,50-64 Years,345517,2026-01-31,46.6927126309068
Nebraska,50-64 Years,345517,2026-02-07,47.3333738244824
Nebraska,50-64 Years,345517,2026-02-14,47.609931887135
Nebraska,50-64 Years,345517,2026-02-21,47.8573715046478
Nebraska,50-64 Years,345517,2026-02-28,48.0719958151074
Nebraska,50-64 Years,345517,2026-03-07,48.435086957769
Nebraska,50-64 Years,345517,2026-03-14,48.5553950975777
Nebraska,50-64 Years,345517,2026-03-21,48.630263102505
Nebraska,50-64 Years,345517,2026-03-28,48.6738489511512
Nebraska,50-64 Years,345517,2026-04-04,48.7233312619337
Nebraska,50-64 Years,345517,2026-04-11,48.7993185325392
Nebraska,50-64 Years,345517,2026-04-18,48.8418443461274
Nebraska,50-64 Years,345517,2026-04-25,48.8922823831869
Nebraska,50-64 Years,345517,2026-05-02,48.9421489500181
Nebraska,50-64 Years,345517,2026-05-09,49.0564579610433
Nebraska,50-64 Years,345517,2026-05-16,49.1135177569053
Nebraska,50-64 Years,345517,2026-05-23,49.1691985661472
Nebraska,50-64 Years,345517,2026-05-30,49.223654680607
Nebraska,50-64 Years,345517,2026-06-06,49.3318665822761
Nebraska,50-64 Years,345517,2026-06-13,49.3854392390336
Nebraska,65+ Years,319437,2025-08-16,1.48134553118571
Nebraska,65+ Years,319437,2025-08-23,1.48134553118571
Nebraska,65+ Years,319437,2025-08-30,1.48134553118571
Nebraska,65+ Years,319437,2025-09-06,1.48134553118571
Nebraska,65+ Years,319437,2025-09-13,2.11479324636151
Nebraska,65+ Years,319437,2025-09-20,2.68688955683361
Nebraska,65+ Years,319437,2025-09-27,4.24950841479378
Nebraska,65+ Years,319437,2025-10-04,8.45557031660748
Nebraska,65+ Years,319437,2025-10-11,11.6527686878902
Nebraska,65+ Years,319437,2025-10-18,15.990548627653
Nebraska,65+ Years,319437,2025-10-25,21.3744775721101
Nebraska,65+ Years,319437,2025-11-01,27.7589847915018
Nebraska,65+ Years,319437,2025-11-08,39.8359285515372
Nebraska,65+ Years,319437,2025-11-15,44.5438249925495
Nebraska,65+ Years,319437,2025-11-22,48.1492377136405
Nebraska,65+ Years,319437,2025-11-29,50.8405822098292
Nebraska,65+ Years,319437,2025-12-06,55.3641893429538
Nebraska,65+ Years,319437,2025-12-13,56.9432110255369
Nebraska,65+ Years,319437,2025-12-20,58.0610159827972
Nebraska,65+ Years,319437,2025-12-27,58.8543167109168
Nebraska,65+ Years,319437,2026-01-03,59.7394100496442
Nebraska,65+ Years,319437,2026-01-10,61.1005993777562
Nebraska,65+ Years,319437,2026-01-17,61.7416063465206
Nebraska,65+ Years,319437,2026-01-24,62.4100214711879
Nebraska,65+ Years,319437,2026-01-31,62.9888543972127
Nebraska,65+ Years,319437,2026-02-07,64.24529181678
Nebraska,65+ Years,319437,2026-02-14,64.7993784654833
Nebraska,65+ Years,319437,2026-02-21,65.2865911965839
Nebraska,65+ Years,319437,2026-02-28,65.7065348479083
Nebraska,65+ Years,319437,2026-03-07,66.4470345690892
Nebraska,65+ Years,319437,2026-03-14,66.733691799943
Nebraska,65+ Years,319437,2026-03-21,66.9588434724205
Nebraska,65+ Years,319437,2026-03-28,67.1333947778586
Nebraska,65+ Years,319437,2026-04-04,67.3056783065674
Nebraska,65+ Years,319437,2026-04-11,67.5519088623673
Nebraska,65+ Years,319437,2026-04-18,67.6225706135557
Nebraska,65+ Years,319437,2026-04-25,67.6696131644708
Nebraska,65+ Years,319437,2026-05-02,67.7000543220731
Nebraska,65+ Years,319437,2026-05-09,67.7783489143164
Nebraska,65+ Years,319437,2026-05-16,67.8330746285828
Nebraska,65+ Years,319437,2026-05-23,67.9087923215397
Nebraska,65+ Years,319437,2026-05-30,68.0073146688364
Nebraska,65+ Years,319437,2026-06-06,68.2344448549986
Nebraska,65+ Years,319437,2026-06-13,68.3679784527541
Nevada,6 Months - 4 Years,166804,2025-08-16,2.74552162299829
Nevada,6 Months - 4 Years,166804,2025-08-23,2.74552162299829
Nevada,6 Months - 4 Years,166804,2025-08-30,2.74552162299829
Nevada,6 Months - 4 Years,166804,2025-09-06,2.74552162299829
Nevada,6 Months - 4 Years,166804,2025-09-13,4.56292482346323
Nevada,6 Months - 4 Years,166804,2025-09-20,6.96653615559657
Nevada,6 Months - 4 Years,166804,2025-09-27,9.3335924585548
Nevada,6 Months - 4 Years,166804,2025-10-04,13.9963906205624
Nevada,6 Months - 4 Years,166804,2025-10-11,16.251759159589
Nevada,6 Months - 4 Years,166804,2025-10-18,18.4357964494514
Nevada,6 Months - 4 Years,166804,2025-10-25,20.5652547239809
Nevada,6 Months - 4 Years,166804,2025-11-01,22.9618224894567
Nevada,6 Months - 4 Years,166804,2025-11-08,27.6105494275196
Nevada,6 Months - 4 Years,166804,2025-11-15,30.0684147114892
Nevada,6 Months - 4 Years,166804,2025-11-22,32.7524596312552
Nevada,6 Months - 4 Years,166804,2025-11-29,35.4817235435639
Nevada,6 Months - 4 Years,166804,2025-12-06,40.4789182286622
Nevada,6 Months - 4 Years,166804,2025-12-13,42.3466241510041
Nevada,6 Months - 4 Years,166804,2025-12-20,43.6236373562646
Nevada,6 Months - 4 Years,166804,2025-12-27,44.4511901559637
Nevada,6 Months - 4 Years,166804,2026-01-03,45.3981640986535
Nevada,6 Months - 4 Years,166804,2026-01-10,46.8775291463668
Nevada,6 Months - 4 Years,166804,2026-01-17,47.6819678192829
Nevada,6 Months - 4 Years,166804,2026-01-24,48.5867467295504
Nevada,6 Months - 4 Years,166804,2026-01-31,49.377232312556
Nevada,6 Months - 4 Years,166804,2026-02-07,50.9381363082314
Nevada,6 Months - 4 Years,166804,2026-02-14,51.454697786106
Nevada,6 Months - 4 Years,166804,2026-02-21,51.7580790792741
Nevada,6 Months - 4 Years,166804,2026-02-28,51.9104622369492
Nevada,6 Months - 4 Years,166804,2026-03-07,52.1251260694434
Nevada,6 Months - 4 Years,166804,2026-03-14,52.1758264132307
Nevada,6 Months - 4 Years,166804,2026-03-21,52.1958230363234
Nevada,6 Months - 4 Years,166804,2026-03-28,52.1986076787745
Nevada,6 Months - 4 Years,166804,2026-04-04,52.2524118518519
Nevada,6 Months - 4 Years,166804,2026-04-11,52.4096474074074
Nevada,6 Months - 4 Years,166804,2026-04-18,52.7517037037037
Nevada,6 Months - 4 Years,166804,2026-04-25,53.3475437037037
Nevada,6 Months - 4 Years,166804,2026-05-02,54.0454488888889
Nevada,6 Months - 4 Years,166804,2026-05-09,55.4033718518519
Nevada,6 Months - 4 Years,166804,2026-05-16,55.8213155555556
Nevada,6 Months - 4 Years,166804,2026-05-23,55.9854755555556
Nevada,6 Months - 4 Years,166804,2026-05-30,55.9951585185185
Nevada,6 Months - 4 Years,166804,2026-06-06,56.0
Nevada,6 Months - 4 Years,166804,2026-06-13,56.0
Nevada,5-12 Years,314871,2025-08-16,4.56375976978655
Nevada,5-12 Years,314871,2025-08-23,4.56375976978655
Nevada,5-12 Years,314871,2025-08-30,4.56375976978655
Nevada,5-12 Years,314871,2025-09-06,4.56375976978655
Nevada,5-12 Years,314871,2025-09-13,6.4670927016644
Nevada,5-12 Years,314871,2025-09-20,8.10431293628966
Nevada,5-12 Years,314871,2025-09-27,9.89182820581596
Nevada,5-12 Years,314871,2025-10-04,13.6747687888034
Nevada,5-12 Years,314871,2025-10-11,15.8102078130037
Nevada,5-12 Years,314871,2025-10-18,18.1956967584618
Nevada,5-12 Years,314871,2025-10-25,20.7670314363713
Nevada,5-12 Years,314871,2025-11-01,23.6183269388195
Nevada,5-12 Years,314871,2025-11-08,28.6884300470073
Nevada,5-12 Years,314871,2025-11-15,30.5684543999297
Nevada,5-12 Years,314871,2025-11-22,32.0089437920126
Nevada,5-12 Years,314871,2025-11-29,33.1148459045165
Nevada,5-12 Years,314871,2025-12-06,35.0714495671076
Nevada,5-12 Years,314871,2025-12-13,35.894528933398
Nevada,5-12 Years,314871,2025-12-20,36.6336987200604
Nevada,5-12 Years,314871,2025-12-27,37.2938220849878
Nevada,5-12 Years,314871,2026-01-03,37.975727865847
Nevada,5-12 Years,314871,2026-01-10,38.9992096511097
Nevada,5-12 Years,314871,2026-01-17,39.3136564382425
Nevada,5-12 Years,314871,2026-01-24,39.5306241412692
Nevada,5-12 Years,314871,2026-01-31,39.6665438304158
Nevada,5-12 Years,314871,2026-02-07,39.9755531787096
Nevada,5-12 Years,314871,2026-02-14,40.1370240490869
Nevada,5-12 Years,314871,2026-02-21,40.3137884793632
Nevada,5-12 Years,314871,2026-02-28,40.4955356492946
Nevada,5-12 Years,314871,2026-03-07,40.8299117587853
Nevada,5-12 Years,314871,2026-03-14,40.956216159184
Nevada,5-12 Years,314871,2026-03-21,41.0439405465605
Nevada,5-12 Years,314871,2026-03-28,41.103126477435
Nevada,5-12 Years,314871,2026-04-04,41.1799655646743
Nevada,5-12 Years,314871,2026-04-11,41.3094837725769
Nevada,5-12 Years,314871,2026-04-18,41.3998546748325
Nevada,5-12 Years,314871,2026-04-25,41.5210492399943
Nevada,5-12 Years,314871,2026-05-02,41.655958983203
Nevada,5-12 Years,314871,2026-05-09,41.9748840819412
Nevada,5-12 Years,314871,2026-05-16,42.1448974491779
Nevada,5-12 Years,314871,2026-05-23,42.3180814046261
Nevada,5-12 Years,314871,2026-05-30,42.4952608371402
Nevada,5-12 Years,314871,2026-06-06,42.8604458930392
Nevada,5-12 Years,314871,2026-06-13,43.0519238488226
Nevada,13-17 Years,198053,2025-08-16,2.93977248169752
Nevada,13-17 Years,198053,2025-08-23,2.93977248169752
Nevada,13-17 Years,198053,2025-08-30,2.93977248169752
Nevada,13-17 Years,198053,2025-09-06,2.93977248169752
Nevada,13-17 Years,198053,2025-09-13,4.30076255876637
Nevada,13-17 Years,198053,2025-09-20,5.64682206559849
Nevada,13-17 Years,198053,2025-09-27,7.15110382228809
Nevada,13-17 Years,198053,2025-10-04,10.3743404884649
Nevada,13-17 Years,198053,2025-10-11,12.2328009867364
Nevada,13-17 Years,198053,2025-10-18,14.3433403862692
Nevada,13-17 Years,198053,2025-10-25,16.6455856978809
Nevada,13-17 Years,198053,2025-11-01,19.2065041853464
Nevada,13-17 Years,198053,2025-11-08,23.7568622766286
Nevada,13-17 Years,198053,2025-11-15,25.4111583554726
Nevada,13-17 Years,198053,2025-11-22,26.642802860545
Nevada,13-17 Years,198053,2025-11-29,27.5723052200807
Nevada,13-17 Years,198053,2025-12-06,29.267818402644
Nevada,13-17 Years,198053,2025-12-13,30.0539372032741
Nevada,13-17 Years,198053,2025-12-20,30.8364821952989
Nevada,13-17 Years,198053,2025-12-27,31.6120686573881
Nevada,13-17 Years,198053,2026-01-03,32.504597360124
Nevada,13-17 Years,198053,2026-01-10,33.9499693912013
Nevada,13-17 Years,198053,2026-01-17,34.5028199549174
Nevada,13-17 Years,198053,2026-01-24,34.9725596081985
Nevada,13-17 Years,198053,2026-01-31,35.3473354853499
Nevada,13-17 Years,198053,2026-02-07,36.324781697058
Nevada,13-17 Years,198053,2026-02-14,37.069309102828
Nevada,13-17 Years,198053,2026-02-21,38.0892700502752
Nevada,13-17 Years,198053,2026-02-28,39.2756240354257
Nevada,13-17 Years,198053,2026-03-07,41.51840922177
Nevada,13-17 Years,198053,2026-03-14,42.3382524688157
Nevada,13-17 Years,198053,2026-03-21,42.8277335553853
Nevada,13-17 Years,198053,2026-03-28,43.0568911121877
Nevada,13-17 Years,198053,2026-04-04,43.2427686930002
Nevada,13-17 Years,198053,2026-04-11,43.4542146572209
Nevada,13-17 Years,198053,2026-04-18,43.4905389184064
Nevada,13-17 Years,198053,2026-04-25,43.5
Nevada,13-17 Years,198053,2026-05-02,43.5
Nevada,13-17 Years,198053,2026-05-09,43.5
Nevada,13-17 Years,198053,2026-05-16,43.5
Nevada,13-17 Years,198053,2026-05-23,43.5
Nevada,13-17 Years,198053,2026-05-30,43.5
Nevada,13-17 Years,198053,2026-06-06,43.5
Nevada,13-17 Years,198053,2026-06-13,43.5
Nevada,6 Months - 17 Years,679728,2025-08-16,3.64319645819227
Nevada,6 Months - 17 Years,679728,2025-08-23,3.64319645819227
Nevada,6 Months - 17 Years,679728,2025-08-30,3.64319645819227
Nevada,6 Months - 17 Years,679728,2025-09-06,3.64319645819227
Nevada,6 Months - 17 Years,679728,2025-09-13,5.33542990797264
Nevada,6 Months - 17 Years,679728,2025-09-20,7.01137867985989
Nevada,6 Months - 17 Years,679728,2025-09-27,8.80194940523261
Nevada,6 Months - 17 Years,679728,2025-10-04,12.5445423111915
Nevada,6 Months - 17 Years,679728,2025-10-11,14.5976187730905
Nevada,6 Months - 17 Years,679728,2025-10-18,16.8323808698484
Nevada,6 Months - 17 Years,679728,2025-10-25,19.2056577017628
Nevada,6 Months - 17 Years,679728,2025-11-01,21.8595554091559
Nevada,6 Months - 17 Years,679728,2025-11-08,26.689632659757
Nevada,6 Months - 17 Years,679728,2025-11-15,28.6404868378702
Nevada,6 Months - 17 Years,679728,2025-11-22,30.2911108688161
Nevada,6 Months - 17 Years,679728,2025-11-29,31.6825951467907
Nevada,6 Months - 17 Years,679728,2025-12-06,34.1814834613188
Nevada,6 Months - 17 Years,679728,2025-12-13,35.2046305477215
Nevada,6 Months - 17 Years,679728,2025-12-20,36.0682270769148
Nevada,6 Months - 17 Years,679728,2025-12-27,36.8035451301515
Nevada,6 Months - 17 Years,679728,2026-01-03,37.6303161004303
Nevada,6 Months - 17 Years,679728,2026-01-10,38.9298870098476
Nevada,6 Months - 17 Years,679728,2026-01-17,39.4671535987424
Nevada,6 Months - 17 Years,679728,2026-01-24,39.9664322690575
Nevada,6 Months - 17 Years,679728,2026-01-31,40.3722317032043
Nevada,6 Months - 17 Years,679728,2026-02-07,41.3019353523475
Nevada,6 Months - 17 Years,679728,2026-02-14,41.7907154306127
Nevada,6 Months - 17 Years,679728,2026-02-21,42.3050776075008
Nevada,6 Months - 17 Years,679728,2026-02-28,42.8070090309932
Nevada,6 Months - 17 Years,679728,2026-03-07,43.6827589812719
Nevada,6 Months - 17 Years,679728,2026-03-14,43.9699109796326
Nevada,6 Months - 17 Years,679728,2026-03-21,44.1288608162506
Nevada,6 Months - 17 Years,679728,2026-03-28,44.1987632188301
Nevada,6 Months - 17 Years,679728,2026-04-04,44.2949259314703
Nevada,6 Months - 17 Years,679728,2026-04-11,44.4635326824721
Nevada,6 Months - 17 Years,679728,2026-04-18,44.6397329372808
Nevada,6 Months - 17 Years,679728,2026-04-25,44.9077945055004
Nevada,6 Months - 17 Years,679728,2026-05-02,45.2079776401538
Nevada,6 Months - 17 Years,679728,2026-05-09,45.8372894158285
Nevada,6 Months - 17 Years,679728,2026-05-16,46.0846597629605
Nevada,6 Months - 17 Years,679728,2026-05-23,46.2550313886045
Nevada,6 Months - 17 Years,679728,2026-05-30,46.3641686654732
Nevada,6 Months - 17 Years,679728,2026-06-06,46.5307972706914
Nevada,6 Months - 17 Years,679728,2026-06-13,46.5615404829529
Nevada,18-49 Years,1323475,2025-08-16,0.86579983128481
Nevada,18-49 Years,1323475,2025-08-23,0.86579983128481
Nevada,18-49 Years,1323475,2025-08-30,0.86579983128481
Nevada,18-49 Years,1323475,2025-09-06,0.86579983128481
Nevada,18-49 Years,1323475,2025-09-13,1.20916965124674
Nevada,18-49 Years,1323475,2025-09-20,1.48443677143646
Nevada,18-49 Years,1323475,2025-09-27,1.91897862503522
Nevada,18-49 Years,1323475,2025-10-04,2.97431808835683
Nevada,18-49 Years,1323475,2025-10-11,3.67452235171298
Nevada,18-49 Years,1323475,2025-10-18,4.54178887265077
Nevada,18-49 Years,1323475,2025-10-25,5.57139648880822
Nevada,18-49 Years,1323475,2025-11-01,6.81503120135176
Nevada,18-49 Years,1323475,2025-11-08,9.29230737805408
Nevada,18-49 Years,1323475,2025-11-15,10.4516291795407
Nevada,18-49 Years,1323475,2025-11-22,11.5468797232218
Nevada,18-49 Years,1323475,2025-11-29,12.5612788598838
Nevada,18-49 Years,1323475,2025-12-06,14.4435904222673
Nevada,18-49 Years,1323475,2025-12-13,15.2323402114639
Nevada,18-49 Years,1323475,2025-12-20,15.8891638458749
Nevada,18-49 Years,1323475,2025-12-27,16.4339883889873
Nevada,18-49 Years,1323475,2026-01-03,17.0345911954451
Nevada,18-49 Years,1323475,2026-01-10,17.9660908472047
Nevada,18-49 Years,1323475,2026-01-17,18.3327989358064
Nevada,18-49 Years,1323475,2026-01-24,18.6609695651584
Nevada,18-49 Years,1323475,2026-01-31,18.922778045512
Nevada,18-49 Years,1323475,2026-02-07,19.5422301325773
Nevada,18-49 Years,1323475,2026-02-14,19.903421181824
Nevada,18-49 Years,1323475,2026-02-21,20.3161584056066
Nevada,18-49 Years,1323475,2026-02-28,20.7365973810332
Nevada,18-49 Years,1323475,2026-03-07,21.4611664577819
Nevada,18-49 Years,1323475,2026-03-14,21.6803253535745
Nevada,18-49 Years,1323475,2026-03-21,21.7776327221158
Nevada,18-49 Years,1323475,2026-03-28,21.7925442407053
Nevada,18-49 Years,1323475,2026-04-04,21.8
Nevada,18-49 Years,1323475,2026-04-11,21.8
Nevada,18-49 Years,1323475,2026-04-18,21.8
Nevada,18-49 Years,1323475,2026-04-25,21.8
Nevada,18-49 Years,1323475,2026-05-02,21.8
Nevada,18-49 Years,1323475,2026-05-09,21.8
Nevada,18-49 Years,1323475,2026-05-16,21.8
Nevada,18-49 Years,1323475,2026-05-23,21.8
Nevada,18-49 Years,1323475,2026-05-30,21.8
Nevada,18-49 Years,1323475,2026-06-06,21.8
Nevada,18-49 Years,1323475,2026-06-13,21.8
Nevada,50-64 Years,587060,2025-08-16,0.885496819447759
Nevada,50-64 Years,587060,2025-08-23,0.885496819447759
Nevada,50-64 Years,587060,2025-08-30,0.885496819447759
Nevada,50-64 Years,587060,2025-09-06,0.885496819447759
Nevada,50-64 Years,587060,2025-09-13,1.42542343474593
Nevada,50-64 Years,587060,2025-09-20,2.1167043971064
Nevada,50-64 Years,587060,2025-09-27,3.26606699371877
Nevada,50-64 Years,587060,2025-10-04,6.0963160782202
Nevada,50-64 Years,587060,2025-10-11,8.05697025729183
Nevada,50-64 Years,587060,2025-10-18,10.5756310708978
Nevada,50-64 Years,587060,2025-10-25,13.5887681499095
Nevada,50-64 Years,587060,2025-11-01,17.1026070200727
Nevada,50-64 Years,587060,2025-11-08,23.661920580639
Nevada,50-64 Years,587060,2025-11-15,26.2104819926606
Nevada,50-64 Years,587060,2025-11-22,28.1834646440386
Nevada,50-64 Years,587060,2025-11-29,29.6743761035314
Nevada,50-64 Years,587060,2025-12-06,32.1807657331091
Nevada,50-64 Years,587060,2025-12-13,33.0688040319087
Nevada,50-64 Years,587060,2025-12-20,33.7157679670845
Nevada,50-64 Years,587060,2025-12-27,34.1791235050514
Nevada,50-64 Years,587060,2026-01-03,34.6053557947926
Nevada,50-64 Years,587060,2026-01-10,35.1771410632677
Nevada,50-64 Years,587060,2026-01-17,35.3059639212963
Nevada,50-64 Years,587060,2026-01-24,35.367083534449
Nevada,50-64 Years,587060,2026-01-31,35.3947046785462
Nevada,50-64 Years,587060,2026-02-07,35.493806564413
Nevada,50-64 Years,587060,2026-02-14,35.6515984246065
Nevada,50-64 Years,587060,2026-02-21,35.9490148864204
Nevada,50-64 Years,587060,2026-02-28,36.3672516180436
Nevada,50-64 Years,587060,2026-03-07,37.2644301299659
Nevada,50-64 Years,587060,2026-03-14,37.6713289795398
Nevada,50-64 Years,587060,2026-03-21,37.9822949447714
Nevada,50-64 Years,587060,2026-03-28,38.1974587666892
Nevada,50-64 Years,587060,2026-04-04,38.3886844099605
Nevada,50-64 Years,587060,2026-04-11,38.6397193415076
Nevada,50-64 Years,587060,2026-04-18,38.6870678968074
Nevada,50-64 Years,587060,2026-04-25,38.7
Nevada,50-64 Years,587060,2026-05-02,38.7
Nevada,50-64 Years,587060,2026-05-09,38.7
Nevada,50-64 Years,587060,2026-05-16,38.7
Nevada,50-64 Years,587060,2026-05-23,38.7
Nevada,50-64 Years,587060,2026-05-30,38.7
Nevada,50-64 Years,587060,2026-06-06,38.7
Nevada,50-64 Years,587060,2026-06-13,38.7
Nevada,65+ Years,519316,2025-08-16,1.64062646193784
Nevada,65+ Years,519316,2025-08-23,1.64062646193784
Nevada,65+ Years,519316,2025-08-30,1.64062646193784
Nevada,65+ Years,519316,2025-09-06,1.64062646193784
Nevada,65+ Years,519316,2025-09-13,2.72777940651515
Nevada,65+ Years,519316,2025-09-20,4.19114306065557
Nevada,65+ Years,519316,2025-09-27,6.0969037588891
Nevada,65+ Years,519316,2025-10-04,10.4587913518406
Nevada,65+ Years,519316,2025-10-11,13.219235257924
Nevada,65+ Years,519316,2025-10-18,16.5639187950256
Nevada,65+ Years,519316,2025-10-25,20.4020503809067
Nevada,65+ Years,519316,2025-11-01,24.7928990102318
Nevada,65+ Years,519316,2025-11-08,32.8512186113873
Nevada,65+ Years,519316,2025-11-15,35.9456117290755
Nevada,65+ Years,519316,2025-11-22,38.3495559296587
Nevada,65+ Years,519316,2025-11-29,40.1906212890456
Nevada,65+ Years,519316,2025-12-06,43.3436706453234
Nevada,65+ Years,519316,2025-12-13,44.5021886763317
Nevada,65+ Years,519316,2025-12-20,45.3775225057649
Nevada,65+ Years,519316,2025-12-27,46.0523479154177
Nevada,65+ Years,519316,2026-01-03,46.8623207999541
Nevada,65+ Years,519316,2026-01-10,48.1777254946965
Nevada,65+ Years,519316,2026-01-17,48.9030179459605
Nevada,65+ Years,519316,2026-01-24,49.7180564738021
Nevada,65+ Years,519316,2026-01-31,50.4277924767376
Nevada,65+ Years,519316,2026-02-07,51.8150117021799
Nevada,65+ Years,519316,2026-02-14,52.2577498180413
Nevada,65+ Years,519316,2026-02-21,52.5004301941792
Nevada,65+ Years,519316,2026-02-28,52.6065100827778
Nevada,65+ Years,519316,2026-03-07,52.7512031444503
Nevada,65+ Years,519316,2026-03-14,52.7843744764764
Nevada,65+ Years,519316,2026-03-21,52.7973212324926
Nevada,65+ Years,519316,2026-03-28,52.7991070774975
Nevada,65+ Years,519316,2026-04-04,52.8
Nevada,65+ Years,519316,2026-04-11,52.8
Nevada,65+ Years,519316,2026-04-18,52.8
Nevada,65+ Years,519316,2026-04-25,52.8
Nevada,65+ Years,519316,2026-05-02,52.8
Nevada,65+ Years,519316,2026-05-09,52.8
Nevada,65+ Years,519316,2026-05-16,52.8
Nevada,65+ Years,519316,2026-05-23,52.8
Nevada,65+ Years,519316,2026-05-30,52.8
Nevada,65+ Years,519316,2026-06-06,52.8
Nevada,65+ Years,519316,2026-06-13,52.8
New Hampshire,6 Months - 4 Years,57060,2025-08-16,2.96109309374583
New Hampshire,6 Months - 4 Years,57060,2025-08-23,2.96109309374583
New Hampshire,6 Months - 4 Years,57060,2025-08-30,2.96109309374583
New Hampshire,6 Months - 4 Years,57060,2025-09-06,2.96109309374583
New Hampshire,6 Months - 4 Years,57060,2025-09-13,4.38315833183564
New Hampshire,6 Months - 4 Years,57060,2025-09-20,5.85797042251051
New Hampshire,6 Months - 4 Years,57060,2025-09-27,7.84083811073811
New Hampshire,6 Months - 4 Years,57060,2025-10-04,12.4282881978099
New Hampshire,6 Months - 4 Years,57060,2025-10-11,15.2910854466658
New Hampshire,6 Months - 4 Years,57060,2025-10-18,18.6898823272361
New Hampshire,6 Months - 4 Years,57060,2025-10-25,22.6074621891062
New Hampshire,6 Months - 4 Years,57060,2025-11-01,27.2990066886629
New Hampshire,6 Months - 4 Years,57060,2025-11-08,36.69835086876
New Hampshire,6 Months - 4 Years,57060,2025-11-15,41.3464016028642
New Hampshire,6 Months - 4 Years,57060,2025-11-22,45.9696063259545
New Hampshire,6 Months - 4 Years,57060,2025-11-29,50.2972919307554
New Hampshire,6 Months - 4 Years,57060,2025-12-06,57.8325880094874
New Hampshire,6 Months - 4 Years,57060,2025-12-13,60.3587009015209
New Hampshire,6 Months - 4 Years,57060,2025-12-20,61.857425513229
New Hampshire,6 Months - 4 Years,57060,2025-12-27,62.6320602680845
New Hampshire,6 Months - 4 Years,57060,2026-01-03,63.5147001315713
New Hampshire,6 Months - 4 Years,57060,2026-01-10,64.8726193060342
New Hampshire,6 Months - 4 Years,57060,2026-01-17,65.7277118442893
New Hampshire,6 Months - 4 Years,57060,2026-01-24,66.7877391496359
New Hampshire,6 Months - 4 Years,57060,2026-01-31,67.8117391509108
New Hampshire,6 Months - 4 Years,57060,2026-02-07,69.9293744374065
New Hampshire,6 Months - 4 Years,57060,2026-02-14,70.7118725213976
New Hampshire,6 Months - 4 Years,57060,2026-02-21,71.2345975286258
New Hampshire,6 Months - 4 Years,57060,2026-02-28,71.5822816421793
New Hampshire,6 Months - 4 Years,57060,2026-03-07,72.2786977689824
New Hampshire,6 Months - 4 Years,57060,2026-03-14,72.8228484207735
New Hampshire,6 Months - 4 Years,57060,2026-03-21,73.6385637503561
New Hampshire,6 Months - 4 Years,57060,2026-03-28,74.6605279664918
New Hampshire,6 Months - 4 Years,57060,2026-04-04,75.7354567680123
New Hampshire,6 Months - 4 Years,57060,2026-04-11,77.4796561723454
New Hampshire,6 Months - 4 Years,57060,2026-04-18,77.8810178477919
New Hampshire,6 Months - 4 Years,57060,2026-04-25,78.0
New Hampshire,6 Months - 4 Years,57060,2026-05-02,78.0
New Hampshire,6 Months - 4 Years,57060,2026-05-09,78.0
New Hampshire,6 Months - 4 Years,57060,2026-05-16,78.0
New Hampshire,6 Months - 4 Years,57060,2026-05-23,78.0
New Hampshire,6 Months - 4 Years,57060,2026-05-30,78.0
New Hampshire,6 Months - 4 Years,57060,2026-06-06,78.0
New Hampshire,6 Months - 4 Years,57060,2026-06-13,78.0
New Hampshire,5-12 Years,111757,2025-08-16,1.9916998866777
New Hampshire,5-12 Years,111757,2025-08-23,1.9916998866777
New Hampshire,5-12 Years,111757,2025-08-30,1.9916998866777
New Hampshire,5-12 Years,111757,2025-09-06,1.9916998866777
New Hampshire,5-12 Years,111757,2025-09-13,2.96057856168492
New Hampshire,5-12 Years,111757,2025-09-20,3.98243627868894
New Hampshire,5-12 Years,111757,2025-09-27,5.65827242555093
New Hampshire,5-12 Years,111757,2025-10-04,9.77047693742947
New Hampshire,5-12 Years,111757,2025-10-11,12.5946021585448
New Hampshire,5-12 Years,111757,2025-10-18,16.1976668711049
New Hampshire,5-12 Years,111757,2025-10-25,20.5003699664111
New Hampshire,5-12 Years,111757,2025-11-01,25.5461831087283
New Hampshire,5-12 Years,111757,2025-11-08,35.057549549703
New Hampshire,5-12 Years,111757,2025-11-15,38.8549824069359
New Hampshire,5-12 Years,111757,2025-11-22,41.8911726969452
New Hampshire,5-12 Years,111757,2025-11-29,44.2849280715647
New Hampshire,5-12 Years,111757,2025-12-06,48.4468138644474
New Hampshire,5-12 Years,111757,2025-12-13,50.0348180506564
New Hampshire,5-12 Years,111757,2025-12-20,51.2838451935603
New Hampshire,5-12 Years,111757,2025-12-27,52.2732726127025
New Hampshire,5-12 Years,111757,2026-01-03,53.345779858554
New Hampshire,5-12 Years,111757,2026-01-10,54.9802979604137
New Hampshire,5-12 Years,111757,2026-01-17,55.6241867382604
New Hampshire,5-12 Years,111757,2026-01-24,56.2075774469224
New Hampshire,5-12 Years,111757,2026-01-31,56.6723744872838
New Hampshire,5-12 Years,111757,2026-02-07,57.7455457661736
New Hampshire,5-12 Years,111757,2026-02-14,58.3243243978885
New Hampshire,5-12 Years,111757,2026-02-21,58.9498163579794
New Hampshire,5-12 Years,111757,2026-02-28,59.5729665861634
New Hampshire,5-12 Years,111757,2026-03-07,60.6721351898811
New Hampshire,5-12 Years,111757,2026-03-14,61.0466918522652
New Hampshire,5-12 Years,111757,2026-03-21,61.269820474854
New Hampshire,5-12 Years,111757,2026-03-28,61.3804301218143
New Hampshire,5-12 Years,111757,2026-04-04,61.4713843465001
New Hampshire,5-12 Years,111757,2026-04-11,61.5771073286104
New Hampshire,5-12 Years,111757,2026-04-18,61.5952694592032
New Hampshire,5-12 Years,111757,2026-04-25,61.6
New Hampshire,5-12 Years,111757,2026-05-02,61.6
New Hampshire,5-12 Years,111757,2026-05-09,61.6
New Hampshire,5-12 Years,111757,2026-05-16,61.6
New Hampshire,5-12 Years,111757,2026-05-23,61.6
New Hampshire,5-12 Years,111757,2026-05-30,61.6
New Hampshire,5-12 Years,111757,2026-06-06,61.6
New Hampshire,5-12 Years,111757,2026-06-13,61.6
New Hampshire,13-17 Years,78288,2025-08-16,0.662763556922501
New Hampshire,13-17 Years,78288,2025-08-23,0.662763556922501
New Hampshire,13-17 Years,78288,2025-08-30,0.662763556922501
New Hampshire,13-17 Years,78288,2025-09-06,0.662763556922501
New Hampshire,13-17 Years,78288,2025-09-13,1.77722126278288
New Hampshire,13-17 Years,78288,2025-09-20,3.5498206590463
New Hampshire,13-17 Years,78288,2025-09-27,6.00547729238278
New Hampshire,13-17 Years,78288,2025-10-04,11.3150248565342
New Hampshire,13-17 Years,78288,2025-10-11,14.1241206748598
New Hampshire,13-17 Years,78288,2025-10-18,17.0767708495631
New Hampshire,13-17 Years,78288,2025-10-25,20.1496435518957
New Hampshire,13-17 Years,78288,2025-11-01,23.6341664444419
New Hampshire,13-17 Years,78288,2025-11-08,30.2547176501638
New Hampshire,13-17 Years,78288,2025-11-15,33.3733434821624
New Hampshire,13-17 Years,78288,2025-11-22,36.4285844283153
New Hampshire,13-17 Years,78288,2025-11-29,39.2625653611827
New Hampshire,13-17 Years,78288,2025-12-06,44.1871049809609
New Hampshire,13-17 Years,78288,2025-12-13,45.873797952392
New Hampshire,13-17 Years,78288,2025-12-20,46.9359888467761
New Hampshire,13-17 Years,78288,2025-12-27,47.5411557732795
New Hampshire,13-17 Years,78288,2026-01-03,48.1162555442837
New Hampshire,13-17 Years,78288,2026-01-10,48.8919659918416
New Hampshire,13-17 Years,78288,2026-01-17,49.1512552952604
New Hampshire,13-17 Years,78288,2026-01-24,49.3626543497799
New Hampshire,13-17 Years,78288,2026-01-31,49.5064911250922
New Hampshire,13-17 Years,78288,2026-02-07,49.7907588744251
New Hampshire,13-17 Years,78288,2026-02-14,49.887789941976
New Hampshire,13-17 Years,78288,2026-02-21,49.956231914121
New Hampshire,13-17 Years,78288,2026-02-28,50.0031222100107
New Hampshire,13-17 Years,78288,2026-03-07,50.0735858219568
New Hampshire,13-17 Years,78288,2026-03-14,50.091304274781
New Hampshire,13-17 Years,78288,2026-03-21,50.0984699113959
New Hampshire,13-17 Years,78288,2026-03-28,50.0994899704653
New Hampshire,13-17 Years,78288,2026-04-04,50.1041377777778
New Hampshire,13-17 Years,78288,2026-04-11,50.1165511111111
New Hampshire,13-17 Years,78288,2026-04-18,50.1435555555556
New Hampshire,13-17 Years,78288,2026-04-25,50.1905955555556
New Hampshire,13-17 Years,78288,2026-05-02,50.2456933333333
New Hampshire,13-17 Years,78288,2026-05-09,50.3528977777778
New Hampshire,13-17 Years,78288,2026-05-16,50.3858933333333
New Hampshire,13-17 Years,78288,2026-05-23,50.3988533333333
New Hampshire,13-17 Years,78288,2026-05-30,50.3996177777778
New Hampshire,13-17 Years,78288,2026-06-06,50.4
New Hampshire,13-17 Years,78288,2026-06-13,50.4
New Hampshire,6 Months - 17 Years,247105,2025-08-16,1.80958501632349
New Hampshire,6 Months - 17 Years,247105,2025-08-23,1.80958501632349
New Hampshire,6 Months - 17 Years,247105,2025-08-30,1.80958501632349
New Hampshire,6 Months - 17 Years,247105,2025-09-06,1.80958501632349
New Hampshire,6 Months - 17 Years,247105,2025-09-13,2.94286860228303
New Hampshire,6 Months - 17 Years,247105,2025-09-20,4.41493732333796
New Hampshire,6 Months - 17 Years,247105,2025-09-27,6.34801016174165
New Hampshire,6 Months - 17 Years,247105,2025-10-04,10.7844351864555
New Hampshire,6 Months - 17 Years,247105,2025-10-11,13.5606757221034
New Hampshire,6 Months - 17 Years,247105,2025-10-18,16.8800582735509
New Hampshire,6 Months - 17 Years,247105,2025-10-25,20.6903232891724
New Hampshire,6 Months - 17 Years,247105,2025-11-01,25.1515494665734
New Hampshire,6 Months - 17 Years,247105,2025-11-08,33.7088945193431
New Hampshire,6 Months - 17 Years,247105,2025-11-15,37.4566338064271
New Hampshire,6 Months - 17 Years,247105,2025-11-22,40.8018639727262
New Hampshire,6 Months - 17 Years,247105,2025-11-29,43.6973668554511
New Hampshire,6 Months - 17 Years,247105,2025-12-06,48.7314395165487
New Hampshire,6 Months - 17 Years,247105,2025-12-13,50.5333579498847
New Hampshire,6 Months - 17 Years,247105,2025-12-20,51.7849141827249
New Hampshire,6 Months - 17 Years,247105,2025-12-27,52.6302329667039
New Hampshire,6 Months - 17 Years,247105,2026-01-03,53.5278207135382
New Hampshire,6 Months - 17 Years,247105,2026-01-10,54.8594451397651
New Hampshire,6 Months - 17 Years,247105,2026-01-17,55.4169332060522
New Hampshire,6 Months - 17 Years,247105,2026-01-24,55.9547007030444
New Hampshire,6 Months - 17 Years,247105,2026-01-31,56.3963259444365
New Hampshire,6 Months - 17 Years,247105,2026-02-07,57.3730585313525
New Hampshire,6 Months - 17 Years,247105,2026-02-14,57.8272858594427
New Hampshire,6 Months - 17 Years,247105,2026-02-21,58.2573602071355
New Hampshire,6 Months - 17 Years,247105,2026-02-28,58.6603966246984
New Hampshire,6 Months - 17 Years,247105,2026-03-07,59.416801441199
New Hampshire,6 Months - 17 Years,247105,2026-03-14,59.7577285514765
New Hampshire,6 Months - 17 Years,247105,2026-03-21,60.0704986151122
New Hampshire,6 Months - 17 Years,247105,2026-03-28,60.3487506709399
New Hampshire,6 Months - 17 Years,247105,2026-04-04,60.6188011198752
New Hampshire,6 Months - 17 Years,247105,2026-04-11,61.0093930546176
New Hampshire,6 Months - 17 Years,247105,2026-04-18,61.1033886292526
New Hampshire,6 Months - 17 Years,247105,2026-04-25,61.1475347854539
New Hampshire,6 Months - 17 Years,247105,2026-05-02,61.163524504908
New Hampshire,6 Months - 17 Years,247105,2026-05-09,61.191748212344
New Hampshire,6 Months - 17 Years,247105,2026-05-16,61.1978508849326
New Hampshire,6 Months - 17 Years,247105,2026-05-23,61.1998472705557
New Hampshire,6 Months - 17 Years,247105,2026-05-30,61.1999490901852
New Hampshire,6 Months - 17 Years,247105,2026-06-06,61.2
New Hampshire,6 Months - 17 Years,247105,2026-06-13,61.2
New Hampshire,18-49 Years,538483,2025-08-16,1.13630039274185
New Hampshire,18-49 Years,538483,2025-08-23,1.13630039274185
New Hampshire,18-49 Years,538483,2025-08-30,1.13630039274185
New Hampshire,18-49 Years,538483,2025-09-06,1.13630039274185
New Hampshire,18-49 Years,538483,2025-09-13,1.49029981505731
New Hampshire,18-49 Years,538483,2025-09-20,1.64797438504563
New Hampshire,18-49 Years,538483,2025-09-27,2.27589532171471
New Hampshire,18-49 Years,538483,2025-10-04,4.0628817746059
New Hampshire,18-49 Years,538483,2025-10-11,5.57371187106124
New Hampshire,18-49 Years,538483,2025-10-18,7.8064968307877
New Hampshire,18-49 Years,538483,2025-10-25,10.7498169542947
New Hampshire,18-49 Years,538483,2025-11-01,14.3533610696863
New Hampshire,18-49 Years,538483,2025-11-08,21.3770521189379
New Hampshire,18-49 Years,538483,2025-11-15,24.2075944423648
New Hampshire,18-49 Years,538483,2025-11-22,26.4241395778011
New Hampshire,18-49 Years,538483,2025-11-29,28.1461478008636
New Hampshire,18-49 Years,538483,2025-12-06,31.216969182293
New Hampshire,18-49 Years,538483,2025-12-13,32.4946504913373
New Hampshire,18-49 Years,538483,2025-12-20,33.6099806060307
New Hampshire,18-49 Years,538483,2025-12-27,34.5889585106992
New Hampshire,18-49 Years,538483,2026-01-03,35.6669146270673
New Hampshire,18-49 Years,538483,2026-01-10,37.3463836020447
New Hampshire,18-49 Years,538483,2026-01-17,37.989233447928
New Hampshire,18-49 Years,538483,2026-01-24,38.5451212631491
New Hampshire,18-49 Years,538483,2026-01-31,38.9656125514401
New Hampshire,18-49 Years,538483,2026-02-07,39.9076175665006
New Hampshire,18-49 Years,538483,2026-02-14,40.3792998822391
New Hampshire,18-49 Years,538483,2026-02-21,40.8605177459344
New Hampshire,18-49 Years,538483,2026-02-28,41.3132371680206
New Hampshire,18-49 Years,538483,2026-03-07,42.0664954105117
New Hampshire,18-49 Years,538483,2026-03-14,42.2840968734919
New Hampshire,18-49 Years,538483,2026-03-21,42.3786213241479
New Hampshire,18-49 Years,538483,2026-03-28,42.392873774716
New Hampshire,18-49 Years,538483,2026-04-04,42.4
New Hampshire,18-49 Years,538483,2026-04-11,42.4
New Hampshire,18-49 Years,538483,2026-04-18,42.4
New Hampshire,18-49 Years,538483,2026-04-25,42.4
New Hampshire,18-49 Years,538483,2026-05-02,42.4
New Hampshire,18-49 Years,538483,2026-05-09,42.4
New Hampshire,18-49 Years,538483,2026-05-16,42.4
New Hampshire,18-49 Years,538483,2026-05-23,42.4
New Hampshire,18-49 Years,538483,2026-05-30,42.4
New Hampshire,18-49 Years,538483,2026-06-06,42.4
New Hampshire,18-49 Years,538483,2026-06-13,42.4
New Hampshire,50-64 Years,310221,2025-08-16,1.35296026518284
New Hampshire,50-64 Years,310221,2025-08-23,1.35296026518284
New Hampshire,50-64 Years,310221,2025-08-30,1.35296026518284
New Hampshire,50-64 Years,310221,2025-09-06,1.35296026518284
New Hampshire,50-64 Years,310221,2025-09-13,1.84550662959707
New Hampshire,50-64 Years,310221,2025-09-20,2.18092148835896
New Hampshire,50-64 Years,310221,2025-09-27,3.28418450349535
New Hampshire,50-64 Years,310221,2025-10-04,6.31800242956195
New Hampshire,50-64 Years,310221,2025-10-11,8.65551229914912
New Hampshire,50-64 Years,310221,2025-10-18,11.8454425963616
New Hampshire,50-64 Years,310221,2025-10-25,15.8351179265492
New Hampshire,50-64 Years,310221,2025-11-01,20.6196586559112
New Hampshire,50-64 Years,310221,2025-11-08,29.8160389719138
New Hampshire,50-64 Years,310221,2025-11-15,33.543557629486
New Hampshire,50-64 Years,310221,2025-11-22,36.5229497752313
New Hampshire,50-64 Years,310221,2025-11-29,38.8539612100452
New Hampshire,50-64 Years,310221,2025-12-06,42.8528999393096
New Hampshire,50-64 Years,310221,2025-12-13,44.3114996491805
New Hampshire,50-64 Years,310221,2025-12-20,45.3920048232219
New Hampshire,50-64 Years,310221,2025-12-27,46.1924962425128
New Hampshire,50-64 Years,310221,2026-01-03,47.0535307926305
New Hampshire,50-64 Years,310221,2026-01-10,48.3521700309039
New Hampshire,50-64 Years,310221,2026-01-17,48.8861071519214
New Hampshire,50-64 Years,310221,2026-01-24,49.3882795116096
New Hampshire,50-64 Years,310221,2026-01-31,49.7858498922994
New Hampshire,50-64 Years,310221,2026-02-07,50.6344586369017
New Hampshire,50-64 Years,310221,2026-02-14,50.9895446296861
New Hampshire,50-64 Years,310221,2026-02-21,51.2929330860286
New Hampshire,50-64 Years,310221,2026-02-28,51.5563592617879
New Hampshire,50-64 Years,310221,2026-03-07,52.0525565004304
New Hampshire,50-64 Years,310221,2026-03-14,52.2985316147218
New Hampshire,50-64 Years,310221,2026-03-21,52.5540621059508
New Hampshire,50-64 Years,310221,2026-03-28,52.8057833834307
New Hampshire,50-64 Years,310221,2026-04-04,53.0488185013276
New Hampshire,50-64 Years,310221,2026-04-11,53.4051881705623
New Hampshire,50-64 Years,310221,2026-04-18,53.4789908605828
New Hampshire,50-64 Years,310221,2026-04-25,53.5
New Hampshire,50-64 Years,310221,2026-05-02,53.5
New Hampshire,50-64 Years,310221,2026-05-09,53.5
New Hampshire,50-64 Years,310221,2026-05-16,53.5
New Hampshire,50-64 Years,310221,2026-05-23,53.5
New Hampshire,50-64 Years,310221,2026-05-30,53.5
New Hampshire,50-64 Years,310221,2026-06-06,53.5
New Hampshire,50-64 Years,310221,2026-06-13,53.5
New Hampshire,65+ Years,263129,2025-08-16,1.47601247971323
New Hampshire,65+ Years,263129,2025-08-23,1.47601247971323
New Hampshire,65+ Years,263129,2025-08-30,1.47601247971323
New Hampshire,65+ Years,263129,2025-09-06,1.47601247971323
New Hampshire,65+ Years,263129,2025-09-13,2.51439463686142
New Hampshire,65+ Years,263129,2025-09-20,3.96558980864777
New Hampshire,65+ Years,263129,2025-09-27,6.18697103185285
New Hampshire,65+ Years,263129,2025-10-04,11.5396227015211
New Hampshire,65+ Years,263129,2025-10-11,15.1425631912249
New Hampshire,65+ Years,263129,2025-10-18,19.6831186573323
New Hampshire,65+ Years,263129,2025-10-25,25.054754099049
New Hampshire,65+ Years,263129,2025-11-01,31.3172198392455
New Hampshire,65+ Years,263129,2025-11-08,43.0516751387526
New Hampshire,65+ Years,263129,2025-11-15,47.7023271155091
New Hampshire,65+ Years,263129,2025-11-22,51.4027015098493
New Hampshire,65+ Years,263129,2025-11-29,54.2988686020074
New Hampshire,65+ Years,263129,2025-12-06,59.2854794526479
New Hampshire,65+ Years,263129,2025-12-13,61.1317822754563
New Hampshire,65+ Years,263129,2025-12-20,62.5310311752651
New Hampshire,65+ Years,263129,2025-12-27,63.6003980903656
New Hampshire,65+ Years,263129,2026-01-03,64.7876548729026
New Hampshire,65+ Years,263129,2026-01-10,66.6201173141351
New Hampshire,65+ Years,263129,2026-01-17,67.427713148075
New Hampshire,65+ Years,263129,2026-01-24,68.224266045624
New Hampshire,65+ Years,263129,2026-01-31,68.8808956870689
New Hampshire,65+ Years,263129,2026-02-07,70.2876668754151
New Hampshire,65+ Years,263129,2026-02-14,70.8840598629597
New Hampshire,65+ Years,263129,2026-02-21,71.3936933330578
New Hampshire,65+ Years,263129,2026-02-28,71.8285857147532
New Hampshire,65+ Years,263129,2026-03-07,72.6152834867673
New Hampshire,65+ Years,263129,2026-03-14,72.9505706581867
New Hampshire,65+ Years,263129,2026-03-21,73.2485603057945
New Hampshire,65+ Years,263129,2026-03-28,73.512409759427
New Hampshire,65+ Years,263129,2026-04-04,73.7930158742563
New Hampshire,65+ Years,263129,2026-04-11,74.2216163321589
New Hampshire,65+ Years,263129,2026-04-18,74.3657650885033
New Hampshire,65+ Years,263129,2026-04-25,74.4760332048702
New Hampshire,65+ Years,263129,2026-05-02,74.5541482717118
New Hampshire,65+ Years,263129,2026-05-09,74.7397025084565
New Hampshire,65+ Years,263129,2026-05-16,74.8441022551584
New Hampshire,65+ Years,263129,2026-05-23,74.9652505605178
New Hampshire,65+ Years,263129,2026-05-30,75.1031529535555
New Hampshire,65+ Years,263129,2026-06-06,75.3986337623763
New Hampshire,65+ Years,263129,2026-06-13,75.5609820679546
New Jersey,6 Months - 4 Years,464198,2025-08-16,3.50667694292774
New Jersey,6 Months - 4 Years,464198,2025-08-23,3.50667694292774
New Jersey,6 Months - 4 Years,464198,2025-08-30,3.50667694292774
New Jersey,6 Months - 4 Years,464198,2025-09-06,3.50667694292774
New Jersey,6 Months - 4 Years,464198,2025-09-13,5.8372410467723
New Jersey,6 Months - 4 Years,464198,2025-09-20,8.95191303038092
New Jersey,6 Months - 4 Years,464198,2025-09-27,12.2241532832588
New Jersey,6 Months - 4 Years,464198,2025-10-04,18.9945209517093
New Jersey,6 Months - 4 Years,464198,2025-10-11,22.6381833614925
New Jersey,6 Months - 4 Years,464198,2025-10-18,26.540897067343
New Jersey,6 Months - 4 Years,464198,2025-10-25,30.6373037876776
New Jersey,6 Months - 4 Years,464198,2025-11-01,35.211881741346
New Jersey,6 Months - 4 Years,464198,2025-11-08,43.5426541724094
New Jersey,6 Months - 4 Years,464198,2025-11-15,46.9311206680882
New Jersey,6 Months - 4 Years,464198,2025-11-22,49.834435618492
New Jersey,6 Months - 4 Years,464198,2025-11-29,52.352937666744
New Jersey,6 Months - 4 Years,464198,2025-12-06,57.0891741917714
New Jersey,6 Months - 4 Years,464198,2025-12-13,59.3020659155901
New Jersey,6 Months - 4 Years,464198,2025-12-20,61.4493350650555
New Jersey,6 Months - 4 Years,464198,2025-12-27,63.5185726016887
New Jersey,6 Months - 4 Years,464198,2026-01-03,65.8834868054195
New Jersey,6 Months - 4 Years,464198,2026-01-10,69.6987780031941
New Jersey,6 Months - 4 Years,464198,2026-01-17,71.1980751096789
New Jersey,6 Months - 4 Years,464198,2026-01-24,72.4928530074853
New Jersey,6 Months - 4 Years,464198,2026-01-31,73.4657093592291
New Jersey,6 Months - 4 Years,464198,2026-02-07,75.5857549197139
New Jersey,6 Months - 4 Years,464198,2026-02-14,76.5273531454305
New Jersey,6 Months - 4 Years,464198,2026-02-21,77.3930356101402
New Jersey,6 Months - 4 Years,464198,2026-02-28,78.2022449451556
New Jersey,6 Months - 4 Years,464198,2026-03-07,79.7822288352746
New Jersey,6 Months - 4 Years,464198,2026-03-14,80.6036907153625
New Jersey,6 Months - 4 Years,464198,2026-03-21,81.4794367424198
New Jersey,6 Months - 4 Years,464198,2026-03-28,82.3658231326984
New Jersey,6 Months - 4 Years,464198,2026-04-04,83.2719992279723
New Jersey,6 Months - 4 Years,464198,2026-04-11,84.6568380575321
New Jersey,6 Months - 4 Years,464198,2026-04-18,85.0120276909303
New Jersey,6 Months - 4 Years,464198,2026-04-25,85.1852669542806
New Jersey,6 Months - 4 Years,464198,2026-05-02,85.26030293957
New Jersey,6 Months - 4 Years,464198,2026-05-09,85.4486367028523
New Jersey,6 Months - 4 Years,464198,2026-05-16,85.5735372991707
New Jersey,6 Months - 4 Years,464198,2026-05-23,85.7423482212119
New Jersey,6 Months - 4 Years,464198,2026-05-30,85.9577526886467
New Jersey,6 Months - 4 Years,464198,2026-06-06,86.4474411421377
New Jersey,6 Months - 4 Years,464198,2026-06-13,86.7321985888517
New Jersey,5-12 Years,858060,2025-08-16,5.09475534484803
New Jersey,5-12 Years,858060,2025-08-23,5.09475534484803
New Jersey,5-12 Years,858060,2025-08-30,5.09475534484803
New Jersey,5-12 Years,858060,2025-09-06,5.09475534484803
New Jersey,5-12 Years,858060,2025-09-13,7.58115780271407
New Jersey,5-12 Years,858060,2025-09-20,10.1805945648556
New Jersey,5-12 Years,858060,2025-09-27,12.933689108289
New Jersey,5-12 Years,858060,2025-10-04,18.6571576524108
New Jersey,5-12 Years,858060,2025-10-11,21.7315429814666
New Jersey,5-12 Years,858060,2025-10-18,25.0022938671508
New Jersey,5-12 Years,858060,2025-10-25,28.4419551046475
New Jersey,5-12 Years,858060,2025-11-01,32.3629109192204
New Jersey,5-12 Years,858060,2025-11-08,39.8249765235846
New Jersey,5-12 Years,858060,2025-11-15,43.2950354533148
New Jersey,5-12 Years,858060,2025-11-22,46.6573209642708
New Jersey,5-12 Years,858060,2025-11-29,49.8028312072737
New Jersey,5-12 Years,858060,2025-12-06,55.489757541647
New Jersey,5-12 Years,858060,2025-12-13,57.686451367631
New Jersey,5-12 Years,858060,2025-12-20,59.3347429144489
New Jersey,5-12 Years,858060,2025-12-27,60.5518282841134
New Jersey,5-12 Years,858060,2026-01-03,61.8742808020655
New Jersey,5-12 Years,858060,2026-01-10,63.8865870115728
New Jersey,5-12 Years,858060,2026-01-17,64.7412237991035
New Jersey,5-12 Years,858060,2026-01-24,65.5588048480636
New Jersey,5-12 Years,858060,2026-01-31,66.2040672290968
New Jersey,5-12 Years,858060,2026-02-07,67.5351617825202
New Jersey,5-12 Years,858060,2026-02-14,68.0374315571079
New Jersey,5-12 Years,858060,2026-02-21,68.4158277649033
New Jersey,5-12 Years,858060,2026-02-28,68.7064688323214
New Jersey,5-12 Years,858060,2026-03-07,69.2367464847741
New Jersey,5-12 Years,858060,2026-03-14,69.4815446663872
New Jersey,5-12 Years,858060,2026-03-21,69.7267935123917
New Jersey,5-12 Years,858060,2026-03-28,69.9814062820709
New Jersey,5-12 Years,858060,2026-04-04,70.3457262331597
New Jersey,5-12 Years,858060,2026-04-11,71.0085380398344
New Jersey,5-12 Years,858060,2026-04-18,71.4348868633036
New Jersey,5-12 Years,858060,2026-04-25,71.9543373694094
New Jersey,5-12 Years,858060,2026-05-02,72.465471300484
New Jersey,5-12 Years,858060,2026-05-09,73.5666308007088
New Jersey,5-12 Years,858060,2026-05-16,74.036431036329
New Jersey,5-12 Years,858060,2026-05-23,74.4161356636459
New Jersey,5-12 Years,858060,2026-05-30,74.7172789013409
New Jersey,5-12 Years,858060,2026-06-06,75.2339550275667
New Jersey,5-12 Years,858060,2026-06-13,75.4075277322556
New Jersey,13-17 Years,562512,2025-08-16,2.48830562987935
New Jersey,13-17 Years,562512,2025-08-23,2.48830562987935
New Jersey,13-17 Years,562512,2025-08-30,2.48830562987935
New Jersey,13-17 Years,562512,2025-09-06,2.48830562987935
New Jersey,13-17 Years,562512,2025-09-13,3.92563587712952
New Jersey,13-17 Years,562512,2025-09-20,5.68381978607092
New Jersey,13-17 Years,562512,2025-09-27,7.79946935090411
New Jersey,13-17 Years,562512,2025-10-04,12.491436666144
New Jersey,13-17 Years,562512,2025-10-11,15.3025865673506
New Jersey,13-17 Years,562512,2025-10-18,18.5667984759373
New Jersey,13-17 Years,562512,2025-10-25,22.222877982484
New Jersey,13-17 Years,562512,2025-11-01,26.4337978973016
New Jersey,13-17 Years,562512,2025-11-08,34.3542605910174
New Jersey,13-17 Years,562512,2025-11-15,37.7083214563864
New Jersey,13-17 Years,562512,2025-11-22,40.628382313137
New Jersey,13-17 Years,562512,2025-11-29,43.1134247138151
New Jersey,13-17 Years,562512,2025-12-06,47.4542700495
New Jersey,13-17 Years,562512,2025-12-13,49.0707973819575
New Jersey,13-17 Years,562512,2025-12-20,50.2750971817381
New Jersey,13-17 Years,562512,2025-12-27,51.1569562778727
New Jersey,13-17 Years,562512,2026-01-03,52.0373103198405
New Jersey,13-17 Years,562512,2026-01-10,53.300246724986
New Jersey,13-17 Years,562512,2026-01-17,53.7154979692227
New Jersey,13-17 Years,562512,2026-01-24,54.0375549133361
New Jersey,13-17 Years,562512,2026-01-31,54.246277022701
New Jersey,13-17 Years,562512,2026-02-07,54.6474647123646
New Jersey,13-17 Years,562512,2026-02-14,54.7676930809719
New Jersey,13-17 Years,562512,2026-02-21,54.8374162780426
New Jersey,13-17 Years,562512,2026-02-28,54.8785051207808
New Jersey,13-17 Years,562512,2026-03-07,54.9695168307191
New Jersey,13-17 Years,562512,2026-03-14,55.0874119368958
New Jersey,13-17 Years,562512,2026-03-21,55.3075441585131
New Jersey,13-17 Years,562512,2026-03-28,55.6145153027729
New Jersey,13-17 Years,562512,2026-04-04,55.9511627666191
New Jersey,13-17 Years,562512,2026-04-11,56.5218178641919
New Jersey,13-17 Years,562512,2026-04-18,56.658793910552
New Jersey,13-17 Years,562512,2026-04-25,56.7
New Jersey,13-17 Years,562512,2026-05-02,56.7
New Jersey,13-17 Years,562512,2026-05-09,56.7
New Jersey,13-17 Years,562512,2026-05-16,56.7
New Jersey,13-17 Years,562512,2026-05-23,56.7
New Jersey,13-17 Years,562512,2026-05-30,56.7
New Jersey,13-17 Years,562512,2026-06-06,56.7
New Jersey,13-17 Years,562512,2026-06-13,56.7
New Jersey,6 Months - 17 Years,1884770,2025-08-16,3.84619742839319
New Jersey,6 Months - 17 Years,1884770,2025-08-23,3.84619742839319
New Jersey,6 Months - 17 Years,1884770,2025-08-30,3.84619742839319
New Jersey,6 Months - 17 Years,1884770,2025-09-06,3.84619742839319
New Jersey,6 Months - 17 Years,1884770,2025-09-13,5.94501573593033
New Jersey,6 Months - 17 Years,1884770,2025-09-20,8.38688956852116
New Jersey,6 Months - 17 Years,1884770,2025-09-27,11.0454918164687
New Jersey,6 Months - 17 Years,1884770,2025-10-04,16.6617011012932
New Jersey,6 Months - 17 Years,1884770,2025-10-11,19.7733859614717
New Jersey,6 Months - 17 Years,1884770,2025-10-18,23.1742211018158
New Jersey,6 Months - 17 Years,1884770,2025-10-25,26.8176702081272
New Jersey,6 Months - 17 Years,1884770,2025-11-01,30.965733353125
New Jersey,6 Months - 17 Years,1884770,2025-11-08,38.7558554463146
New Jersey,6 Months - 17 Years,1884770,2025-11-15,42.1750869052197
New Jersey,6 Months - 17 Years,1884770,2025-11-22,45.3045491112498
New Jersey,6 Months - 17 Years,1884770,2025-11-29,48.1144848295712
New Jersey,6 Months - 17 Years,1884770,2025-12-06,53.1963475707345
New Jersey,6 Months - 17 Years,1884770,2025-12-13,55.2302532203164
New Jersey,6 Months - 17 Years,1884770,2025-12-20,56.8599055186767
New Jersey,6 Months - 17 Years,1884770,2025-12-27,58.1601942104001
New Jersey,6 Months - 17 Years,1884770,2026-01-03,59.5661966394586
New Jersey,6 Months - 17 Years,1884770,2026-01-10,61.7134939978992
New Jersey,6 Months - 17 Years,1884770,2026-01-17,62.5576901943899
New Jersey,6 Months - 17 Years,1884770,2026-01-24,63.3126075167872
New Jersey,6 Months - 17 Years,1884770,2026-01-31,63.8841468840424
New Jersey,6 Months - 17 Years,1884770,2026-02-07,65.0878461480298
New Jersey,6 Months - 17 Years,1884770,2026-02-14,65.5702509975752
New Jersey,6 Months - 17 Years,1884770,2026-02-21,65.9674320350161
New Jersey,6 Months - 17 Years,1884770,2026-02-28,66.3067590743624
New Jersey,6 Months - 17 Years,1884770,2026-03-07,66.9631423589629
New Jersey,6 Months - 17 Years,1884770,2026-03-14,67.3133961711238
New Jersey,6 Months - 17 Years,1884770,2026-03-21,67.7070940567878
New Jersey,6 Months - 17 Years,1884770,2026-03-28,68.1379276837603
New Jersey,6 Months - 17 Years,1884770,2026-04-04,68.6645771806315
New Jersey,6 Months - 17 Years,1884770,2026-04-11,69.5595315504846
New Jersey,6 Months - 17 Years,1884770,2026-04-18,69.9362773675146
New Jersey,6 Months - 17 Years,1884770,2026-04-25,70.272389282928
New Jersey,6 Months - 17 Years,1884770,2026-05-02,70.5323315376371
New Jersey,6 Months - 17 Years,1884770,2026-05-09,71.0982285526942
New Jersey,6 Months - 17 Years,1884770,2026-05-16,71.3504820548664
New Jersey,6 Months - 17 Years,1884770,2026-05-23,71.5804841419006
New Jersey,6 Months - 17 Years,1884770,2026-05-30,71.7897241322863
New Jersey,6 Months - 17 Years,1884770,2026-06-06,72.177122374959
New Jersey,6 Months - 17 Years,1884770,2026-06-13,72.341850849747
New Jersey,18-49 Years,3599511,2025-08-16,1.32218753992091
New Jersey,18-49 Years,3599511,2025-08-23,1.32218753992091
New Jersey,18-49 Years,3599511,2025-08-30,1.32218753992091
New Jersey,18-49 Years,3599511,2025-09-06,1.32218753992091
New Jersey,18-49 Years,3599511,2025-09-13,1.95119606076553
New Jersey,18-49 Years,3599511,2025-09-20,2.59727419686135
New Jersey,18-49 Years,3599511,2025-09-27,3.49724146871438
New Jersey,18-49 Years,3599511,2025-10-04,5.60453004799563
New Jersey,18-49 Years,3599511,2025-10-11,6.95148386471615
New Jersey,18-49 Years,3599511,2025-10-18,8.58265821294552
New Jersey,18-49 Years,3599511,2025-10-25,10.4789179363088
New Jersey,18-49 Years,3599511,2025-11-01,12.7271496480342
New Jersey,18-49 Years,3599511,2025-11-08,17.0987559073122
New Jersey,18-49 Years,3599511,2025-11-15,19.0477981157034
New Jersey,18-49 Years,3599511,2025-11-22,20.816044816775
New Jersey,18-49 Years,3599511,2025-11-29,22.4018993437108
New Jersey,18-49 Years,3599511,2025-12-06,25.329697040097
New Jersey,18-49 Years,3599511,2025-12-13,26.5814107446695
New Jersey,18-49 Years,3599511,2025-12-20,27.6657647521093
New Jersey,18-49 Years,3599511,2025-12-27,28.5949137200721
New Jersey,18-49 Years,3599511,2026-01-03,29.5697921984248
New Jersey,18-49 Years,3599511,2026-01-10,31.0441545617053
New Jersey,18-49 Years,3599511,2026-01-17,31.542593592728
New Jersey,18-49 Years,3599511,2026-01-24,31.9250373342593
New Jersey,18-49 Years,3599511,2026-01-31,32.1770876969874
New Jersey,18-49 Years,3599511,2026-02-07,32.6923623672299
New Jersey,18-49 Years,3599511,2026-02-14,32.8829045969259
New Jersey,18-49 Years,3599511,2026-02-21,33.0311080421194
New Jersey,18-49 Years,3599511,2026-02-28,33.1521549047227
New Jersey,18-49 Years,3599511,2026-03-07,33.3837128124077
New Jersey,18-49 Years,3599511,2026-03-14,33.5095883212819
New Jersey,18-49 Years,3599511,2026-03-21,33.6554405973118
New Jersey,18-49 Years,3599511,2026-03-28,33.8179708713711
New Jersey,18-49 Years,3599511,2026-04-04,34.0140547672531
New Jersey,18-49 Years,3599511,2026-04-11,34.3463796360996
New Jersey,18-49 Years,3599511,2026-04-18,34.4825052810363
New Jersey,18-49 Years,3599511,2026-04-25,34.5993430650719
New Jersey,18-49 Years,3599511,2026-05-02,34.6817878201522
New Jersey,18-49 Years,3599511,2026-05-09,34.8435319398699
New Jersey,18-49 Years,3599511,2026-05-16,34.8970263114998
New Jersey,18-49 Years,3599511,2026-05-23,34.9318374700996
New Jersey,18-49 Years,3599511,2026-05-30,34.9538166189635
New Jersey,18-49 Years,3599511,2026-06-06,34.9868248255614
New Jersey,18-49 Years,3599511,2026-06-13,34.9928853008502
New Jersey,50-64 Years,1828985,2025-08-16,0.932714073233758
New Jersey,50-64 Years,1828985,2025-08-23,0.932714073233758
New Jersey,50-64 Years,1828985,2025-08-30,0.932714073233758
New Jersey,50-64 Years,1828985,2025-09-06,0.932714073233758
New Jersey,50-64 Years,1828985,2025-09-13,1.49135797375571
New Jersey,50-64 Years,1828985,2025-09-20,2.19799462415375
New Jersey,50-64 Years,1828985,2025-09-27,3.43919724185064
New Jersey,50-64 Years,1828985,2025-10-04,6.53558180101371
New Jersey,50-64 Years,1828985,2025-10-11,8.71445892430415
New Jersey,50-64 Years,1828985,2025-10-18,11.5413171101224
New Jersey,50-64 Years,1828985,2025-10-25,14.944113174286
New Jersey,50-64 Years,1828985,2025-11-01,18.9180854762624
New Jersey,50-64 Years,1828985,2025-11-08,26.3208589358926
New Jersey,50-64 Years,1828985,2025-11-15,29.1445071584866
New Jersey,50-64 Years,1828985,2025-11-22,31.2781025213997
New Jersey,50-64 Years,1828985,2025-11-29,32.8763685314582
New Jersey,50-64 Years,1828985,2025-12-06,35.6766741207796
New Jersey,50-64 Years,1828985,2025-12-13,36.8095481221493
New Jersey,50-64 Years,1828985,2025-12-20,37.7812064937579
New Jersey,50-64 Years,1828985,2025-12-27,38.623319378822
New Jersey,50-64 Years,1828985,2026-01-03,39.5498867780676
New Jersey,50-64 Years,1828985,2026-01-10,40.9895263942764
New Jersey,50-64 Years,1828985,2026-01-17,41.5465013346993
New Jersey,50-64 Years,1828985,2026-01-24,42.0348323196238
New Jersey,50-64 Years,1828985,2026-01-31,42.4088264436041
New Jersey,50-64 Years,1828985,2026-02-07,43.2413314712629
New Jersey,50-64 Years,1828985,2026-02-14,43.6371531179028
New Jersey,50-64 Years,1828985,2026-02-21,44.0255611014126
New Jersey,50-64 Years,1828985,2026-02-28,44.4029155702883
New Jersey,50-64 Years,1828985,2026-03-07,45.1252237229328
New Jersey,50-64 Years,1828985,2026-03-14,45.4591454089057
New Jersey,50-64 Years,1828985,2026-03-21,45.7704983247322
New Jersey,50-64 Years,1828985,2026-03-28,46.0548054184251
New Jersey,50-64 Years,1828985,2026-04-04,46.3535097263092
New Jersey,50-64 Years,1828985,2026-04-11,46.8098609572859
New Jersey,50-64 Years,1828985,2026-04-18,46.9542663231035
New Jersey,50-64 Years,1828985,2026-04-25,47.0553404651222
New Jersey,50-64 Years,1828985,2026-05-02,47.1183636629793
New Jersey,50-64 Years,1828985,2026-05-09,47.2550078560488
New Jersey,50-64 Years,1828985,2026-05-16,47.3161542093872
New Jersey,50-64 Years,1828985,2026-05-23,47.3749053672999
New Jersey,50-64 Years,1828985,2026-05-30,47.4311637275357
New Jersey,50-64 Years,1828985,2026-06-06,47.5373741448839
New Jersey,50-64 Years,1828985,2026-06-13,47.5845901686519
New Jersey,65+ Years,1510028,2025-08-16,1.35301133325046
New Jersey,65+ Years,1510028,2025-08-23,1.35301133325046
New Jersey,65+ Years,1510028,2025-08-30,1.35301133325046
New Jersey,65+ Years,1510028,2025-09-06,1.35301133325046
New Jersey,65+ Years,1510028,2025-09-13,2.49648608388849
New Jersey,65+ Years,1510028,2025-09-20,4.2393646488907
New Jersey,65+ Years,1510028,2025-09-27,6.65403843896616
New Jersey,65+ Years,1510028,2025-10-04,12.3007798273127
New Jersey,65+ Years,1510028,2025-10-11,15.9886697372428
New Jersey,65+ Years,1510028,2025-10-18,20.5571669270305
New Jersey,65+ Years,1510028,2025-10-25,25.8727475116989
New Jersey,65+ Years,1510028,2025-11-01,31.962430233894
New Jersey,65+ Years,1510028,2025-11-08,43.1019489805523
New Jersey,65+ Years,1510028,2025-11-15,47.2828521763463
New Jersey,65+ Years,1510028,2025-11-22,50.4259746185711
New Jersey,65+ Years,1510028,2025-11-29,52.7422237234124
New Jersey,65+ Years,1510028,2025-12-06,56.6432709990672
New Jersey,65+ Years,1510028,2025-12-13,58.0382404437236
New Jersey,65+ Years,1510028,2025-12-20,59.0706006894654
New Jersey,65+ Years,1510028,2025-12-27,59.8424456503804
New Jersey,65+ Years,1510028,2026-01-03,60.6813395059435
New Jersey,65+ Years,1510028,2026-01-10,61.9535379579248
New Jersey,65+ Years,1510028,2026-01-17,62.4823021859254
New Jersey,65+ Years,1510028,2026-01-24,62.9876254534508
New Jersey,65+ Years,1510028,2026-01-31,63.4083255241073
New Jersey,65+ Years,1510028,2026-02-07,64.3768652311262
New Jersey,65+ Years,1510028,2026-02-14,64.8839427067729
New Jersey,65+ Years,1510028,2026-02-21,65.4181591356207
New Jersey,65+ Years,1510028,2026-02-28,65.9571946335947
New Jersey,65+ Years,1510028,2026-03-07,66.9719185538637
New Jersey,65+ Years,1510028,2026-03-14,67.388020119409
New Jersey,65+ Years,1510028,2026-03-21,67.7142631820534
New Jersey,65+ Years,1510028,2026-03-28,67.9692128153841
New Jersey,65+ Years,1510028,2026-04-04,68.2750608514671
New Jersey,65+ Years,1510028,2026-04-11,68.7716097763008
New Jersey,65+ Years,1510028,2026-04-18,69.0294355079875
New Jersey,65+ Years,1510028,2026-04-25,69.3139151490693
New Jersey,65+ Years,1510028,2026-05-02,69.5786859328694
New Jersey,65+ Years,1510028,2026-05-09,70.1754530587853
New Jersey,65+ Years,1510028,2026-05-16,70.4622588677462
New Jersey,65+ Years,1510028,2026-05-23,70.7342791540073
New Jersey,65+ Years,1510028,2026-05-30,70.9925063377354
New Jersey,65+ Years,1510028,2026-06-06,71.493486621058
New Jersey,65+ Years,1510028,2026-06-13,71.7307224466212
New Mexico,6 Months - 4 Years,107437,2025-08-16,4.97736149509497
New Mexico,6 Months - 4 Years,107437,2025-08-23,4.97736149509497
New Mexico,6 Months - 4 Years,107437,2025-08-30,4.97736149509497
New Mexico,6 Months - 4 Years,107437,2025-09-06,4.97736149509497
New Mexico,6 Months - 4 Years,107437,2025-09-13,6.4655555621379
New Mexico,6 Months - 4 Years,107437,2025-09-20,6.9955779602896
New Mexico,6 Months - 4 Years,107437,2025-09-27,8.11984837735977
New Mexico,6 Months - 4 Years,107437,2025-10-04,11.0308509242602
New Mexico,6 Months - 4 Years,107437,2025-10-11,13.1087589356641
New Mexico,6 Months - 4 Years,107437,2025-10-18,15.8073707759178
New Mexico,6 Months - 4 Years,107437,2025-10-25,19.1109315727067
New Mexico,6 Months - 4 Years,107437,2025-11-01,23.1299548630632
New Mexico,6 Months - 4 Years,107437,2025-11-08,31.1305491622362
New Mexico,6 Months - 4 Years,107437,2025-11-15,34.7793384928358
New Mexico,6 Months - 4 Years,107437,2025-11-22,38.1079134153448
New Mexico,6 Months - 4 Years,107437,2025-11-29,41.0695401877089
New Mexico,6 Months - 4 Years,107437,2025-12-06,46.3913072177182
New Mexico,6 Months - 4 Years,107437,2025-12-13,48.4622626089898
New Mexico,6 Months - 4 Years,107437,2025-12-20,50.054057941316
New Mexico,6 Months - 4 Years,107437,2025-12-27,51.2660064640673
New Mexico,6 Months - 4 Years,107437,2026-01-03,52.5741377988463
New Mexico,6 Months - 4 Years,107437,2026-01-10,54.5606474359873
New Mexico,6 Months - 4 Years,107437,2026-01-17,55.3675963343044
New Mexico,6 Months - 4 Years,107437,2026-01-24,56.1126858366514
New Mexico,6 Months - 4 Years,107437,2026-01-31,56.6882098910318
New Mexico,6 Months - 4 Years,107437,2026-02-07,57.889588694424
New Mexico,6 Months - 4 Years,107437,2026-02-14,58.3592596657952
New Mexico,6 Months - 4 Years,107437,2026-02-21,58.7322919541515
New Mexico,6 Months - 4 Years,107437,2026-02-28,59.0373089167445
New Mexico,6 Months - 4 Years,107437,2026-03-07,59.6141428631618
New Mexico,6 Months - 4 Years,107437,2026-03-14,59.9185066773592
New Mexico,6 Months - 4 Years,107437,2026-03-21,60.2586145597379
New Mexico,6 Months - 4 Years,107437,2026-03-28,60.6165010847066
New Mexico,6 Months - 4 Years,107437,2026-04-04,60.9854000004896
New Mexico,6 Months - 4 Years,107437,2026-04-11,61.554792587957
New Mexico,6 Months - 4 Years,107437,2026-04-18,61.6994598268246
New Mexico,6 Months - 4 Years,107437,2026-04-25,61.7674647451123
New Mexico,6 Months - 4 Years,107437,2026-05-02,61.7967472699112
New Mexico,6 Months - 4 Years,107437,2026-05-09,61.9265948635204
New Mexico,6 Months - 4 Years,107437,2026-05-16,62.1603278219198
New Mexico,6 Months - 4 Years,107437,2026-05-23,62.6421343517669
New Mexico,6 Months - 4 Years,107437,2026-05-30,63.4253152988715
New Mexico,6 Months - 4 Years,107437,2026-06-06,65.4235431589701
New Mexico,6 Months - 4 Years,107437,2026-06-13,66.6654067129505
New Mexico,5-12 Years,214202,2025-08-16,4.09030417762545
New Mexico,5-12 Years,214202,2025-08-23,4.09030417762545
New Mexico,5-12 Years,214202,2025-08-30,4.09030417762545
New Mexico,5-12 Years,214202,2025-09-06,4.09030417762545
New Mexico,5-12 Years,214202,2025-09-13,5.27973658630501
New Mexico,5-12 Years,214202,2025-09-20,5.64251912591855
New Mexico,5-12 Years,214202,2025-09-27,6.70376563380917
New Mexico,5-12 Years,214202,2025-10-04,9.5842002890527
New Mexico,5-12 Years,214202,2025-10-11,11.7758738586056
New Mexico,5-12 Years,214202,2025-10-18,14.7455532538342
New Mexico,5-12 Years,214202,2025-10-25,18.4436087111713
New Mexico,5-12 Years,214202,2025-11-01,22.872614094537
New Mexico,5-12 Years,214202,2025-11-08,31.3971478622066
New Mexico,5-12 Years,214202,2025-11-15,34.8970434921156
New Mexico,5-12 Years,214202,2025-11-22,37.7378329551142
New Mexico,5-12 Years,214202,2025-11-29,39.965651837905
New Mexico,5-12 Years,214202,2025-12-06,43.6668018340486
New Mexico,5-12 Years,214202,2025-12-13,44.8750093342355
New Mexico,5-12 Years,214202,2025-12-20,45.633769071387
New Mexico,5-12 Years,214202,2025-12-27,46.0801143517036
New Mexico,5-12 Years,214202,2026-01-03,46.5160363893774
New Mexico,5-12 Years,214202,2026-01-10,47.1165652420471
New Mexico,5-12 Years,214202,2026-01-17,47.32587345976
New Mexico,5-12 Years,214202,2026-01-24,47.5043450775449
New Mexico,5-12 Years,214202,2026-01-31,47.6409031850115
New Mexico,5-12 Years,214202,2026-02-07,47.9666200018127
New Mexico,5-12 Years,214202,2026-02-14,48.1607198014009
New Mexico,5-12 Years,214202,2026-02-21,48.3897610325387
New Mexico,5-12 Years,214202,2026-02-28,48.6332841867854
New Mexico,5-12 Years,214202,2026-03-07,49.0764141009854
New Mexico,5-12 Years,214202,2026-03-14,49.2308352684741
New Mexico,5-12 Years,214202,2026-03-21,49.3208077066565
New Mexico,5-12 Years,214202,2026-03-28,49.3643248502117
New Mexico,5-12 Years,214202,2026-04-04,49.441740786724
New Mexico,5-12 Years,214202,2026-04-11,49.5981776329761
New Mexico,5-12 Years,214202,2026-04-18,49.8068724266977
New Mexico,5-12 Years,214202,2026-04-25,50.1372994415145
New Mexico,5-12 Years,214202,2026-05-02,50.5000496896638
New Mexico,5-12 Years,214202,2026-05-09,51.2003058395819
New Mexico,5-12 Years,214202,2026-05-16,51.4108639184874
New Mexico,5-12 Years,214202,2026-05-23,51.492796756718
New Mexico,5-12 Years,214202,2026-05-30,51.497598918906
New Mexico,5-12 Years,214202,2026-06-06,51.5
New Mexico,5-12 Years,214202,2026-06-13,51.5
New Mexico,13-17 Years,139564,2025-08-16,0.960441371198636
New Mexico,13-17 Years,139564,2025-08-23,0.960441371198636
New Mexico,13-17 Years,139564,2025-08-30,0.960441371198636
New Mexico,13-17 Years,139564,2025-09-06,0.960441371198636
New Mexico,13-17 Years,139564,2025-09-13,1.48685268436071
New Mexico,13-17 Years,139564,2025-09-20,2.10866020586605
New Mexico,13-17 Years,139564,2025-09-27,3.24872204416178
New Mexico,13-17 Years,139564,2025-10-04,6.11885443128011
New Mexico,13-17 Years,139564,2025-10-11,8.12865740464282
New Mexico,13-17 Years,139564,2025-10-18,10.7164819107526
New Mexico,13-17 Years,139564,2025-10-25,13.8448642724297
New Mexico,13-17 Years,139564,2025-11-01,17.5793820548774
New Mexico,13-17 Years,139564,2025-11-08,24.808237887753
New Mexico,13-17 Years,139564,2025-11-15,27.8906308302458
New Mexico,13-17 Years,139564,2025-11-22,30.5265857770135
New Mexico,13-17 Years,139564,2025-11-29,32.7387707739511
New Mexico,13-17 Years,139564,2025-12-06,36.6363757327048
New Mexico,13-17 Years,139564,2025-12-13,38.1214130951905
New Mexico,13-17 Years,139564,2025-12-20,39.2588446968039
New Mexico,13-17 Years,139564,2025-12-27,40.1292742584449
New Mexico,13-17 Years,139564,2026-01-03,41.0792481219608
New Mexico,13-17 Years,139564,2026-01-10,42.5304845406385
New Mexico,13-17 Years,139564,2026-01-17,43.1332460841215
New Mexico,13-17 Years,139564,2026-01-24,43.7023769733452
New Mexico,13-17 Years,139564,2026-01-31,44.1605832535856
New Mexico,13-17 Years,139564,2026-02-07,45.1710521997461
New Mexico,13-17 Years,139564,2026-02-14,45.6508885617903
New Mexico,13-17 Years,139564,2026-02-21,46.1125250838388
New Mexico,13-17 Years,139564,2026-02-28,46.5272347711065
New Mexico,13-17 Years,139564,2026-03-07,47.206458351319
New Mexico,13-17 Years,139564,2026-03-14,47.398727392618
New Mexico,13-17 Years,139564,2026-03-21,47.4814332256908
New Mexico,13-17 Years,139564,2026-03-28,47.4938110752303
New Mexico,13-17 Years,139564,2026-04-04,47.5027585185185
New Mexico,13-17 Years,139564,2026-04-11,47.5110340740741
New Mexico,13-17 Years,139564,2026-04-18,47.529037037037
New Mexico,13-17 Years,139564,2026-04-25,47.560397037037
New Mexico,13-17 Years,139564,2026-05-02,47.5971288888889
New Mexico,13-17 Years,139564,2026-05-09,47.6685985185185
New Mexico,13-17 Years,139564,2026-05-16,47.6905955555556
New Mexico,13-17 Years,139564,2026-05-23,47.6992355555556
New Mexico,13-17 Years,139564,2026-05-30,47.6997451851852
New Mexico,13-17 Years,139564,2026-06-06,47.7
New Mexico,13-17 Years,139564,2026-06-13,47.7
New Mexico,6 Months - 17 Years,461203,2025-08-16,3.77268569035681
New Mexico,6 Months - 17 Years,461203,2025-08-23,3.77268569035681
New Mexico,6 Months - 17 Years,461203,2025-08-30,3.77268569035681
New Mexico,6 Months - 17 Years,461203,2025-09-06,3.77268569035681
New Mexico,6 Months - 17 Years,461203,2025-09-13,4.85188330540067
New Mexico,6 Months - 17 Years,461203,2025-09-20,5.14757844056256
New Mexico,6 Months - 17 Years,461203,2025-09-27,6.10104462602518
New Mexico,6 Months - 17 Years,461203,2025-10-04,8.71701757873892
New Mexico,6 Months - 17 Years,461203,2025-10-11,10.7142124480947
New Mexico,6 Months - 17 Years,461203,2025-10-18,13.4207370565433
New Mexico,6 Months - 17 Years,461203,2025-10-25,16.8049311814586
New Mexico,6 Months - 17 Years,461203,2025-11-01,20.8980727625227
New Mexico,6 Months - 17 Years,461203,2025-11-08,28.8881264392872
New Mexico,6 Months - 17 Years,461203,2025-11-15,32.2789457031922
New Mexico,6 Months - 17 Years,461203,2025-11-22,35.1306941105853
New Mexico,6 Months - 17 Years,461203,2025-11-29,37.4702425407091
New Mexico,6 Months - 17 Years,461203,2025-12-06,41.5136976214255
New Mexico,6 Months - 17 Years,461203,2025-12-13,42.9797631436271
New Mexico,6 Months - 17 Years,461203,2025-12-20,44.0372526106168
New Mexico,6 Months - 17 Years,461203,2025-12-27,44.789989670538
New Mexico,6 Months - 17 Years,461203,2026-01-03,45.5818045720472
New Mexico,6 Months - 17 Years,461203,2026-01-10,46.7540604286509
New Mexico,6 Months - 17 Years,461203,2026-01-17,47.2136913413472
New Mexico,6 Months - 17 Years,461203,2026-01-24,47.6332185140463
New Mexico,6 Months - 17 Years,461203,2026-01-31,47.9623031432854
New Mexico,6 Months - 17 Years,461203,2026-02-07,48.6903172611934
New Mexico,6 Months - 17 Years,461203,2026-02-14,49.0356387108569
New Mexico,6 Months - 17 Years,461203,2026-02-21,49.3712748488032
New Mexico,6 Months - 17 Years,461203,2026-02-28,49.6842049024715
New Mexico,6 Months - 17 Years,461203,2026-03-07,50.2349621016415
New Mexico,6 Months - 17 Years,461203,2026-03-14,50.429479143567
New Mexico,6 Months - 17 Years,461203,2026-03-21,50.5572399996819
New Mexico,6 Months - 17 Years,461203,2026-03-28,50.6378530182483
New Mexico,6 Months - 17 Years,461203,2026-04-04,50.7437800887892
New Mexico,6 Months - 17 Years,461203,2026-04-11,50.9235458800956
New Mexico,6 Months - 17 Years,461203,2026-04-18,51.0599497165507
New Mexico,6 Months - 17 Years,461203,2026-04-25,51.2475307645818
New Mexico,6 Months - 17 Years,461203,2026-05-02,51.4528413519477
New Mexico,6 Months - 17 Years,461203,2026-05-09,51.9141111570148
New Mexico,6 Months - 17 Years,461203,2026-05-16,52.1310125462976
New Mexico,6 Months - 17 Years,461203,2026-05-23,52.3231475552152
New Mexico,6 Months - 17 Years,461203,2026-05-30,52.4929683337123
New Mexico,6 Months - 17 Years,461203,2026-06-06,52.8121224346517
New Mexico,6 Months - 17 Years,461203,2026-06-13,52.9537705059558
New Mexico,18-49 Years,845538,2025-08-16,0.949077606275063
New Mexico,18-49 Years,845538,2025-08-23,0.949077606275063
New Mexico,18-49 Years,845538,2025-08-30,0.949077606275063
New Mexico,18-49 Years,845538,2025-09-06,0.949077606275063
New Mexico,18-49 Years,845538,2025-09-13,1.35404585244215
New Mexico,18-49 Years,845538,2025-09-20,1.71837074473467
New Mexico,18-49 Years,845538,2025-09-27,2.41714775106228
New Mexico,18-49 Years,845538,2025-10-04,4.19202240424779
New Mexico,18-49 Years,845538,2025-10-11,5.42033280953141
New Mexico,18-49 Years,845538,2025-10-18,6.97984061141861
New Mexico,18-49 Years,845538,2025-10-25,8.87334954235748
New Mexico,18-49 Years,845538,2025-11-01,11.2043468828519
New Mexico,18-49 Years,845538,2025-11-08,15.9899456646123
New Mexico,18-49 Years,845538,2025-11-15,18.4038601626323
New Mexico,18-49 Years,845538,2025-11-22,20.8160071151117
New Mexico,18-49 Years,845538,2025-11-29,23.0800280917404
New Mexico,18-49 Years,845538,2025-12-06,27.0279220846817
New Mexico,18-49 Years,845538,2025-12-13,28.3521271868802
New Mexico,18-49 Years,845538,2025-12-20,29.135196795055
New Mexico,18-49 Years,845538,2025-12-27,29.5341570265189
New Mexico,18-49 Years,845538,2026-01-03,29.9614255168667
New Mexico,18-49 Years,845538,2026-01-10,30.5878436873994
New Mexico,18-49 Years,845538,2026-01-17,30.9210078994331
New Mexico,18-49 Years,845538,2026-01-24,31.3025204416724
New Mexico,18-49 Years,845538,2026-01-31,31.6595344757845
New Mexico,18-49 Years,845538,2026-02-07,32.4416068076143
New Mexico,18-49 Years,845538,2026-02-14,32.7881177113237
New Mexico,18-49 Years,845538,2026-02-21,33.0885032935857
New Mexico,18-49 Years,845538,2026-02-28,33.3506710942985
New Mexico,18-49 Years,845538,2026-03-07,33.8485865573576
New Mexico,18-49 Years,845538,2026-03-14,34.0967926519567
New Mexico,18-49 Years,845538,2026-03-21,34.3536865200405
New Mexico,18-49 Years,845538,2026-03-28,34.6056581881272
New Mexico,18-49 Years,845538,2026-04-04,34.8488185013276
New Mexico,18-49 Years,845538,2026-04-11,35.2051881705623
New Mexico,18-49 Years,845538,2026-04-18,35.2789908605828
New Mexico,18-49 Years,845538,2026-04-25,35.3
New Mexico,18-49 Years,845538,2026-05-02,35.3
New Mexico,18-49 Years,845538,2026-05-09,35.3
New Mexico,18-49 Years,845538,2026-05-16,35.3
New Mexico,18-49 Years,845538,2026-05-23,35.3
New Mexico,18-49 Years,845538,2026-05-30,35.3
New Mexico,18-49 Years,845538,2026-06-06,35.3
New Mexico,18-49 Years,845538,2026-06-13,35.3
New Mexico,50-64 Years,386726,2025-08-16,1.21436339090521
New Mexico,50-64 Years,386726,2025-08-23,1.21436339090521
New Mexico,50-64 Years,386726,2025-08-30,1.21436339090521
New Mexico,50-64 Years,386726,2025-09-06,1.21436339090521
New Mexico,50-64 Years,386726,2025-09-13,1.60776187365542
New Mexico,50-64 Years,386726,2025-09-20,1.80764265370646
New Mexico,50-64 Years,386726,2025-09-27,2.6126441779241
New Mexico,50-64 Years,386726,2025-10-04,4.89220031105918
New Mexico,50-64 Years,386726,2025-10-11,6.75936918319725
New Mexico,50-64 Years,386726,2025-10-18,9.44253896221275
New Mexico,50-64 Years,386726,2025-10-25,12.9244334726268
New Mexico,50-64 Years,386726,2025-11-01,17.1796447398315
New Mexico,50-64 Years,386726,2025-11-08,25.520376380761
New Mexico,50-64 Years,386726,2025-11-15,29.0065436557662
New Mexico,50-64 Years,386726,2025-11-22,31.8611638980529
New Mexico,50-64 Years,386726,2025-11-29,34.12834355349
New Mexico,50-64 Years,386726,2025-12-06,37.9618782241495
New Mexico,50-64 Years,386726,2025-12-13,39.2741374119455
New Mexico,50-64 Years,386726,2025-12-20,40.1533690006917
New Mexico,50-64 Years,386726,2025-12-27,40.7247705757241
New Mexico,50-64 Years,386726,2026-01-03,41.3265074992539
New Mexico,50-64 Years,386726,2026-01-10,42.2107186456618
New Mexico,50-64 Years,386726,2026-01-17,42.5824784345488
New Mexico,50-64 Years,386726,2026-01-24,42.9442837603615
New Mexico,50-64 Years,386726,2026-01-31,43.2438050366082
New Mexico,50-64 Years,386726,2026-02-07,43.9139279779658
New Mexico,50-64 Years,386726,2026-02-14,44.2452007134753
New Mexico,50-64 Years,386726,2026-02-21,44.5745106604107
New Mexico,50-64 Years,386726,2026-02-28,44.8778058955568
New Mexico,50-64 Years,386726,2026-03-07,45.3795837988021
New Mexico,50-64 Years,386726,2026-03-14,45.5235723547664
New Mexico,50-64 Years,386726,2026-03-21,45.5859292137455
New Mexico,50-64 Years,386726,2026-03-28,45.5953097379152
New Mexico,50-64 Years,386726,2026-04-04,45.6220681481482
New Mexico,50-64 Years,386726,2026-04-11,45.6882725925926
New Mexico,50-64 Years,386726,2026-04-18,45.8322962962963
New Mexico,50-64 Years,386726,2026-04-25,46.0831762962963
New Mexico,50-64 Years,386726,2026-05-02,46.3770311111111
New Mexico,50-64 Years,386726,2026-05-09,46.9487881481482
New Mexico,50-64 Years,386726,2026-05-16,47.1247644444444
New Mexico,50-64 Years,386726,2026-05-23,47.1938844444444
New Mexico,50-64 Years,386726,2026-05-30,47.1979614814815
New Mexico,50-64 Years,386726,2026-06-06,47.2
New Mexico,50-64 Years,386726,2026-06-13,47.2
New Mexico,65+ Years,389911,2025-08-16,0.844269345501785
New Mexico,65+ Years,389911,2025-08-23,0.844269345501785
New Mexico,65+ Years,389911,2025-08-30,0.844269345501785
New Mexico,65+ Years,389911,2025-09-06,0.844269345501785
New Mexico,65+ Years,389911,2025-09-13,1.56547724770898
New Mexico,65+ Years,389911,2025-09-20,2.67210591642196
New Mexico,65+ Years,389911,2025-09-27,4.44922355029228
New Mexico,65+ Years,389911,2025-10-04,8.78531439907302
New Mexico,65+ Years,389911,2025-10-11,11.7011096643104
New Mexico,65+ Years,389911,2025-10-18,15.3542539420825
New Mexico,65+ Years,389911,2025-10-25,19.7029185506798
New Mexico,65+ Years,389911,2025-11-01,24.900786105312
New Mexico,65+ Years,389911,2025-11-08,35.0991293338272
New Mexico,65+ Years,389911,2025-11-15,39.7227737090403
New Mexico,65+ Years,389911,2025-11-22,43.9371617470534
New Mexico,65+ Years,389911,2025-11-29,47.5996489028631
New Mexico,65+ Years,389911,2025-12-06,53.7892751193034
New Mexico,65+ Years,389911,2025-12-13,55.7670360602871
New Mexico,65+ Years,389911,2025-12-20,56.8904535359677
New Mexico,65+ Years,389911,2025-12-27,57.4362386045211
New Mexico,65+ Years,389911,2026-01-03,58.0973595537648
New Mexico,65+ Years,389911,2026-01-10,59.1573345675464
New Mexico,65+ Years,389911,2026-01-17,59.9644021555465
New Mexico,65+ Years,389911,2026-01-24,61.0705264855779
New Mexico,65+ Years,389911,2026-01-31,62.2497722997493
New Mexico,65+ Years,389911,2026-02-07,64.7934562192264
New Mexico,65+ Years,389911,2026-02-14,65.8683400446719
New Mexico,65+ Years,389911,2026-02-21,66.7045890700943
New Mexico,65+ Years,389911,2026-02-28,67.3326214687117
New Mexico,65+ Years,389911,2026-03-07,68.402841262506
New Mexico,65+ Years,389911,2026-03-14,68.7944487189162
New Mexico,65+ Years,389911,2026-03-21,69.0881143928886
New Mexico,65+ Years,389911,2026-03-28,69.3154081872003
New Mexico,65+ Years,389911,2026-04-04,69.6098143733889
New Mexico,65+ Years,389911,2026-04-11,70.1064994132879
New Mexico,65+ Years,389911,2026-04-18,70.4196091552284
New Mexico,65+ Years,389911,2026-04-25,70.8219651896987
New Mexico,65+ Years,389911,2026-05-02,71.2704269523928
New Mexico,65+ Years,389911,2026-05-09,72.3866581677836
New Mexico,65+ Years,389911,2026-05-16,73.0664399080784
New Mexico,65+ Years,389911,2026-05-23,73.8587010253175
New Mexico,65+ Years,389911,2026-05-30,74.7736840099061
New Mexico,65+ Years,389911,2026-06-06,76.7886703451458
New Mexico,65+ Years,389911,2026-06-13,77.9294072269647
New York,6 Months - 4 Years,997839,2025-08-16,4.56072884334051
New York,6 Months - 4 Years,997839,2025-08-23,4.56072884334051
New York,6 Months - 4 Years,997839,2025-08-30,4.56072884334051
New York,6 Months - 4 Years,997839,2025-09-06,4.56072884334051
New York,6 Months - 4 Years,997839,2025-09-13,6.97217003163542
New York,6 Months - 4 Years,997839,2025-09-20,9.69682823568256
New York,6 Months - 4 Years,997839,2025-09-27,12.5783099867671
New York,6 Months - 4 Years,997839,2025-10-04,18.5648149514184
New York,6 Months - 4 Years,997839,2025-10-11,21.8222377715394
New York,6 Months - 4 Years,997839,2025-10-18,25.3489842381268
New York,6 Months - 4 Years,997839,2025-10-25,29.072601251011
New York,6 Months - 4 Years,997839,2025-11-01,33.2095528175348
New York,6 Months - 4 Years,997839,2025-11-08,40.6510095547571
New York,6 Months - 4 Years,997839,2025-11-15,43.5554402649902
New York,6 Months - 4 Years,997839,2025-11-22,45.9328674566594
New York,6 Months - 4 Years,997839,2025-11-29,47.9068053173851
New York,6 Months - 4 Years,997839,2025-12-06,51.5723433753476
New York,6 Months - 4 Years,997839,2025-12-13,53.2907534803032
New York,6 Months - 4 Years,997839,2025-12-20,54.9848943896759
New York,6 Months - 4 Years,997839,2025-12-27,56.6191644832203
New York,6 Months - 4 Years,997839,2026-01-03,58.3558620718524
New York,6 Months - 4 Years,997839,2026-01-10,61.0423331234517
New York,6 Months - 4 Years,997839,2026-01-17,61.8802711075204
New York,6 Months - 4 Years,997839,2026-01-24,62.4502697633399
New York,6 Months - 4 Years,997839,2026-01-31,62.8081806105069
New York,6 Months - 4 Years,997839,2026-02-07,63.6550111311207
New York,6 Months - 4 Years,997839,2026-02-14,64.1437924784268
New York,6 Months - 4 Years,997839,2026-02-21,64.7247524458311
New York,6 Months - 4 Years,997839,2026-02-28,65.3749174819437
New York,6 Months - 4 Years,997839,2026-03-07,66.679706971261
New York,6 Months - 4 Years,997839,2026-03-14,67.2854414780653
New York,6 Months - 4 Years,997839,2026-03-21,67.8219551046157
New York,6 Months - 4 Years,997839,2026-03-28,68.2914380284467
New York,6 Months - 4 Years,997839,2026-04-04,68.8328970195318
New York,6 Months - 4 Years,997839,2026-04-11,69.7060914538311
New York,6 Months - 4 Years,997839,2026-04-18,70.0939483771573
New York,6 Months - 4 Years,997839,2026-04-25,70.4611164773048
New York,6 Months - 4 Years,997839,2026-05-02,70.7305818078501
New York,6 Months - 4 Years,997839,2026-05-09,71.2252445193592
New York,6 Months - 4 Years,997839,2026-05-16,71.3509696448467
New York,6 Months - 4 Years,997839,2026-05-23,71.3962399680761
New York,6 Months - 4 Years,997839,2026-05-30,71.3987466560254
New York,6 Months - 4 Years,997839,2026-06-06,71.4
New York,6 Months - 4 Years,997839,2026-06-13,71.4
New York,5-12 Years,1765289,2025-08-16,3.85382189837824
New York,5-12 Years,1765289,2025-08-23,3.85382189837824
New York,5-12 Years,1765289,2025-08-30,3.85382189837824
New York,5-12 Years,1765289,2025-09-06,3.85382189837824
New York,5-12 Years,1765289,2025-09-13,6.14684678693575
New York,5-12 Years,1765289,2025-09-20,8.99479139894745
New York,5-12 Years,1765289,2025-09-27,11.9811254515999
New York,5-12 Years,1765289,2025-10-04,18.1527816297118
New York,5-12 Years,1765289,2025-10-11,21.4722053767736
New York,5-12 Years,1765289,2025-10-18,25.0284541372631
New York,5-12 Years,1765289,2025-10-25,28.7581234629694
New York,5-12 Years,1765289,2025-11-01,32.9103502752765
New York,5-12 Years,1765289,2025-11-08,40.4490729877717
New York,5-12 Years,1765289,2025-11-15,43.5136914344483
New York,5-12 Years,1765289,2025-11-22,46.1351637614567
New York,5-12 Years,1765289,2025-11-29,48.3639391065813
New York,5-12 Years,1765289,2025-12-06,52.3594279050143
New York,5-12 Years,1765289,2025-12-13,53.9868982534424
New York,5-12 Years,1765289,2025-12-20,55.3509827069421
New York,5-12 Years,1765289,2025-12-27,56.4956322641689
New York,5-12 Years,1765289,2026-01-03,57.7267175465936
New York,5-12 Years,1765289,2026-01-10,59.6082373297865
New York,5-12 Years,1765289,2026-01-17,60.3018107720998
New York,5-12 Years,1765289,2026-01-24,60.8866450094648
New York,5-12 Years,1765289,2026-01-31,61.3203476187384
New York,5-12 Years,1765289,2026-02-07,62.2901933985581
New York,5-12 Years,1765289,2026-02-14,62.7638378364797
New York,5-12 Years,1765289,2026-02-21,63.2422059379279
New York,5-12 Years,1765289,2026-02-28,63.7087136687187
New York,5-12 Years,1765289,2026-03-07,64.5692333277245
New York,5-12 Years,1765289,2026-03-14,64.9245241711899
New York,5-12 Years,1765289,2026-03-21,65.2146290500281
New York,5-12 Years,1765289,2026-03-28,65.4431256415368
New York,5-12 Years,1765289,2026-04-04,65.6508233175009
New York,5-12 Years,1765289,2026-04-11,65.9317133020264
New York,5-12 Years,1765289,2026-04-18,65.9852897298776
New York,5-12 Years,1765289,2026-04-25,66.0
New York,5-12 Years,1765289,2026-05-02,66.0
New York,5-12 Years,1765289,2026-05-09,66.0055117592451
New York,5-12 Years,1765289,2026-05-16,66.0250128628351
New York,5-12 Years,1765289,2026-05-23,66.0697293604461
New York,5-12 Years,1765289,2026-05-30,66.1456526093534
New York,5-12 Years,1765289,2026-06-06,66.3426883518017
New York,5-12 Years,1765289,2026-06-13,66.4659083142615
New York,13-17 Years,1114730,2025-08-16,4.10091413522539
New York,13-17 Years,1114730,2025-08-23,4.10091413522539
New York,13-17 Years,1114730,2025-08-30,4.10091413522539
New York,13-17 Years,1114730,2025-09-06,4.10091413522539
New York,13-17 Years,1114730,2025-09-13,6.04104300762077
New York,13-17 Years,1114730,2025-09-20,8.00445903475886
New York,13-17 Years,1114730,2025-09-27,10.1234750318595
New York,13-17 Years,1114730,2025-10-04,14.5780606426504
New York,13-17 Years,1114730,2025-10-11,17.0318266613155
New York,13-17 Years,1114730,2025-10-18,19.7042320649599
New York,13-17 Years,1114730,2025-10-25,22.5547361821912
New York,13-17 Years,1114730,2025-11-01,25.7810898110817
New York,13-17 Years,1114730,2025-11-08,31.7723517964007
New York,13-17 Years,1114730,2025-11-15,34.3169746639033
New York,13-17 Years,1114730,2025-11-22,36.5799096207767
New York,13-17 Years,1114730,2025-11-29,38.5892353105224
New York,13-17 Years,1114730,2025-12-06,42.3194250320146
New York,13-17 Years,1114730,2025-12-13,43.964649094713
New York,13-17 Years,1114730,2025-12-20,45.4528741352409
New York,13-17 Years,1114730,2025-12-27,46.7907361418313
New York,13-17 Years,1114730,2026-01-03,48.2554871618188
New York,13-17 Years,1114730,2026-01-10,50.5438379850466
New York,13-17 Years,1114730,2026-01-17,51.4013318132772
New York,13-17 Years,1114730,2026-01-24,52.1175656616632
New York,13-17 Years,1114730,2026-01-31,52.616610960507
New York,13-17 Years,1114730,2026-02-07,53.6058263031164
New York,13-17 Years,1114730,2026-02-14,53.9381309838146
New York,13-17 Years,1114730,2026-02-21,54.1608238033821
New York,13-17 Years,1114730,2026-02-28,54.3113966772844
New York,13-17 Years,1114730,2026-03-07,54.5750013568215
New York,13-17 Years,1114730,2026-03-14,54.6919361285836
New York,13-17 Years,1114730,2026-03-21,54.8081331273133
New York,13-17 Years,1114730,2026-03-28,54.9281568282884
New York,13-17 Years,1114730,2026-04-04,55.0982926466086
New York,13-17 Years,1114730,2026-04-11,55.4065539710531
New York,13-17 Years,1114730,2026-04-18,55.6049235934881
New York,13-17 Years,1114730,2026-04-25,55.843437820816
New York,13-17 Years,1114730,2026-05-02,56.0671542189788
New York,13-17 Years,1114730,2026-05-09,56.5215854589689
New York,13-17 Years,1114730,2026-05-16,56.6862683040497
New York,13-17 Years,1114730,2026-05-23,56.7942180913891
New York,13-17 Years,1114730,2026-05-30,56.8602911671255
New York,13-17 Years,1114730,2026-06-06,56.9597889049262
New York,13-17 Years,1114730,2026-06-13,56.978061174666
New York,6 Months - 17 Years,3877858,2025-08-16,4.06842065694107
New York,6 Months - 17 Years,3877858,2025-08-23,4.06842065694107
New York,6 Months - 17 Years,3877858,2025-08-30,4.06842065694107
New York,6 Months - 17 Years,3877858,2025-09-06,4.06842065694107
New York,6 Months - 17 Years,3877858,2025-09-13,6.27864223205629
New York,6 Months - 17 Years,3877858,2025-09-20,8.8357033123721
New York,6 Months - 17 Years,3877858,2025-09-27,11.5381334244178
New York,6 Months - 17 Years,3877858,2025-10-04,17.1500401313625
New York,6 Months - 17 Years,3877858,2025-10-11,20.1910667348711
New York,6 Months - 17 Years,3877858,2025-10-18,23.4672316978869
New York,6 Months - 17 Years,3877858,2025-10-25,26.9207306611648
New York,6 Months - 17 Years,3877858,2025-11-01,30.7797449127253
New York,6 Months - 17 Years,3877858,2025-11-08,37.8130997393591
New York,6 Months - 17 Years,3877858,2025-11-15,40.681615407965
New York,6 Months - 17 Years,3877858,2025-11-22,43.1402683825623
New York,6 Months - 17 Years,3877858,2025-11-29,45.2481368727703
New York,6 Months - 17 Years,3877858,2025-12-06,49.0967638428972
New York,6 Months - 17 Years,3877858,2025-12-13,50.7536356984188
New York,6 Months - 17 Years,3877858,2025-12-20,52.2307093056948
New York,6 Months - 17 Years,3877858,2025-12-27,53.5419330427769
New York,6 Months - 17 Years,3877858,2026-01-03,54.9539111731048
New York,6 Months - 17 Years,3877858,2026-01-10,57.1302013853567
New York,6 Months - 17 Years,3877858,2026-01-17,57.9006982123982
New York,6 Months - 17 Years,3877858,2026-01-24,58.517117380562
New York,6 Months - 17 Years,3877858,2026-01-31,58.9509943447451
New York,6 Months - 17 Years,3877858,2026-02-07,59.9024671407163
New York,6 Months - 17 Years,3877858,2026-02-14,60.3416534122673
New York,6 Months - 17 Years,3877858,2026-02-21,60.7669721787305
New York,6 Months - 17 Years,3877858,2026-02-28,61.1720362101447
New York,6 Months - 17 Years,3877858,2026-03-07,61.9213445051872
New York,6 Months - 17 Years,3877858,2026-03-14,62.2342893175139
New York,6 Months - 17 Years,3877858,2026-03-21,62.4955966786402
New York,6 Months - 17 Years,3877858,2026-03-28,62.7142481789121
New York,6 Months - 17 Years,3877858,2026-04-04,62.9626464498903
New York,6 Months - 17 Years,3877858,2026-04-11,63.3557824470277
New York,6 Months - 17 Years,3877858,2026-04-18,63.5269766130444
New York,6 Months - 17 Years,3877858,2026-04-25,63.6911579774584
New York,6 Months - 17 Years,3877858,2026-05-02,63.8224344346148
New York,6 Months - 17 Years,3877858,2026-05-09,64.1001901926921
New York,6 Months - 17 Years,3877858,2026-05-16,64.2151150308751
New York,6 Months - 17 Years,3877858,2026-05-23,64.311454911461
New York,6 Months - 17 Years,3877858,2026-05-30,64.391436174076
New York,6 Months - 17 Years,3877858,2026-06-06,64.5290546740178
New York,6 Months - 17 Years,3877858,2026-06-13,64.5753407286015
New York,18-49 Years,8119092,2025-08-16,1.10711394541962
New York,18-49 Years,8119092,2025-08-23,1.10711394541962
New York,18-49 Years,8119092,2025-08-30,1.10711394541962
New York,18-49 Years,8119092,2025-09-06,1.10711394541962
New York,18-49 Years,8119092,2025-09-13,1.66126263782088
New York,18-49 Years,8119092,2025-09-20,2.26198692298581
New York,18-49 Years,8119092,2025-09-27,3.122524637525
New York,18-49 Years,8119092,2025-10-04,5.15570664817069
New York,18-49 Years,8119092,2025-10-11,6.47888823191868
New York,18-49 Years,8119092,2025-10-18,8.10473617207295
New York,18-49 Years,8119092,2025-10-25,10.0060671807524
New York,18-49 Years,8119092,2025-11-01,12.2431053426522
New York,18-49 Years,8119092,2025-11-08,16.5211551758057
New York,18-49 Years,8119092,2025-11-15,18.3318959764068
New York,18-49 Years,8119092,2025-11-22,19.8870613726434
New York,18-49 Years,8119092,2025-11-29,21.2129353409139
New York,18-49 Years,8119092,2025-12-06,23.6153573142724
New York,18-49 Years,8119092,2025-12-13,24.6110003356525
New York,18-49 Years,8119092,2025-12-20,25.4555844014453
New York,18-49 Years,8119092,2025-12-27,26.175121197253
New York,18-49 Years,8119092,2026-01-03,26.976515786245
New York,18-49 Years,8119092,2026-01-10,28.2304984256938
New York,18-49 Years,8119092,2026-01-17,28.7376427741755
New York,18-49 Years,8119092,2026-01-24,29.198576065509
New York,18-49 Years,8119092,2026-01-31,29.5601656704504
New York,18-49 Years,8119092,2026-02-07,30.3553226023221
New York,18-49 Years,8119092,2026-02-14,30.7193114239241
New York,18-49 Years,8119092,2026-02-21,31.0613406163605
New York,18-49 Years,8119092,2026-02-28,31.3819321066801
New York,18-49 Years,8119092,2026-03-07,31.9888876743565
New York,18-49 Years,8119092,2026-03-14,32.267758218931
New York,18-49 Years,8119092,2026-03-21,32.5291839539984
New York,18-49 Years,8119092,2026-03-28,32.7702330978108
New York,18-49 Years,8119092,2026-04-04,33.0267376199689
New York,18-49 Years,8119092,2026-04-11,33.4215250242079
New York,18-49 Years,8119092,2026-04-18,33.5487351104645
New York,18-49 Years,8119092,2026-04-25,33.6400797622832
New York,18-49 Years,8119092,2026-05-02,33.7019786598865
New York,18-49 Years,8119092,2026-05-09,33.8529958354634
New York,18-49 Years,8119092,2026-05-16,33.9443504401766
New York,18-49 Years,8119092,2026-05-23,34.0572830557772
New York,18-49 Years,8119092,2026-05-30,34.1925437842418
New York,18-49 Years,8119092,2026-06-06,34.4909141252068
New York,18-49 Years,8119092,2026-06-13,34.6599121817725
New York,50-64 Years,3834831,2025-08-16,1.26094427167008
New York,50-64 Years,3834831,2025-08-23,1.26094427167008
New York,50-64 Years,3834831,2025-08-30,1.26094427167008
New York,50-64 Years,3834831,2025-09-06,1.26094427167008
New York,50-64 Years,3834831,2025-09-13,1.96675431265583
New York,50-64 Years,3834831,2025-09-20,2.81409320596936
New York,50-64 Years,3834831,2025-09-27,4.18654362864128
New York,50-64 Years,3834831,2025-10-04,7.54378607100086
New York,50-64 Years,3834831,2025-10-11,9.84347804497577
New York,50-64 Years,3834831,2025-10-18,12.773673059828
New York,50-64 Years,3834831,2025-10-25,16.2674288860236
New York,50-64 Years,3834831,2025-11-01,20.3560037009212
New York,50-64 Years,3834831,2025-11-08,28.0305487983859
New York,50-64 Years,3834831,2025-11-15,31.0507666393298
New York,50-64 Years,3834831,2025-11-22,33.4283989166488
New York,50-64 Years,3834831,2025-11-29,35.2920272118794
New York,50-64 Years,3834831,2025-12-06,38.6037476344676
New York,50-64 Years,3834831,2025-12-13,39.9606461231133
New York,50-64 Years,3834831,2025-12-20,41.1252116493692
New York,50-64 Years,3834831,2025-12-27,42.1401767834648
New York,50-64 Years,3834831,2026-01-03,43.3135911235962
New York,50-64 Years,3834831,2026-01-10,45.193707725008
New York,50-64 Years,3834831,2026-01-17,46.0297387944043
New York,50-64 Years,3834831,2026-01-24,46.8454087100586
New York,50-64 Years,3834831,2026-01-31,47.5171025112787
New York,50-64 Years,3834831,2026-02-07,48.966678603638
New York,50-64 Years,3834831,2026-02-14,49.5947981023631
New York,50-64 Years,3834831,2026-02-21,50.1433528120914
New York,50-64 Years,3834831,2026-02-28,50.6193218049943
New York,50-64 Years,3834831,2026-03-07,51.4778838848292
New York,50-64 Years,3834831,2026-03-14,51.8298453824589
New York,50-64 Years,3834831,2026-03-21,52.1256878588054
New York,50-64 Years,3834831,2026-03-28,52.3781036709893
New York,50-64 Years,3834831,2026-04-04,52.6792223854657
New York,50-64 Years,3834831,2026-04-11,53.1714319225428
New York,50-64 Years,3834831,2026-04-18,53.4195417561633
New York,50-64 Years,3834831,2026-04-25,53.6778409843401
New York,50-64 Years,3834831,2026-05-02,53.8824066666667
New York,50-64 Years,3834831,2026-05-09,54.2612008053691
New York,50-64 Years,3834831,2026-05-16,54.3605769127517
New York,50-64 Years,3834831,2026-05-23,54.3969417449664
New York,50-64 Years,3834831,2026-05-30,54.3989805816555
New York,50-64 Years,3834831,2026-06-06,54.4
New York,50-64 Years,3834831,2026-06-13,54.4
New York,65+ Years,3369569,2025-08-16,1.67842780087603
New York,65+ Years,3369569,2025-08-23,1.67842780087603
New York,65+ Years,3369569,2025-08-30,1.67842780087603
New York,65+ Years,3369569,2025-09-06,1.67842780087603
New York,65+ Years,3369569,2025-09-13,2.92836937511142
New York,65+ Years,3369569,2025-09-20,4.72418810109702
New York,65+ Years,3369569,2025-09-27,7.11963259426254
New York,65+ Years,3369569,2025-10-04,12.6491994311856
New York,65+ Years,3369569,2025-10-11,16.1775209783335
New York,65+ Years,3369569,2025-10-18,20.4715099640407
New York,65+ Years,3369569,2025-10-25,25.4250453933974
New York,65+ Years,3369569,2025-11-01,31.1323669756385
New York,65+ Years,3369569,2025-11-08,41.7177080011693
New York,65+ Years,3369569,2025-11-15,45.8878256774634
New York,65+ Years,3369569,2025-11-22,49.2162022048594
New York,65+ Years,3369569,2025-11-29,51.8379374238328
New York,65+ Years,3369569,2025-12-06,56.3772892701986
New York,65+ Years,3369569,2025-12-13,58.0839017701227
New York,65+ Years,3369569,2025-12-20,59.4019194430265
New York,65+ Years,3369569,2025-12-27,60.4331274296402
New York,65+ Years,3369569,2026-01-03,61.6034414044675
New York,65+ Years,3369569,2026-01-10,63.4384745751342
New York,65+ Years,3369569,2026-01-17,64.2829659605628
New York,65+ Years,3369569,2026-01-24,65.1395698517721
New York,65+ Years,3369569,2026-01-31,65.8632853311569
New York,65+ Years,3369569,2026-02-07,67.4193089667889
New York,65+ Years,3369569,2026-02-14,68.0883262142288
New York,65+ Years,3369569,2026-02-21,68.6636976122673
New York,65+ Years,3369569,2026-02-28,69.1497948346887
New York,65+ Years,3369569,2026-03-07,69.9976465209846
New York,65+ Years,3369569,2026-03-14,70.312433393253
New York,65+ Years,3369569,2026-03-21,70.5465016390344
New York,65+ Years,3369569,2026-03-28,70.7230102801355
New York,65+ Years,3369569,2026-04-04,70.9381660973062
New York,65+ Years,3369569,2026-04-11,71.2885858603113
New York,65+ Years,3369569,2026-04-18,71.4829707408684
New York,65+ Years,3369569,2026-04-25,71.7113199276512
New York,65+ Years,3369569,2026-05-02,71.9425095140363
New York,65+ Years,3369569,2026-05-09,72.4938582123247
New York,65+ Years,3369569,2026-05-16,72.7972943575473
New York,65+ Years,3369569,2026-05-23,73.1230109754968
New York,65+ Years,3369569,2026-05-30,73.4722365150942
New York,65+ Years,3369569,2026-06-06,74.2073430342806
New York,65+ Years,3369569,2026-06-13,74.6033479381008
North Carolina,6 Months - 4 Years,547666,2025-08-16,5.77600551950829
North Carolina,6 Months - 4 Years,547666,2025-08-23,5.77600551950829
North Carolina,6 Months - 4 Years,547666,2025-08-30,5.77600551950829
North Carolina,6 Months - 4 Years,547666,2025-09-06,5.77600551950829
North Carolina,6 Months - 4 Years,547666,2025-09-13,8.23077170413543
North Carolina,6 Months - 4 Years,547666,2025-09-20,10.3996261169039
North Carolina,6 Months - 4 Years,547666,2025-09-27,12.735142025807
North Carolina,6 Months - 4 Years,547666,2025-10-04,17.639251641617
North Carolina,6 Months - 4 Years,547666,2025-10-11,20.3555212612695
North Carolina,6 Months - 4 Years,547666,2025-10-18,23.337332288036
North Carolina,6 Months - 4 Years,547666,2025-10-25,26.5210410496816
North Carolina,6 Months - 4 Years,547666,2025-11-01,30.0762733461623
North Carolina,6 Months - 4 Years,547666,2025-11-08,36.4997735651389
North Carolina,6 Months - 4 Years,547666,2025-11-15,39.0090725268183
North Carolina,6 Months - 4 Years,547666,2025-11-22,41.0563323360427
North Carolina,6 Months - 4 Years,547666,2025-11-29,42.7530046192418
North Carolina,6 Months - 4 Years,547666,2025-12-06,45.9200432002772
North Carolina,6 Months - 4 Years,547666,2025-12-13,47.4405933372343
North Carolina,6 Months - 4 Years,547666,2025-12-20,48.9757152607406
North Carolina,6 Months - 4 Years,547666,2025-12-27,50.4743654266126
North Carolina,6 Months - 4 Years,547666,2026-01-03,52.016694919524
North Carolina,6 Months - 4 Years,547666,2026-01-10,54.363392780807
North Carolina,6 Months - 4 Years,547666,2026-01-17,55.0111658099288
North Carolina,6 Months - 4 Years,547666,2026-01-24,55.3806420643152
North Carolina,6 Months - 4 Years,547666,2026-01-31,55.5723116949509
North Carolina,6 Months - 4 Years,547666,2026-02-07,56.0176505113912
North Carolina,6 Months - 4 Years,547666,2026-02-14,56.2580238451721
North Carolina,6 Months - 4 Years,547666,2026-02-21,56.538145538156
North Carolina,6 Months - 4 Years,547666,2026-02-28,56.8639700104455
North Carolina,6 Months - 4 Years,547666,2026-03-07,57.5905775560031
North Carolina,6 Months - 4 Years,547666,2026-03-14,58.0693026778794
North Carolina,6 Months - 4 Years,547666,2026-03-21,58.667133855492
North Carolina,6 Months - 4 Years,547666,2026-03-28,59.3466088086195
North Carolina,6 Months - 4 Years,547666,2026-04-04,60.0902520846975
North Carolina,6 Months - 4 Years,547666,2026-04-11,61.3011815311152
North Carolina,6 Months - 4 Years,547666,2026-04-18,61.6560625245123
North Carolina,6 Months - 4 Years,547666,2026-04-25,61.8567087923612
North Carolina,6 Months - 4 Years,547666,2026-05-02,61.9515806403445
North Carolina,6 Months - 4 Years,547666,2026-05-09,62.1409280062602
North Carolina,6 Months - 4 Years,547666,2026-05-16,62.2088256784954
North Carolina,6 Months - 4 Years,547666,2026-05-23,62.262755550736
North Carolina,6 Months - 4 Years,547666,2026-05-30,62.305384805898
North Carolina,6 Months - 4 Years,547666,2026-06-06,62.3718189755914
North Carolina,6 Months - 4 Years,547666,2026-06-13,62.3841825056716
North Carolina,5-12 Years,1028164,2025-08-16,3.57153342702182
North Carolina,5-12 Years,1028164,2025-08-23,3.57153342702182
North Carolina,5-12 Years,1028164,2025-08-30,3.57153342702182
North Carolina,5-12 Years,1028164,2025-09-06,3.57153342702182
North Carolina,5-12 Years,1028164,2025-09-13,4.98633638035808
North Carolina,5-12 Years,1028164,2025-09-20,6.11646199169696
North Carolina,5-12 Years,1028164,2025-09-27,7.71581810250724
North Carolina,5-12 Years,1028164,2025-10-04,11.4804456111129
North Carolina,5-12 Years,1028164,2025-10-11,13.9242625934363
North Carolina,5-12 Years,1028164,2025-10-18,16.9243378870925
North Carolina,5-12 Years,1028164,2025-10-25,20.4253546073682
North Carolina,5-12 Years,1028164,2025-11-01,24.5276681266448
North Carolina,5-12 Years,1028164,2025-11-08,32.3314507957076
North Carolina,5-12 Years,1028164,2025-11-15,35.6021105739299
North Carolina,5-12 Years,1028164,2025-11-22,38.38222575512
North Carolina,5-12 Years,1028164,2025-11-29,40.7102467409322
North Carolina,5-12 Years,1028164,2025-12-06,44.8295523041049
North Carolina,5-12 Years,1028164,2025-12-13,46.4443846420263
North Carolina,5-12 Years,1028164,2025-12-20,47.7359882340243
North Carolina,5-12 Years,1028164,2025-12-27,48.7614012345991
North Carolina,5-12 Years,1028164,2026-01-03,49.80522879694
North Carolina,5-12 Years,1028164,2026-01-10,51.3354076200198
North Carolina,5-12 Years,1028164,2026-01-17,51.8308689944497
North Carolina,5-12 Years,1028164,2026-01-24,52.2038892574005
North Carolina,5-12 Years,1028164,2026-01-31,52.4511219779133
North Carolina,5-12 Years,1028164,2026-02-07,52.9813132972832
North Carolina,5-12 Years,1028164,2026-02-14,53.2084632118178
North Carolina,5-12 Years,1028164,2026-02-21,53.4168780216048
North Carolina,5-12 Years,1028164,2026-02-28,53.6133087212371
North Carolina,5-12 Years,1028164,2026-03-07,53.997956370402
North Carolina,5-12 Years,1028164,2026-03-14,54.1948767822356
North Carolina,5-12 Years,1028164,2026-03-21,54.4030984153118
North Carolina,5-12 Years,1028164,2026-03-28,54.620601403768
North Carolina,5-12 Years,1028164,2026-04-04,54.8879422370229
North Carolina,5-12 Years,1028164,2026-04-11,55.3414847518776
North Carolina,5-12 Years,1028164,2026-04-18,55.5449765645416
North Carolina,5-12 Years,1028164,2026-04-25,55.7365309359772
North Carolina,5-12 Years,1028164,2026-05-02,55.885490812068
North Carolina,5-12 Years,1028164,2026-05-09,56.1905389345155
North Carolina,5-12 Years,1028164,2026-05-16,56.3060911865602
North Carolina,5-12 Years,1028164,2026-05-23,56.3934908693684
North Carolina,5-12 Years,1028164,2026-05-30,56.4578630566019
North Carolina,5-12 Years,1028164,2026-06-06,56.5577284633871
North Carolina,5-12 Years,1028164,2026-06-13,56.5762737585074
North Carolina,13-17 Years,671392,2025-08-16,4.38039067740926
North Carolina,13-17 Years,671392,2025-08-23,4.38039067740926
North Carolina,13-17 Years,671392,2025-08-30,4.38039067740926
North Carolina,13-17 Years,671392,2025-09-06,4.38039067740926
North Carolina,13-17 Years,671392,2025-09-13,6.23919907394084
North Carolina,13-17 Years,671392,2025-09-20,7.8773110111555
North Carolina,13-17 Years,671392,2025-09-27,9.63042275605422
North Carolina,13-17 Years,671392,2025-10-04,13.2978781509673
North Carolina,13-17 Years,671392,2025-10-11,15.2979213437025
North Carolina,13-17 Years,671392,2025-10-18,17.456894426333
North Carolina,13-17 Years,671392,2025-10-25,19.7465432689613
North Carolina,13-17 Years,671392,2025-11-01,22.3416366184853
North Carolina,13-17 Years,671392,2025-11-08,27.1998182190247
North Carolina,13-17 Years,671392,2025-11-15,29.3370895621153
North Carolina,13-17 Years,671392,2025-11-22,31.3028052036422
North Carolina,13-17 Years,671392,2025-11-29,33.0702039159372
North Carolina,13-17 Years,671392,2025-12-06,36.248615192059
North Carolina,13-17 Years,671392,2025-12-13,37.5066247725122
North Carolina,13-17 Years,671392,2025-12-20,38.5028274989516
North Carolina,13-17 Years,671392,2025-12-27,39.2797539472011
North Carolina,13-17 Years,671392,2026-01-03,40.0613909382491
North Carolina,13-17 Years,671392,2026-01-10,41.19633488113
North Carolina,13-17 Years,671392,2026-01-17,41.5508965828411
North Carolina,13-17 Years,671392,2026-01-24,41.8085976206433
North Carolina,13-17 Years,671392,2026-01-31,41.9764198465465
North Carolina,13-17 Years,671392,2026-02-07,42.351201977432
North Carolina,13-17 Years,671392,2026-02-14,42.5403801266308
North Carolina,13-17 Years,671392,2026-02-21,42.7399882338021
North Carolina,13-17 Years,671392,2026-02-28,42.9329333226425
North Carolina,13-17 Years,671392,2026-03-07,43.2559069261363
North Carolina,13-17 Years,671392,2026-03-14,43.3498180035477
North Carolina,13-17 Years,671392,2026-03-21,43.3907277259109
North Carolina,13-17 Years,671392,2026-03-28,43.3969092419703
North Carolina,13-17 Years,671392,2026-04-04,43.4110788288201
North Carolina,13-17 Years,671392,2026-04-11,43.4443153152803
North Carolina,13-17 Years,671392,2026-04-18,43.5179018408878
North Carolina,13-17 Years,671392,2026-04-25,43.6496222873597
North Carolina,13-17 Years,671392,2026-05-02,43.8125367213433
North Carolina,13-17 Years,671392,2026-05-09,44.1517208188994
North Carolina,13-17 Years,671392,2026-05-16,44.2810832507142
North Carolina,13-17 Years,671392,2026-05-23,44.36209008268
North Carolina,13-17 Years,671392,2026-05-30,44.4067523894569
North Carolina,13-17 Years,671392,2026-06-06,44.4733172936946
North Carolina,13-17 Years,671392,2026-06-13,44.4854822843538
North Carolina,6 Months - 17 Years,2247222,2025-08-16,4.29162425482689
North Carolina,6 Months - 17 Years,2247222,2025-08-23,4.29162425482689
North Carolina,6 Months - 17 Years,2247222,2025-08-30,4.29162425482689
North Carolina,6 Months - 17 Years,2247222,2025-09-06,4.29162425482689
North Carolina,6 Months - 17 Years,2247222,2025-09-13,6.07743244162923
North Carolina,6 Months - 17 Years,2247222,2025-09-20,7.61371908962407
North Carolina,6 Months - 17 Years,2247222,2025-09-27,9.42369689545351
North Carolina,6 Months - 17 Years,2247222,2025-10-04,13.4006403325593
North Carolina,6 Months - 17 Years,2247222,2025-10-11,15.7515703014498
North Carolina,6 Months - 17 Years,2247222,2025-10-18,18.4549568666126
North Carolina,6 Months - 17 Years,2247222,2025-10-25,21.4603303717402
North Carolina,6 Months - 17 Years,2247222,2025-11-01,24.9103525526045
North Carolina,6 Months - 17 Years,2247222,2025-11-08,31.3701521611356
North Carolina,6 Months - 17 Years,2247222,2025-11-15,34.0761749870563
North Carolina,6 Months - 17 Years,2247222,2025-11-22,36.4149371719922
North Carolina,6 Months - 17 Years,2247222,2025-11-29,38.4189789890512
North Carolina,6 Months - 17 Years,2247222,2025-12-06,42.0349365449363
North Carolina,6 Months - 17 Years,2247222,2025-12-13,43.5328624067595
North Carolina,6 Months - 17 Years,2247222,2025-12-20,44.8081948305285
North Carolina,6 Months - 17 Years,2247222,2025-12-27,45.8830020490184
North Carolina,6 Months - 17 Years,2247222,2026-01-03,46.9762099242345
North Carolina,6 Months - 17 Years,2247222,2026-01-10,48.5904470055029
North Carolina,6 Months - 17 Years,2247222,2026-01-17,49.082244025505
North Carolina,6 Months - 17 Years,2247222,2026-01-24,49.422795556828
North Carolina,6 Months - 17 Years,2247222,2026-01-31,49.6353805648567
North Carolina,6 Months - 17 Years,2247222,2026-02-07,50.1060602559513
North Carolina,6 Months - 17 Years,2247222,2026-02-14,50.3282026500906
North Carolina,6 Months - 17 Years,2247222,2026-02-21,50.5538357928347
North Carolina,6 Months - 17 Years,2247222,2026-02-28,50.7846119309449
North Carolina,6 Months - 17 Years,2247222,2026-03-07,51.2491050288754
North Carolina,6 Months - 17 Years,2247222,2026-03-14,51.4910760700089
North Carolina,6 Months - 17 Years,2247222,2026-03-21,51.7446961483782
North Carolina,6 Months - 17 Years,2247222,2026-03-28,52.0047754468634
North Carolina,6 Months - 17 Years,2247222,2026-04-04,52.3114358742275
North Carolina,6 Months - 17 Years,2247222,2026-04-11,52.8201947577292
North Carolina,6 Months - 17 Years,2247222,2026-04-18,53.0269577538814
North Carolina,6 Months - 17 Years,2247222,2026-04-25,53.206414654607
North Carolina,6 Months - 17 Years,2247222,2026-05-02,53.3372197947398
North Carolina,6 Months - 17 Years,2247222,2026-05-09,53.6061301277874
North Carolina,6 Months - 17 Years,2247222,2026-05-16,53.7096239071974
North Carolina,6 Months - 17 Years,2247222,2026-05-23,53.7912385209418
North Carolina,6 Months - 17 Years,2247222,2026-05-30,53.8544174304227
North Carolina,6 Months - 17 Years,2247222,2026-06-06,53.9550512382051
North Carolina,6 Months - 17 Years,2247222,2026-06-13,53.9774175589881
North Carolina,18-49 Years,4326851,2025-08-16,1.05076714137114
North Carolina,18-49 Years,4326851,2025-08-23,1.05076714137114
North Carolina,18-49 Years,4326851,2025-08-30,1.05076714137114
North Carolina,18-49 Years,4326851,2025-09-06,1.05076714137114
North Carolina,18-49 Years,4326851,2025-09-13,1.36078439276069
North Carolina,18-49 Years,4326851,2025-09-20,1.46886956297973
North Carolina,18-49 Years,4326851,2025-09-27,1.89461912544737
North Carolina,18-49 Years,4326851,2025-10-04,3.11164039514576
North Carolina,18-49 Years,4326851,2025-10-11,4.15515029402419
North Carolina,18-49 Years,4326851,2025-10-18,5.72211541990049
North Carolina,18-49 Years,4326851,2025-10-25,7.82622681816849
North Carolina,18-49 Years,4326851,2025-11-01,10.4595846871834
North Carolina,18-49 Years,4326851,2025-11-08,15.7684387262185
North Carolina,18-49 Years,4326851,2025-11-15,18.1138622281924
North Carolina,18-49 Years,4326851,2025-11-22,20.1379078911657
North Carolina,18-49 Years,4326851,2025-11-29,21.8293138521576
North Carolina,18-49 Years,4326851,2025-12-06,24.7419304923168
North Carolina,18-49 Years,4326851,2025-12-13,25.7578175869578
North Carolina,18-49 Years,4326851,2025-12-20,26.4383116111391
North Carolina,18-49 Years,4326851,2025-12-27,26.8805355787294
North Carolina,18-49 Years,4326851,2026-01-03,27.3897875327759
North Carolina,18-49 Years,4326851,2026-01-10,28.1859003885844
North Carolina,18-49 Years,4326851,2026-01-17,28.6204555669811
North Carolina,18-49 Years,4326851,2026-01-24,29.1180050882833
North Carolina,18-49 Years,4326851,2026-01-31,29.5777310211922
North Carolina,18-49 Years,4326851,2026-02-07,30.5560787883682
North Carolina,18-49 Years,4326851,2026-02-14,30.9551794723566
North Carolina,18-49 Years,4326851,2026-02-21,31.2684091475821
North Carolina,18-49 Years,4326851,2026-02-28,31.5158833865522
North Carolina,18-49 Years,4326851,2026-03-07,31.972145207348
North Carolina,18-49 Years,4326851,2026-03-14,32.1866466376933
North Carolina,18-49 Years,4326851,2026-03-21,32.4020867989485
North Carolina,18-49 Years,4326851,2026-03-28,32.6199494038958
North Carolina,18-49 Years,4326851,2026-04-04,32.8940799898847
North Carolina,18-49 Years,4326851,2026-04-11,33.3630760861683
North Carolina,18-49 Years,4326851,2026-04-18,33.5986763199516
North Carolina,18-49 Years,4326851,2026-04-25,33.8383789118844
North Carolina,18-49 Years,4326851,2026-05-02,34.025848383207
North Carolina,18-49 Years,4326851,2026-05-09,34.3729212325318
North Carolina,18-49 Years,4326851,2026-05-16,34.4639148939914
North Carolina,18-49 Years,4326851,2026-05-23,34.4972013387858
North Carolina,18-49 Years,4326851,2026-05-30,34.4990671129286
North Carolina,18-49 Years,4326851,2026-06-06,34.5
North Carolina,18-49 Years,4326851,2026-06-13,34.5
North Carolina,50-64 Years,2055568,2025-08-16,0.941166164787651
North Carolina,50-64 Years,2055568,2025-08-23,0.941166164787651
North Carolina,50-64 Years,2055568,2025-08-30,0.941166164787651
North Carolina,50-64 Years,2055568,2025-09-06,0.941166164787651
North Carolina,50-64 Years,2055568,2025-09-13,1.44214846384315
North Carolina,50-64 Years,2055568,2025-09-20,2.01911775439662
North Carolina,50-64 Years,2055568,2025-09-27,3.05804111772835
North Carolina,50-64 Years,2055568,2025-10-04,5.66381488950248
North Carolina,50-64 Years,2055568,2025-10-11,7.495820082496
North Carolina,50-64 Years,2055568,2025-10-18,9.86639768825681
North Carolina,50-64 Years,2055568,2025-10-25,12.7270945764601
North Carolina,50-64 Years,2055568,2025-11-01,16.1025572254696
North Carolina,50-64 Years,2055568,2025-11-08,22.5045647364035
North Carolina,50-64 Years,2055568,2025-11-15,25.0800502170339
North Carolina,50-64 Years,2055568,2025-11-22,27.1488913321705
North Carolina,50-64 Years,2055568,2025-11-29,28.7883287840803
North Carolina,50-64 Years,2055568,2025-12-06,31.6470962576623
North Carolina,50-64 Years,2055568,2025-12-13,32.7320524917835
North Carolina,50-64 Years,2055568,2025-12-20,33.5740146145194
North Carolina,50-64 Years,2055568,2025-12-27,34.2404775596963
North Carolina,50-64 Years,2055568,2026-01-03,35.0384068715711
North Carolina,50-64 Years,2055568,2026-01-10,36.3305782398804
North Carolina,50-64 Years,2055568,2026-01-17,37.0019020373109
North Carolina,50-64 Years,2055568,2026-01-24,37.7449210132741
North Carolina,50-64 Years,2055568,2026-01-31,38.4364070724631
North Carolina,50-64 Years,2055568,2026-02-07,39.9930546262315
North Carolina,50-64 Years,2055568,2026-02-14,40.7497154583472
North Carolina,50-64 Years,2055568,2026-02-21,41.4709985097462
North Carolina,50-64 Years,2055568,2026-02-28,42.1336648167544
North Carolina,50-64 Years,2055568,2026-03-07,43.321804376953
North Carolina,50-64 Years,2055568,2026-03-14,43.7828224350481
North Carolina,50-64 Years,2055568,2026-03-21,44.1347719960717
North Carolina,50-64 Years,2055568,2026-03-28,44.3930045318053
North Carolina,50-64 Years,2055568,2026-04-04,44.6236957913182
North Carolina,50-64 Years,2055568,2026-04-11,44.9280006890559
North Carolina,50-64 Years,2055568,2026-04-18,44.984631587255
North Carolina,50-64 Years,2055568,2026-04-25,45.0
North Carolina,50-64 Years,2055568,2026-05-02,45.0
North Carolina,50-64 Years,2055568,2026-05-09,45.0055117592451
North Carolina,50-64 Years,2055568,2026-05-16,45.0250128628351
North Carolina,50-64 Years,2055568,2026-05-23,45.0697293604461
North Carolina,50-64 Years,2055568,2026-05-30,45.1456526093534
North Carolina,50-64 Years,2055568,2026-06-06,45.3426883518017
North Carolina,50-64 Years,2055568,2026-06-13,45.4659083142615
North Carolina,65+ Years,1814542,2025-08-16,0.64302432778775
North Carolina,65+ Years,1814542,2025-08-23,0.64302432778775
North Carolina,65+ Years,1814542,2025-08-30,0.64302432778775
North Carolina,65+ Years,1814542,2025-09-06,0.64302432778775
North Carolina,65+ Years,1814542,2025-09-13,1.68793811590686
North Carolina,65+ Years,1814542,2025-09-20,3.4870151326034
North Carolina,65+ Years,1814542,2025-09-27,6.15389431288887
North Carolina,65+ Years,1814542,2025-10-04,12.2830753765555
North Carolina,65+ Years,1814542,2025-10-11,16.1608787131039
North Carolina,65+ Years,1814542,2025-10-18,20.8578752327706
North Carolina,65+ Years,1814542,2025-10-25,26.2478684198812
North Carolina,65+ Years,1814542,2025-11-01,32.4175797785016
North Carolina,65+ Years,1814542,2025-11-08,43.7498888468275
North Carolina,65+ Years,1814542,2025-11-15,48.1090535972915
North Carolina,65+ Years,1814542,2025-11-22,51.5024686329047
North Carolina,65+ Years,1814542,2025-11-29,54.1118587363695
North Carolina,65+ Years,1814542,2025-12-06,58.6103200449833
North Carolina,65+ Years,1814542,2025-12-13,60.3068259472716
North Carolina,65+ Years,1814542,2025-12-20,61.6346349258616
North Carolina,65+ Years,1814542,2025-12-27,62.6890056358378
North Carolina,65+ Years,1814542,2026-01-03,63.868284929747
North Carolina,65+ Years,1814542,2026-01-10,65.7014397267402
North Carolina,65+ Years,1814542,2026-01-17,66.496660709701
North Carolina,65+ Years,1814542,2026-01-24,67.2721479973062
North Carolina,65+ Years,1814542,2026-01-31,67.9196696303073
North Carolina,65+ Years,1814542,2026-02-07,69.3636004944233
North Carolina,65+ Years,1814542,2026-02-14,70.0498373250767
North Carolina,65+ Years,1814542,2026-02-21,70.7095117050605
North Carolina,65+ Years,1814542,2026-02-28,71.3337538897491
North Carolina,65+ Years,1814542,2026-03-07,72.5022653230153
North Carolina,65+ Years,1814542,2026-03-14,73.0075222685956
North Carolina,65+ Years,1814542,2026-03-21,73.4456281594565
North Carolina,65+ Years,1814542,2026-03-28,73.8242866568633
North Carolina,65+ Years,1814542,2026-04-04,74.2490725948181
North Carolina,65+ Years,1814542,2026-04-11,74.9204990859492
North Carolina,65+ Years,1814542,2026-04-18,75.2029077731187
North Carolina,65+ Years,1814542,2026-04-25,75.461408271917
North Carolina,65+ Years,1814542,2026-05-02,75.6457212093355
North Carolina,65+ Years,1814542,2026-05-09,75.9828163629595
North Carolina,65+ Years,1814542,2026-05-16,76.0673064213652
North Carolina,65+ Years,1814542,2026-05-23,76.0975061951789
North Carolina,65+ Years,1814542,2026-05-30,76.0991687317263
North Carolina,65+ Years,1814542,2026-06-06,76.1
North Carolina,65+ Years,1814542,2026-06-13,76.1
North Dakota,6 Months - 4 Years,47850,2025-08-16,3.64841097641854
North Dakota,6 Months - 4 Years,47850,2025-08-23,3.64841097641854
North Dakota,6 Months - 4 Years,47850,2025-08-30,3.64841097641854
North Dakota,6 Months - 4 Years,47850,2025-09-06,3.64841097641854
North Dakota,6 Months - 4 Years,47850,2025-09-13,4.64146890789627
North Dakota,6 Months - 4 Years,47850,2025-09-20,4.82823914425779
North Dakota,6 Months - 4 Years,47850,2025-09-27,5.55758038137824
North Dakota,6 Months - 4 Years,47850,2025-10-04,7.65282476211402
North Dakota,6 Months - 4 Years,47850,2025-10-11,9.56570945686723
North Dakota,6 Months - 4 Years,47850,2025-10-18,12.5675832083247
North Dakota,6 Months - 4 Years,47850,2025-10-25,16.6247365545452
North Dakota,6 Months - 4 Years,47850,2025-11-01,21.536796122644
North Dakota,6 Months - 4 Years,47850,2025-11-08,30.8578815246109
North Dakota,6 Months - 4 Years,47850,2025-11-15,34.2661334424603
North Dakota,6 Months - 4 Years,47850,2025-11-22,36.6032179133967
North Dakota,6 Months - 4 Years,47850,2025-11-29,38.1514800339232
North Dakota,6 Months - 4 Years,47850,2025-12-06,40.7959292913813
North Dakota,6 Months - 4 Years,47850,2025-12-13,41.8575381533297
North Dakota,6 Months - 4 Years,47850,2025-12-20,42.7871416982757
North Dakota,6 Months - 4 Years,47850,2025-12-27,43.5974770350285
North Dakota,6 Months - 4 Years,47850,2026-01-03,44.3946736930788
North Dakota,6 Months - 4 Years,47850,2026-01-10,45.5476218311554
North Dakota,6 Months - 4 Years,47850,2026-01-17,45.8456705039847
North Dakota,6 Months - 4 Years,47850,2026-01-24,46.0104869968014
North Dakota,6 Months - 4 Years,47850,2026-01-31,46.0965198644999
North Dakota,6 Months - 4 Years,47850,2026-02-07,46.3173108036604
North Dakota,6 Months - 4 Years,47850,2026-02-14,46.4793636501132
North Dakota,6 Months - 4 Years,47850,2026-02-21,46.7121701081378
North Dakota,6 Months - 4 Years,47850,2026-02-28,47.0149264391029
North Dakota,6 Months - 4 Years,47850,2026-03-07,47.6973655945434
North Dakota,6 Months - 4 Years,47850,2026-03-14,48.1028219737146
North Dakota,6 Months - 4 Years,47850,2026-03-21,48.5479807515279
North Dakota,6 Months - 4 Years,47850,2026-03-28,48.999474542377
North Dakota,6 Months - 4 Years,47850,2026-04-04,49.4444794128816
North Dakota,6 Months - 4 Years,47850,2026-04-11,50.1148365102099
North Dakota,6 Months - 4 Years,47850,2026-04-18,50.2585245133181
North Dakota,6 Months - 4 Years,47850,2026-04-25,50.3
North Dakota,6 Months - 4 Years,47850,2026-05-02,50.3
North Dakota,6 Months - 4 Years,47850,2026-05-09,50.3
North Dakota,6 Months - 4 Years,47850,2026-05-16,50.3
North Dakota,6 Months - 4 Years,47850,2026-05-23,50.3
North Dakota,6 Months - 4 Years,47850,2026-05-30,50.3
North Dakota,6 Months - 4 Years,47850,2026-06-06,50.3
North Dakota,6 Months - 4 Years,47850,2026-06-13,50.3
North Dakota,5-12 Years,81723,2025-08-16,4.23104690620183
North Dakota,5-12 Years,81723,2025-08-23,4.23104690620183
North Dakota,5-12 Years,81723,2025-08-30,4.23104690620183
North Dakota,5-12 Years,81723,2025-09-06,4.23104690620183
North Dakota,5-12 Years,81723,2025-09-13,5.39258135420372
North Dakota,5-12 Years,81723,2025-09-20,5.62116428317325
North Dakota,5-12 Years,81723,2025-09-27,6.55001177279734
North Dakota,5-12 Years,81723,2025-10-04,9.17069413942337
North Dakota,5-12 Years,81723,2025-10-11,11.2867288085876
North Dakota,5-12 Years,81723,2025-10-18,14.2832116229188
North Dakota,5-12 Years,81723,2025-10-25,18.120055455837
North Dakota,5-12 Years,81723,2025-11-01,22.7537126733106
North Dakota,5-12 Years,81723,2025-11-08,31.7044502820128
North Dakota,5-12 Years,81723,2025-11-15,35.3366939472917
North Dakota,5-12 Years,81723,2025-11-22,38.2219091432534
North Dakota,5-12 Years,81723,2025-11-29,40.4272037141896
North Dakota,5-12 Years,81723,2025-12-06,44.0366783792947
North Dakota,5-12 Years,81723,2025-12-13,45.1585994302657
North Dakota,5-12 Years,81723,2025-12-20,45.8078950660102
North Dakota,5-12 Years,81723,2025-12-27,46.1461514266627
North Dakota,5-12 Years,81723,2026-01-03,46.5317193360704
North Dakota,5-12 Years,81723,2026-01-10,47.1234491220848
North Dakota,5-12 Years,81723,2026-01-17,47.4889603431937
North Dakota,5-12 Years,81723,2026-01-24,47.9451441855533
North Dakota,5-12 Years,81723,2026-01-31,48.4048689720349
North Dakota,5-12 Years,81723,2026-02-07,49.4260235855278
North Dakota,5-12 Years,81723,2026-02-14,49.9013939940133
North Dakota,5-12 Years,81723,2026-02-21,50.3252151383459
North Dakota,5-12 Years,81723,2026-02-28,50.6878097537761
North Dakota,5-12 Years,81723,2026-03-07,51.3112546439496
North Dakota,5-12 Years,81723,2026-03-14,51.5316810403804
North Dakota,5-12 Years,81723,2026-03-21,51.683201227482
North Dakota,5-12 Years,81723,2026-03-28,51.7815583528375
North Dakota,5-12 Years,81723,2026-04-04,51.8670627418037
North Dakota,5-12 Years,81723,2026-04-11,51.9753786867319
North Dakota,5-12 Years,81723,2026-04-18,51.9948185091479
North Dakota,5-12 Years,81723,2026-04-25,52.0
North Dakota,5-12 Years,81723,2026-05-02,52.0
North Dakota,5-12 Years,81723,2026-05-09,52.0
North Dakota,5-12 Years,81723,2026-05-16,52.0
North Dakota,5-12 Years,81723,2026-05-23,52.0
North Dakota,5-12 Years,81723,2026-05-30,52.0
North Dakota,5-12 Years,81723,2026-06-06,52.0
North Dakota,5-12 Years,81723,2026-06-13,52.0
North Dakota,13-17 Years,46826,2025-08-16,1.27315167565808
North Dakota,13-17 Years,46826,2025-08-23,1.27315167565808
North Dakota,13-17 Years,46826,2025-08-30,1.27315167565808
North Dakota,13-17 Years,46826,2025-09-06,1.27315167565808
North Dakota,13-17 Years,46826,2025-09-13,1.69485852430534
North Dakota,13-17 Years,46826,2025-09-20,1.91945848599575
North Dakota,13-17 Years,46826,2025-09-27,2.83933125501731
North Dakota,13-17 Years,46826,2025-10-04,5.42046628764117
North Dakota,13-17 Years,46826,2025-10-11,7.44935166224834
North Dakota,13-17 Years,46826,2025-10-18,10.2499814599249
North Dakota,13-17 Years,46826,2025-10-25,13.7747718112589
North Dakota,13-17 Years,46826,2025-11-01,18.0037823013294
North Dakota,13-17 Years,46826,2025-11-08,26.1323107618472
North Dakota,13-17 Years,46826,2025-11-15,29.4267284069915
North Dakota,13-17 Years,46826,2025-11-22,32.0518066914323
North Dakota,13-17 Years,46826,2025-11-29,34.0662798283631
North Dakota,13-17 Years,46826,2025-12-06,37.3722037329935
North Dakota,13-17 Years,46826,2025-12-13,38.4271902996592
North Dakota,13-17 Years,46826,2025-12-20,39.0751687571427
North Dakota,13-17 Years,46826,2025-12-27,39.4390087351699
North Dakota,13-17 Years,46826,2026-01-03,39.7462624142547
North Dakota,13-17 Years,46826,2026-01-10,40.1184425307383
North Dakota,13-17 Years,46826,2026-01-17,40.1830692499768
North Dakota,13-17 Years,46826,2026-01-24,40.2
North Dakota,13-17 Years,46826,2026-01-31,40.2
North Dakota,13-17 Years,46826,2026-02-07,40.2
North Dakota,13-17 Years,46826,2026-02-14,40.2
North Dakota,13-17 Years,46826,2026-02-21,40.2
North Dakota,13-17 Years,46826,2026-02-28,40.2
North Dakota,13-17 Years,46826,2026-03-07,40.2
North Dakota,13-17 Years,46826,2026-03-14,40.2
North Dakota,13-17 Years,46826,2026-03-21,40.2
North Dakota,13-17 Years,46826,2026-03-28,40.2
North Dakota,13-17 Years,46826,2026-04-04,40.2
North Dakota,13-17 Years,46826,2026-04-11,40.2
North Dakota,13-17 Years,46826,2026-04-18,40.2
North Dakota,13-17 Years,46826,2026-04-25,40.2
North Dakota,13-17 Years,46826,2026-05-02,40.2
North Dakota,13-17 Years,46826,2026-05-09,40.2
North Dakota,13-17 Years,46826,2026-05-16,40.2
North Dakota,13-17 Years,46826,2026-05-23,40.2
North Dakota,13-17 Years,46826,2026-05-30,40.2
North Dakota,13-17 Years,46826,2026-06-06,40.2
North Dakota,13-17 Years,46826,2026-06-13,40.2
North Dakota,6 Months - 17 Years,176398,2025-08-16,3.90064258101689
North Dakota,6 Months - 17 Years,176398,2025-08-23,3.90064258101689
North Dakota,6 Months - 17 Years,176398,2025-08-30,3.90064258101689
North Dakota,6 Months - 17 Years,176398,2025-09-06,3.90064258101689
North Dakota,6 Months - 17 Years,176398,2025-09-13,4.95875897419452
North Dakota,6 Months - 17 Years,176398,2025-09-20,5.14755512772381
North Dakota,6 Months - 17 Years,176398,2025-09-27,5.89347037396822
North Dakota,6 Months - 17 Years,176398,2025-10-04,8.02408067725671
North Dakota,6 Months - 17 Years,176398,2025-10-11,9.87542422499187
North Dakota,6 Months - 17 Years,176398,2025-10-18,12.6738840500834
North Dakota,6 Months - 17 Years,176398,2025-10-25,16.4021364158954
North Dakota,6 Months - 17 Years,176398,2025-11-01,20.9567020445225
North Dakota,6 Months - 17 Years,176398,2025-11-08,29.7942259171049
North Dakota,6 Months - 17 Years,176398,2025-11-15,33.3126267886453
North Dakota,6 Months - 17 Years,176398,2025-11-22,36.0174243972887
North Dakota,6 Months - 17 Years,176398,2025-11-29,38.0250784641538
North Dakota,6 Months - 17 Years,176398,2025-12-06,41.3435585324853
North Dakota,6 Months - 17 Years,176398,2025-12-13,42.4385156324696
North Dakota,6 Months - 17 Years,176398,2025-12-20,43.1513557044943
North Dakota,6 Months - 17 Years,176398,2025-12-27,43.599861819876
North Dakota,6 Months - 17 Years,176398,2026-01-03,44.0612870130078
North Dakota,6 Months - 17 Years,176398,2026-01-10,44.7260114970684
North Dakota,6 Months - 17 Years,176398,2026-01-17,44.9915193872996
North Dakota,6 Months - 17 Years,176398,2026-01-24,45.2417380602762
North Dakota,6 Months - 17 Years,176398,2026-01-31,45.4447363204304
North Dakota,6 Months - 17 Years,176398,2026-02-07,45.9010816434844
North Dakota,6 Months - 17 Years,176398,2026-02-14,46.1234435875429
North Dakota,6 Months - 17 Years,176398,2026-02-21,46.3450624904785
North Dakota,6 Months - 17 Years,176398,2026-02-28,46.5628023223663
North Dakota,6 Months - 17 Years,176398,2026-03-07,46.9823665889281
North Dakota,6 Months - 17 Years,176398,2026-03-14,47.1810782932646
North Dakota,6 Months - 17 Years,176398,2026-03-21,47.3704138221867
North Dakota,6 Months - 17 Years,176398,2026-03-28,47.543071918406
North Dakota,6 Months - 17 Years,176398,2026-04-04,47.7063933075233
North Dakota,6 Months - 17 Years,176398,2026-04-11,47.9396645030301
North Dakota,6 Months - 17 Years,176398,2026-04-18,47.9867432260088
North Dakota,6 Months - 17 Years,176398,2026-04-25,48.0
North Dakota,6 Months - 17 Years,176398,2026-05-02,48.0
North Dakota,6 Months - 17 Years,176398,2026-05-09,48.0
North Dakota,6 Months - 17 Years,176398,2026-05-16,48.0
North Dakota,6 Months - 17 Years,176398,2026-05-23,48.0
North Dakota,6 Months - 17 Years,176398,2026-05-30,48.0
North Dakota,6 Months - 17 Years,176398,2026-06-06,48.0
North Dakota,6 Months - 17 Years,176398,2026-06-13,48.0
North Dakota,18-49 Years,322599,2025-08-16,1.09337484207727
North Dakota,18-49 Years,322599,2025-08-23,1.09337484207727
North Dakota,18-49 Years,322599,2025-08-30,1.09337484207727
North Dakota,18-49 Years,322599,2025-09-06,1.09337484207727
North Dakota,18-49 Years,322599,2025-09-13,1.42586902387127
North Dakota,18-49 Years,322599,2025-09-20,1.56099197087572
North Dakota,18-49 Years,322599,2025-09-27,2.09313905512335
North Dakota,18-49 Years,322599,2025-10-04,3.61528258021078
North Dakota,18-49 Years,322599,2025-10-11,4.94811040762968
North Dakota,18-49 Years,322599,2025-10-18,6.97662955686829
North Dakota,18-49 Years,322599,2025-10-25,9.69229228852923
North Dakota,18-49 Years,322599,2025-11-01,13.0201205308206
North Dakota,18-49 Years,322599,2025-11-08,19.4934712530004
North Dakota,18-49 Years,322599,2025-11-15,22.0724663751477
North Dakota,18-49 Years,322599,2025-11-22,24.0547827651297
North Dakota,18-49 Years,322599,2025-11-29,25.5389007137057
North Dakota,18-49 Years,322599,2025-12-06,28.0548507781586
North Dakota,18-49 Years,322599,2025-12-13,28.9555917380198
North Dakota,18-49 Years,322599,2025-12-20,29.6138298900826
North Dakota,18-49 Years,322599,2025-12-27,30.0964952501361
North Dakota,18-49 Years,322599,2026-01-03,30.6189496817377
North Dakota,18-49 Years,322599,2026-01-10,31.4077368292797
North Dakota,18-49 Years,322599,2026-01-17,31.7338858702467
North Dakota,18-49 Years,322599,2026-01-24,32.0456336586897
North Dakota,18-49 Years,322599,2026-01-31,32.3085077787711
North Dakota,18-49 Years,322599,2026-02-07,32.9329412485031
North Dakota,18-49 Years,322599,2026-02-14,33.2947734134432
North Dakota,18-49 Years,322599,2026-02-21,33.7061198572486
North Dakota,18-49 Years,322599,2026-02-28,34.1334008711178
North Dakota,18-49 Years,322599,2026-03-07,34.9111574731989
North Dakota,18-49 Years,322599,2026-03-14,35.1940322216321
North Dakota,18-49 Years,322599,2026-03-21,35.3769032838056
North Dakota,18-49 Years,322599,2026-03-28,35.4808559469122
North Dakota,18-49 Years,322599,2026-04-04,35.5688745217984
North Dakota,18-49 Years,322599,2026-04-11,35.6761033987298
North Dakota,18-49 Years,322599,2026-04-18,35.6950075644517
North Dakota,18-49 Years,322599,2026-04-25,35.7
North Dakota,18-49 Years,322599,2026-05-02,35.7
North Dakota,18-49 Years,322599,2026-05-09,35.7
North Dakota,18-49 Years,322599,2026-05-16,35.7
North Dakota,18-49 Years,322599,2026-05-23,35.7
North Dakota,18-49 Years,322599,2026-05-30,35.7
North Dakota,18-49 Years,322599,2026-06-06,35.7
North Dakota,18-49 Years,322599,2026-06-13,35.7
North Dakota,50-64 Years,130764,2025-08-16,1.44229189326815
North Dakota,50-64 Years,130764,2025-08-23,1.44229189326815
North Dakota,50-64 Years,130764,2025-08-30,1.44229189326815
North Dakota,50-64 Years,130764,2025-09-06,1.44229189326815
North Dakota,50-64 Years,130764,2025-09-13,1.8917592524697
North Dakota,50-64 Years,130764,2025-09-20,2.09400656889704
North Dakota,50-64 Years,130764,2025-09-27,2.89328437722782
North Dakota,50-64 Years,130764,2025-10-04,5.17725589226098
North Dakota,50-64 Years,130764,2025-10-11,7.19910178212375
North Dakota,50-64 Years,130764,2025-10-18,10.2905241373656
North Dakota,50-64 Years,130764,2025-10-25,14.3956019868994
North Dakota,50-64 Years,130764,2025-11-01,19.3109861956493
North Dakota,50-64 Years,130764,2025-11-08,28.5379063394284
North Dakota,50-64 Years,130764,2025-11-15,31.8673069090729
North Dakota,50-64 Years,130764,2025-11-22,34.1226774678218
North Dakota,50-64 Years,130764,2025-11-29,35.5630048376666
North Dakota,50-64 Years,130764,2025-12-06,37.8499332762085
North Dakota,50-64 Years,130764,2025-12-13,38.5536078927929
North Dakota,50-64 Years,130764,2025-12-20,38.9838352117014
North Dakota,50-64 Years,130764,2025-12-27,39.2395880260782
North Dakota,50-64 Years,130764,2026-01-03,39.5418640649554
North Dakota,50-64 Years,130764,2026-01-10,40.0198913436327
North Dakota,50-64 Years,130764,2026-01-17,40.3170601748705
North Dakota,50-64 Years,130764,2026-01-24,40.6857109789793
North Dakota,50-64 Years,130764,2026-01-31,41.0501952574707
North Dakota,50-64 Years,130764,2026-02-07,41.8377892527676
North Dakota,50-64 Years,130764,2026-02-14,42.1775159675562
North Dakota,50-64 Years,130764,2026-02-21,42.4560434341237
North Dakota,50-64 Years,130764,2026-02-28,42.6751337097189
North Dakota,50-64 Years,130764,2026-03-07,43.0390798490285
North Dakota,50-64 Years,130764,2026-03-14,43.1609231048759
North Dakota,50-64 Years,130764,2026-03-21,43.24124402132
North Dakota,50-64 Years,130764,2026-03-28,43.2912061390905
North Dakota,50-64 Years,130764,2026-04-04,43.3342393041732
North Dakota,50-64 Years,130764,2026-04-11,43.3879725166745
North Dakota,50-64 Years,130764,2026-04-18,43.3974831258718
North Dakota,50-64 Years,130764,2026-04-25,43.4
North Dakota,50-64 Years,130764,2026-05-02,43.4
North Dakota,50-64 Years,130764,2026-05-09,43.4110235184903
North Dakota,50-64 Years,130764,2026-05-16,43.4500257256703
North Dakota,50-64 Years,130764,2026-05-23,43.5394587208922
North Dakota,50-64 Years,130764,2026-05-30,43.6913052187067
North Dakota,50-64 Years,130764,2026-06-06,44.0853767036034
North Dakota,50-64 Years,130764,2026-06-13,44.331816628523
North Dakota,65+ Years,123141,2025-08-16,1.56305941639511
North Dakota,65+ Years,123141,2025-08-23,1.56305941639511
North Dakota,65+ Years,123141,2025-08-30,1.56305941639511
North Dakota,65+ Years,123141,2025-09-06,1.56305941639511
North Dakota,65+ Years,123141,2025-09-13,2.09338895035102
North Dakota,65+ Years,123141,2025-09-20,2.40226390424289
North Dakota,65+ Years,123141,2025-09-27,3.65229037234936
North Dakota,65+ Years,123141,2025-10-04,7.18640413332711
North Dakota,65+ Years,123141,2025-10-11,10.1031430821045
North Dakota,65+ Years,123141,2025-10-18,14.307649976277
North Dakota,65+ Years,123141,2025-10-25,19.7151068625269
North Dakota,65+ Years,123141,2025-11-01,26.1678527330845
North Dakota,65+ Years,123141,2025-11-08,38.3306051319641
North Dakota,65+ Years,123141,2025-11-15,42.8712786970552
North Dakota,65+ Years,123141,2025-11-22,46.1253445311187
North Dakota,65+ Years,123141,2025-11-29,48.3885821086958
North Dakota,65+ Years,123141,2025-12-06,52.1909223982804
North Dakota,65+ Years,123141,2025-12-13,53.5737111446598
North Dakota,65+ Years,123141,2025-12-20,54.6325856332035
North Dakota,65+ Years,123141,2025-12-27,55.4571412748058
North Dakota,65+ Years,123141,2026-01-03,56.3607632108616
North Dakota,65+ Years,123141,2026-01-10,57.7448424512043
North Dakota,65+ Years,123141,2026-01-17,58.3256193910324
North Dakota,65+ Years,123141,2026-01-24,58.8785244485467
North Dakota,65+ Years,123141,2026-01-31,59.3233317211481
North Dakota,65+ Years,123141,2026-02-07,60.2824099561577
North Dakota,65+ Years,123141,2026-02-14,60.6942898325101
North Dakota,65+ Years,123141,2026-02-21,61.0547448423782
North Dakota,65+ Years,123141,2026-02-28,61.3755256885101
North Dakota,65+ Years,123141,2026-03-07,61.9859727822409
North Dakota,65+ Years,123141,2026-03-14,62.2802052569692
North Dakota,65+ Years,123141,2026-03-21,62.5754595811191
North Dakota,65+ Years,123141,2026-03-28,62.8709493684039
North Dakota,65+ Years,123141,2026-04-04,63.2288943210932
North Dakota,65+ Years,123141,2026-04-11,63.8284066909747
North Dakota,65+ Years,123141,2026-04-18,64.0991728632026
North Dakota,65+ Years,123141,2026-04-25,64.3568822522667
North Dakota,65+ Years,123141,2026-05-02,64.5563727707619
North Dakota,65+ Years,123141,2026-05-09,64.9560751338184
North Dakota,65+ Years,123141,2026-05-16,65.0971918014146
North Dakota,65+ Years,123141,2026-05-23,65.1946905878382
North Dakota,65+ Years,123141,2026-05-30,65.2600119999844
North Dakota,65+ Years,123141,2026-06-06,65.3593772640939
North Dakota,65+ Years,123141,2026-06-13,65.3777040796157
Ohio,6 Months - 4 Years,618200,2025-08-16,4.56639566371264
Ohio,6 Months - 4 Years,618200,2025-08-23,4.56639566371264
Ohio,6 Months - 4 Years,618200,2025-08-30,4.56639566371264
Ohio,6 Months - 4 Years,618200,2025-09-06,4.56639566371264
Ohio,6 Months - 4 Years,618200,2025-09-13,6.39820392193191
Ohio,6 Months - 4 Years,618200,2025-09-20,7.88643616486783
Ohio,6 Months - 4 Years,618200,2025-09-27,9.66754784658231
Ohio,6 Months - 4 Years,618200,2025-10-04,13.607560549698
Ohio,6 Months - 4 Years,618200,2025-10-11,15.9352358090305
Ohio,6 Months - 4 Years,618200,2025-10-18,18.5987086145564
Ohio,6 Months - 4 Years,618200,2025-10-25,21.5706623922341
Ohio,6 Months - 4 Years,618200,2025-11-01,25.0487378182905
Ohio,6 Months - 4 Years,618200,2025-11-08,31.8034153683619
Ohio,6 Months - 4 Years,618200,2025-11-15,34.9402778176739
Ohio,6 Months - 4 Years,618200,2025-11-22,37.9273774935936
Ohio,6 Months - 4 Years,618200,2025-11-29,40.6817016319008
Ohio,6 Months - 4 Years,618200,2025-12-06,45.6536009826388
Ohio,6 Months - 4 Years,618200,2025-12-13,47.5883395001079
Ohio,6 Months - 4 Years,618200,2025-12-20,49.0629525720008
Ohio,6 Months - 4 Years,618200,2025-12-27,50.1639390928227
Ohio,6 Months - 4 Years,618200,2026-01-03,51.2919847950742
Ohio,6 Months - 4 Years,618200,2026-01-10,52.9434527863978
Ohio,6 Months - 4 Years,618200,2026-01-17,53.5165309565626
Ohio,6 Months - 4 Years,618200,2026-01-24,53.9820131791576
Ohio,6 Months - 4 Years,618200,2026-01-31,54.3096451358883
Ohio,6 Months - 4 Years,618200,2026-02-07,55.0130037153711
Ohio,6 Months - 4 Years,618200,2026-02-14,55.3231092568482
Ohio,6 Months - 4 Years,618200,2026-02-21,55.6107157107123
Ohio,6 Months - 4 Years,618200,2026-02-28,55.8675471069514
Ohio,6 Months - 4 Years,618200,2026-03-07,56.3020731839766
Ohio,6 Months - 4 Years,618200,2026-03-14,56.4417447644715
Ohio,6 Months - 4 Years,618200,2026-03-21,56.5223093039551
Ohio,6 Months - 4 Years,618200,2026-03-28,56.5636292763682
Ohio,6 Months - 4 Years,618200,2026-04-04,56.682363980119
Ohio,6 Months - 4 Years,618200,2026-04-11,56.9654714812477
Ohio,6 Months - 4 Years,618200,2026-04-18,57.4504995683981
Ohio,6 Months - 4 Years,618200,2026-04-25,58.2672735290387
Ohio,6 Months - 4 Years,618200,2026-05-02,59.2133562718549
Ohio,6 Months - 4 Years,618200,2026-05-09,61.085705523166
Ohio,6 Months - 4 Years,618200,2026-05-16,61.6971271356369
Ohio,6 Months - 4 Years,618200,2026-05-23,61.983766292165
Ohio,6 Months - 4 Years,618200,2026-05-30,62.0614371465169
Ohio,6 Months - 4 Years,618200,2026-06-06,62.1641534792379
Ohio,6 Months - 4 Years,618200,2026-06-13,62.1818474071323
Ohio,5-12 Years,1142096,2025-08-16,2.90962161986128
Ohio,5-12 Years,1142096,2025-08-23,2.90962161986128
Ohio,5-12 Years,1142096,2025-08-30,2.90962161986128
Ohio,5-12 Years,1142096,2025-09-06,2.90962161986128
Ohio,5-12 Years,1142096,2025-09-13,3.99088862717082
Ohio,5-12 Years,1142096,2025-09-20,4.75898209888858
Ohio,5-12 Years,1142096,2025-09-27,6.06918507764267
Ohio,5-12 Years,1142096,2025-10-04,9.31510507932501
Ohio,5-12 Years,1142096,2025-10-11,11.5671426321323
Ohio,5-12 Years,1142096,2025-10-18,14.4579946168911
Ohio,5-12 Years,1142096,2025-10-25,17.9263882615578
Ohio,5-12 Years,1142096,2025-11-01,22.0060278269563
Ohio,5-12 Years,1142096,2025-11-08,29.7307179473104
Ohio,5-12 Years,1142096,2025-11-15,32.8527212050523
Ohio,5-12 Years,1142096,2025-11-22,35.3777316476996
Ohio,5-12 Years,1142096,2025-11-29,37.3713940230466
Ohio,5-12 Years,1142096,2025-12-06,40.753573729133
Ohio,5-12 Years,1142096,2025-12-13,41.9230470893295
Ohio,5-12 Years,1142096,2025-12-20,42.719605874985
Ohio,5-12 Years,1142096,2025-12-27,43.2609219472526
Ohio,5-12 Years,1142096,2026-01-03,43.9382220975773
Ohio,5-12 Years,1142096,2026-01-10,45.0553377287159
Ohio,5-12 Years,1142096,2026-01-17,45.7801532312113
Ohio,5-12 Years,1142096,2026-01-24,46.6994393979886
Ohio,5-12 Years,1142096,2026-01-31,47.6405415337736
Ohio,5-12 Years,1142096,2026-02-07,49.7302907476834
Ohio,5-12 Years,1142096,2026-02-14,50.7088708069008
Ohio,5-12 Years,1142096,2026-02-21,51.5796606456341
Ohio,5-12 Years,1142096,2026-02-28,52.3074215713581
Ohio,5-12 Years,1142096,2026-03-07,53.4908209843036
Ohio,5-12 Years,1142096,2026-03-14,53.8304952479556
Ohio,5-12 Years,1142096,2026-03-21,53.9868193645437
Ohio,5-12 Years,1142096,2026-03-28,54.0253215177688
Ohio,5-12 Years,1142096,2026-04-04,54.0777888026318
Ohio,5-12 Years,1142096,2026-04-11,54.1718206899588
Ohio,5-12 Years,1142096,2026-04-18,54.3119323558537
Ohio,5-12 Years,1142096,2026-04-25,54.5398792008821
Ohio,5-12 Years,1142096,2026-05-02,54.7946583494528
Ohio,5-12 Years,1142096,2026-05-09,55.2875370397368
Ohio,5-12 Years,1142096,2026-05-16,55.4366871924815
Ohio,5-12 Years,1142096,2026-05-23,55.4948752532568
Ohio,5-12 Years,1142096,2026-05-30,55.4982917510856
Ohio,5-12 Years,1142096,2026-06-06,55.5
Ohio,5-12 Years,1142096,2026-06-13,55.5
Ohio,13-17 Years,742187,2025-08-16,2.66174250472922
Ohio,13-17 Years,742187,2025-08-23,2.66174250472922
Ohio,13-17 Years,742187,2025-08-30,2.66174250472922
Ohio,13-17 Years,742187,2025-09-06,2.66174250472922
Ohio,13-17 Years,742187,2025-09-13,3.63349459013426
Ohio,13-17 Years,742187,2025-09-20,4.29835651020077
Ohio,13-17 Years,742187,2025-09-27,5.42697939566032
Ohio,13-17 Years,742187,2025-10-04,8.2189034297419
Ohio,13-17 Years,742187,2025-10-11,10.1238437212067
Ohio,13-17 Years,742187,2025-10-18,12.5320055475252
Ohio,13-17 Years,742187,2025-10-25,15.4188653724576
Ohio,13-17 Years,742187,2025-11-01,18.8846377738883
Ohio,13-17 Years,742187,2025-11-08,25.702890340887
Ohio,13-17 Years,742187,2025-11-15,28.7837168605106
Ohio,13-17 Years,742187,2025-11-22,31.5810113755224
Ohio,13-17 Years,742187,2025-11-29,34.030866952634
Ohio,13-17 Years,742187,2025-12-06,38.2920820375866
Ohio,13-17 Years,742187,2025-12-13,39.7992914392562
Ohio,13-17 Years,742187,2025-12-20,40.8178848335795
Ohio,13-17 Years,742187,2025-12-27,41.4777906148791
Ohio,13-17 Years,742187,2026-01-03,42.1779830281446
Ohio,13-17 Years,742187,2026-01-10,43.2152742545943
Ohio,13-17 Years,742187,2026-01-17,43.6734235597341
Ohio,13-17 Years,742187,2026-01-24,44.1286965473383
Ohio,13-17 Years,742187,2026-01-31,44.4900674800208
Ohio,13-17 Years,742187,2026-02-07,45.2043284714656
Ohio,13-17 Years,742187,2026-02-14,45.4383752792491
Ohio,13-17 Years,742187,2026-02-21,45.5812163606605
Ohio,13-17 Years,742187,2026-02-28,45.666305177187
Ohio,13-17 Years,742187,2026-03-07,45.8252148887261
Ohio,13-17 Years,742187,2026-03-14,45.927026048909
Ohio,13-17 Years,742187,2026-03-21,46.0665927522179
Ohio,13-17 Years,742187,2026-03-28,46.2403060854917
Ohio,13-17 Years,742187,2026-04-04,46.4561694703464
Ohio,13-17 Years,742187,2026-04-11,46.8333407376693
Ohio,13-17 Years,742187,2026-04-18,46.9864849116156
Ohio,13-17 Years,742187,2026-04-25,47.1128677474501
Ohio,13-17 Years,742187,2026-05-02,47.1962164195607
Ohio,13-17 Years,742187,2026-05-09,47.34808247701
Ohio,13-17 Years,742187,2026-05-16,47.3856012255392
Ohio,13-17 Years,742187,2026-05-23,47.3989079753294
Ohio,13-17 Years,742187,2026-05-30,47.3996359917764
Ohio,13-17 Years,742187,2026-06-06,47.4
Ohio,13-17 Years,742187,2026-06-13,47.4
Ohio,6 Months - 17 Years,2502483,2025-08-16,3.14128459458561
Ohio,6 Months - 17 Years,2502483,2025-08-23,3.14128459458561
Ohio,6 Months - 17 Years,2502483,2025-08-30,3.14128459458561
Ohio,6 Months - 17 Years,2502483,2025-09-06,3.14128459458561
Ohio,6 Months - 17 Years,2502483,2025-09-13,4.31961117526665
Ohio,6 Months - 17 Years,2502483,2025-09-20,5.17180593840669
Ohio,6 Months - 17 Years,2502483,2025-09-27,6.49623322270925
Ohio,6 Months - 17 Years,2502483,2025-10-04,9.700216908395
Ohio,6 Months - 17 Years,2502483,2025-10-11,11.8447689951479
Ohio,6 Months - 17 Years,2502483,2025-10-18,14.5284249804417
Ohio,6 Months - 17 Years,2502483,2025-10-25,17.7089479177444
Ohio,6 Months - 17 Years,2502483,2025-11-01,21.4746977982751
Ohio,6 Months - 17 Years,2502483,2025-11-08,28.733209070462
Ohio,6 Months - 17 Years,2502483,2025-11-15,31.8581842467566
Ohio,6 Months - 17 Years,2502483,2025-11-22,34.5728381216449
Ohio,6 Months - 17 Years,2502483,2025-11-29,36.8669766405053
Ohio,6 Months - 17 Years,2502483,2025-12-06,40.8381381848053
Ohio,6 Months - 17 Years,2502483,2025-12-13,42.2514762242323
Ohio,6 Months - 17 Years,2502483,2025-12-20,43.2306981686737
Ohio,6 Months - 17 Years,2502483,2025-12-27,43.8977790368688
Ohio,6 Months - 17 Years,2502483,2026-01-03,44.6607592286381
Ohio,6 Months - 17 Years,2502483,2026-01-10,45.8511695708405
Ohio,6 Months - 17 Years,2502483,2026-01-17,46.4668792771307
Ohio,6 Months - 17 Years,2502483,2026-01-24,47.1489410981612
Ohio,6 Months - 17 Years,2502483,2026-01-31,47.767200992446
Ohio,6 Months - 17 Years,2502483,2026-02-07,49.1030911797516
Ohio,6 Months - 17 Years,2502483,2026-02-14,49.6839039427261
Ohio,6 Months - 17 Years,2502483,2026-02-21,50.1787137990491
Ohio,6 Months - 17 Years,2502483,2026-02-28,50.5873776654117
Ohio,6 Months - 17 Years,2502483,2026-03-07,51.281085171763
Ohio,6 Months - 17 Years,2502483,2026-03-14,51.517321903908
Ohio,6 Months - 17 Years,2502483,2026-03-21,51.6719699296586
Ohio,6 Months - 17 Years,2502483,2026-03-28,51.7713111592793
Ohio,6 Months - 17 Years,2502483,2026-04-04,51.9116360284999
Ohio,6 Months - 17 Years,2502483,2026-04-11,52.1615897425597
Ohio,6 Months - 17 Years,2502483,2026-04-18,52.3805770624205
Ohio,6 Months - 17 Years,2502483,2026-04-25,52.6844089593922
Ohio,6 Months - 17 Years,2502483,2026-05-02,52.986893359853
Ohio,6 Months - 17 Years,2502483,2026-05-09,53.5636089731139
Ohio,6 Months - 17 Years,2502483,2026-05-16,53.7305234007121
Ohio,6 Months - 17 Years,2502483,2026-05-23,53.794442552873
Ohio,6 Months - 17 Years,2502483,2026-05-30,53.7981475176243
Ohio,6 Months - 17 Years,2502483,2026-06-06,53.8
Ohio,6 Months - 17 Years,2502483,2026-06-13,53.8
Ohio,18-49 Years,4704025,2025-08-16,1.10013026422294
Ohio,18-49 Years,4704025,2025-08-23,1.10013026422294
Ohio,18-49 Years,4704025,2025-08-30,1.10013026422294
Ohio,18-49 Years,4704025,2025-09-06,1.10013026422294
Ohio,18-49 Years,4704025,2025-09-13,1.49598370861978
Ohio,18-49 Years,4704025,2025-09-20,1.75867313093283
Ohio,18-49 Years,4704025,2025-09-27,2.38890156652812
Ohio,18-49 Years,4704025,2025-10-04,4.05419565202719
Ohio,18-49 Years,4704025,2025-10-11,5.27848506822648
Ohio,18-49 Years,4704025,2025-10-18,6.90109595699225
Ohio,18-49 Years,4704025,2025-10-25,8.90301660156709
Ohio,18-49 Years,4704025,2025-11-01,11.3171989829562
Ohio,18-49 Years,4704025,2025-11-08,16.0331330348114
Ohio,18-49 Years,4704025,2025-11-15,18.0614219494378
Ohio,18-49 Years,4704025,2025-11-22,19.7995833150829
Ohio,18-49 Years,4704025,2025-11-29,21.2548396556947
Ohio,18-49 Years,4704025,2025-12-06,23.796334279193
Ohio,18-49 Years,4704025,2025-12-13,24.734412432563
Ohio,18-49 Years,4704025,2025-12-20,25.4215886599711
Ohio,18-49 Years,4704025,2025-12-27,25.9218842544708
Ohio,18-49 Years,4704025,2026-01-03,26.4768887874945
Ohio,18-49 Years,4704025,2026-01-10,27.3310009660899
Ohio,18-49 Years,4704025,2026-01-17,27.7228421097946
Ohio,18-49 Years,4704025,2026-01-24,28.1196888690053
Ohio,18-49 Years,4704025,2026-01-31,28.4459127096617
Ohio,18-49 Years,4704025,2026-02-07,29.1146004505455
Ohio,18-49 Years,4704025,2026-02-14,29.3627302453784
Ohio,18-49 Years,4704025,2026-02-21,29.542511595786
Ohio,18-49 Years,4704025,2026-02-28,29.6718534129324
Ohio,18-49 Years,4704025,2026-03-07,29.8952314321039
Ohio,18-49 Years,4704025,2026-03-14,29.9853371840882
Ohio,18-49 Years,4704025,2026-03-21,30.0642288271807
Ohio,18-49 Years,4704025,2026-03-28,30.1364974833372
Ohio,18-49 Years,4704025,2026-04-04,30.2317819506152
Ohio,18-49 Years,4704025,2026-04-11,30.3961014114555
Ohio,18-49 Years,4704025,2026-04-18,30.4924688723302
Ohio,18-49 Years,4704025,2026-04-25,30.6073712136663
Ohio,18-49 Years,4704025,2026-05-02,30.7240299509707
Ohio,18-49 Years,4704025,2026-05-09,30.9958499745773
Ohio,18-49 Years,4704025,2026-05-16,31.1367013092653
Ohio,18-49 Years,4704025,2026-05-23,31.2784479487058
Ohio,18-49 Years,4704025,2026-05-30,31.4214874709761
Ohio,18-49 Years,4704025,2026-06-06,31.7122147291344
Ohio,18-49 Years,4704025,2026-06-13,31.8615097737133
Ohio,50-64 Years,2314153,2025-08-16,0.892735856995525
Ohio,50-64 Years,2314153,2025-08-23,0.892735856995525
Ohio,50-64 Years,2314153,2025-08-30,0.892735856995525
Ohio,50-64 Years,2314153,2025-09-06,0.892735856995525
Ohio,50-64 Years,2314153,2025-09-13,1.22649888435898
Ohio,50-64 Years,2314153,2025-09-20,1.46679549852288
Ohio,50-64 Years,2314153,2025-09-27,2.32854496874376
Ohio,50-64 Years,2314153,2025-10-04,4.71832747496249
Ohio,50-64 Years,2314153,2025-10-11,6.56615178529593
Ohio,50-64 Years,2314153,2025-10-18,9.09005817740713
Ohio,50-64 Years,2314153,2025-10-25,12.2563406002666
Ohio,50-64 Years,2314153,2025-11-01,16.0772738077098
Ohio,50-64 Years,2314153,2025-11-08,23.5020791145323
Ohio,50-64 Years,2314153,2025-11-15,26.6107742684802
Ohio,50-64 Years,2314153,2025-11-22,29.1830661366675
Ohio,50-64 Years,2314153,2025-11-29,31.2456920157487
Ohio,50-64 Years,2314153,2025-12-06,34.7248402803688
Ohio,50-64 Years,2314153,2025-12-13,35.893772220371
Ohio,50-64 Years,2314153,2025-12-20,36.6497475583791
Ohio,50-64 Years,2314153,2025-12-27,37.1202838298471
Ohio,50-64 Years,2314153,2026-01-03,37.656861978808
Ohio,50-64 Years,2314153,2026-01-10,38.487640870032
Ohio,50-64 Years,2314153,2026-01-17,38.9422663714448
Ohio,50-64 Years,2314153,2026-01-24,39.4665072107324
Ohio,50-64 Years,2314153,2026-01-31,39.9570276827841
Ohio,50-64 Years,2314153,2026-02-07,41.018234353239
Ohio,50-64 Years,2314153,2026-02-14,41.4766249042634
Ohio,50-64 Years,2314153,2026-02-21,41.8608222875314
Ohio,50-64 Years,2314153,2026-02-28,42.1772573324302
Ohio,50-64 Years,2314153,2026-03-07,42.7346344176291
Ohio,50-64 Years,2314153,2026-03-14,42.9560962858037
Ohio,50-64 Years,2314153,2026-03-21,43.138183803389
Ohio,50-64 Years,2314153,2026-03-28,43.2870364664205
Ohio,50-64 Years,2314153,2026-04-04,43.4375848879045
Ohio,50-64 Years,2314153,2026-04-11,43.6578363480606
Ohio,50-64 Years,2314153,2026-04-18,43.724515326345
Ohio,50-64 Years,2314153,2026-04-25,43.7710906955532
Ohio,50-64 Years,2314153,2026-05-02,43.8018961138081
Ohio,50-64 Years,2314153,2026-05-09,43.8769494259648
Ohio,50-64 Years,2314153,2026-05-16,43.9223299732311
Ohio,50-64 Years,2314153,2026-05-23,43.9786554382835
Ohio,50-64 Years,2314153,2026-05-30,44.0462765289192
Ohio,50-64 Years,2314153,2026-06-06,44.1954570626034
Ohio,50-64 Years,2314153,2026-06-13,44.2799560908863
Ohio,65+ Years,2097638,2025-08-16,1.436438941571
Ohio,65+ Years,2097638,2025-08-23,1.436438941571
Ohio,65+ Years,2097638,2025-08-30,1.436438941571
Ohio,65+ Years,2097638,2025-09-06,1.436438941571
Ohio,65+ Years,2097638,2025-09-13,2.4546402275419
Ohio,65+ Years,2097638,2025-09-20,3.88298003910926
Ohio,65+ Years,2097638,2025-09-27,6.01050871592499
Ohio,65+ Years,2097638,2025-10-04,11.0980048066448
Ohio,65+ Years,2097638,2025-10-11,14.5103180688788
Ohio,65+ Years,2097638,2025-10-18,18.8089618102818
Ohio,65+ Years,2097638,2025-10-25,23.8745290765863
Ohio,65+ Years,2097638,2025-11-01,29.7225093658449
Ohio,65+ Years,2097638,2025-11-08,40.5157113834359
Ohio,65+ Years,2097638,2025-11-15,44.6322282999699
Ohio,65+ Years,2097638,2025-11-22,47.769652883546
Ohio,65+ Years,2097638,2025-11-29,50.1008794757141
Ohio,65+ Years,2097638,2025-12-06,53.9796095452259
Ohio,65+ Years,2097638,2025-12-13,55.294552760903
Ohio,65+ Years,2097638,2025-12-20,56.1910181163935
Ohio,65+ Years,2097638,2025-12-27,56.7998507479542
Ohio,65+ Years,2097638,2026-01-03,57.4837624894519
Ohio,65+ Years,2097638,2026-01-10,58.5355631703251
Ohio,65+ Years,2097638,2026-01-17,59.0506442230945
Ohio,65+ Years,2097638,2026-01-24,59.6078975472592
Ohio,65+ Years,2097638,2026-01-31,60.1175421605372
Ohio,65+ Years,2097638,2026-02-07,61.2759266841313
Ohio,65+ Years,2097638,2026-02-14,61.8528875205892
Ohio,65+ Years,2097638,2026-02-21,62.4214138575523
Ohio,65+ Years,2097638,2026-02-28,62.9660048400883
Ohio,65+ Years,2097638,2026-03-07,63.9794891942787
Ohio,65+ Years,2097638,2026-03-14,64.3956248902058
Ohio,65+ Years,2097638,2026-03-21,64.7289931937413
Ohio,65+ Years,2097638,2026-03-28,64.9982478498266
Ohio,65+ Years,2097638,2026-04-04,65.3331874667877
Ohio,65+ Years,2097638,2026-04-11,65.891194423614
Ohio,65+ Years,2097638,2026-04-18,66.2081179417403
Ohio,65+ Years,2097638,2026-04-25,66.5689595151938
Ohio,65+ Years,2097638,2026-05-02,66.8917542850836
Ohio,65+ Years,2097638,2026-05-09,67.5490926765612
Ohio,65+ Years,2097638,2026-05-16,67.7906161601946
Ohio,65+ Years,2097638,2026-05-23,67.9568331277306
Ohio,65+ Years,2097638,2026-05-30,68.0658730897946
Ohio,65+ Years,2097638,2026-06-06,68.231837854477
Ohio,65+ Years,2097638,2026-06-13,68.2624431808637
Oklahoma,6 Months - 4 Years,229178,2025-08-16,5.2754097690005
Oklahoma,6 Months - 4 Years,229178,2025-08-23,5.2754097690005
Oklahoma,6 Months - 4 Years,229178,2025-08-30,5.2754097690005
Oklahoma,6 Months - 4 Years,229178,2025-09-06,5.2754097690005
Oklahoma,6 Months - 4 Years,229178,2025-09-13,6.73046894361049
Oklahoma,6 Months - 4 Years,229178,2025-09-20,7.02647741180499
Oklahoma,6 Months - 4 Years,229178,2025-09-27,8.06786259348151
Oklahoma,6 Months - 4 Years,229178,2025-10-04,10.9517884847413
Oklahoma,6 Months - 4 Years,229178,2025-10-11,13.2177309431197
Oklahoma,6 Months - 4 Years,229178,2025-10-18,16.3538691936017
Oklahoma,6 Months - 4 Years,229178,2025-10-25,20.2815411099596
Oklahoma,6 Months - 4 Years,229178,2025-11-01,24.9210177687946
Oklahoma,6 Months - 4 Years,229178,2025-11-08,33.6008959121199
Oklahoma,6 Months - 4 Years,229178,2025-11-15,36.8430934161149
Oklahoma,6 Months - 4 Years,229178,2025-11-22,39.1892828024185
Oklahoma,6 Months - 4 Years,229178,2025-11-29,40.8363683285089
Oklahoma,6 Months - 4 Years,229178,2025-12-06,43.5796903735839
Oklahoma,6 Months - 4 Years,229178,2025-12-13,44.54006833672
Oklahoma,6 Months - 4 Years,229178,2025-12-20,45.2364659898168
Oklahoma,6 Months - 4 Years,229178,2025-12-27,45.7494002335481
Oklahoma,6 Months - 4 Years,229178,2026-01-03,46.3315605458168
Oklahoma,6 Months - 4 Years,229178,2026-01-10,47.2389752321684
Oklahoma,6 Months - 4 Years,229178,2026-01-17,47.6767282084943
Oklahoma,6 Months - 4 Years,229178,2026-01-24,48.1390662891225
Oklahoma,6 Months - 4 Years,229178,2026-01-31,48.5427458974315
Oklahoma,6 Months - 4 Years,229178,2026-02-07,49.4099762611811
Oklahoma,6 Months - 4 Years,229178,2026-02-14,49.772221500241
Oklahoma,6 Months - 4 Years,229178,2026-02-21,50.071668538149
Oklahoma,6 Months - 4 Years,229178,2026-02-28,50.3281010827248
Oklahoma,6 Months - 4 Years,229178,2026-03-07,50.8402892156633
Oklahoma,6 Months - 4 Years,229178,2026-03-14,51.1542691674981
Oklahoma,6 Months - 4 Years,229178,2026-03-21,51.5446599142486
Oklahoma,6 Months - 4 Years,229178,2026-03-28,51.9814981377977
Oklahoma,6 Months - 4 Years,229178,2026-04-04,52.4225998516307
Oklahoma,6 Months - 4 Years,229178,2026-04-11,53.1060846857095
Oklahoma,6 Months - 4 Years,229178,2026-04-18,53.2562414286658
Oklahoma,6 Months - 4 Years,229178,2026-04-25,53.3
Oklahoma,6 Months - 4 Years,229178,2026-05-02,53.3
Oklahoma,6 Months - 4 Years,229178,2026-05-09,53.3055117592451
Oklahoma,6 Months - 4 Years,229178,2026-05-16,53.3250128628351
Oklahoma,6 Months - 4 Years,229178,2026-05-23,53.3697293604461
Oklahoma,6 Months - 4 Years,229178,2026-05-30,53.4456526093534
Oklahoma,6 Months - 4 Years,229178,2026-06-06,53.6426883518017
Oklahoma,6 Months - 4 Years,229178,2026-06-13,53.7659083142615
Oklahoma,5-12 Years,431280,2025-08-16,3.51505410996188
Oklahoma,5-12 Years,431280,2025-08-23,3.51505410996188
Oklahoma,5-12 Years,431280,2025-08-30,3.51505410996188
Oklahoma,5-12 Years,431280,2025-09-06,3.51505410996188
Oklahoma,5-12 Years,431280,2025-09-13,4.63992802747349
Oklahoma,5-12 Years,431280,2025-09-20,5.1744779904747
Oklahoma,5-12 Years,431280,2025-09-27,6.16284248417595
Oklahoma,5-12 Years,431280,2025-10-04,8.6560011837032
Oklahoma,5-12 Years,431280,2025-10-11,10.4201839012511
Oklahoma,5-12 Years,431280,2025-10-18,12.7121513704441
Oklahoma,5-12 Years,431280,2025-10-25,15.4851534428478
Oklahoma,5-12 Years,431280,2025-11-01,18.7598387799519
Oklahoma,5-12 Years,431280,2025-11-08,24.9789995856126
Oklahoma,5-12 Years,431280,2025-11-15,27.4921280472166
Oklahoma,5-12 Years,431280,2025-11-22,29.5182754687209
Oklahoma,5-12 Years,431280,2025-11-29,31.1162654461133
Oklahoma,5-12 Years,431280,2025-12-06,33.8453156758745
Oklahoma,5-12 Years,431280,2025-12-13,34.8195319619221
Oklahoma,5-12 Years,431280,2025-12-20,35.5180905929826
Oklahoma,5-12 Years,431280,2025-12-27,36.0184067981727
Oklahoma,5-12 Years,431280,2026-01-03,36.5788071754066
Oklahoma,5-12 Years,431280,2026-01-10,37.445270001538
Oklahoma,5-12 Years,431280,2026-01-17,37.8613257719951
Oklahoma,5-12 Years,431280,2026-01-24,38.2958046230805
Oklahoma,5-12 Years,431280,2026-01-31,38.6583509156196
Oklahoma,5-12 Years,431280,2026-02-07,39.3874906273639
Oklahoma,5-12 Years,431280,2026-02-14,39.6379942695806
Oklahoma,5-12 Years,431280,2026-02-21,39.7983632133444
Oklahoma,5-12 Years,431280,2026-02-28,39.9012585021903
Oklahoma,5-12 Years,431280,2026-03-07,40.1077263983818
Oklahoma,5-12 Years,431280,2026-03-14,40.2782821372409
Oklahoma,5-12 Years,431280,2026-03-21,40.543031652576
Oklahoma,5-12 Years,431280,2026-03-28,40.8809961026126
Oklahoma,5-12 Years,431280,2026-04-04,41.2389338711878
Oklahoma,5-12 Years,431280,2026-04-11,41.8240647035219
Oklahoma,5-12 Years,431280,2026-04-18,41.9596904076599
Oklahoma,5-12 Years,431280,2026-04-25,42.0
Oklahoma,5-12 Years,431280,2026-05-02,42.0
Oklahoma,5-12 Years,431280,2026-05-09,42.0132282221883
Oklahoma,5-12 Years,431280,2026-05-16,42.0600308708043
Oklahoma,5-12 Years,431280,2026-05-23,42.1673504650706
Oklahoma,5-12 Years,431280,2026-05-30,42.3495662624481
Oklahoma,5-12 Years,431280,2026-06-06,42.8224520443241
Oklahoma,5-12 Years,431280,2026-06-13,43.1181799542276
Oklahoma,13-17 Years,268671,2025-08-16,1.10425030234609
Oklahoma,13-17 Years,268671,2025-08-23,1.10425030234609
Oklahoma,13-17 Years,268671,2025-08-30,1.10425030234609
Oklahoma,13-17 Years,268671,2025-09-06,1.10425030234609
Oklahoma,13-17 Years,268671,2025-09-13,1.50380007183122
Oklahoma,13-17 Years,268671,2025-09-20,1.77229911694702
Oklahoma,13-17 Years,268671,2025-09-27,2.52955131267643
Oklahoma,13-17 Years,268671,2025-10-04,4.57510655095934
Oklahoma,13-17 Years,268671,2025-10-11,6.10378799329955
Oklahoma,13-17 Years,268671,2025-10-18,8.14645166434648
Oklahoma,13-17 Years,268671,2025-10-25,10.6879812044945
Oklahoma,13-17 Years,268671,2025-11-01,13.7822673284249
Oklahoma,13-17 Years,268671,2025-11-08,19.9180095680971
Oklahoma,13-17 Years,268671,2025-11-15,22.6632683689756
Oklahoma,13-17 Years,268671,2025-11-22,25.1036823715844
Oklahoma,13-17 Years,268671,2025-11-29,27.1901099789536
Oklahoma,13-17 Years,268671,2025-12-06,30.7566004788768
Oklahoma,13-17 Years,268671,2025-12-13,31.9598022380883
Oklahoma,13-17 Years,268671,2025-12-20,32.7200010268233
Oklahoma,13-17 Years,268671,2025-12-27,33.1674998493646
Oklahoma,13-17 Years,268671,2026-01-03,33.6510719819472
Oklahoma,13-17 Years,268671,2026-01-10,34.3718132707446
Oklahoma,13-17 Years,268671,2026-01-17,34.7314457942898
Oklahoma,13-17 Years,268671,2026-01-24,35.1203862576829
Oklahoma,13-17 Years,268671,2026-01-31,35.4519163334071
Oklahoma,13-17 Years,268671,2026-02-07,36.1170269240145
Oklahoma,13-17 Years,268671,2026-02-14,36.3476426875368
Oklahoma,13-17 Years,268671,2026-02-21,36.4965801639242
Oklahoma,13-17 Years,268671,2026-02-28,36.5875076804494
Oklahoma,13-17 Years,268671,2026-03-07,36.7356011794202
Oklahoma,13-17 Years,268671,2026-03-14,36.7912344368712
Oklahoma,13-17 Years,268671,2026-03-21,36.8381468108851
Oklahoma,13-17 Years,268671,2026-03-28,36.8786749602084
Oklahoma,13-17 Years,268671,2026-04-04,36.9222030064923
Oklahoma,13-17 Years,268671,2026-04-11,36.9885018561737
Oklahoma,13-17 Years,268671,2026-04-18,37.0117297913335
Oklahoma,13-17 Years,268671,2026-04-25,37.0307908963762
Oklahoma,13-17 Years,268671,2026-05-02,37.0461960004902
Oklahoma,13-17 Years,268671,2026-05-09,37.090646099277
Oklahoma,13-17 Years,268671,2026-05-16,37.1315715074314
Oklahoma,13-17 Years,268671,2026-05-23,37.1976426055792
Oklahoma,13-17 Years,268671,2026-05-30,37.2928281574612
Oklahoma,13-17 Years,268671,2026-06-06,37.5240700311775
Oklahoma,13-17 Years,268671,2026-06-13,37.6646052138997
Oklahoma,6 Months - 17 Years,929130,2025-08-16,3.53078370382574
Oklahoma,6 Months - 17 Years,929130,2025-08-23,3.53078370382574
Oklahoma,6 Months - 17 Years,929130,2025-08-30,3.53078370382574
Oklahoma,6 Months - 17 Years,929130,2025-09-06,3.53078370382574
Oklahoma,6 Months - 17 Years,929130,2025-09-13,4.55417335540025
Oklahoma,6 Months - 17 Years,929130,2025-09-20,4.86008653801684
Oklahoma,6 Months - 17 Years,929130,2025-09-27,5.71628188833668
Oklahoma,6 Months - 17 Years,929130,2025-10-04,8.0276562428442
Oklahoma,6 Months - 17 Years,929130,2025-10-11,9.77747181047597
Oklahoma,6 Months - 17 Years,929130,2025-10-18,12.1417102141671
Oklahoma,6 Months - 17 Years,929130,2025-10-25,15.0803102666796
Oklahoma,6 Months - 17 Years,929130,2025-11-01,18.5967902464009
Oklahoma,6 Months - 17 Years,929130,2025-11-08,25.3534987905114
Oklahoma,6 Months - 17 Years,929130,2025-11-15,28.1103833106893
Oklahoma,6 Months - 17 Years,929130,2025-11-22,30.3350164210677
Oklahoma,6 Months - 17 Years,929130,2025-11-29,32.0838818824789
Oklahoma,6 Months - 17 Years,929130,2025-12-06,35.0491356043017
Oklahoma,6 Months - 17 Years,929130,2025-12-13,36.0806320788292
Oklahoma,6 Months - 17 Years,929130,2025-12-20,36.7922766272372
Oklahoma,6 Months - 17 Years,929130,2025-12-27,37.2776678407484
Oklahoma,6 Months - 17 Years,929130,2026-01-03,37.8210492213163
Oklahoma,6 Months - 17 Years,929130,2026-01-10,38.6577781403542
Oklahoma,6 Months - 17 Years,929130,2026-01-17,39.0720561753033
Oklahoma,6 Months - 17 Years,929130,2026-01-24,39.5154085075954
Oklahoma,6 Months - 17 Years,929130,2026-01-31,39.8943900131508
Oklahoma,6 Months - 17 Years,929130,2026-02-07,40.6652467034609
Oklahoma,6 Months - 17 Years,929130,2026-02-14,40.9400064402496
Oklahoma,6 Months - 17 Years,929130,2026-02-21,41.1243711024106
Oklahoma,6 Months - 17 Years,929130,2026-02-28,41.2487374750949
Oklahoma,6 Months - 17 Years,929130,2026-03-07,41.4873737968124
Oklahoma,6 Months - 17 Years,929130,2026-03-14,41.6447665744566
Oklahoma,6 Months - 17 Years,929130,2026-03-21,41.8581605568346
Oklahoma,6 Months - 17 Years,929130,2026-03-28,42.1107048943163
Oklahoma,6 Months - 17 Years,929130,2026-04-04,42.3703181219732
Oklahoma,6 Months - 17 Years,929130,2026-04-11,42.7809264163231
Oklahoma,6 Months - 17 Years,929130,2026-04-18,42.8729720724118
Oklahoma,6 Months - 17 Years,929130,2026-04-25,42.9
Oklahoma,6 Months - 17 Years,929130,2026-05-02,42.9
Oklahoma,6 Months - 17 Years,929130,2026-05-09,42.9088188147922
Oklahoma,6 Months - 17 Years,929130,2026-05-16,42.9400205805362
Oklahoma,6 Months - 17 Years,929130,2026-05-23,43.0115669767137
Oklahoma,6 Months - 17 Years,929130,2026-05-30,43.1330441749654
Oklahoma,6 Months - 17 Years,929130,2026-06-06,43.4483013628827
Oklahoma,6 Months - 17 Years,929130,2026-06-13,43.6454533028184
Oklahoma,18-49 Years,1641710,2025-08-16,1.07236097846555
Oklahoma,18-49 Years,1641710,2025-08-23,1.07236097846555
Oklahoma,18-49 Years,1641710,2025-08-30,1.07236097846555
Oklahoma,18-49 Years,1641710,2025-09-06,1.07236097846555
Oklahoma,18-49 Years,1641710,2025-09-13,1.39156073264033
Oklahoma,18-49 Years,1641710,2025-09-20,1.50426025840489
Oklahoma,18-49 Years,1641710,2025-09-27,1.96179732270559
Oklahoma,18-49 Years,1641710,2025-10-04,3.25301313333591
Oklahoma,18-49 Years,1641710,2025-10-11,4.29151630597034
Oklahoma,18-49 Years,1641710,2025-10-18,5.75842410236102
Oklahoma,18-49 Years,1641710,2025-10-25,7.64026631608372
Oklahoma,18-49 Years,1641710,2025-11-01,9.92961668346745
Oklahoma,18-49 Years,1641710,2025-11-08,14.3976151354862
Oklahoma,18-49 Years,1641710,2025-11-15,16.2538831354918
Oklahoma,18-49 Years,1641710,2025-11-22,17.7685326006027
Oklahoma,18-49 Years,1641710,2025-11-29,18.9745878774889
Oklahoma,18-49 Years,1641710,2025-12-06,21.0424255152449
Oklahoma,18-49 Years,1641710,2025-12-13,21.7798972874609
Oklahoma,18-49 Years,1641710,2025-12-20,22.3031006068592
Oklahoma,18-49 Years,1641710,2025-12-27,22.673440425565
Oklahoma,18-49 Years,1641710,2026-01-03,23.0972885499736
Oklahoma,18-49 Years,1641710,2026-01-10,23.7591437757417
Oklahoma,18-49 Years,1641710,2026-01-17,24.0882560628604
Oklahoma,18-49 Years,1641710,2026-01-24,24.4471725476877
Oklahoma,18-49 Years,1641710,2026-01-31,24.7807959666965
Oklahoma,18-49 Years,1641710,2026-02-07,25.5543250320515
Oklahoma,18-49 Years,1641710,2026-02-14,25.9675227455129
Oklahoma,18-49 Years,1641710,2026-02-21,26.3977516751548
Oklahoma,18-49 Years,1641710,2026-02-28,26.8145655641284
Oklahoma,18-49 Years,1641710,2026-03-07,27.5479040718786
Oklahoma,18-49 Years,1641710,2026-03-14,27.7980923430935
Oklahoma,18-49 Years,1641710,2026-03-21,27.9482336792984
Oklahoma,18-49 Years,1641710,2026-03-28,28.0248813205532
Oklahoma,18-49 Years,1641710,2026-04-04,28.0956497268433
Oklahoma,18-49 Years,1641710,2026-04-11,28.1879454785461
Oklahoma,18-49 Years,1641710,2026-04-18,28.2188394972008
Oklahoma,18-49 Years,1641710,2026-04-25,28.2441459286617
Oklahoma,18-49 Years,1641710,2026-05-02,28.260600143931
Oklahoma,18-49 Years,1641710,2026-05-09,28.2902921067505
Oklahoma,18-49 Years,1641710,2026-05-16,28.2973518089461
Oklahoma,18-49 Years,1641710,2026-05-23,28.2998024097929
Oklahoma,18-49 Years,1641710,2026-05-30,28.2999341365976
Oklahoma,18-49 Years,1641710,2026-06-06,28.3
Oklahoma,18-49 Years,1641710,2026-06-13,28.3
Oklahoma,50-64 Years,712704,2025-08-16,0.84760877510796
Oklahoma,50-64 Years,712704,2025-08-23,0.84760877510796
Oklahoma,50-64 Years,712704,2025-08-30,0.84760877510796
Oklahoma,50-64 Years,712704,2025-09-06,0.84760877510796
Oklahoma,50-64 Years,712704,2025-09-13,1.13610467191101
Oklahoma,50-64 Years,712704,2025-09-20,1.30533680870224
Oklahoma,50-64 Years,712704,2025-09-27,1.99120016778081
Oklahoma,50-64 Years,712704,2025-10-04,3.92815220974182
Oklahoma,50-64 Years,712704,2025-10-11,5.49077340441957
Oklahoma,50-64 Years,712704,2025-10-18,7.7047888360691
Oklahoma,50-64 Years,712704,2025-10-25,10.5523139873771
Oklahoma,50-64 Years,712704,2025-11-01,14.0230075600188
Oklahoma,50-64 Years,712704,2025-11-08,20.8040505150407
Oklahoma,50-64 Years,712704,2025-11-15,23.615481842578
Oklahoma,50-64 Years,712704,2025-11-22,25.9041441856739
Oklahoma,50-64 Years,712704,2025-11-29,27.739037817958
Oklahoma,50-64 Years,712704,2025-12-06,30.9644852727497
Oklahoma,50-64 Years,712704,2025-12-13,32.2193896111519
Oklahoma,50-64 Years,712704,2025-12-20,33.2210897907451
Oklahoma,50-64 Years,712704,2025-12-27,34.0240961270891
Oklahoma,50-64 Years,712704,2026-01-03,34.8944223783922
Oklahoma,50-64 Years,712704,2026-01-10,36.2243090324271
Oklahoma,50-64 Years,712704,2026-01-17,36.7495246178911
Oklahoma,50-64 Years,712704,2026-01-24,37.2224963451889
Oklahoma,50-64 Years,712704,2026-01-31,37.585792070832
Oklahoma,50-64 Years,712704,2026-02-07,38.3694999758797
Oklahoma,50-64 Years,712704,2026-02-14,38.7156154213641
Oklahoma,50-64 Years,712704,2026-02-21,39.0301273324713
Oklahoma,50-64 Years,712704,2026-02-28,39.3068986613081
Oklahoma,50-64 Years,712704,2026-03-07,39.7809100381253
Oklahoma,50-64 Years,712704,2026-03-14,39.942642378848
Oklahoma,50-64 Years,712704,2026-03-21,40.0472162710417
Oklahoma,50-64 Years,712704,2026-03-28,40.1116304751311
Oklahoma,50-64 Years,712704,2026-04-04,40.1862003378248
Oklahoma,50-64 Years,712704,2026-04-11,40.3032580907203
Oklahoma,50-64 Years,712704,2026-04-18,40.3721960921035
Oklahoma,50-64 Years,712704,2026-04-25,40.4524502180119
Oklahoma,50-64 Years,712704,2026-05-02,40.5215749521797
Oklahoma,50-64 Years,712704,2026-05-09,40.6507988771515
Oklahoma,50-64 Years,712704,2026-05-16,40.6858531025239
Oklahoma,50-64 Years,712704,2026-05-23,40.698890166519
Oklahoma,50-64 Years,712704,2026-05-30,40.6996300555063
Oklahoma,50-64 Years,712704,2026-06-06,40.7
Oklahoma,50-64 Years,712704,2026-06-13,40.7
Oklahoma,65+ Years,653159,2025-08-16,1.47062484558902
Oklahoma,65+ Years,653159,2025-08-23,1.47062484558902
Oklahoma,65+ Years,653159,2025-08-30,1.47062484558902
Oklahoma,65+ Years,653159,2025-09-06,1.47062484558902
Oklahoma,65+ Years,653159,2025-09-13,2.18259570710767
Oklahoma,65+ Years,653159,2025-09-20,2.93080215169925
Oklahoma,65+ Years,653159,2025-09-27,4.43421882284459
Oklahoma,65+ Years,653159,2025-10-04,8.29035146869535
Oklahoma,65+ Years,653159,2025-10-11,11.0705057076217
Oklahoma,65+ Years,653159,2025-10-18,14.7242147345257
Oklahoma,65+ Years,653159,2025-10-25,19.1768005091986
Oklahoma,65+ Years,653159,2025-11-01,24.4451060064865
Oklahoma,65+ Years,653159,2025-11-08,34.440099370458
Oklahoma,65+ Years,653159,2025-11-15,38.4247252429769
Oklahoma,65+ Years,653159,2025-11-22,41.5810968198982
Oklahoma,65+ Years,653159,2025-11-29,44.0501491161876
Oklahoma,65+ Years,653159,2025-12-06,48.3608029503267
Oklahoma,65+ Years,653159,2025-12-13,50.0223332152888
Oklahoma,65+ Years,653159,2025-12-20,51.3446630047705
Oklahoma,65+ Years,653159,2025-12-27,52.415403499608
Oklahoma,65+ Years,653159,2026-01-03,53.6571795546033
Oklahoma,65+ Years,653159,2026-01-10,55.6357562581368
Oklahoma,65+ Years,653159,2026-01-17,56.5740320188767
Oklahoma,65+ Years,653159,2026-01-24,57.5431251262236
Oklahoma,65+ Years,653159,2026-01-31,58.3796083982646
Oklahoma,65+ Years,653159,2026-02-07,60.1968956243088
Oklahoma,65+ Years,653159,2026-02-14,61.0005461648407
Oklahoma,65+ Years,653159,2026-02-21,61.7084194866391
Oklahoma,65+ Years,653159,2026-02-28,62.3184710802821
Oklahoma,65+ Years,653159,2026-03-07,63.3898203192026
Oklahoma,65+ Years,653159,2026-03-14,63.7952298336407
Oklahoma,65+ Years,653159,2026-03-21,64.1031095564198
Oklahoma,65+ Years,653159,2026-03-28,64.3354592369639
Oklahoma,65+ Years,653159,2026-04-04,64.5826501203953
Oklahoma,65+ Years,653159,2026-04-11,64.9540339605752
Oklahoma,65+ Years,653159,2026-04-18,65.1006413580025
Oklahoma,65+ Years,653159,2026-04-25,65.2328790138461
Oklahoma,65+ Years,653159,2026-05-02,65.3310171056026
Oklahoma,65+ Years,653159,2026-05-09,65.5306889563631
Oklahoma,65+ Years,653159,2026-05-16,65.6053162737169
Oklahoma,65+ Years,653159,2026-05-23,65.662440098621
Oklahoma,65+ Years,653159,2026-05-30,65.7052796551931
Oklahoma,65+ Years,653159,2026-06-06,65.7718189755914
Oklahoma,65+ Years,653159,2026-06-13,65.7841825056716
Oregon,6 Months - 4 Years,200037,2025-08-16,3.04120527571323
Oregon,6 Months - 4 Years,200037,2025-08-23,3.04120527571323
Oregon,6 Months - 4 Years,200037,2025-08-30,3.04120527571323
Oregon,6 Months - 4 Years,200037,2025-09-06,3.04120527571323
Oregon,6 Months - 4 Years,200037,2025-09-13,5.01152046266252
Oregon,6 Months - 4 Years,200037,2025-09-20,7.59838405697785
Oregon,6 Months - 4 Years,200037,2025-09-27,10.2448450421533
Oregon,6 Months - 4 Years,200037,2025-10-04,15.626185788265
Oregon,6 Months - 4 Years,200037,2025-10-11,18.4269699190573
Oregon,6 Months - 4 Years,200037,2025-10-18,21.341520476226
Oregon,6 Months - 4 Years,200037,2025-10-25,24.3349247330552
Oregon,6 Months - 4 Years,200037,2025-11-01,27.6673213117929
Oregon,6 Months - 4 Years,200037,2025-11-08,33.7671270050864
Oregon,6 Months - 4 Years,200037,2025-11-15,36.3469867953585
Oregon,6 Months - 4 Years,200037,2025-11-22,38.6606891475106
Oregon,6 Months - 4 Years,200037,2025-11-29,40.7379998795092
Oregon,6 Months - 4 Years,200037,2025-12-06,44.6297602110784
Oregon,6 Months - 4 Years,200037,2025-12-13,46.4038021518027
Oregon,6 Months - 4 Years,200037,2025-12-20,48.0666019953609
Oregon,6 Months - 4 Years,200037,2025-12-27,49.5950092812357
Oregon,6 Months - 4 Years,200037,2026-01-03,51.1862548319103
Oregon,6 Months - 4 Years,200037,2026-01-10,53.6025059534785
Oregon,6 Months - 4 Years,200037,2026-01-17,54.3361031944097
Oregon,6 Months - 4 Years,200037,2026-01-24,54.8257210996532
Oregon,6 Months - 4 Years,200037,2026-01-31,55.1251672820939
Oregon,6 Months - 4 Years,200037,2026-02-07,55.8179167647104
Oregon,6 Months - 4 Years,200037,2026-02-14,56.1935169448269
Oregon,6 Months - 4 Years,200037,2026-02-21,56.620430766664
Oregon,6 Months - 4 Years,200037,2026-02-28,57.0838647227629
Oregon,6 Months - 4 Years,200037,2026-03-07,58.0048976984604
Oregon,6 Months - 4 Years,200037,2026-03-14,58.4468056671287
Oregon,6 Months - 4 Years,200037,2026-03-21,58.8604735757419
Oregon,6 Months - 4 Years,200037,2026-03-28,59.2297532556301
Oregon,6 Months - 4 Years,200037,2026-04-04,59.5777425062974
Oregon,6 Months - 4 Years,200037,2026-04-11,60.0724497600632
Oregon,6 Months - 4 Years,200037,2026-04-18,60.1720022312141
Oregon,6 Months - 4 Years,200037,2026-04-25,60.2
Oregon,6 Months - 4 Years,200037,2026-05-02,60.2
Oregon,6 Months - 4 Years,200037,2026-05-09,60.2815740368282
Oregon,6 Months - 4 Years,200037,2026-05-16,60.5701903699599
Oregon,6 Months - 4 Years,200037,2026-05-23,61.231994534602
Oregon,6 Months - 4 Years,200037,2026-05-30,62.3556586184297
Oregon,6 Months - 4 Years,200037,2026-06-06,65.2717876066652
Oregon,6 Months - 4 Years,200037,2026-06-13,67.09544305107
Oregon,5-12 Years,391027,2025-08-16,3.50791276553501
Oregon,5-12 Years,391027,2025-08-23,3.50791276553501
Oregon,5-12 Years,391027,2025-08-30,3.50791276553501
Oregon,5-12 Years,391027,2025-09-06,3.50791276553501
Oregon,5-12 Years,391027,2025-09-13,4.77203933233839
Oregon,5-12 Years,391027,2025-09-20,5.61201092618427
Oregon,5-12 Years,391027,2025-09-27,6.98212866629012
Oregon,5-12 Years,391027,2025-10-04,10.3396404980603
Oregon,5-12 Years,391027,2025-10-11,12.6437208900466
Oregon,5-12 Years,391027,2025-10-18,15.5826495572719
Oregon,5-12 Years,391027,2025-10-25,19.0899435093542
Oregon,5-12 Years,391027,2025-11-01,23.1972977711794
Oregon,5-12 Years,391027,2025-11-08,30.9124898177834
Oregon,5-12 Years,391027,2025-11-15,33.9506699139905
Oregon,5-12 Years,391027,2025-11-22,36.3435428704003
Oregon,5-12 Years,391027,2025-11-29,38.2227573760664
Oregon,5-12 Years,391027,2025-12-06,41.5851132679808
Oregon,5-12 Years,391027,2025-12-13,43.0254891623322
Oregon,5-12 Years,391027,2025-12-20,44.3308112507511
Oregon,5-12 Years,391027,2025-12-27,45.4940656370563
Oregon,5-12 Years,391027,2026-01-03,46.6433506731298
Oregon,5-12 Years,391027,2026-01-10,48.3192173180276
Oregon,5-12 Years,391027,2026-01-17,48.745761071929
Oregon,5-12 Years,391027,2026-01-24,48.9706517092034
Oregon,5-12 Years,391027,2026-01-31,49.083187127061
Oregon,5-12 Years,391027,2026-02-07,49.4244416804807
Oregon,5-12 Years,391027,2026-02-14,49.8179393849348
Oregon,5-12 Years,391027,2026-02-21,50.47715487857
Oregon,5-12 Years,391027,2026-02-28,51.3251080497796
Oregon,5-12 Years,391027,2026-03-07,52.9852314164341
Oregon,5-12 Years,391027,2026-03-14,53.5978382983887
Oregon,5-12 Years,391027,2026-03-21,53.9413792985577
Oregon,5-12 Years,391027,2026-03-28,54.0725122812507
Oregon,5-12 Years,391027,2026-04-04,54.1734109640926
Oregon,5-12 Years,391027,2026-04-11,54.2779179756475
Oregon,5-12 Years,391027,2026-04-18,54.2954809323433
Oregon,5-12 Years,391027,2026-04-25,54.3
Oregon,5-12 Years,391027,2026-05-02,54.3
Oregon,5-12 Years,391027,2026-05-09,54.3099211666413
Oregon,5-12 Years,391027,2026-05-16,54.3450231531032
Oregon,5-12 Years,391027,2026-05-23,54.4255128488029
Oregon,5-12 Years,391027,2026-05-30,54.562174696836
Oregon,5-12 Years,391027,2026-06-06,54.9168390332431
Oregon,5-12 Years,391027,2026-06-13,55.1386349656707
Oregon,13-17 Years,248705,2025-08-16,0.8863763105594
Oregon,13-17 Years,248705,2025-08-23,0.8863763105594
Oregon,13-17 Years,248705,2025-08-30,0.8863763105594
Oregon,13-17 Years,248705,2025-09-06,0.8863763105594
Oregon,13-17 Years,248705,2025-09-13,1.47749118430528
Oregon,13-17 Years,248705,2025-09-20,2.27937710064342
Oregon,13-17 Years,248705,2025-09-27,3.61263771271378
Oregon,13-17 Years,248705,2025-10-04,6.89485516653913
Oregon,13-17 Years,248705,2025-10-11,9.14070679788534
Oregon,13-17 Years,248705,2025-10-18,11.9926346059639
Oregon,13-17 Years,248705,2025-10-25,15.4035139474153
Oregon,13-17 Years,248705,2025-11-01,19.4472833889104
Oregon,13-17 Years,248705,2025-11-08,27.2298690375031
Oregon,13-17 Years,248705,2025-11-15,30.5416055881913
Oregon,13-17 Years,248705,2025-11-22,33.3748798147624
Oregon,13-17 Years,248705,2025-11-29,35.7274818010633
Oregon,13-17 Years,248705,2025-12-06,39.7510535820476
Oregon,13-17 Years,248705,2025-12-13,41.1555529781145
Oregon,13-17 Years,248705,2025-12-20,42.1132123596217
Oregon,13-17 Years,248705,2025-12-27,42.7435545740189
Oregon,13-17 Years,248705,2026-01-03,43.3728782992469
Oregon,13-17 Years,248705,2026-01-10,44.2628823801715
Oregon,13-17 Years,248705,2026-01-17,44.5659335830516
Oregon,13-17 Years,248705,2026-01-24,44.8161242616394
Oregon,13-17 Years,248705,2026-01-31,45.0089477414514
Oregon,13-17 Years,248705,2026-02-07,45.5150562466662
Oregon,13-17 Years,248705,2026-02-14,45.9128686003852
Oregon,13-17 Years,248705,2026-02-21,46.4674832946105
Oregon,13-17 Years,248705,2026-02-28,47.1100854892075
Oregon,13-17 Years,248705,2026-03-07,48.293506466857
Oregon,13-17 Years,248705,2026-03-14,48.6893458589326
Oregon,13-17 Years,248705,2026-03-21,48.8853067150981
Oregon,13-17 Years,248705,2026-03-28,48.9353834503937
Oregon,13-17 Years,248705,2026-04-04,48.9691327738247
Oregon,13-17 Years,248705,2026-04-11,48.9947915070325
Oregon,13-17 Years,248705,2026-04-18,48.9989516278129
Oregon,13-17 Years,248705,2026-04-25,49.0
Oregon,13-17 Years,248705,2026-05-02,49.0
Oregon,13-17 Years,248705,2026-05-09,49.0
Oregon,13-17 Years,248705,2026-05-16,49.0
Oregon,13-17 Years,248705,2026-05-23,49.0
Oregon,13-17 Years,248705,2026-05-30,49.0
Oregon,13-17 Years,248705,2026-06-06,49.0
Oregon,13-17 Years,248705,2026-06-13,49.0
Oregon,6 Months - 17 Years,839769,2025-08-16,2.86949658474481
Oregon,6 Months - 17 Years,839769,2025-08-23,2.86949658474481
Oregon,6 Months - 17 Years,839769,2025-08-30,2.86949658474481
Oregon,6 Months - 17 Years,839769,2025-09-06,2.86949658474481
Oregon,6 Months - 17 Years,839769,2025-09-13,4.07839942991958
Oregon,6 Months - 17 Years,839769,2025-09-20,5.14284311825252
Oregon,6 Months - 17 Years,839769,2025-09-27,6.65923459084638
Oregon,6 Months - 17 Years,839769,2025-10-04,10.2361905771197
Oregon,6 Months - 17 Years,839769,2025-10-11,12.570609254316
Oregon,6 Months - 17 Years,839769,2025-10-18,15.4492671934904
Oregon,6 Months - 17 Years,839769,2025-10-25,18.8134307318188
Oregon,6 Months - 17 Years,839769,2025-11-01,22.7422294389119
Oregon,6 Months - 17 Years,839769,2025-11-08,30.1599743891543
Oregon,6 Months - 17 Years,839769,2025-11-15,33.191645705444
Oregon,6 Months - 17 Years,839769,2025-11-22,35.7001237578943
Oregon,6 Months - 17 Years,839769,2025-11-29,37.7593748234535
Oregon,6 Months - 17 Years,839769,2025-12-06,41.4326606747676
Oregon,6 Months - 17 Years,839769,2025-12-13,42.9391465108883
Oregon,6 Months - 17 Years,839769,2025-12-20,44.2221776797904
Oregon,6 Months - 17 Years,839769,2025-12-27,45.3045465028548
Oregon,6 Months - 17 Years,839769,2026-01-03,46.3893868661005
Oregon,6 Months - 17 Years,839769,2026-01-10,47.9736900538686
Oregon,6 Months - 17 Years,839769,2026-01-17,48.4226383091015
Oregon,6 Months - 17 Years,839769,2026-01-24,48.7076915700845
Oregon,6 Months - 17 Years,839769,2026-01-31,48.8811392204822
Oregon,6 Months - 17 Years,839769,2026-02-07,49.3433750772731
Oregon,6 Months - 17 Years,839769,2026-02-14,49.7271354960406
Oregon,6 Months - 17 Years,839769,2026-02-21,50.2889585131621
Oregon,6 Months - 17 Years,839769,2026-02-28,50.9701728228467
Oregon,6 Months - 17 Years,839769,2026-03-07,52.2880080661504
Oregon,6 Months - 17 Years,839769,2026-03-14,52.7899922171229
Oregon,6 Months - 17 Years,839769,2026-03-21,53.1056999503956
Oregon,6 Months - 17 Years,839769,2026-03-28,53.2690028614079
Oregon,6 Months - 17 Years,839769,2026-04-04,53.404527409839
Oregon,6 Months - 17 Years,839769,2026-04-11,53.5646413489512
Oregon,6 Months - 17 Years,839769,2026-04-18,53.5926381947271
Oregon,6 Months - 17 Years,839769,2026-04-25,53.6
Oregon,6 Months - 17 Years,839769,2026-05-02,53.6
Oregon,6 Months - 17 Years,839769,2026-05-09,53.6154329258864
Oregon,6 Months - 17 Years,839769,2026-05-16,53.6700360159384
Oregon,6 Months - 17 Years,839769,2026-05-23,53.795242209249
Oregon,6 Months - 17 Years,839769,2026-05-30,54.0078273061894
Oregon,6 Months - 17 Years,839769,2026-06-06,54.5595273850448
Oregon,6 Months - 17 Years,839769,2026-06-13,54.9045432799322
Oregon,18-49 Years,1803746,2025-08-16,0.932168411979519
Oregon,18-49 Years,1803746,2025-08-23,0.932168411979519
Oregon,18-49 Years,1803746,2025-08-30,0.932168411979519
Oregon,18-49 Years,1803746,2025-09-06,0.932168411979519
Oregon,18-49 Years,1803746,2025-09-13,1.23922798265583
Oregon,18-49 Years,1803746,2025-09-20,1.40008873630348
Oregon,18-49 Years,1803746,2025-09-27,1.96223587240685
Oregon,18-49 Years,1803746,2025-10-04,3.51731886359573
Oregon,18-49 Years,1803746,2025-10-11,4.7169122194203
Oregon,18-49 Years,1803746,2025-10-18,6.35322248998435
Oregon,18-49 Years,1803746,2025-10-25,8.40438172370852
Oregon,18-49 Years,1803746,2025-11-01,10.879191771468
Oregon,18-49 Years,1803746,2025-11-08,15.6844041878035
Oregon,18-49 Years,1803746,2025-11-15,17.6885328038557
Oregon,18-49 Years,1803746,2025-11-22,19.3409729587214
Oregon,18-49 Years,1803746,2025-11-29,20.6696939102927
Oregon,18-49 Years,1803746,2025-12-06,22.9461347234093
Oregon,18-49 Years,1803746,2025-12-13,23.7502374237295
Oregon,18-49 Years,1803746,2025-12-20,24.310580583715
Oregon,18-49 Years,1803746,2025-12-27,24.6990337147642
Oregon,18-49 Years,1803746,2026-01-03,25.1565567747338
Oregon,18-49 Years,1803746,2026-01-10,25.8839344023893
Oregon,18-49 Years,1803746,2026-01-17,26.2835860772876
Oregon,18-49 Years,1803746,2026-01-24,26.7448271035379
Oregon,18-49 Years,1803746,2026-01-31,27.1834663659017
Oregon,18-49 Years,1803746,2026-02-07,28.1510309017163
Oregon,18-49 Years,1803746,2026-02-14,28.5851159552039
Oregon,18-49 Years,1803746,2026-02-21,28.9647072018619
Oregon,18-49 Years,1803746,2026-02-28,29.3018835509717
Oregon,18-49 Years,1803746,2026-03-07,29.9588947791379
Oregon,18-49 Years,1803746,2026-03-14,30.3028425562094
Oregon,18-49 Years,1803746,2026-03-21,30.6741823246657
Oregon,18-49 Years,1803746,2026-03-28,31.0591547597761
Oregon,18-49 Years,1803746,2026-04-04,31.4819710029161
Oregon,18-49 Years,1803746,2026-04-11,32.1576410789293
Oregon,18-49 Years,1803746,2026-04-18,32.3775693150336
Oregon,18-49 Years,1803746,2026-04-25,32.5298969767868
Oregon,18-49 Years,1803746,2026-05-02,32.62433473799
Oregon,18-49 Years,1803746,2026-05-09,32.8315676279509
Oregon,18-49 Years,1803746,2026-05-16,32.927158604475
Oregon,18-49 Years,1803746,2026-05-23,33.0213828113293
Oregon,18-49 Years,1803746,2026-05-30,33.1138697413568
Oregon,18-49 Years,1803746,2026-06-06,33.29209754779
Oregon,18-49 Years,1803746,2026-06-13,33.3750093720858
Oregon,50-64 Years,784877,2025-08-16,0.95048961271868
Oregon,50-64 Years,784877,2025-08-23,0.95048961271868
Oregon,50-64 Years,784877,2025-08-30,0.95048961271868
Oregon,50-64 Years,784877,2025-09-06,0.95048961271868
Oregon,50-64 Years,784877,2025-09-13,1.44499591965195
Oregon,50-64 Years,784877,2025-09-20,2.00290439909882
Oregon,50-64 Years,784877,2025-09-27,3.02344266642871
Oregon,50-64 Years,784877,2025-10-04,5.59119222956141
Oregon,50-64 Years,784877,2025-10-11,7.38174567312209
Oregon,50-64 Years,784877,2025-10-18,9.67875787549773
Oregon,50-64 Years,784877,2025-10-25,12.4549251537035
Oregon,50-64 Years,784877,2025-11-01,15.784703341012
Oregon,50-64 Years,784877,2025-11-08,22.2867073644178
Oregon,50-64 Years,784877,2025-11-15,25.1301671090055
Oregon,50-64 Years,784877,2025-11-22,27.6263602521814
Oregon,50-64 Years,784877,2025-11-29,29.7708085665525
Oregon,50-64 Years,784877,2025-12-06,33.5684977452543
Oregon,50-64 Years,784877,2025-12-13,35.0095881653707
Oregon,50-64 Years,784877,2025-12-20,36.0950689366538
Oregon,50-64 Years,784877,2025-12-27,36.9119897852271
Oregon,50-64 Years,784877,2026-01-03,37.8372285680248
Oregon,50-64 Years,784877,2026-01-10,39.2828537175712
Oregon,50-64 Years,784877,2026-01-17,39.9600392190496
Oregon,50-64 Years,784877,2026-01-24,40.6570198221164
Oregon,50-64 Years,784877,2026-01-31,41.2530117947625
Oregon,50-64 Years,784877,2026-02-07,42.5346927224269
Oregon,50-64 Years,784877,2026-02-14,43.0823812152795
Oregon,50-64 Years,784877,2026-02-21,43.5488934811128
Oregon,50-64 Years,784877,2026-02-28,43.9439823760192
Oregon,50-64 Years,784877,2026-03-07,44.6527886430639
Oregon,50-64 Years,784877,2026-03-14,44.9413666650146
Oregon,50-64 Years,784877,2026-03-21,45.1833558912848
Oregon,50-64 Years,784877,2026-03-28,45.3913527225872
Oregon,50-64 Years,784877,2026-04-04,45.6536907149017
Oregon,50-64 Years,784877,2026-04-11,46.0964751880275
Oregon,50-64 Years,784877,2026-04-18,46.3506525724829
Oregon,50-64 Years,784877,2026-04-25,46.6365587173671
Oregon,50-64 Years,784877,2026-05-02,46.8780864264196
Oregon,50-64 Years,784877,2026-05-09,47.329077769655
Oregon,50-64 Years,784877,2026-05-16,47.4509251576781
Oregon,50-64 Years,784877,2026-05-23,47.4961550703531
Oregon,50-64 Years,784877,2026-05-30,47.4987183567844
Oregon,50-64 Years,784877,2026-06-06,47.5
Oregon,50-64 Years,784877,2026-06-13,47.5
Oregon,65+ Years,789527,2025-08-16,1.77262785354276
Oregon,65+ Years,789527,2025-08-23,1.77262785354276
Oregon,65+ Years,789527,2025-08-30,1.77262785354276
Oregon,65+ Years,789527,2025-09-06,1.77262785354276
Oregon,65+ Years,789527,2025-09-13,2.78863796826484
Oregon,65+ Years,789527,2025-09-20,4.03102113779549
Oregon,65+ Years,789527,2025-09-27,5.98763191771292
Oregon,65+ Years,789527,2025-10-04,10.7392201369372
Oregon,65+ Years,789527,2025-10-11,13.9761116684301
Oregon,65+ Years,789527,2025-10-18,18.0900840554973
Oregon,65+ Years,789527,2025-10-25,22.9774814061411
Oregon,65+ Years,789527,2025-11-01,28.6643052948481
Oregon,65+ Years,789527,2025-11-08,39.2468808342885
Oregon,65+ Years,789527,2025-11-15,43.3199586357646
Oregon,65+ Years,789527,2025-11-22,46.448466742741
Oregon,65+ Years,789527,2025-11-29,48.840767428092
Oregon,65+ Years,789527,2025-12-06,53.0747627385432
Oregon,65+ Years,789527,2025-12-13,54.8229058049134
Oregon,65+ Years,789527,2025-12-20,56.3494891278019
Oregon,65+ Years,789527,2025-12-27,57.6961099200047
Oregon,65+ Years,789527,2026-01-03,59.2064448372845
Oregon,65+ Years,789527,2026-01-10,61.5884778348628
Oregon,65+ Years,789527,2026-01-17,62.5635341971298
Oregon,65+ Years,789527,2026-01-24,63.4505650879379
Oregon,65+ Years,789527,2026-01-31,64.1250694112723
Oregon,65+ Years,789527,2026-02-07,65.5174110326634
Oregon,65+ Years,789527,2026-02-14,66.0493607668674
Oregon,65+ Years,789527,2026-02-21,66.4605799710562
Oregon,65+ Years,789527,2026-02-28,66.779696381515
Oregon,65+ Years,789527,2026-03-07,67.3372746808821
Oregon,65+ Years,789527,2026-03-14,67.5637595861943
Oregon,65+ Years,789527,2026-03-21,67.7606589849348
Oregon,65+ Years,789527,2026-03-28,67.9353445518968
Oregon,65+ Years,789527,2026-04-04,68.1401409147682
Oregon,65+ Years,789527,2026-04-11,68.4723396354104
Oregon,65+ Years,789527,2026-04-18,68.6288230450478
Oregon,65+ Years,789527,2026-04-25,68.7843129974274
Oregon,65+ Years,789527,2026-05-02,68.9028791910447
Oregon,65+ Years,789527,2026-05-09,69.1214281317009
Oregon,65+ Years,789527,2026-05-16,69.1778238483066
Oregon,65+ Years,789527,2026-05-23,69.1982897841174
Oregon,65+ Years,789527,2026-05-30,69.1994299280392
Oregon,65+ Years,789527,2026-06-06,69.2
Oregon,65+ Years,789527,2026-06-13,69.2
Pennsylvania,6 Months - 4 Years,622576,2025-08-16,4.16166430333282
Pennsylvania,6 Months - 4 Years,622576,2025-08-23,4.16166430333282
Pennsylvania,6 Months - 4 Years,622576,2025-08-30,4.16166430333282
Pennsylvania,6 Months - 4 Years,622576,2025-09-06,4.16166430333282
Pennsylvania,6 Months - 4 Years,622576,2025-09-13,6.37001672476
Pennsylvania,6 Months - 4 Years,622576,2025-09-20,8.87939977100937
Pennsylvania,6 Months - 4 Years,622576,2025-09-27,11.6447621516752
Pennsylvania,6 Months - 4 Years,622576,2025-10-04,17.5265518735225
Pennsylvania,6 Months - 4 Years,622576,2025-10-11,20.8694193080659
Pennsylvania,6 Months - 4 Years,622576,2025-10-18,24.6206408097025
Pennsylvania,6 Months - 4 Years,622576,2025-10-25,28.6821797786826
Pennsylvania,6 Months - 4 Years,622576,2025-11-01,33.2058026974296
Pennsylvania,6 Months - 4 Years,622576,2025-11-08,41.2974615969902
Pennsylvania,6 Months - 4 Years,622576,2025-11-15,44.3335493008439
Pennsylvania,6 Months - 4 Years,622576,2025-11-22,46.6873744601122
Pennsylvania,6 Months - 4 Years,622576,2025-11-29,48.5228001543183
Pennsylvania,6 Months - 4 Years,622576,2025-12-06,51.8119002888987
Pennsylvania,6 Months - 4 Years,622576,2025-12-13,53.2296555603643
Pennsylvania,6 Months - 4 Years,622576,2025-12-20,54.5293190572429
Pennsylvania,6 Months - 4 Years,622576,2025-12-27,55.7208231370797
Pennsylvania,6 Months - 4 Years,622576,2026-01-03,57.0288800207567
Pennsylvania,6 Months - 4 Years,622576,2026-01-10,59.076504486261
Pennsylvania,6 Months - 4 Years,622576,2026-01-17,59.8399531173261
Pennsylvania,6 Months - 4 Years,622576,2026-01-24,60.475515326624
Pennsylvania,6 Months - 4 Years,622576,2026-01-31,60.9223293023198
Pennsylvania,6 Months - 4 Years,622576,2026-02-07,61.8308766403035
Pennsylvania,6 Months - 4 Years,622576,2026-02-14,62.1629705386834
Pennsylvania,6 Months - 4 Years,622576,2026-02-21,62.4120898660512
Pennsylvania,6 Months - 4 Years,622576,2026-02-28,62.6023122740861
Pennsylvania,6 Months - 4 Years,622576,2026-03-07,62.9381110863336
Pennsylvania,6 Months - 4 Years,622576,2026-03-14,63.0773169947265
Pennsylvania,6 Months - 4 Years,622576,2026-03-21,63.2017845946202
Pennsylvania,6 Months - 4 Years,622576,2026-03-28,63.320369530964
Pennsylvania,6 Months - 4 Years,622576,2026-04-04,63.5139754809736
Pennsylvania,6 Months - 4 Years,622576,2026-04-11,63.8886775543377
Pennsylvania,6 Months - 4 Years,622576,2026-04-18,64.2233176736638
Pennsylvania,6 Months - 4 Years,622576,2026-04-25,64.6865258668368
Pennsylvania,6 Months - 4 Years,622576,2026-05-02,65.1501463668564
Pennsylvania,6 Months - 4 Years,622576,2026-05-09,66.0353344396882
Pennsylvania,6 Months - 4 Years,622576,2026-05-16,66.2926701267395
Pennsylvania,6 Months - 4 Years,622576,2026-05-23,66.3914040563361
Pennsylvania,6 Months - 4 Years,622576,2026-05-30,66.3971346854454
Pennsylvania,6 Months - 4 Years,622576,2026-06-06,66.4
Pennsylvania,6 Months - 4 Years,622576,2026-06-13,66.4
Pennsylvania,5-12 Years,1168584,2025-08-16,3.24558541380184
Pennsylvania,5-12 Years,1168584,2025-08-23,3.24558541380184
Pennsylvania,5-12 Years,1168584,2025-08-30,3.24558541380184
Pennsylvania,5-12 Years,1168584,2025-09-06,3.24558541380184
Pennsylvania,5-12 Years,1168584,2025-09-13,4.84417317658091
Pennsylvania,5-12 Years,1168584,2025-09-20,6.54257909166925
Pennsylvania,5-12 Years,1168584,2025-09-27,8.61338286369916
Pennsylvania,5-12 Years,1168584,2025-10-04,13.2320572851613
Pennsylvania,5-12 Years,1168584,2025-10-11,16.037284041197
Pennsylvania,5-12 Years,1168584,2025-10-18,19.333959857432
Pennsylvania,5-12 Years,1168584,2025-10-25,23.0458049777123
Pennsylvania,5-12 Years,1168584,2025-11-01,27.2919878513657
Pennsylvania,5-12 Years,1168584,2025-11-08,35.1475474893362
Pennsylvania,5-12 Years,1168584,2025-11-15,38.2903900164769
Pennsylvania,5-12 Years,1168584,2025-11-22,40.8661795689176
Pennsylvania,5-12 Years,1168584,2025-11-29,42.9585292738225
Pennsylvania,5-12 Years,1168584,2025-12-06,46.6426798522802
Pennsylvania,5-12 Years,1168584,2025-12-13,48.0836289767044
Pennsylvania,5-12 Years,1168584,2025-12-20,49.2440272527032
Pennsylvania,5-12 Years,1168584,2025-12-27,50.1890523208786
Pennsylvania,5-12 Years,1168584,2026-01-03,51.2578385601375
Pennsylvania,5-12 Years,1168584,2026-01-10,52.9392718264694
Pennsylvania,5-12 Years,1168584,2026-01-17,53.6933442396141
Pennsylvania,5-12 Years,1168584,2026-01-24,54.4345172284553
Pennsylvania,5-12 Years,1168584,2026-01-31,55.0242767646832
Pennsylvania,5-12 Years,1168584,2026-02-07,56.2082298446545
Pennsylvania,5-12 Years,1168584,2026-02-14,56.623957058356
Pennsylvania,5-12 Years,1168584,2026-02-21,56.9059576358303
Pennsylvania,5-12 Years,1168584,2026-02-28,57.0893172365707
Pennsylvania,5-12 Years,1168584,2026-03-07,57.3789865286399
Pennsylvania,5-12 Years,1168584,2026-03-14,57.4698056936881
Pennsylvania,5-12 Years,1168584,2026-03-21,57.5280044159135
Pennsylvania,5-12 Years,1168584,2026-03-28,57.5661729417915
Pennsylvania,5-12 Years,1168584,2026-04-04,57.6325320925251
Pennsylvania,5-12 Years,1168584,2026-04-11,57.7644116045667
Pennsylvania,5-12 Years,1168584,2026-04-18,57.9188871682026
Pennsylvania,5-12 Years,1168584,2026-04-25,58.1548822020474
Pennsylvania,5-12 Years,1168584,2026-05-02,58.4076049547054
Pennsylvania,5-12 Years,1168584,2026-05-09,58.8939834478491
Pennsylvania,5-12 Years,1168584,2026-05-16,59.0388966802427
Pennsylvania,5-12 Years,1168584,2026-05-23,59.0950738588982
Pennsylvania,5-12 Years,1168584,2026-05-30,59.0983579529661
Pennsylvania,5-12 Years,1168584,2026-06-06,59.1
Pennsylvania,5-12 Years,1168584,2026-06-13,59.1
Pennsylvania,13-17 Years,763069,2025-08-16,2.04815504583763
Pennsylvania,13-17 Years,763069,2025-08-23,2.04815504583763
Pennsylvania,13-17 Years,763069,2025-08-30,2.04815504583763
Pennsylvania,13-17 Years,763069,2025-09-06,2.04815504583763
Pennsylvania,13-17 Years,763069,2025-09-13,3.2115607825078
Pennsylvania,13-17 Years,763069,2025-09-20,4.61667315903412
Pennsylvania,13-17 Years,763069,2025-09-27,6.32072501932905
Pennsylvania,13-17 Years,763069,2025-10-04,10.1127274120359
Pennsylvania,13-17 Years,763069,2025-10-11,12.4039734041897
Pennsylvania,13-17 Years,763069,2025-10-18,15.0846516827888
Pennsylvania,13-17 Years,763069,2025-10-25,18.0967951386213
Pennsylvania,13-17 Years,763069,2025-11-01,21.5502836559776
Pennsylvania,13-17 Years,763069,2025-11-08,27.9828688028133
Pennsylvania,13-17 Years,763069,2025-11-15,30.6256675926461
Pennsylvania,13-17 Years,763069,2025-11-22,32.8536209060648
Pennsylvania,13-17 Years,763069,2025-11-29,34.6896198440329
Pennsylvania,13-17 Years,763069,2025-12-06,37.8419920178126
Pennsylvania,13-17 Years,763069,2025-12-13,38.9642460558317
Pennsylvania,13-17 Years,763069,2025-12-20,39.7562885815422
Pennsylvania,13-17 Years,763069,2025-12-27,40.308624912631
Pennsylvania,13-17 Years,763069,2026-01-03,40.910424656184
Pennsylvania,13-17 Years,763069,2026-01-10,41.8216044595327
Pennsylvania,13-17 Years,763069,2026-01-17,42.2292281711782
Pennsylvania,13-17 Years,763069,2026-01-24,42.6384355034206
Pennsylvania,13-17 Years,763069,2026-01-31,42.9770315367592
Pennsylvania,13-17 Years,763069,2026-02-07,43.6927301534896
Pennsylvania,13-17 Years,763069,2026-02-14,43.9878094045319
Pennsylvania,13-17 Years,763069,2026-02-21,44.2316683512468
Pennsylvania,13-17 Years,763069,2026-02-28,44.4278333778427
Pennsylvania,13-17 Years,763069,2026-03-07,44.7543971325409
Pennsylvania,13-17 Years,763069,2026-03-14,44.8615963595132
Pennsylvania,13-17 Years,763069,2026-03-21,44.9293105090382
Pennsylvania,13-17 Years,763069,2026-03-28,44.9706158240874
Pennsylvania,13-17 Years,763069,2026-04-04,45.023601519573
Pennsylvania,13-17 Years,763069,2026-04-11,45.1123300433706
Pennsylvania,13-17 Years,763069,2026-04-18,45.1784788769086
Pennsylvania,13-17 Years,763069,2026-04-25,45.2660070118115
Pennsylvania,13-17 Years,763069,2026-05-02,45.3530209942693
Pennsylvania,13-17 Years,763069,2026-05-09,45.5292082854354
Pennsylvania,13-17 Years,763069,2026-05-16,45.5921169203136
Pennsylvania,13-17 Years,763069,2026-05-23,45.6313961765099
Pennsylvania,13-17 Years,763069,2026-05-30,45.6536695211002
Pennsylvania,13-17 Years,763069,2026-06-06,45.6868248255614
Pennsylvania,13-17 Years,763069,2026-06-13,45.6928853008502
Pennsylvania,6 Months - 17 Years,2554230,2025-08-16,3.14752422412807
Pennsylvania,6 Months - 17 Years,2554230,2025-08-23,3.14752422412807
Pennsylvania,6 Months - 17 Years,2554230,2025-08-30,3.14752422412807
Pennsylvania,6 Months - 17 Years,2554230,2025-09-06,3.14752422412807
Pennsylvania,6 Months - 17 Years,2554230,2025-09-13,4.78619530754948
Pennsylvania,6 Months - 17 Years,2554230,2025-09-20,6.62153739888347
Pennsylvania,6 Months - 17 Years,2554230,2025-09-27,8.77626762590611
Pennsylvania,6 Months - 17 Years,2554230,2025-10-04,13.5037836068765
Pennsylvania,6 Months - 17 Years,2554230,2025-10-11,16.3105793872494
Pennsylvania,6 Months - 17 Years,2554230,2025-10-18,19.5573736977103
Pennsylvania,6 Months - 17 Years,2554230,2025-10-25,23.1667653523563
Pennsylvania,6 Months - 17 Years,2554230,2025-11-01,27.2647471998076
Pennsylvania,6 Months - 17 Years,2554230,2025-11-08,34.783698148861
Pennsylvania,6 Months - 17 Years,2554230,2025-11-15,37.7568802672644
Pennsylvania,6 Months - 17 Years,2554230,2025-11-22,40.1746374935732
Pennsylvania,6 Months - 17 Years,2554230,2025-11-29,42.1265777911971
Pennsylvania,6 Months - 17 Years,2554230,2025-12-06,45.563205703222
Pennsylvania,6 Months - 17 Years,2554230,2025-12-13,46.9173001574797
Pennsylvania,6 Months - 17 Years,2554230,2025-12-20,48.0218416025102
Pennsylvania,6 Months - 17 Years,2554230,2025-12-27,48.9316282776167
Pennsylvania,6 Months - 17 Years,2554230,2026-01-03,49.9437070831085
Pennsylvania,6 Months - 17 Years,2554230,2026-01-10,51.5212491919565
Pennsylvania,6 Months - 17 Years,2554230,2026-01-17,52.1894664029235
Pennsylvania,6 Months - 17 Years,2554230,2026-01-24,52.8192839964398
Pennsylvania,6 Months - 17 Years,2554230,2026-01-31,53.3062346300882
Pennsylvania,6 Months - 17 Years,2554230,2026-02-07,54.2919374102179
Pennsylvania,6 Months - 17 Years,2554230,2026-02-14,54.6474551763304
Pennsylvania,6 Months - 17 Years,2554230,2026-02-21,54.9011829101545
Pennsylvania,6 Months - 17 Years,2554230,2026-02-28,55.0789512466218
Pennsylvania,6 Months - 17 Years,2554230,2026-03-07,55.3710762366856
Pennsylvania,6 Months - 17 Years,2554230,2026-03-14,55.4716671924848
Pennsylvania,6 Months - 17 Years,2554230,2026-03-21,55.5441560112791
Pennsylvania,6 Months - 17 Years,2554230,2026-03-28,55.5991829108185
Pennsylvania,6 Months - 17 Years,2554230,2026-04-04,55.6876185527918
Pennsylvania,6 Months - 17 Years,2554230,2026-04-11,55.8567290050922
Pennsylvania,6 Months - 17 Years,2554230,2026-04-18,56.0247795788627
Pennsylvania,6 Months - 17 Years,2554230,2026-04-25,56.2681516961496
Pennsylvania,6 Months - 17 Years,2554230,2026-05-02,56.519055657145
Pennsylvania,6 Months - 17 Years,2554230,2026-05-09,56.9996850120552
Pennsylvania,6 Months - 17 Years,2554230,2026-05-16,57.1408508749064
Pennsylvania,6 Months - 17 Years,2554230,2026-05-23,57.1952495168455
Pennsylvania,6 Months - 17 Years,2554230,2026-05-30,57.1984165056152
Pennsylvania,6 Months - 17 Years,2554230,2026-06-06,57.2
Pennsylvania,6 Months - 17 Years,2554230,2026-06-13,57.2
Pennsylvania,18-49 Years,5103316,2025-08-16,0.638542682666239
Pennsylvania,18-49 Years,5103316,2025-08-23,0.638542682666239
Pennsylvania,18-49 Years,5103316,2025-08-30,0.638542682666239
Pennsylvania,18-49 Years,5103316,2025-09-06,0.638542682666239
Pennsylvania,18-49 Years,5103316,2025-09-13,1.21919581584225
Pennsylvania,18-49 Years,5103316,2025-09-20,2.11386263837661
Pennsylvania,18-49 Years,5103316,2025-09-27,3.25390789254248
Pennsylvania,18-49 Years,5103316,2025-10-04,5.80786717245529
Pennsylvania,18-49 Years,5103316,2025-10-11,7.36819912177015
Pennsylvania,18-49 Years,5103316,2025-10-18,9.209248092541
Pennsylvania,18-49 Years,5103316,2025-10-25,11.2889013768806
Pennsylvania,18-49 Years,5103316,2025-11-01,13.6727422418104
Pennsylvania,18-49 Years,5103316,2025-11-08,18.0990833962532
Pennsylvania,18-49 Years,5103316,2025-11-15,19.890611344952
Pennsylvania,18-49 Years,5103316,2025-11-22,21.3746478242916
Pennsylvania,18-49 Years,5103316,2025-11-29,22.5791830118486
Pennsylvania,18-49 Years,5103316,2025-12-06,24.6445917738189
Pennsylvania,18-49 Years,5103316,2025-12-13,25.3801811648202
Pennsylvania,18-49 Years,5103316,2025-12-20,25.9014894085522
Pennsylvania,18-49 Years,5103316,2025-12-27,26.2705660918831
Pennsylvania,18-49 Years,5103316,2026-01-03,26.6997682483792
Pennsylvania,18-49 Years,5103316,2026-01-10,27.3784441740301
Pennsylvania,18-49 Years,5103316,2026-01-17,27.7383505382096
Pennsylvania,18-49 Years,5103316,2026-01-24,28.140526393528
Pennsylvania,18-49 Years,5103316,2026-01-31,28.5024129150039
Pennsylvania,18-49 Years,5103316,2026-02-07,29.2617735995924
Pennsylvania,18-49 Years,5103316,2026-02-14,29.5617750016068
Pennsylvania,18-49 Years,5103316,2026-02-21,29.7895411394313
Pennsylvania,18-49 Years,5103316,2026-02-28,29.9604391558323
Pennsylvania,18-49 Years,5103316,2026-03-07,30.2582247281706
Pennsylvania,18-49 Years,5103316,2026-03-14,30.3768641090082
Pennsylvania,18-49 Years,5103316,2026-03-21,30.4772772014879
Pennsylvania,18-49 Years,5103316,2026-03-28,30.5666139717651
Pennsylvania,18-49 Years,5103316,2026-04-04,30.6923882493049
Pennsylvania,18-49 Years,5103316,2026-04-11,30.9172428598461
Pennsylvania,18-49 Years,5103316,2026-04-18,31.0755643751784
Pennsylvania,18-49 Years,5103316,2026-04-25,31.27944358376
Pennsylvania,18-49 Years,5103316,2026-05-02,31.48578416184
Pennsylvania,18-49 Years,5103316,2026-05-09,31.9250382082521
Pennsylvania,18-49 Years,5103316,2026-05-16,32.1065762127757
Pennsylvania,18-49 Years,5103316,2026-05-23,32.2461930215745
Pennsylvania,18-49 Years,5103316,2026-05-30,32.3500457770261
Pennsylvania,18-49 Years,5103316,2026-06-06,32.5197368635613
Pennsylvania,18-49 Years,5103316,2026-06-13,32.5652252371336
Pennsylvania,50-64 Years,2605116,2025-08-16,0.973087849887396
Pennsylvania,50-64 Years,2605116,2025-08-23,0.973087849887396
Pennsylvania,50-64 Years,2605116,2025-08-30,0.973087849887396
Pennsylvania,50-64 Years,2605116,2025-09-06,0.973087849887396
Pennsylvania,50-64 Years,2605116,2025-09-13,1.55217322193227
Pennsylvania,50-64 Years,2605116,2025-09-20,2.28150835114123
Pennsylvania,50-64 Years,2605116,2025-09-27,3.61694294933072
Pennsylvania,50-64 Years,2605116,2025-10-04,6.9791611095415
Pennsylvania,50-64 Years,2605116,2025-10-11,9.37080384146365
Pennsylvania,50-64 Years,2605116,2025-10-18,12.4946587427855
Pennsylvania,50-64 Years,2605116,2025-10-25,16.2706673852293
Pennsylvania,50-64 Years,2605116,2025-11-01,20.6848918157851
Pennsylvania,50-64 Years,2605116,2025-11-08,28.9369923521979
Pennsylvania,50-64 Years,2605116,2025-11-15,32.1419746433334
Pennsylvania,50-64 Years,2605116,2025-11-22,34.6110151362467
Pennsylvania,50-64 Years,2605116,2025-11-29,36.4383992452529
Pennsylvania,50-64 Years,2605116,2025-12-06,39.3711861659654
Pennsylvania,50-64 Years,2605116,2025-12-13,40.2435909664741
Pennsylvania,50-64 Years,2605116,2025-12-20,40.7203452315968
Pennsylvania,50-64 Years,2605116,2025-12-27,40.9420126373725
Pennsylvania,50-64 Years,2605116,2026-01-03,41.1677289929371
Pennsylvania,50-64 Years,2605116,2026-01-10,41.4834382753847
Pennsylvania,50-64 Years,2605116,2026-01-17,41.635509535444
Pennsylvania,50-64 Years,2605116,2026-01-24,41.8026092199477
Pennsylvania,50-64 Years,2605116,2026-01-31,41.9598117866013
Pennsylvania,50-64 Years,2605116,2026-02-07,42.3318304785928
Pennsylvania,50-64 Years,2605116,2026-02-14,42.5387253212758
Pennsylvania,50-64 Years,2605116,2026-02-21,42.7642600115697
Pennsylvania,50-64 Years,2605116,2026-02-28,42.9992716659319
Pennsylvania,50-64 Years,2605116,2026-03-07,43.4569691735466
Pennsylvania,50-64 Years,2605116,2026-03-14,43.6651958772164
Pennsylvania,50-64 Years,2605116,2026-03-21,43.8490890107265
Pennsylvania,50-64 Years,2605116,2026-03-28,44.0044843961833
Pennsylvania,50-64 Years,2605116,2026-04-04,44.1486766100168
Pennsylvania,50-64 Years,2605116,2026-04-11,44.3494394265249
Pennsylvania,50-64 Years,2605116,2026-04-18,44.3889828409421
Pennsylvania,50-64 Years,2605116,2026-04-25,44.4
Pennsylvania,50-64 Years,2605116,2026-05-02,44.4
Pennsylvania,50-64 Years,2605116,2026-05-09,44.4
Pennsylvania,50-64 Years,2605116,2026-05-16,44.4
Pennsylvania,50-64 Years,2605116,2026-05-23,44.4
Pennsylvania,50-64 Years,2605116,2026-05-30,44.4
Pennsylvania,50-64 Years,2605116,2026-06-06,44.4
Pennsylvania,50-64 Years,2605116,2026-06-13,44.4
Pennsylvania,65+ Years,2447687,2025-08-16,0.745227411045667
Pennsylvania,65+ Years,2447687,2025-08-23,0.745227411045667
Pennsylvania,65+ Years,2447687,2025-08-30,0.745227411045667
Pennsylvania,65+ Years,2447687,2025-09-06,0.745227411045667
Pennsylvania,65+ Years,2447687,2025-09-13,2.19483056722174
Pennsylvania,65+ Years,2447687,2025-09-20,4.59588641726895
Pennsylvania,65+ Years,2447687,2025-09-27,8.015191533119
Pennsylvania,65+ Years,2447687,2025-10-04,15.7315146741186
Pennsylvania,65+ Years,2447687,2025-10-11,20.105158039901
Pennsylvania,65+ Years,2447687,2025-10-18,25.0136689386171
Pennsylvania,65+ Years,2447687,2025-10-25,30.3115109582648
Pennsylvania,65+ Years,2447687,2025-11-01,36.1541345434648
Pennsylvania,65+ Years,2447687,2025-11-08,46.4539514694256
Pennsylvania,65+ Years,2447687,2025-11-15,50.1994444069642
Pennsylvania,65+ Years,2447687,2025-11-22,53.0033402887598
Pennsylvania,65+ Years,2447687,2025-11-29,55.0566846117868
Pennsylvania,65+ Years,2447687,2025-12-06,58.43091835211
Pennsylvania,65+ Years,2447687,2025-12-13,59.5422107671923
Pennsylvania,65+ Years,2447687,2025-12-20,60.275896502917
Pennsylvania,65+ Years,2447687,2025-12-27,60.757123725572
Pennsylvania,65+ Years,2447687,2026-01-03,61.3123605002666
Pennsylvania,65+ Years,2447687,2026-01-10,62.1795770699967
Pennsylvania,65+ Years,2447687,2026-01-17,62.649126110079
Pennsylvania,65+ Years,2447687,2026-01-24,63.190344095497
Pennsylvania,65+ Years,2447687,2026-01-31,63.7073646286859
Pennsylvania,65+ Years,2447687,2026-02-07,64.8712167734584
Pennsylvania,65+ Years,2447687,2026-02-14,65.4396085139867
Pennsylvania,65+ Years,2447687,2026-02-21,65.9799987036035
Pennsylvania,65+ Years,2447687,2026-02-28,66.4675140649645
Pennsylvania,65+ Years,2447687,2026-03-07,67.3072619104798
Pennsylvania,65+ Years,2447687,2026-03-14,67.588369307095
Pennsylvania,65+ Years,2447687,2026-03-21,67.7583281658302
Pennsylvania,65+ Years,2447687,2026-03-28,67.8498172677925
Pennsylvania,65+ Years,2447687,2026-04-04,67.9490450777685
Pennsylvania,65+ Years,2447687,2026-04-11,68.0961640789698
Pennsylvania,65+ Years,2447687,2026-04-18,68.1735731877127
Pennsylvania,65+ Years,2447687,2026-04-25,68.2617701891989
Pennsylvania,65+ Years,2447687,2026-05-02,68.3447241510351
Pennsylvania,65+ Years,2447687,2026-05-09,68.5300314721602
Pennsylvania,65+ Years,2447687,2026-05-16,68.6171214433696
Pennsylvania,65+ Years,2447687,2026-05-23,68.6977548698109
Pennsylvania,65+ Years,2447687,2026-05-30,68.77240414466
Pennsylvania,65+ Years,2447687,2026-06-06,68.9147520135239
Pennsylvania,65+ Years,2447687,2026-06-13,68.9798137952711
Rhode Island,6 Months - 4 Years,48561,2025-08-16,8.51657394436576
Rhode Island,6 Months - 4 Years,48561,2025-08-23,8.51657394436576
Rhode Island,6 Months - 4 Years,48561,2025-08-30,8.51657394436576
Rhode Island,6 Months - 4 Years,48561,2025-09-06,8.51657394436576
Rhode Island,6 Months - 4 Years,48561,2025-09-13,11.2563230576205
Rhode Island,6 Months - 4 Years,48561,2025-09-20,12.5787816183229
Rhode Island,6 Months - 4 Years,48561,2025-09-27,14.4747088003401
Rhode Island,6 Months - 4 Years,48561,2025-10-04,18.9542658430466
Rhode Island,6 Months - 4 Years,48561,2025-10-11,21.8374976846832
Rhode Island,6 Months - 4 Years,48561,2025-10-18,25.3400920245052
Rhode Island,6 Months - 4 Years,48561,2025-10-25,29.433443776912
Rhode Island,6 Months - 4 Years,48561,2025-11-01,34.328754285571
Rhode Island,6 Months - 4 Years,48561,2025-11-08,43.9974044681526
Rhode Island,6 Months - 4 Years,48561,2025-11-15,48.4998949592081
Rhode Island,6 Months - 4 Years,48561,2025-11-22,52.7443844006033
Rhode Island,6 Months - 4 Years,48561,2025-11-29,56.627050364427
Rhode Island,6 Months - 4 Years,48561,2025-12-06,63.6403228223734
Rhode Island,6 Months - 4 Years,48561,2025-12-13,66.3701299948296
Rhode Island,6 Months - 4 Years,48561,2025-12-20,68.4498849417495
Rhode Island,6 Months - 4 Years,48561,2025-12-27,70.010928162229
Rhode Island,6 Months - 4 Years,48561,2026-01-03,71.6709122437054
Rhode Island,6 Months - 4 Years,48561,2026-01-10,74.1616123148425
Rhode Island,6 Months - 4 Years,48561,2026-01-17,75.1225796522706
Rhode Island,6 Months - 4 Years,48561,2026-01-24,75.9803445279859
Rhode Island,6 Months - 4 Years,48561,2026-01-31,76.6486793278127
Rhode Island,6 Months - 4 Years,48561,2026-02-07,78.1543346897907
Rhode Island,6 Months - 4 Years,48561,2026-02-14,78.9006687317301
Rhode Island,6 Months - 4 Years,48561,2026-02-21,79.6589023814764
Rhode Island,6 Months - 4 Years,48561,2026-02-28,80.4039737052926
Rhode Island,6 Months - 4 Years,48561,2026-03-07,81.7921048182353
Rhode Island,6 Months - 4 Years,48561,2026-03-14,82.3682035376596
Rhode Island,6 Months - 4 Years,48561,2026-03-21,82.8368610045375
Rhode Island,6 Months - 4 Years,48561,2026-03-28,83.212451512463
Rhode Island,6 Months - 4 Years,48561,2026-04-04,83.6117843115922
Rhode Island,6 Months - 4 Years,48561,2026-04-11,84.2173032475373
Rhode Island,6 Months - 4 Years,48561,2026-04-18,84.4474564751117
Rhode Island,6 Months - 4 Years,48561,2026-04-25,84.644453965887
Rhode Island,6 Months - 4 Years,48561,2026-05-02,84.7772820044538
Rhode Island,6 Months - 4 Years,48561,2026-05-09,85.0185929003391
Rhode Island,6 Months - 4 Years,48561,2026-05-16,85.0775312422643
Rhode Island,6 Months - 4 Years,48561,2026-05-23,85.0983039318889
Rhode Island,6 Months - 4 Years,48561,2026-05-30,85.099434643963
Rhode Island,6 Months - 4 Years,48561,2026-06-06,85.1
Rhode Island,6 Months - 4 Years,48561,2026-06-13,85.1
Rhode Island,5-12 Years,88413,2025-08-16,3.13384252730498
Rhode Island,5-12 Years,88413,2025-08-23,3.13384252730498
Rhode Island,5-12 Years,88413,2025-08-30,3.13384252730498
Rhode Island,5-12 Years,88413,2025-09-06,3.13384252730498
Rhode Island,5-12 Years,88413,2025-09-13,4.0492814897642
Rhode Island,5-12 Years,88413,2025-09-20,4.34176501214153
Rhode Island,5-12 Years,88413,2025-09-27,5.52406636370437
Rhode Island,5-12 Years,88413,2025-10-04,8.86613782926965
Rhode Island,5-12 Years,88413,2025-10-11,11.5602644806698
Rhode Island,5-12 Years,88413,2025-10-18,15.3799608555404
Rhode Island,5-12 Years,88413,2025-10-25,20.3145814161844
Rhode Island,5-12 Years,88413,2025-11-01,26.3836089566914
Rhode Island,5-12 Years,88413,2025-11-08,38.4067313469509
Rhode Island,5-12 Years,88413,2025-11-15,43.5761405801445
Rhode Island,5-12 Years,88413,2025-11-22,47.952622248839
Rhode Island,5-12 Years,88413,2025-11-29,51.5977812968717
Rhode Island,5-12 Years,88413,2025-12-06,58.0751613334218
Rhode Island,5-12 Years,88413,2025-12-13,60.6220965945319
Rhode Island,5-12 Years,88413,2025-12-20,62.6552123176071
Rhode Island,5-12 Years,88413,2025-12-27,64.2757359974822
Rhode Island,5-12 Years,88413,2026-01-03,66.00509136206
Rhode Island,5-12 Years,88413,2026-01-10,68.620483561352
Rhode Island,5-12 Years,88413,2026-01-17,69.6026553314154
Rhode Island,5-12 Years,88413,2026-01-24,70.4520315893621
Rhode Island,5-12 Years,88413,2026-01-31,71.0909918691471
Rhode Island,5-12 Years,88413,2026-02-07,72.5069130230285
Rhode Island,5-12 Years,88413,2026-02-14,73.1878230388645
Rhode Island,5-12 Years,88413,2026-02-21,73.8620995961515
Rhode Island,5-12 Years,88413,2026-02-28,74.4945128617628
Rhode Island,5-12 Years,88413,2026-03-07,75.5885595976276
Rhode Island,5-12 Years,88413,2026-03-14,75.9575940141357
Rhode Island,5-12 Years,88413,2026-03-21,76.1837000034891
Rhode Island,5-12 Years,88413,2026-03-28,76.3064886905574
Rhode Island,5-12 Years,88413,2026-04-04,76.4235641521355
Rhode Island,5-12 Years,88413,2026-04-11,76.5813387331841
Rhode Island,5-12 Years,88413,2026-04-18,76.638018468449
Rhode Island,5-12 Years,88413,2026-04-25,76.6869426942054
Rhode Island,5-12 Years,88413,2026-05-02,76.7200360486461
Rhode Island,5-12 Years,88413,2026-05-09,76.7800045124149
Rhode Island,5-12 Years,88413,2026-05-16,76.7945049270194
Rhode Island,5-12 Years,88413,2026-05-23,76.7995869597321
Rhode Island,5-12 Years,88413,2026-05-30,76.7998623199107
Rhode Island,5-12 Years,88413,2026-06-06,76.8
Rhode Island,5-12 Years,88413,2026-06-13,76.8
Rhode Island,13-17 Years,59663,2025-08-16,0.661653308014695
Rhode Island,13-17 Years,59663,2025-08-23,0.661653308014695
Rhode Island,13-17 Years,59663,2025-08-30,0.661653308014695
Rhode Island,13-17 Years,59663,2025-09-06,0.661653308014695
Rhode Island,13-17 Years,59663,2025-09-13,1.47248537569998
Rhode Island,13-17 Years,59663,2025-09-20,2.85910667590794
Rhode Island,13-17 Years,59663,2025-09-27,4.84518935277888
Rhode Island,13-17 Years,59663,2025-10-04,9.51406890688832
Rhode Island,13-17 Years,59663,2025-10-11,12.5739550000243
Rhode Island,13-17 Years,59663,2025-10-18,16.3689268039785
Rhode Island,13-17 Years,59663,2025-10-25,20.7973320390625
Rhode Island,13-17 Years,59663,2025-11-01,25.9012472924221
Rhode Island,13-17 Years,59663,2025-11-08,35.3321778570973
Rhode Island,13-17 Years,59663,2025-11-15,38.974842746847
Rhode Island,13-17 Years,59663,2025-11-22,41.8039887999608
Rhode Island,13-17 Years,59663,2025-11-29,43.953815186975
Rhode Island,13-17 Years,59663,2025-12-06,47.5722737712168
Rhode Island,13-17 Years,59663,2025-12-13,48.8395089777878
Rhode Island,13-17 Years,59663,2025-12-20,49.7407922014838
Rhode Island,13-17 Years,59663,2025-12-27,50.3804868809661
Rhode Island,13-17 Years,59663,2026-01-03,51.0686216157504
Rhode Island,13-17 Years,59663,2026-01-10,52.1033945471145
Rhode Island,13-17 Years,59663,2026-01-17,52.5496240593689
Rhode Island,13-17 Years,59663,2026-01-24,52.9841679495567
Rhode Island,13-17 Years,59663,2026-01-31,53.3265592587324
Rhode Island,13-17 Years,59663,2026-02-07,54.0140438836876
Rhode Island,13-17 Years,59663,2026-02-14,54.2530171189821
Rhode Island,13-17 Years,59663,2026-02-21,54.4139292360787
Rhode Island,13-17 Years,59663,2026-02-28,54.5216571146537
Rhode Island,13-17 Years,59663,2026-03-07,54.7119583973439
Rhode Island,13-17 Years,59663,2026-03-14,54.8050082495765
Rhode Island,13-17 Years,59663,2026-03-21,54.9060411703577
Rhode Island,13-17 Years,59663,2026-03-28,55.0096255454477
Rhode Island,13-17 Years,59663,2026-04-04,55.1104796128852
Rhode Island,13-17 Years,59663,2026-04-11,55.2598838326671
Rhode Island,13-17 Years,59663,2026-04-18,55.2910867384137
Rhode Island,13-17 Years,59663,2026-04-25,55.3
Rhode Island,13-17 Years,59663,2026-05-02,55.3
Rhode Island,13-17 Years,59663,2026-05-09,55.3
Rhode Island,13-17 Years,59663,2026-05-16,55.3
Rhode Island,13-17 Years,59663,2026-05-23,55.3
Rhode Island,13-17 Years,59663,2026-05-30,55.3
Rhode Island,13-17 Years,59663,2026-06-06,55.3
Rhode Island,13-17 Years,59663,2026-06-13,55.3
Rhode Island,6 Months - 17 Years,196637,2025-08-16,4.1732172624252
Rhode Island,6 Months - 17 Years,196637,2025-08-23,4.1732172624252
Rhode Island,6 Months - 17 Years,196637,2025-08-30,4.1732172624252
Rhode Island,6 Months - 17 Years,196637,2025-09-06,4.1732172624252
Rhode Island,6 Months - 17 Years,196637,2025-09-13,5.47984260875948
Rhode Island,6 Months - 17 Years,196637,2025-09-20,6.05237696359253
Rhode Island,6 Months - 17 Years,196637,2025-09-27,7.46479770370928
Rhode Island,6 Months - 17 Years,196637,2025-10-04,11.2125330507799
Rhode Island,6 Months - 17 Years,196637,2025-10-11,13.983042437502
Rhode Island,6 Months - 17 Years,196637,2025-10-18,17.6682955098887
Rhode Island,6 Months - 17 Years,196637,2025-10-25,22.2219499871446
Rhode Island,6 Months - 17 Years,196637,2025-11-01,27.7067806797052
Rhode Island,6 Months - 17 Years,196637,2025-11-08,38.3828967912277
Rhode Island,6 Months - 17 Years,196637,2025-11-15,42.9132407886707
Rhode Island,6 Months - 17 Years,196637,2025-11-22,46.740285995712
Rhode Island,6 Months - 17 Years,196637,2025-11-29,49.9175089746227
Rhode Island,6 Months - 17 Years,196637,2025-12-06,55.5206036498833
Rhode Island,6 Months - 17 Years,196637,2025-12-13,57.6786928841569
Rhode Island,6 Months - 17 Years,196637,2025-12-20,59.3614111880871
Rhode Island,6 Months - 17 Years,196637,2025-12-27,60.672480540177
Rhode Island,6 Months - 17 Years,196637,2026-01-03,62.0810916952051
Rhode Island,6 Months - 17 Years,196637,2026-01-10,64.2150943700737
Rhode Island,6 Months - 17 Years,196637,2026-01-17,65.0488881844474
Rhode Island,6 Months - 17 Years,196637,2026-01-24,65.7974175630328
Rhode Island,6 Months - 17 Years,196637,2026-01-31,66.3771493372297
Rhode Island,6 Months - 17 Years,196637,2026-02-07,67.6556582982449
Rhode Island,6 Months - 17 Years,196637,2026-02-14,68.2549534229354
Rhode Island,6 Months - 17 Years,196637,2026-02-21,68.8322613361466
Rhode Island,6 Months - 17 Years,196637,2026-02-28,69.3704153871263
Rhode Island,6 Months - 17 Years,196637,2026-03-07,70.3325080438803
Rhode Island,6 Months - 17 Years,196637,2026-03-14,70.6991247360674
Rhode Island,6 Months - 17 Years,196637,2026-03-21,70.9723699128003
Rhode Island,6 Months - 17 Years,196637,2026-03-28,71.1707780009991
Rhode Island,6 Months - 17 Years,196637,2026-04-04,71.3699729510489
Rhode Island,6 Months - 17 Years,196637,2026-04-11,71.657045943846
Rhode Island,6 Months - 17 Years,196637,2026-04-18,71.7547470589608
Rhode Island,6 Months - 17 Years,196637,2026-04-25,71.8324377859853
Rhode Island,6 Months - 17 Years,196637,2026-05-02,71.8818004317929
Rhode Island,6 Months - 17 Years,196637,2026-05-09,71.9708763202514
Rhode Island,6 Months - 17 Years,196637,2026-05-16,71.9920554268384
Rhode Island,6 Months - 17 Years,196637,2026-05-23,71.9994072293787
Rhode Island,6 Months - 17 Years,196637,2026-05-30,71.9998024097929
Rhode Island,6 Months - 17 Years,196637,2026-06-06,72.0
Rhode Island,6 Months - 17 Years,196637,2026-06-13,72.0
Rhode Island,18-49 Years,439908,2025-08-16,1.57825899351581
Rhode Island,18-49 Years,439908,2025-08-23,1.57825899351581
Rhode Island,18-49 Years,439908,2025-08-30,1.57825899351581
Rhode Island,18-49 Years,439908,2025-09-06,1.57825899351581
Rhode Island,18-49 Years,439908,2025-09-13,2.20567759221163
Rhode Island,18-49 Years,439908,2025-09-20,2.71136562364797
Rhode Island,18-49 Years,439908,2025-09-27,3.62846881320279
Rhode Island,18-49 Years,439908,2025-10-04,5.93184783703972
Rhode Island,18-49 Years,439908,2025-10-11,7.53978599689027
Rhode Island,18-49 Years,439908,2025-10-18,9.60586006297106
Rhode Island,18-49 Years,439908,2025-10-25,12.1007926207234
Rhode Island,18-49 Years,439908,2025-11-01,15.0799358056327
Rhode Island,18-49 Years,439908,2025-11-08,20.8400518759301
Rhode Island,18-49 Years,439908,2025-11-15,23.2768262758293
Rhode Island,18-49 Years,439908,2025-11-22,25.3468997239188
Rhode Island,18-49 Years,439908,2025-11-29,27.0998189031773
Rhode Island,18-49 Years,439908,2025-12-06,30.3046633237536
Rhode Island,18-49 Years,439908,2025-12-13,31.6728205508411
Rhode Island,18-49 Years,439908,2025-12-20,32.8747937246256
Rhode Island,18-49 Years,439908,2025-12-27,33.9359429725974
Rhode Island,18-49 Years,439908,2026-01-03,35.1355456884634
Rhode Island,18-49 Years,439908,2026-01-10,37.0362761569422
Rhode Island,18-49 Years,439908,2026-01-17,37.8111343099514
Rhode Island,18-49 Years,439908,2026-01-24,38.5169574560712
Rhode Island,18-49 Years,439908,2026-01-31,39.0792467590335
Rhode Island,18-49 Years,439908,2026-02-07,40.3561907202477
Rhode Island,18-49 Years,439908,2026-02-14,41.0130717878211
Rhode Island,18-49 Years,439908,2026-02-21,41.6932313119226
Rhode Island,18-49 Years,439908,2026-02-28,42.3471140525915
Rhode Island,18-49 Years,439908,2026-03-07,43.4734707497819
Rhode Island,18-49 Years,439908,2026-03-14,43.8328122226303
Rhode Island,18-49 Years,439908,2026-03-21,44.0238979859728
Rhode Island,18-49 Years,439908,2026-03-28,44.0995634016303
Rhode Island,18-49 Years,439908,2026-04-04,44.1887578988366
Rhode Island,18-49 Years,439908,2026-04-11,44.3284966513827
Rhode Island,18-49 Years,439908,2026-04-18,44.4468406817853
Rhode Island,18-49 Years,439908,2026-04-25,44.6213355618806
Rhode Island,18-49 Years,439908,2026-05-02,44.8265436417982
Rhode Island,18-49 Years,439908,2026-05-09,45.3061551499674
Rhode Island,18-49 Years,439908,2026-05-16,45.5534012993562
Rhode Island,18-49 Years,439908,2026-05-23,45.7933403933122
Rhode Island,18-49 Years,439908,2026-05-30,46.0275120640642
Rhode Island,18-49 Years,439908,2026-06-06,46.4987340947191
Rhode Island,18-49 Years,439908,2026-06-13,46.7373069542583
Rhode Island,50-64 Years,218471,2025-08-16,1.03001694511957
Rhode Island,50-64 Years,218471,2025-08-23,1.03001694511957
Rhode Island,50-64 Years,218471,2025-08-30,1.03001694511957
Rhode Island,50-64 Years,218471,2025-09-06,1.03001694511957
Rhode Island,50-64 Years,218471,2025-09-13,1.62147009191223
Rhode Island,50-64 Years,218471,2025-09-20,2.34702395610113
Rhode Island,50-64 Years,218471,2025-09-27,3.7560976366502
Rhode Island,50-64 Years,218471,2025-10-04,7.34608457085959
Rhode Island,50-64 Years,218471,2025-10-11,9.90327555853598
Rhode Island,50-64 Years,218471,2025-10-18,13.2347723228033
Rhode Island,50-64 Years,218471,2025-10-25,17.2834908914926
Rhode Island,50-64 Years,218471,2025-11-01,22.0997922080154
Rhode Island,50-64 Years,218471,2025-11-08,31.3456523252717
Rhode Island,50-64 Years,218471,2025-11-15,35.1810244486264
Rhode Island,50-64 Years,218471,2025-11-22,38.3592174439255
Rhode Island,50-64 Years,218471,2025-11-29,40.9393946979634
Rhode Island,50-64 Years,218471,2025-12-06,45.4053098468157
Rhode Island,50-64 Years,218471,2025-12-13,47.0323140074455
Rhode Island,50-64 Years,218471,2025-12-20,48.2156225358243
Rhode Island,50-64 Years,218471,2025-12-27,49.0811319720285
Rhode Island,50-64 Years,218471,2026-01-03,50.1166139142182
Rhode Island,50-64 Years,218471,2026-01-10,51.7895666079086
Rhode Island,50-64 Years,218471,2026-01-17,52.7328637144862
Rhode Island,50-64 Years,218471,2026-01-24,53.8121098586635
Rhode Island,50-64 Years,218471,2026-01-31,54.7725612648156
Rhode Island,50-64 Years,218471,2026-02-07,56.678279745966
Rhode Island,50-64 Years,218471,2026-02-14,57.311962359408
Rhode Island,50-64 Years,218471,2026-02-21,57.6816170608692
Rhode Island,50-64 Years,218471,2026-02-28,57.8706749699797
Rhode Island,50-64 Years,218471,2026-03-07,58.1710279404286
Rhode Island,50-64 Years,218471,2026-03-14,58.2865394412763
Rhode Island,50-64 Years,218471,2026-03-21,58.3899000564501
Rhode Island,50-64 Years,218471,2026-03-28,58.4855627603873
Rhode Island,50-64 Years,218471,2026-04-04,58.5977012058095
Rhode Island,50-64 Years,218471,2026-04-11,58.7793248101944
Rhode Island,50-64 Years,218471,2026-04-18,58.8600228979103
Rhode Island,50-64 Years,218471,2026-04-25,58.9385989857649
Rhode Island,50-64 Years,218471,2026-05-02,59.0039168651555
Rhode Island,50-64 Years,218471,2026-05-09,59.1478144680624
Rhode Island,50-64 Years,218471,2026-05-16,59.2136886964317
Rhode Island,50-64 Years,218471,2026-05-23,59.2746837481578
Rhode Island,50-64 Years,218471,2026-05-30,59.3310898544883
Rhode Island,50-64 Years,218471,2026-06-06,59.4373741448839
Rhode Island,50-64 Years,218471,2026-06-13,59.4845901686519
Rhode Island,65+ Years,192477,2025-08-16,2.09874044843204
Rhode Island,65+ Years,192477,2025-08-23,2.09874044843204
Rhode Island,65+ Years,192477,2025-08-30,2.09874044843204
Rhode Island,65+ Years,192477,2025-09-06,2.09874044843204
Rhode Island,65+ Years,192477,2025-09-13,3.15771458839401
Rhode Island,65+ Years,192477,2025-09-20,4.31781921413091
Rhode Island,65+ Years,192477,2025-09-27,6.3726889957248
Rhode Island,65+ Years,192477,2025-10-04,11.5074280079261
Rhode Island,65+ Years,192477,2025-10-11,15.0902340113077
Rhode Island,65+ Years,192477,2025-10-18,19.6999035001828
Rhode Island,65+ Years,192477,2025-10-25,25.2530833753032
Rhode Island,65+ Years,192477,2025-11-01,31.8313340030039
Rhode Island,65+ Years,192477,2025-11-08,44.4404891012877
Rhode Island,65+ Years,192477,2025-11-15,49.7200061081218
Rhode Island,65+ Years,192477,2025-11-22,54.1479980524997
Rhode Island,65+ Years,192477,2025-11-29,57.7339296100831
Rhode Island,65+ Years,192477,2025-12-06,63.7274592374967
Rhode Island,65+ Years,192477,2025-12-13,65.6782318279061
Rhode Island,65+ Years,192477,2025-12-20,66.8765742364672
Rhode Island,65+ Years,192477,2025-12-27,67.5585673275668
Rhode Island,65+ Years,192477,2026-01-03,68.2793438092808
Rhode Island,65+ Years,192477,2026-01-10,69.3310368238508
Rhode Island,65+ Years,192477,2026-01-17,69.8224638210533
Rhode Island,65+ Years,192477,2026-01-24,70.3421836779657
Rhode Island,65+ Years,192477,2026-01-31,70.8036097321958
Rhode Island,65+ Years,192477,2026-02-07,71.833012780751
Rhode Island,65+ Years,192477,2026-02-14,72.3130515276115
Rhode Island,65+ Years,192477,2026-02-21,72.7620307120239
Rhode Island,65+ Years,192477,2026-02-28,73.1894258110251
Rhode Island,65+ Years,192477,2026-03-07,74.0437770136857
Rhode Island,65+ Years,192477,2026-03-14,74.4996133748099
Rhode Island,65+ Years,192477,2026-03-21,74.9939043196595
Rhode Island,65+ Years,192477,2026-03-28,75.5135756487754
Rhode Island,65+ Years,192477,2026-04-04,76.1199927002254
Rhode Island,65+ Years,192477,2026-04-11,77.1234356597559
Rhode Island,65+ Years,192477,2026-04-18,77.5092670441721
Rhode Island,65+ Years,192477,2026-04-25,77.8268005939983
Rhode Island,65+ Years,192477,2026-05-02,78.0527465276006
Rhode Island,65+ Years,192477,2026-05-09,78.5334305802429
Rhode Island,65+ Years,192477,2026-05-16,78.7363960486482
Rhode Island,65+ Years,192477,2026-05-23,78.9148952805657
Rhode Island,65+ Years,192477,2026-05-30,79.0711949424929
Rhode Island,65+ Years,192477,2026-06-06,79.3491753705849
Rhode Island,65+ Years,192477,2026-06-13,79.4541849766062
South Carolina,6 Months - 4 Years,263110,2025-08-16,2.92164494489339
South Carolina,6 Months - 4 Years,263110,2025-08-23,2.92164494489339
South Carolina,6 Months - 4 Years,263110,2025-08-30,2.92164494489339
South Carolina,6 Months - 4 Years,263110,2025-09-06,2.92164494489339
South Carolina,6 Months - 4 Years,263110,2025-09-13,4.2360900756924
South Carolina,6 Months - 4 Years,263110,2025-09-20,5.49354566697255
South Carolina,6 Months - 4 Years,263110,2025-09-27,6.94209506985377
South Carolina,6 Months - 4 Years,263110,2025-10-04,10.090894428857
South Carolina,6 Months - 4 Years,263110,2025-10-11,11.8884682763488
South Carolina,6 Months - 4 Years,263110,2025-10-18,13.8851909608742
South Carolina,6 Months - 4 Years,263110,2025-10-25,16.0760683509467
South Carolina,6 Months - 4 Years,263110,2025-11-01,18.6623917686807
South Carolina,6 Months - 4 Years,263110,2025-11-08,23.8147434990815
South Carolina,6 Months - 4 Years,263110,2025-11-15,26.4152362158925
South Carolina,6 Months - 4 Years,263110,2025-11-22,29.0927184105435
South Carolina,6 Months - 4 Years,263110,2025-11-29,31.7348934984443
South Carolina,6 Months - 4 Years,263110,2025-12-06,36.6664894843215
South Carolina,6 Months - 4 Years,263110,2025-12-13,38.670177019152
South Carolina,6 Months - 4 Years,263110,2025-12-20,40.2348283185571
South Carolina,6 Months - 4 Years,263110,2025-12-27,41.440671216926
South Carolina,6 Months - 4 Years,263110,2026-01-03,42.7839132849429
South Carolina,6 Months - 4 Years,263110,2026-01-10,44.8676525405942
South Carolina,6 Months - 4 Years,263110,2026-01-17,45.7680200931053
South Carolina,6 Months - 4 Years,263110,2026-01-24,46.6409314348591
South Carolina,6 Months - 4 Years,263110,2026-01-31,47.3669468916567
South Carolina,6 Months - 4 Years,263110,2026-02-07,48.9861322671834
South Carolina,6 Months - 4 Years,263110,2026-02-14,49.7551870004549
South Carolina,6 Months - 4 Years,263110,2026-02-21,50.4948106641059
South Carolina,6 Months - 4 Years,263110,2026-02-28,51.1969180404375
South Carolina,6 Months - 4 Years,263110,2026-03-07,52.5239142293069
South Carolina,6 Months - 4 Years,263110,2026-03-14,53.1304920473856
South Carolina,6 Months - 4 Years,263110,2026-03-21,53.6926314309462
South Carolina,6 Months - 4 Years,263110,2026-03-28,54.1938206522981
South Carolina,6 Months - 4 Years,263110,2026-04-04,54.6644300876091
South Carolina,6 Months - 4 Years,263110,2026-04-11,55.3299551776035
South Carolina,6 Months - 4 Years,263110,2026-04-18,55.4627788786166
South Carolina,6 Months - 4 Years,263110,2026-04-25,55.5
South Carolina,6 Months - 4 Years,263110,2026-05-02,55.5
South Carolina,6 Months - 4 Years,263110,2026-05-09,55.5
South Carolina,6 Months - 4 Years,263110,2026-05-16,55.5
South Carolina,6 Months - 4 Years,263110,2026-05-23,55.5
South Carolina,6 Months - 4 Years,263110,2026-05-30,55.5
South Carolina,6 Months - 4 Years,263110,2026-06-06,55.5
South Carolina,6 Months - 4 Years,263110,2026-06-13,55.5
South Carolina,5-12 Years,503694,2025-08-16,4.96098735195234
South Carolina,5-12 Years,503694,2025-08-23,4.96098735195234
South Carolina,5-12 Years,503694,2025-08-30,4.96098735195234
South Carolina,5-12 Years,503694,2025-09-06,4.96098735195234
South Carolina,5-12 Years,503694,2025-09-13,6.53056427729344
South Carolina,5-12 Years,503694,2025-09-20,7.24519296788555
South Carolina,5-12 Years,503694,2025-09-27,8.42675543055114
South Carolina,5-12 Years,503694,2025-10-04,11.332155489408
South Carolina,5-12 Years,503694,2025-10-11,13.3374994561331
South Carolina,5-12 Years,503694,2025-10-18,15.9060718485573
South Carolina,5-12 Years,503694,2025-10-25,18.9766968198159
South Carolina,5-12 Years,503694,2025-11-01,22.566422211221
South Carolina,5-12 Years,503694,2025-11-08,29.3046844153348
South Carolina,5-12 Years,503694,2025-11-15,31.9744181706548
South Carolina,5-12 Years,503694,2025-11-22,34.0884355975632
South Carolina,5-12 Years,503694,2025-11-29,35.7132371799011
South Carolina,5-12 Years,503694,2025-12-06,38.4081079589646
South Carolina,5-12 Years,503694,2025-12-13,39.2864217568939
South Carolina,5-12 Years,503694,2025-12-20,39.8387446196415
South Carolina,5-12 Years,503694,2025-12-27,40.1735466079341
South Carolina,5-12 Years,503694,2026-01-03,40.5757086906233
South Carolina,5-12 Years,503694,2026-01-10,41.2169038534457
South Carolina,5-12 Years,503694,2026-01-17,41.6168671458369
South Carolina,5-12 Years,503694,2026-01-24,42.1296470336947
South Carolina,5-12 Years,503694,2026-01-31,42.6891549555009
South Carolina,5-12 Years,503694,2026-02-07,44.0582215409998
South Carolina,5-12 Years,503694,2026-02-14,44.8785436351631
South Carolina,5-12 Years,503694,2026-02-21,45.8065852238198
South Carolina,5-12 Years,503694,2026-02-28,46.7977856518069
South Carolina,5-12 Years,503694,2026-03-07,48.7482660985923
South Carolina,5-12 Years,503694,2026-03-14,49.631686385367
South Carolina,5-12 Years,503694,2026-03-21,50.3943092726019
South Carolina,5-12 Years,503694,2026-03-28,51.0218184363883
South Carolina,5-12 Years,503694,2026-04-04,51.6006247573829
South Carolina,5-12 Years,503694,2026-04-11,52.400125033026
South Carolina,5-12 Years,503694,2026-04-18,52.5565489273143
South Carolina,5-12 Years,503694,2026-04-25,52.6
South Carolina,5-12 Years,503694,2026-05-02,52.6
South Carolina,5-12 Years,503694,2026-05-09,52.6143305740374
South Carolina,5-12 Years,503694,2026-05-16,52.6650334433713
South Carolina,5-12 Years,503694,2026-05-23,52.7812963371598
South Carolina,5-12 Years,503694,2026-05-30,52.9786967843187
South Carolina,5-12 Years,503694,2026-06-06,53.4909897146844
South Carolina,5-12 Years,503694,2026-06-13,53.8113616170799
South Carolina,13-17 Years,322642,2025-08-16,4.08591715648949
South Carolina,13-17 Years,322642,2025-08-23,4.08591715648949
South Carolina,13-17 Years,322642,2025-08-30,4.08591715648949
South Carolina,13-17 Years,322642,2025-09-06,4.08591715648949
South Carolina,13-17 Years,322642,2025-09-13,5.19521352232849
South Carolina,13-17 Years,322642,2025-09-20,5.38607272088135
South Carolina,13-17 Years,322642,2025-09-27,6.04494737285336
South Carolina,13-17 Years,322642,2025-10-04,7.86562747921534
South Carolina,13-17 Years,322642,2025-10-11,9.27465696501661
South Carolina,13-17 Years,322642,2025-10-18,11.2022244921559
South Carolina,13-17 Years,322642,2025-10-25,13.6168921312129
South Carolina,13-17 Years,322642,2025-11-01,16.5146726155583
South Carolina,13-17 Years,322642,2025-11-08,22.088974442298
South Carolina,13-17 Years,322642,2025-11-15,24.3521754737638
South Carolina,13-17 Years,322642,2025-11-22,26.1633677874034
South Carolina,13-17 Years,322642,2025-11-29,27.578880947747
South Carolina,13-17 Years,322642,2025-12-06,29.9918939368338
South Carolina,13-17 Years,322642,2025-12-13,30.8483722738255
South Carolina,13-17 Years,322642,2025-12-20,31.4574899167186
South Carolina,13-17 Years,322642,2025-12-27,31.8907951268509
South Carolina,13-17 Years,322642,2026-01-03,32.3822688587716
South Carolina,13-17 Years,322642,2026-01-10,33.1453125163369
South Carolina,13-17 Years,322642,2026-01-17,33.5138278750964
South Carolina,13-17 Years,322642,2026-01-24,33.9085181317164
South Carolina,13-17 Years,322642,2026-01-31,34.271800773517
South Carolina,13-17 Years,322642,2026-02-07,35.1255276627391
South Carolina,13-17 Years,322642,2026-02-14,35.6046126399335
South Carolina,13-17 Years,322642,2026-02-21,36.1239927156725
South Carolina,13-17 Years,322642,2026-02-28,36.6332613352563
South Carolina,13-17 Years,322642,2026-03-07,37.5007619256153
South Carolina,13-17 Years,322642,2026-03-14,37.7596152943143
South Carolina,13-17 Years,322642,2026-03-21,37.873855782743
South Carolina,13-17 Years,322642,2026-03-28,37.8912852609143
South Carolina,13-17 Years,322642,2026-04-04,37.9
South Carolina,13-17 Years,322642,2026-04-11,37.9
South Carolina,13-17 Years,322642,2026-04-18,37.9
South Carolina,13-17 Years,322642,2026-04-25,37.9
South Carolina,13-17 Years,322642,2026-05-02,37.9
South Carolina,13-17 Years,322642,2026-05-09,37.9
South Carolina,13-17 Years,322642,2026-05-16,37.9
South Carolina,13-17 Years,322642,2026-05-23,37.9
South Carolina,13-17 Years,322642,2026-05-30,37.9
South Carolina,13-17 Years,322642,2026-06-06,37.9
South Carolina,13-17 Years,322642,2026-06-13,37.9
South Carolina,6 Months - 17 Years,1089446,2025-08-16,4.22413082894554
South Carolina,6 Months - 17 Years,1089446,2025-08-23,4.22413082894554
South Carolina,6 Months - 17 Years,1089446,2025-08-30,4.22413082894554
South Carolina,6 Months - 17 Years,1089446,2025-09-06,4.22413082894554
South Carolina,6 Months - 17 Years,1089446,2025-09-13,5.58350697591215
South Carolina,6 Months - 17 Years,1089446,2025-09-20,6.24159143020292
South Carolina,6 Months - 17 Years,1089446,2025-09-27,7.30599322181508
South Carolina,6 Months - 17 Years,1089446,2025-10-04,9.9083485359351
South Carolina,6 Months - 17 Years,1089446,2025-10-11,11.6772111951987
South Carolina,6 Months - 17 Years,1089446,2025-10-18,13.9149022767879
South Carolina,6 Months - 17 Years,1089446,2025-10-25,16.5818974066069
South Carolina,6 Months - 17 Years,1089446,2025-11-01,19.7336143933102
South Carolina,6 Months - 17 Years,1089446,2025-11-08,25.7689474268803
South Carolina,6 Months - 17 Years,1089446,2025-11-15,28.3031353130774
South Carolina,6 Months - 17 Years,1089446,2025-11-22,30.4446004516653
South Carolina,6 Months - 17 Years,1089446,2025-11-29,32.2127723693004
South Carolina,6 Months - 17 Years,1089446,2025-12-06,35.269325022524
South Carolina,6 Months - 17 Years,1089446,2025-12-13,36.3685212676328
South Carolina,6 Months - 17 Years,1089446,2025-12-20,37.1492413449301
South Carolina,6 Months - 17 Years,1089446,2025-12-27,37.7016471072159
South Carolina,6 Months - 17 Years,1089446,2026-01-03,38.3397377636173
South Carolina,6 Months - 17 Years,1089446,2026-01-10,39.341501180482
South Carolina,6 Months - 17 Years,1089446,2026-01-17,39.8487296644024
South Carolina,6 Months - 17 Years,1089446,2026-01-24,40.4110017059025
South Carolina,6 Months - 17 Years,1089446,2026-01-31,40.9483902089507
South Carolina,6 Months - 17 Years,1089446,2026-02-07,42.221813217639
South Carolina,6 Months - 17 Years,1089446,2026-02-14,42.933259877539
South Carolina,6 Months - 17 Years,1089446,2026-02-21,43.7055466677267
South Carolina,6 Months - 17 Years,1089446,2026-02-28,44.4995828132522
South Carolina,6 Months - 17 Years,1089446,2026-03-07,46.0114856622133
South Carolina,6 Months - 17 Years,1089446,2026-03-14,46.6558887136565
South Carolina,6 Months - 17 Years,1089446,2026-03-21,47.1830629793163
South Carolina,6 Months - 17 Years,1089446,2026-03-28,47.5950101392887
South Carolina,6 Months - 17 Years,1089446,2026-04-04,47.9695024429101
South Carolina,6 Months - 17 Years,1089446,2026-04-11,48.4762921322109
South Carolina,6 Months - 17 Years,1089446,2026-04-18,48.5733149542744
South Carolina,6 Months - 17 Years,1089446,2026-04-25,48.6
South Carolina,6 Months - 17 Years,1089446,2026-05-02,48.6
South Carolina,6 Months - 17 Years,1089446,2026-05-09,48.6066141110942
South Carolina,6 Months - 17 Years,1089446,2026-05-16,48.6300154354022
South Carolina,6 Months - 17 Years,1089446,2026-05-23,48.6836752325353
South Carolina,6 Months - 17 Years,1089446,2026-05-30,48.774783131224
South Carolina,6 Months - 17 Years,1089446,2026-06-06,49.011226022162
South Carolina,6 Months - 17 Years,1089446,2026-06-13,49.1590899771138
South Carolina,18-49 Years,2061529,2025-08-16,1.00059946492605
South Carolina,18-49 Years,2061529,2025-08-23,1.00059946492605
South Carolina,18-49 Years,2061529,2025-08-30,1.00059946492605
South Carolina,18-49 Years,2061529,2025-09-06,1.00059946492605
South Carolina,18-49 Years,2061529,2025-09-13,1.32548973592485
South Carolina,18-49 Years,2061529,2025-09-20,1.48800234839788
South Carolina,18-49 Years,2061529,2025-09-27,1.92523061752176
South Carolina,18-49 Years,2061529,2025-10-04,3.09930986094973
South Carolina,18-49 Years,2061529,2025-10-11,3.97466799155114
South Carolina,18-49 Years,2061529,2025-10-18,5.14382916186028
South Carolina,18-49 Years,2061529,2025-10-25,6.59512744329064
South Carolina,18-49 Years,2061529,2025-11-01,8.35313460806331
South Carolina,18-49 Years,2061529,2025-11-08,11.7909202719411
South Carolina,18-49 Years,2061529,2025-11-15,13.2503851497042
South Carolina,18-49 Years,2061529,2025-11-22,14.484742883609
South Carolina,18-49 Years,2061529,2025-11-29,15.534693529806
South Carolina,18-49 Years,2061529,2025-12-06,17.5033799041518
South Carolina,18-49 Years,2061529,2025-12-13,18.4212444263427
South Carolina,18-49 Years,2061529,2025-12-20,19.3081308482976
South Carolina,18-49 Years,2061529,2025-12-27,20.1481262938415
South Carolina,18-49 Years,2061529,2026-01-03,21.0413335002862
South Carolina,18-49 Years,2061529,2026-01-10,22.4208071650191
South Carolina,18-49 Years,2061529,2026-01-17,22.8586937233881
South Carolina,18-49 Years,2061529,2026-01-24,23.1641984727044
South Carolina,18-49 Years,2061529,2026-01-31,23.3594397593067
South Carolina,18-49 Years,2061529,2026-02-07,23.8180252677602
South Carolina,18-49 Years,2061529,2026-02-14,24.0836078195433
South Carolina,18-49 Years,2061529,2026-02-21,24.3947745496746
South Carolina,18-49 Years,2061529,2026-02-28,24.7226357753177
South Carolina,18-49 Years,2061529,2026-03-07,25.3100312922035
South Carolina,18-49 Years,2061529,2026-03-14,25.5079480570743
South Carolina,18-49 Years,2061529,2026-03-21,25.6176923514807
South Carolina,18-49 Years,2061529,2026-03-28,25.6647692420433
South Carolina,18-49 Years,2061529,2026-04-04,25.7351697278507
South Carolina,18-49 Years,2061529,2026-04-11,25.8654666586969
South Carolina,18-49 Years,2061529,2026-04-18,26.0191623997148
South Carolina,18-49 Years,2061529,2026-04-25,26.2548822020474
South Carolina,18-49 Years,2061529,2026-05-02,26.5076049547054
South Carolina,18-49 Years,2061529,2026-05-09,26.9939834478491
South Carolina,18-49 Years,2061529,2026-05-16,27.1388966802427
South Carolina,18-49 Years,2061529,2026-05-23,27.1950738588982
South Carolina,18-49 Years,2061529,2026-05-30,27.1983579529661
South Carolina,18-49 Years,2061529,2026-06-06,27.2
South Carolina,18-49 Years,2061529,2026-06-13,27.2
South Carolina,50-64 Years,1020779,2025-08-16,1.15214364552544
South Carolina,50-64 Years,1020779,2025-08-23,1.15214364552544
South Carolina,50-64 Years,1020779,2025-08-30,1.15214364552544
South Carolina,50-64 Years,1020779,2025-09-06,1.15214364552544
South Carolina,50-64 Years,1020779,2025-09-13,1.85475665775102
South Carolina,50-64 Years,1020779,2025-09-20,2.75282342696482
South Carolina,50-64 Years,1020779,2025-09-27,4.054965219372
South Carolina,50-64 Years,1020779,2025-10-04,7.14436436076283
South Carolina,50-64 Years,1020779,2025-10-11,9.20972366541213
South Carolina,50-64 Years,1020779,2025-10-18,11.8116466424903
South Carolina,50-64 Years,1020779,2025-10-25,14.8654154940766
South Carolina,50-64 Years,1020779,2025-11-01,18.3523107660438
South Carolina,50-64 Years,1020779,2025-11-08,24.6549387426357
South Carolina,50-64 Years,1020779,2025-11-15,26.8980423990111
South Carolina,50-64 Years,1020779,2025-11-22,28.4682324748754
South Carolina,50-64 Years,1020779,2025-11-29,29.5589001658537
South Carolina,50-64 Years,1020779,2025-12-06,31.4840880059385
South Carolina,50-64 Years,1020779,2025-12-13,32.316353384361
South Carolina,50-64 Years,1020779,2025-12-20,33.0985025811507
South Carolina,50-64 Years,1020779,2025-12-27,33.8416977079651
South Carolina,50-64 Years,1020779,2026-01-03,34.7073959972768
South Carolina,50-64 Years,1020779,2026-01-10,36.1122815690878
South Carolina,50-64 Years,1020779,2026-01-17,36.7070401244793
South Carolina,50-64 Years,1020779,2026-01-24,37.2594993387018
South Carolina,50-64 Years,1020779,2026-01-31,37.7019631766166
South Carolina,50-64 Years,1020779,2026-02-07,38.6730093042288
South Carolina,50-64 Years,1020779,2026-02-14,39.1106783867486
South Carolina,50-64 Years,1020779,2026-02-21,39.513141478837
South Carolina,50-64 Years,1020779,2026-02-28,39.8883164089134
South Carolina,50-64 Years,1020779,2026-03-07,40.6201833378063
South Carolina,50-64 Years,1020779,2026-03-14,40.9972137801884
South Carolina,50-64 Years,1020779,2026-03-21,41.3951024061064
South Carolina,50-64 Years,1020779,2026-03-28,41.7957054036798
South Carolina,50-64 Years,1020779,2026-04-04,42.2117910822653
South Carolina,50-64 Years,1020779,2026-04-11,42.8539065419212
South Carolina,50-64 Years,1020779,2026-04-18,43.0351417659694
South Carolina,50-64 Years,1020779,2026-04-25,43.1392361160067
South Carolina,50-64 Years,1020779,2026-05-02,43.187666944379
South Carolina,50-64 Years,1020779,2026-05-09,43.2737973897973
South Carolina,50-64 Years,1020779,2026-05-16,43.2930566149883
South Carolina,50-64 Years,1020779,2026-05-23,43.2994972238192
South Carolina,50-64 Years,1020779,2026-05-30,43.2998324079397
South Carolina,50-64 Years,1020779,2026-06-06,43.3
South Carolina,50-64 Years,1020779,2026-06-13,43.3
South Carolina,65+ Years,976375,2025-08-16,2.05530200130691
South Carolina,65+ Years,976375,2025-08-23,2.05530200130691
South Carolina,65+ Years,976375,2025-08-30,2.05530200130691
South Carolina,65+ Years,976375,2025-09-06,2.05530200130691
South Carolina,65+ Years,976375,2025-09-13,2.8803543948519
South Carolina,65+ Years,976375,2025-09-20,3.55694817211162
South Carolina,65+ Years,976375,2025-09-27,5.08848487664423
South Carolina,65+ Years,976375,2025-10-04,9.10104475115577
South Carolina,65+ Years,976375,2025-10-11,12.1000542527372
South Carolina,65+ Years,976375,2025-10-18,16.1408471964435
South Carolina,65+ Years,976375,2025-10-25,21.1048722925606
South Carolina,65+ Years,976375,2025-11-01,26.8944458454761
South Carolina,65+ Years,976375,2025-11-08,37.5762722249351
South Carolina,65+ Years,976375,2025-11-15,41.4749225628591
South Carolina,65+ Years,976375,2025-11-22,44.2366112440943
South Carolina,65+ Years,976375,2025-11-29,46.1267634280444
South Carolina,65+ Years,976375,2025-12-06,49.2364218003549
South Carolina,65+ Years,976375,2025-12-13,50.2873472858574
South Carolina,65+ Years,976375,2025-12-20,51.0161132786219
South Carolina,65+ Years,976375,2025-12-27,51.5321711957451
South Carolina,65+ Years,976375,2026-01-03,52.1739969773421
South Carolina,65+ Years,976375,2026-01-10,53.2290193522456
South Carolina,65+ Years,976375,2026-01-17,53.8855403550246
South Carolina,65+ Years,976375,2026-01-24,54.7030998136947
South Carolina,65+ Years,976375,2026-01-31,55.5373673659283
South Carolina,65+ Years,976375,2026-02-07,57.4175011486929
South Carolina,65+ Years,976375,2026-02-14,58.3214120423718
South Carolina,65+ Years,976375,2026-02-21,59.1541503009477
South Carolina,65+ Years,976375,2026-02-28,59.8988118547463
South Carolina,65+ Years,976375,2026-03-07,61.2394532018569
South Carolina,65+ Years,976375,2026-03-14,61.7653310549388
South Carolina,65+ Years,976375,2026-03-21,62.1727290288722
South Carolina,65+ Years,976375,2026-03-28,62.4853114800447
South Carolina,65+ Years,976375,2026-04-04,62.8216921926243
South Carolina,65+ Years,976375,2026-04-11,63.3311491552767
South Carolina,65+ Years,976375,2026-04-18,63.53087954694
South Carolina,65+ Years,976375,2026-04-25,63.7114621343301
South Carolina,65+ Years,976375,2026-05-02,63.8555187471451
South Carolina,65+ Years,976375,2026-05-09,64.1851093884524
South Carolina,65+ Years,976375,2026-05-16,64.3520020947442
South Carolina,65+ Years,976375,2026-05-23,64.5251906365065
South Carolina,65+ Years,976375,2026-05-30,64.7041692752232
South Carolina,65+ Years,976375,2026-06-06,65.0668319623152
South Carolina,65+ Years,976375,2026-06-13,65.25183687578
South Dakota,6 Months - 4 Years,54559,2025-08-16,3.70300501568971
South Dakota,6 Months - 4 Years,54559,2025-08-23,3.70300501568971
South Dakota,6 Months - 4 Years,54559,2025-08-30,3.70300501568971
South Dakota,6 Months - 4 Years,54559,2025-09-06,3.70300501568971
South Dakota,6 Months - 4 Years,54559,2025-09-13,5.25981657407041
South Dakota,6 Months - 4 Years,54559,2025-09-20,6.62262910247556
South Dakota,6 Months - 4 Years,54559,2025-09-27,8.33629495640294
South Dakota,6 Months - 4 Years,54559,2025-10-04,12.2057392908834
South Dakota,6 Months - 4 Years,54559,2025-10-11,14.5769724733267
South Dakota,6 Months - 4 Years,54559,2025-10-18,17.3719448928048
South Dakota,6 Months - 4 Years,54559,2025-10-25,20.5441506844034
South Dakota,6 Months - 4 Years,54559,2025-11-01,24.234868326411
South Dakota,6 Months - 4 Years,54559,2025-11-08,31.231428057925
South Dakota,6 Months - 4 Years,54559,2025-11-15,34.1851257549835
South Dakota,6 Months - 4 Years,54559,2025-11-22,36.7450341453104
South Dakota,6 Months - 4 Years,54559,2025-11-29,38.9847947260408
South Dakota,6 Months - 4 Years,54559,2025-12-06,43.2354039306197
South Dakota,6 Months - 4 Years,54559,2025-12-13,45.288287353467
South Dakota,6 Months - 4 Years,54559,2025-12-20,47.3374866833728
South Dakota,6 Months - 4 Years,54559,2025-12-27,49.3132164269447
South Dakota,6 Months - 4 Years,54559,2026-01-03,51.3399442394878
South Dakota,6 Months - 4 Years,54559,2026-01-10,54.4175172261869
South Dakota,6 Months - 4 Years,54559,2026-01-17,55.281361073504
South Dakota,6 Months - 4 Years,54559,2026-01-24,55.7877028296682
South Dakota,6 Months - 4 Years,54559,2026-01-31,56.0396910043497
South Dakota,6 Months - 4 Years,54559,2026-02-07,56.5235366953543
South Dakota,6 Months - 4 Years,54559,2026-02-14,56.6691316522653
South Dakota,6 Months - 4 Years,54559,2026-02-21,56.7598640549026
South Dakota,6 Months - 4 Years,54559,2026-02-28,56.8205809488215
South Dakota,6 Months - 4 Years,54559,2026-03-07,56.946716205389
South Dakota,6 Months - 4 Years,54559,2026-03-14,57.065479699347
South Dakota,6 Months - 4 Years,54559,2026-03-21,57.261987509653
South Dakota,6 Months - 4 Years,54559,2026-03-28,57.5211171561208
South Dakota,6 Months - 4 Years,54559,2026-04-04,57.79905658226
South Dakota,6 Months - 4 Years,54559,2026-04-11,58.2595601979404
South Dakota,6 Months - 4 Years,54559,2026-04-18,58.3677086414208
South Dakota,6 Months - 4 Years,54559,2026-04-25,58.4
South Dakota,6 Months - 4 Years,54559,2026-05-02,58.4
South Dakota,6 Months - 4 Years,54559,2026-05-09,58.4
South Dakota,6 Months - 4 Years,54559,2026-05-16,58.4
South Dakota,6 Months - 4 Years,54559,2026-05-23,58.4
South Dakota,6 Months - 4 Years,54559,2026-05-30,58.4
South Dakota,6 Months - 4 Years,54559,2026-06-06,58.4
South Dakota,6 Months - 4 Years,54559,2026-06-13,58.4
South Dakota,5-12 Years,98180,2025-08-16,3.14955932216331
South Dakota,5-12 Years,98180,2025-08-23,3.14955932216331
South Dakota,5-12 Years,98180,2025-08-30,3.14955932216331
South Dakota,5-12 Years,98180,2025-09-06,3.14955932216331
South Dakota,5-12 Years,98180,2025-09-13,4.08623782481249
South Dakota,5-12 Years,98180,2025-09-20,4.41077949912796
South Dakota,5-12 Years,98180,2025-09-27,5.43554421689456
South Dakota,5-12 Years,98180,2025-10-04,8.24100660183733
South Dakota,5-12 Years,98180,2025-10-11,10.3849478715702
South Dakota,5-12 Years,98180,2025-10-18,13.2942291389951
South Dakota,5-12 Years,98180,2025-10-25,16.9285455479341
South Dakota,5-12 Years,98180,2025-11-01,21.3065411212148
South Dakota,5-12 Years,98180,2025-11-08,29.7880176407604
South Dakota,5-12 Years,98180,2025-11-15,33.3037857111554
South Dakota,5-12 Years,98180,2025-11-22,36.1879067035077
South Dakota,5-12 Years,98180,2025-11-29,38.5135470940616
South Dakota,5-12 Years,98180,2025-12-06,42.5784062533627
South Dakota,5-12 Years,98180,2025-12-13,44.1281529535986
South Dakota,5-12 Years,98180,2025-12-20,45.3330232436521
South Dakota,5-12 Years,98180,2025-12-27,46.2711275003463
South Dakota,5-12 Years,98180,2026-01-03,47.2800578153882
South Dakota,5-12 Years,98180,2026-01-10,48.8108430581238
South Dakota,5-12 Years,98180,2026-01-17,49.4221287061823
South Dakota,5-12 Years,98180,2026-01-24,49.9777718435173
South Dakota,5-12 Years,98180,2026-01-31,50.3961338145928
South Dakota,5-12 Years,98180,2026-02-07,51.2512267345872
South Dakota,5-12 Years,98180,2026-02-14,51.5745471327009
South Dakota,5-12 Years,98180,2026-02-21,51.823181925813
South Dakota,5-12 Years,98180,2026-02-28,52.0071171445952
South Dakota,5-12 Years,98180,2026-03-07,52.2898283030043
South Dakota,5-12 Years,98180,2026-03-14,52.3632393905403
South Dakota,5-12 Years,98180,2026-03-21,52.3934524947017
South Dakota,5-12 Years,98180,2026-03-28,52.3978174982339
South Dakota,5-12 Years,98180,2026-04-04,52.4
South Dakota,5-12 Years,98180,2026-04-11,52.4
South Dakota,5-12 Years,98180,2026-04-18,52.4
South Dakota,5-12 Years,98180,2026-04-25,52.4
South Dakota,5-12 Years,98180,2026-05-02,52.4
South Dakota,5-12 Years,98180,2026-05-09,52.4
South Dakota,5-12 Years,98180,2026-05-16,52.4
South Dakota,5-12 Years,98180,2026-05-23,52.4
South Dakota,5-12 Years,98180,2026-05-30,52.4
South Dakota,5-12 Years,98180,2026-06-06,52.4
South Dakota,5-12 Years,98180,2026-06-13,52.4
South Dakota,13-17 Years,59835,2025-08-16,0.905318304550005
South Dakota,13-17 Years,59835,2025-08-23,0.905318304550005
South Dakota,13-17 Years,59835,2025-08-30,0.905318304550005
South Dakota,13-17 Years,59835,2025-09-06,0.905318304550005
South Dakota,13-17 Years,59835,2025-09-13,1.50902821835719
South Dakota,13-17 Years,59835,2025-09-20,2.32812334663166
South Dakota,13-17 Years,59835,2025-09-27,3.71649418966655
South Dakota,13-17 Years,59835,2025-10-04,7.1514947305234
South Dakota,13-17 Years,59835,2025-10-11,9.55018789474531
South Dakota,13-17 Years,59835,2025-10-18,12.6492515484013
South Dakota,13-17 Years,59835,2025-10-25,16.3652900659176
South Dakota,13-17 Years,59835,2025-11-01,20.6880158029388
South Dakota,13-17 Years,59835,2025-11-08,28.7185174213846
South Dakota,13-17 Years,59835,2025-11-15,31.7940957388957
South Dakota,13-17 Years,59835,2025-11-22,34.1325749261234
South Dakota,13-17 Years,59835,2025-11-29,35.8548331042704
South Dakota,13-17 Years,59835,2025-12-06,38.6805304610789
South Dakota,13-17 Years,59835,2025-12-13,39.6112066060335
South Dakota,13-17 Years,59835,2025-12-20,40.2265098200408
South Dakota,13-17 Years,59835,2025-12-27,40.6170631753726
South Dakota,13-17 Years,59835,2026-01-03,40.9628123465493
South Dakota,13-17 Years,59835,2026-01-10,41.4058399216613
South Dakota,13-17 Years,59835,2026-01-17,41.4972307764567
South Dakota,13-17 Years,59835,2026-01-24,41.5353023749453
South Dakota,13-17 Years,59835,2026-01-31,41.5492376485547
South Dakota,13-17 Years,59835,2026-02-07,41.5909210328719
South Dakota,13-17 Years,59835,2026-02-14,41.6379425536657
South Dakota,13-17 Years,59835,2026-02-21,41.7158042440627
South Dakota,13-17 Years,59835,2026-02-28,41.8140304033696
South Dakota,13-17 Years,59835,2026-03-07,42.0004856120608
South Dakota,13-17 Years,59835,2026-03-14,42.0635958330918
South Dakota,13-17 Years,59835,2026-03-21,42.0930074234443
South Dakota,13-17 Years,59835,2026-03-28,42.0976691411481
South Dakota,13-17 Years,59835,2026-04-04,42.1041377777778
South Dakota,13-17 Years,59835,2026-04-11,42.1165511111111
South Dakota,13-17 Years,59835,2026-04-18,42.1435555555556
South Dakota,13-17 Years,59835,2026-04-25,42.1905955555556
South Dakota,13-17 Years,59835,2026-05-02,42.2456933333333
South Dakota,13-17 Years,59835,2026-05-09,42.3528977777778
South Dakota,13-17 Years,59835,2026-05-16,42.3858933333333
South Dakota,13-17 Years,59835,2026-05-23,42.3988533333333
South Dakota,13-17 Years,59835,2026-05-30,42.3996177777778
South Dakota,13-17 Years,59835,2026-06-06,42.4
South Dakota,13-17 Years,59835,2026-06-13,42.4
South Dakota,6 Months - 17 Years,212574,2025-08-16,3.12164580208405
South Dakota,6 Months - 17 Years,212574,2025-08-23,3.12164580208405
South Dakota,6 Months - 17 Years,212574,2025-08-30,3.12164580208405
South Dakota,6 Months - 17 Years,212574,2025-09-06,3.12164580208405
South Dakota,6 Months - 17 Years,212574,2025-09-13,4.11519918105235
South Dakota,6 Months - 17 Years,212574,2025-09-20,4.57860851509605
South Dakota,6 Months - 17 Years,212574,2025-09-27,5.68262819292079
South Dakota,6 Months - 17 Years,212574,2025-10-04,8.59731563574288
South Dakota,6 Months - 17 Years,212574,2025-10-11,10.755868906193
South Dakota,6 Months - 17 Years,212574,2025-10-18,13.6355669949335
South Dakota,6 Months - 17 Years,212574,2025-10-25,17.1859389046659
South Dakota,6 Months - 17 Years,212574,2025-11-01,21.4219406809844
South Dakota,6 Months - 17 Years,212574,2025-11-08,29.5366227607167
South Dakota,6 Months - 17 Years,212574,2025-11-15,32.8296875033576
South Dakota,6 Months - 17 Years,212574,2025-11-22,35.480156697063
South Dakota,6 Months - 17 Years,212574,2025-11-29,37.583237465444
South Dakota,6 Months - 17 Years,212574,2025-12-06,41.2632469663558
South Dakota,6 Months - 17 Years,212574,2025-12-13,42.6962602960651
South Dakota,6 Months - 17 Years,212574,2025-12-20,43.8502942812541
South Dakota,6 Months - 17 Years,212574,2025-12-27,44.7788205853278
South Dakota,6 Months - 17 Years,212574,2026-01-03,45.7414723166224
South Dakota,6 Months - 17 Years,212574,2026-01-10,47.1722134657938
South Dakota,6 Months - 17 Years,212574,2026-01-17,47.6664557633434
South Dakota,6 Months - 17 Years,212574,2026-01-24,48.0616044475028
South Dakota,6 Months - 17 Years,212574,2026-01-31,48.3305607673257
South Dakota,6 Months - 17 Years,212574,2026-02-07,48.8805562469347
South Dakota,6 Months - 17 Years,212574,2026-02-14,49.0881816774305
South Dakota,6 Months - 17 Years,212574,2026-02-21,49.2527570770939
South Dakota,6 Months - 17 Years,212574,2026-02-28,49.3829194566108
South Dakota,6 Months - 17 Years,212574,2026-03-07,49.601920344782
South Dakota,6 Months - 17 Years,212574,2026-03-14,49.6799743354679
South Dakota,6 Months - 17 Years,212574,2026-03-21,49.7376340012119
South Dakota,6 Months - 17 Years,212574,2026-03-28,49.7804335066985
South Dakota,6 Months - 17 Years,212574,2026-04-04,49.8254149582561
South Dakota,6 Months - 17 Years,212574,2026-04-11,49.8923405732086
South Dakota,6 Months - 17 Years,212574,2026-04-18,49.9187767455426
South Dakota,6 Months - 17 Years,212574,2026-04-25,49.94257354949
South Dakota,6 Months - 17 Years,212574,2026-05-02,49.9592432839121
South Dakota,6 Months - 17 Years,212574,2026-05-09,49.989616495402
South Dakota,6 Months - 17 Years,212574,2026-05-16,49.9971202451078
South Dakota,6 Months - 17 Years,212574,2026-05-23,49.9997815950659
South Dakota,6 Months - 17 Years,212574,2026-05-30,49.9999271983553
South Dakota,6 Months - 17 Years,212574,2026-06-06,50.0
South Dakota,6 Months - 17 Years,212574,2026-06-13,50.0
South Dakota,18-49 Years,349194,2025-08-16,1.07885776549942
South Dakota,18-49 Years,349194,2025-08-23,1.07885776549942
South Dakota,18-49 Years,349194,2025-08-30,1.07885776549942
South Dakota,18-49 Years,349194,2025-09-06,1.07885776549942
South Dakota,18-49 Years,349194,2025-09-13,1.40339881643685
South Dakota,18-49 Years,349194,2025-09-20,1.52809621488363
South Dakota,18-49 Years,349194,2025-09-27,2.02103687393741
South Dakota,18-49 Years,349194,2025-10-04,3.42786290033574
South Dakota,18-49 Years,349194,2025-10-11,4.62147125897248
South Dakota,18-49 Years,349194,2025-10-18,6.39742749297042
South Dakota,18-49 Years,349194,2025-10-25,8.76975563213194
South Dakota,18-49 Years,349194,2025-11-01,11.7357005439694
South Dakota,18-49 Years,349194,2025-11-08,17.7121086101001
South Dakota,18-49 Years,349194,2025-11-15,20.3540500758251
South Dakota,18-49 Years,349194,2025-11-22,22.6390806239629
South Dakota,18-49 Years,349194,2025-11-29,24.5613719703239
South Dakota,18-49 Years,349194,2025-12-06,27.9136264926357
South Dakota,18-49 Years,349194,2025-12-13,29.1333998150767
South Dakota,18-49 Years,349194,2025-12-20,30.0033556750846
South Dakota,18-49 Years,349194,2025-12-27,30.6146002063736
South Dakota,18-49 Years,349194,2026-01-03,31.2886564167492
South Dakota,18-49 Years,349194,2026-01-10,32.3186517203017
South Dakota,18-49 Years,349194,2026-01-17,32.7925785824218
South Dakota,18-49 Years,349194,2026-01-24,33.2763681089168
South Dakota,18-49 Years,349194,2026-01-31,33.6812861138407
South Dakota,18-49 Years,349194,2026-02-07,34.5309278361311
South Dakota,18-49 Years,349194,2026-02-14,34.8686111623536
South Dakota,18-49 Years,349194,2026-02-21,35.1346468885188
South Dakota,18-49 Years,349194,2026-02-28,35.3447346681288
South Dakota,18-49 Years,349194,2026-03-07,35.7208463938191
South Dakota,18-49 Years,349194,2026-03-14,35.8891655755509
South Dakota,18-49 Years,349194,2026-03-21,36.0510328998359
South Dakota,18-49 Years,349194,2026-03-28,36.2015892131273
South Dakota,18-49 Years,349194,2026-04-04,36.3440811761751
South Dakota,18-49 Years,349194,2026-04-11,36.5476012529882
South Dakota,18-49 Years,349194,2026-04-18,36.5885033174108
South Dakota,18-49 Years,349194,2026-04-25,36.6
South Dakota,18-49 Years,349194,2026-05-02,36.6
South Dakota,18-49 Years,349194,2026-05-09,36.6165352777354
South Dakota,18-49 Years,349194,2026-05-16,36.6750385885054
South Dakota,18-49 Years,349194,2026-05-23,36.8091880813382
South Dakota,18-49 Years,349194,2026-05-30,37.0369578280601
South Dakota,18-49 Years,349194,2026-06-06,37.6280650554051
South Dakota,18-49 Years,349194,2026-06-13,37.9977249427845
South Dakota,50-64 Years,164405,2025-08-16,1.12643830850607
South Dakota,50-64 Years,164405,2025-08-23,1.12643830850607
South Dakota,50-64 Years,164405,2025-08-30,1.12643830850607
South Dakota,50-64 Years,164405,2025-09-06,1.12643830850607
South Dakota,50-64 Years,164405,2025-09-13,1.47722611013088
South Dakota,50-64 Years,164405,2025-09-20,1.63683407577496
South Dakota,50-64 Years,164405,2025-09-27,2.26007889271847
South Dakota,50-64 Years,164405,2025-10-04,4.04922469785776
South Dakota,50-64 Years,164405,2025-10-11,5.64020125137152
South Dakota,50-64 Years,164405,2025-10-18,8.09871405863082
South Dakota,50-64 Years,164405,2025-10-25,11.4369060443321
South Dakota,50-64 Years,164405,2025-11-01,15.5861720694023
South Dakota,50-64 Years,164405,2025-11-08,23.8034795264937
South Dakota,50-64 Years,164405,2025-11-15,27.2084537763038
South Dakota,50-64 Years,164405,2025-11-22,29.9419215618771
South Dakota,50-64 Years,164405,2025-11-29,32.1014260898656
South Dakota,50-64 Years,164405,2025-12-06,35.894647001091
South Dakota,50-64 Years,164405,2025-12-13,37.3742526069583
South Dakota,50-64 Years,164405,2025-12-20,38.5618813052982
South Dakota,50-64 Years,164405,2025-12-27,39.5216567417502
South Dakota,50-64 Years,164405,2026-01-03,40.5722807794379
South Dakota,50-64 Years,164405,2026-01-10,42.1878852970344
South Dakota,50-64 Years,164405,2026-01-17,42.8357265341991
South Dakota,50-64 Years,164405,2026-01-24,43.4276058933026
South Dakota,50-64 Years,164405,2026-01-31,43.8967576155596
South Dakota,50-64 Years,164405,2026-02-07,44.9464878529016
South Dakota,50-64 Years,164405,2026-02-14,45.4551501136269
South Dakota,50-64 Years,164405,2026-02-21,45.9588489299497
South Dakota,50-64 Years,164405,2026-02-28,46.4441731540492
South Dakota,50-64 Years,164405,2026-03-07,47.3438567863638
South Dakota,50-64 Years,164405,2026-03-14,47.716853750515
South Dakota,50-64 Years,164405,2026-03-21,48.0222819731481
South Dakota,50-64 Years,164405,2026-03-28,48.2698501305295
South Dakota,50-64 Years,164405,2026-04-04,48.5374745995026
South Dakota,50-64 Years,164405,2026-04-11,48.948037379238
South Dakota,50-64 Years,164405,2026-04-18,49.1110936749912
South Dakota,50-64 Years,164405,2026-04-25,49.2554412969401
South Dakota,50-64 Years,164405,2026-05-02,49.3554597034728
South Dakota,50-64 Years,164405,2026-05-09,49.5376989724121
South Dakota,50-64 Years,164405,2026-05-16,49.582721470647
South Dakota,50-64 Years,164405,2026-05-23,49.5986895703952
South Dakota,50-64 Years,164405,2026-05-30,49.5995631901317
South Dakota,50-64 Years,164405,2026-06-06,49.6
South Dakota,50-64 Years,164405,2026-06-13,49.6
South Dakota,65+ Years,157177,2025-08-16,1.6790811951883
South Dakota,65+ Years,157177,2025-08-23,1.6790811951883
South Dakota,65+ Years,157177,2025-08-30,1.6790811951883
South Dakota,65+ Years,157177,2025-09-06,1.6790811951883
South Dakota,65+ Years,157177,2025-09-13,2.22756268294264
South Dakota,65+ Years,157177,2025-09-20,2.51409238287008
South Dakota,65+ Years,157177,2025-09-27,3.66784587348484
South Dakota,65+ Years,157177,2025-10-04,6.93518593300377
South Dakota,65+ Years,157177,2025-10-11,9.61081810394312
South Dakota,65+ Years,157177,2025-10-18,13.4554880810948
South Dakota,65+ Years,157177,2025-10-25,18.4463999106988
South Dakota,65+ Years,157177,2025-11-01,24.5510507917506
South Dakota,65+ Years,157177,2025-11-08,36.5396577347371
South Dakota,65+ Years,157177,2025-11-15,41.583977338904
South Dakota,65+ Years,157177,2025-11-22,45.743590022677
South Dakota,65+ Years,157177,2025-11-29,49.0571887482252
South Dakota,65+ Years,157177,2025-12-06,54.6104418715834
South Dakota,65+ Years,157177,2025-12-13,56.4420987053382
South Dakota,65+ Years,157177,2025-12-20,57.5944194040835
South Dakota,65+ Years,157177,2025-12-27,58.2791102346305
South Dakota,65+ Years,157177,2026-01-03,59.0297482239076
South Dakota,65+ Years,157177,2026-01-10,60.1583618476394
South Dakota,65+ Years,157177,2026-01-17,60.7330351817311
South Dakota,65+ Years,157177,2026-01-24,61.3682742147751
South Dakota,65+ Years,157177,2026-01-31,61.9383523926063
South Dakota,65+ Years,157177,2026-02-07,63.1559398355497
South Dakota,65+ Years,157177,2026-02-14,63.6631156343717
South Dakota,65+ Years,157177,2026-02-21,64.0765070532222
South Dakota,65+ Years,157177,2026-02-28,64.4116515453446
South Dakota,65+ Years,157177,2026-03-07,65.0098908695904
South Dakota,65+ Years,157177,2026-03-14,65.2589895729816
South Dakota,65+ Years,157177,2026-03-21,65.4767570654766
South Dakota,65+ Years,157177,2026-03-28,65.6701111716335
South Dakota,65+ Years,157177,2026-04-04,65.8951499831799
South Dakota,65+ Years,157177,2026-04-11,66.2576399066325
South Dakota,65+ Years,157177,2026-04-18,66.4176312629251
South Dakota,65+ Years,157177,2026-04-25,66.5730054644111
South Dakota,65+ Years,157177,2026-05-02,66.7031912420617
South Dakota,65+ Years,157177,2026-05-09,66.9946218996154
South Dakota,65+ Years,157177,2026-05-16,67.1334928021009
South Dakota,65+ Years,157177,2026-05-23,67.2673520145972
South Dakota,65+ Years,157177,2026-05-30,67.3963239813989
South Dakota,65+ Years,157177,2026-06-06,67.646743310529
South Dakota,65+ Years,157177,2026-06-13,67.7653612233106
Tennessee,6 Months - 4 Years,367452,2025-08-16,6.31617627275867
Tennessee,6 Months - 4 Years,367452,2025-08-23,6.31617627275867
Tennessee,6 Months - 4 Years,367452,2025-08-30,6.31617627275867
Tennessee,6 Months - 4 Years,367452,2025-09-06,6.31617627275867
Tennessee,6 Months - 4 Years,367452,2025-09-13,8.37057613085349
Tennessee,6 Months - 4 Years,367452,2025-09-20,9.40001479509233
Tennessee,6 Months - 4 Years,367452,2025-09-27,10.8680663965517
Tennessee,6 Months - 4 Years,367452,2025-10-04,14.332711230621
Tennessee,6 Months - 4 Years,367452,2025-10-11,16.6136847305198
Tennessee,6 Months - 4 Years,367452,2025-10-18,19.450610994986
Tennessee,6 Months - 4 Years,367452,2025-10-25,22.7685849700035
Tennessee,6 Months - 4 Years,367452,2025-11-01,26.5988701810438
Tennessee,6 Months - 4 Years,367452,2025-11-08,33.6654287001382
Tennessee,6 Months - 4 Years,367452,2025-11-15,36.3458330190743
Tennessee,6 Months - 4 Years,367452,2025-11-22,38.3827995373843
Tennessee,6 Months - 4 Years,367452,2025-11-29,39.9438662737449
Tennessee,6 Months - 4 Years,367452,2025-12-06,42.7987608072168
Tennessee,6 Months - 4 Years,367452,2025-12-13,44.1246166291268
Tennessee,6 Months - 4 Years,367452,2025-12-20,45.4382185494092
Tennessee,6 Months - 4 Years,367452,2025-12-27,46.7176676142666
Tennessee,6 Months - 4 Years,367452,2026-01-03,48.0999666529574
Tennessee,6 Months - 4 Years,367452,2026-01-10,50.2584440246804
Tennessee,6 Months - 4 Years,367452,2026-01-17,50.9556483471067
Tennessee,6 Months - 4 Years,367452,2026-01-24,51.451259610157
Tennessee,6 Months - 4 Years,367452,2026-01-31,51.7877300473225
Tennessee,6 Months - 4 Years,367452,2026-02-07,52.6835132076164
Tennessee,6 Months - 4 Years,367452,2026-02-14,53.4166422623696
Tennessee,6 Months - 4 Years,367452,2026-02-21,54.4768759899009
Tennessee,6 Months - 4 Years,367452,2026-02-28,55.7581699672399
Tennessee,6 Months - 4 Years,367452,2026-03-07,58.2477691584457
Tennessee,6 Months - 4 Years,367452,2026-03-14,59.207876162402
Tennessee,6 Months - 4 Years,367452,2026-03-21,59.824401344583
Tennessee,6 Months - 4 Years,367452,2026-03-28,60.1586044763373
Tennessee,6 Months - 4 Years,367452,2026-04-04,60.4555624914809
Tennessee,6 Months - 4 Years,367452,2026-04-11,60.8326128339035
Tennessee,6 Months - 4 Years,367452,2026-04-18,60.93108971057
Tennessee,6 Months - 4 Years,367452,2026-04-25,60.9927139228646
Tennessee,6 Months - 4 Years,367452,2026-05-02,61.0250162401725
Tennessee,6 Months - 4 Years,367452,2026-05-09,61.0824842626221
Tennessee,6 Months - 4 Years,367452,2026-05-16,61.0953548542406
Tennessee,6 Months - 4 Years,367452,2026-05-23,61.0996633576845
Tennessee,6 Months - 4 Years,367452,2026-05-30,61.0998877858949
Tennessee,6 Months - 4 Years,367452,2026-06-06,61.1
Tennessee,6 Months - 4 Years,367452,2026-06-13,61.1
Tennessee,5-12 Years,672635,2025-08-16,4.78466714044031
Tennessee,5-12 Years,672635,2025-08-23,4.78466714044031
Tennessee,5-12 Years,672635,2025-08-30,4.78466714044031
Tennessee,5-12 Years,672635,2025-09-06,4.78466714044031
Tennessee,5-12 Years,672635,2025-09-13,6.27459508943563
Tennessee,5-12 Years,672635,2025-09-20,6.91288405201283
Tennessee,5-12 Years,672635,2025-09-27,8.17027814804157
Tennessee,5-12 Years,672635,2025-10-04,11.3830950389533
Tennessee,5-12 Years,672635,2025-10-11,13.6882408629751
Tennessee,5-12 Years,672635,2025-10-18,16.708211602317
Tennessee,5-12 Years,672635,2025-10-25,20.3826134147517
Tennessee,5-12 Years,672635,2025-11-01,24.7318388094095
Tennessee,5-12 Years,672635,2025-11-08,33.0149465399615
Tennessee,5-12 Years,672635,2025-11-15,36.3836021381055
Tennessee,5-12 Years,672635,2025-11-22,39.1120470046773
Tennessee,5-12 Years,672635,2025-11-29,41.2525898749709
Tennessee,5-12 Years,672635,2025-12-06,44.8184358772242
Tennessee,5-12 Years,672635,2025-12-13,45.9921283676604
Tennessee,5-12 Years,672635,2025-12-20,46.7388065319602
Tennessee,5-12 Years,672635,2025-12-27,47.190152910592
Tennessee,5-12 Years,672635,2026-01-03,47.6638751003851
Tennessee,5-12 Years,672635,2026-01-10,48.3570575424198
Tennessee,5-12 Years,672635,2026-01-17,48.6739333406462
Tennessee,5-12 Years,672635,2026-01-24,48.9962841126515
Tennessee,5-12 Years,672635,2026-01-31,49.2486069618341
Tennessee,5-12 Years,672635,2026-02-07,49.7180373267094
Tennessee,5-12 Years,672635,2026-02-14,49.8431791480648
Tennessee,5-12 Years,672635,2026-02-21,49.8925229096036
Tennessee,5-12 Years,672635,2026-02-28,49.8975076365345
Tennessee,5-12 Years,672635,2026-03-07,49.9
Tennessee,5-12 Years,672635,2026-03-14,49.9
Tennessee,5-12 Years,672635,2026-03-21,49.9
Tennessee,5-12 Years,672635,2026-03-28,49.9
Tennessee,5-12 Years,672635,2026-04-04,49.9
Tennessee,5-12 Years,672635,2026-04-11,49.9
Tennessee,5-12 Years,672635,2026-04-18,49.9
Tennessee,5-12 Years,672635,2026-04-25,49.9
Tennessee,5-12 Years,672635,2026-05-02,49.9
Tennessee,5-12 Years,672635,2026-05-09,49.9121258703393
Tennessee,5-12 Years,672635,2026-05-16,49.9550282982373
Tennessee,5-12 Years,672635,2026-05-23,50.0534045929814
Tennessee,5-12 Years,672635,2026-05-30,50.2204357405774
Tennessee,5-12 Years,672635,2026-06-06,50.6539143739638
Tennessee,5-12 Years,672635,2026-06-13,50.9249982913753
Tennessee,13-17 Years,433367,2025-08-16,0.610670253014537
Tennessee,13-17 Years,433367,2025-08-23,0.610670253014537
Tennessee,13-17 Years,433367,2025-08-30,0.610670253014537
Tennessee,13-17 Years,433367,2025-09-06,0.610670253014537
Tennessee,13-17 Years,433367,2025-09-13,1.45385997463039
Tennessee,13-17 Years,433367,2025-09-20,2.81842094830045
Tennessee,13-17 Years,433367,2025-09-27,4.7461109083389
Tennessee,13-17 Years,433367,2025-10-04,8.98761202156244
Tennessee,13-17 Years,433367,2025-10-11,11.5537904082588
Tennessee,13-17 Years,433367,2025-10-18,14.580615487245
Tennessee,13-17 Years,433367,2025-10-25,17.9616907467509
Tennessee,13-17 Years,433367,2025-11-01,21.7169610534895
Tennessee,13-17 Years,433367,2025-11-08,28.3029813333247
Tennessee,13-17 Years,433367,2025-11-15,30.5436504779099
Tennessee,13-17 Years,433367,2025-11-22,32.0572763406544
Tennessee,13-17 Years,433367,2025-11-29,33.078363494532
Tennessee,13-17 Years,433367,2025-12-06,34.9178156980245
Tennessee,13-17 Years,433367,2025-12-13,35.7991602933298
Tennessee,13-17 Years,433367,2025-12-20,36.7231359542475
Tennessee,13-17 Years,433367,2025-12-27,37.668318715204
Tennessee,13-17 Years,433367,2026-01-03,38.7122505067914
Tennessee,13-17 Years,433367,2026-01-10,40.3758654860474
Tennessee,13-17 Years,433367,2026-01-17,40.9432864643597
Tennessee,13-17 Years,433367,2026-01-24,41.3643270660195
Tennessee,13-17 Years,433367,2026-01-31,41.6417491866575
Tennessee,13-17 Years,433367,2026-02-07,42.2536283833548
Tennessee,13-17 Years,433367,2026-02-14,42.5498617703547
Tennessee,13-17 Years,433367,2026-02-21,42.8496503037613
Tennessee,13-17 Years,433367,2026-02-28,43.1307192368637
Tennessee,13-17 Years,433367,2026-03-07,43.5959856855709
Tennessee,13-17 Years,433367,2026-03-14,43.7293196415546
Tennessee,13-17 Years,433367,2026-03-21,43.78699650949
Tennessee,13-17 Years,433367,2026-03-28,43.7956655031633
Tennessee,13-17 Years,433367,2026-04-04,43.8
Tennessee,13-17 Years,433367,2026-04-11,43.8
Tennessee,13-17 Years,433367,2026-04-18,43.8
Tennessee,13-17 Years,433367,2026-04-25,43.8
Tennessee,13-17 Years,433367,2026-05-02,43.8
Tennessee,13-17 Years,433367,2026-05-09,43.8
Tennessee,13-17 Years,433367,2026-05-16,43.8
Tennessee,13-17 Years,433367,2026-05-23,43.8
Tennessee,13-17 Years,433367,2026-05-30,43.8
Tennessee,13-17 Years,433367,2026-06-06,43.8
Tennessee,13-17 Years,433367,2026-06-13,43.8
Tennessee,6 Months - 17 Years,1473454,2025-08-16,4.18394749945485
Tennessee,6 Months - 17 Years,1473454,2025-08-23,4.18394749945485
Tennessee,6 Months - 17 Years,1473454,2025-08-30,4.18394749945485
Tennessee,6 Months - 17 Years,1473454,2025-09-06,4.18394749945485
Tennessee,6 Months - 17 Years,1473454,2025-09-13,5.64303277201823
Tennessee,6 Months - 17 Years,1473454,2025-09-20,6.53886233798796
Tennessee,6 Months - 17 Years,1473454,2025-09-27,7.93912372593491
Tennessee,6 Months - 17 Years,1473454,2025-10-04,11.3328955931673
Tennessee,6 Months - 17 Years,1473454,2025-10-11,13.6428275656663
Tennessee,6 Months - 17 Years,1473454,2025-10-18,16.5784867133401
Tennessee,6 Months - 17 Years,1473454,2025-10-25,20.0626112404617
Tennessee,6 Months - 17 Years,1473454,2025-11-01,24.106459730991
Tennessee,6 Months - 17 Years,1473454,2025-11-08,31.6056103592141
Tennessee,6 Months - 17 Years,1473454,2025-11-15,34.4704966156096
Tennessee,6 Months - 17 Years,1473454,2025-11-22,36.6521668242676
Tennessee,6 Months - 17 Years,1473454,2025-11-29,38.2965811113868
Tennessee,6 Months - 17 Years,1473454,2025-12-06,41.1591557388962
Tennessee,6 Months - 17 Years,1473454,2025-12-13,42.2935702321179
Tennessee,6 Months - 17 Years,1473454,2025-12-20,43.243467377131
Tennessee,6 Months - 17 Years,1473454,2025-12-27,44.0444290010613
Tennessee,6 Months - 17 Years,1473454,2026-01-03,44.8964484938411
Tennessee,6 Months - 17 Years,1473454,2026-01-10,46.1881723405149
Tennessee,6 Months - 17 Years,1473454,2026-01-17,46.6454939195667
Tennessee,6 Months - 17 Years,1473454,2026-01-24,47.0187160751315
Tennessee,6 Months - 17 Years,1473454,2026-01-31,47.293005537216
Tennessee,6 Months - 17 Years,1473454,2026-02-07,47.9351242915108
Tennessee,6 Months - 17 Years,1473454,2026-02-14,48.2977142184541
Tennessee,6 Months - 17 Years,1473454,2026-02-21,48.7096982333826
Tennessee,6 Months - 17 Years,1473454,2026-02-28,49.1378264100163
Tennessee,6 Months - 17 Years,1473454,2026-03-07,49.9142047503313
Tennessee,6 Months - 17 Years,1473454,2026-03-14,50.1953670270364
Tennessee,6 Months - 17 Years,1473454,2026-03-21,50.3771915787093
Tennessee,6 Months - 17 Years,1473454,2026-03-28,50.4809520452135
Tennessee,6 Months - 17 Years,1473454,2026-04-04,50.5688745217984
Tennessee,6 Months - 17 Years,1473454,2026-04-11,50.6761033987298
Tennessee,6 Months - 17 Years,1473454,2026-04-18,50.6950075644517
Tennessee,6 Months - 17 Years,1473454,2026-04-25,50.7
Tennessee,6 Months - 17 Years,1473454,2026-05-02,50.7
Tennessee,6 Months - 17 Years,1473454,2026-05-09,50.7055117592451
Tennessee,6 Months - 17 Years,1473454,2026-05-16,50.7250128628351
Tennessee,6 Months - 17 Years,1473454,2026-05-23,50.7697293604461
Tennessee,6 Months - 17 Years,1473454,2026-05-30,50.8456526093534
Tennessee,6 Months - 17 Years,1473454,2026-06-06,51.0426883518017
Tennessee,6 Months - 17 Years,1473454,2026-06-13,51.1659083142615
Tennessee,18-49 Years,2837672,2025-08-16,0.609579327691462
Tennessee,18-49 Years,2837672,2025-08-23,0.609579327691462
Tennessee,18-49 Years,2837672,2025-08-30,0.609579327691462
Tennessee,18-49 Years,2837672,2025-09-06,0.609579327691462
Tennessee,18-49 Years,2837672,2025-09-13,1.18543754251233
Tennessee,18-49 Years,2837672,2025-09-20,2.01692075096591
Tennessee,18-49 Years,2837672,2025-09-27,3.02846233360302
Tennessee,18-49 Years,2837672,2025-10-04,5.08329079781494
Tennessee,18-49 Years,2837672,2025-10-11,6.13633733593186
Tennessee,18-49 Years,2837672,2025-10-18,7.20956178304941
Tennessee,18-49 Years,2837672,2025-10-25,8.30392947673171
Tennessee,18-49 Years,2837672,2025-11-01,9.55452089851027
Tennessee,18-49 Years,2837672,2025-11-08,12.0022552759213
Tennessee,18-49 Years,2837672,2025-11-15,13.2790025853051
Tennessee,18-49 Years,2837672,2025-11-22,14.6418344074016
Tennessee,18-49 Years,2837672,2025-11-29,15.9863130855692
Tennessee,18-49 Years,2837672,2025-12-06,18.3571248447266
Tennessee,18-49 Years,2837672,2025-12-13,19.1549904059248
Tennessee,18-49 Years,2837672,2025-12-20,19.617483225271
Tennessee,18-49 Years,2837672,2025-12-27,19.8434155830171
Tennessee,18-49 Years,2837672,2026-01-03,20.1287286893264
Tennessee,18-49 Years,2837672,2026-01-10,20.6011110320071
Tennessee,18-49 Years,2837672,2026-01-17,20.9962255923545
Tennessee,18-49 Years,2837672,2026-01-24,21.5475951774388
Tennessee,18-49 Years,2837672,2026-01-31,22.1203021631372
Tennessee,18-49 Years,2837672,2026-02-07,23.2727439952341
Tennessee,18-49 Years,2837672,2026-02-14,23.6719195325149
Tennessee,18-49 Years,2837672,2026-02-21,23.9009745359728
Tennessee,18-49 Years,2837672,2026-02-28,24.0057347220436
Tennessee,18-49 Years,2837672,2026-03-07,24.1503012306084
Tennessee,18-49 Years,2837672,2026-03-14,24.1839794092022
Tennessee,18-49 Years,2837672,2026-03-21,24.1972359047876
Tennessee,18-49 Years,2837672,2026-03-28,24.1990786349292
Tennessee,18-49 Years,2837672,2026-04-04,24.2
Tennessee,18-49 Years,2837672,2026-04-11,24.2
Tennessee,18-49 Years,2837672,2026-04-18,24.2
Tennessee,18-49 Years,2837672,2026-04-25,24.2
Tennessee,18-49 Years,2837672,2026-05-02,24.2
Tennessee,18-49 Years,2837672,2026-05-09,24.2
Tennessee,18-49 Years,2837672,2026-05-16,24.2
Tennessee,18-49 Years,2837672,2026-05-23,24.2
Tennessee,18-49 Years,2837672,2026-05-30,24.2
Tennessee,18-49 Years,2837672,2026-06-06,24.2
Tennessee,18-49 Years,2837672,2026-06-13,24.2
Tennessee,50-64 Years,1334868,2025-08-16,0.59094687932943
Tennessee,50-64 Years,1334868,2025-08-23,0.59094687932943
Tennessee,50-64 Years,1334868,2025-08-30,0.59094687932943
Tennessee,50-64 Years,1334868,2025-09-06,0.59094687932943
Tennessee,50-64 Years,1334868,2025-09-13,1.36867018967279
Tennessee,50-64 Years,1334868,2025-09-20,2.5672770012182
Tennessee,50-64 Years,1334868,2025-09-27,4.19752113279327
Tennessee,50-64 Years,1334868,2025-10-04,7.6038885901256
Tennessee,50-64 Years,1334868,2025-10-11,9.49338742939832
Tennessee,50-64 Years,1334868,2025-10-18,11.5797769360298
Tennessee,50-64 Years,1334868,2025-10-25,13.8025643861268
Tennessee,50-64 Years,1334868,2025-11-01,16.2377050634108
Tennessee,50-64 Years,1334868,2025-11-08,20.4735608214869
Tennessee,50-64 Years,1334868,2025-11-15,21.9371971758233
Tennessee,50-64 Years,1334868,2025-11-22,22.9706907392926
Tennessee,50-64 Years,1334868,2025-11-29,23.7314241467739
Tennessee,50-64 Years,1334868,2025-12-06,25.2535414723943
Tennessee,50-64 Years,1334868,2025-12-13,26.2858372804222
Tennessee,50-64 Years,1334868,2025-12-20,27.6842133472074
Tennessee,50-64 Years,1334868,2025-12-27,29.335420125385
Tennessee,50-64 Years,1334868,2026-01-03,31.033386773662
Tennessee,50-64 Years,1334868,2026-01-10,33.7201184971859
Tennessee,50-64 Years,1334868,2026-01-17,34.3229336856886
Tennessee,50-64 Years,1334868,2026-01-24,34.5
Tennessee,50-64 Years,1334868,2026-01-31,34.5
Tennessee,50-64 Years,1334868,2026-02-07,34.5
Tennessee,50-64 Years,1334868,2026-02-14,34.5
Tennessee,50-64 Years,1334868,2026-02-21,34.5
Tennessee,50-64 Years,1334868,2026-02-28,34.5
Tennessee,50-64 Years,1334868,2026-03-07,34.5
Tennessee,50-64 Years,1334868,2026-03-14,34.5
Tennessee,50-64 Years,1334868,2026-03-21,34.5
Tennessee,50-64 Years,1334868,2026-03-28,34.5
Tennessee,50-64 Years,1334868,2026-04-04,34.5
Tennessee,50-64 Years,1334868,2026-04-11,34.5
Tennessee,50-64 Years,1334868,2026-04-18,34.5
Tennessee,50-64 Years,1334868,2026-04-25,34.5
Tennessee,50-64 Years,1334868,2026-05-02,34.5
Tennessee,50-64 Years,1334868,2026-05-09,34.5
Tennessee,50-64 Years,1334868,2026-05-16,34.5
Tennessee,50-64 Years,1334868,2026-05-23,34.5
Tennessee,50-64 Years,1334868,2026-05-30,34.5
Tennessee,50-64 Years,1334868,2026-06-06,34.5
Tennessee,50-64 Years,1334868,2026-06-13,34.5
Tennessee,65+ Years,1180543,2025-08-16,0.647972984074179
Tennessee,65+ Years,1180543,2025-08-23,0.647972984074179
Tennessee,65+ Years,1180543,2025-08-30,0.647972984074179
Tennessee,65+ Years,1180543,2025-09-06,0.647972984074179
Tennessee,65+ Years,1180543,2025-09-13,1.71110549356204
Tennessee,65+ Years,1180543,2025-09-20,3.50848025108026
Tennessee,65+ Years,1180543,2025-09-27,6.13590054635419
Tennessee,65+ Years,1180543,2025-10-04,12.1082562078532
Tennessee,65+ Years,1180543,2025-10-11,15.7758498745581
Tennessee,65+ Years,1180543,2025-10-18,20.1273242234908
Tennessee,65+ Years,1180543,2025-10-25,25.0467536794096
Tennessee,65+ Years,1180543,2025-11-01,30.6436341046721
Tennessee,65+ Years,1180543,2025-11-08,40.8926738799224
Tennessee,65+ Years,1180543,2025-11-15,44.8776089643874
Tennessee,65+ Years,1180543,2025-11-22,48.0359029052235
Tennessee,65+ Years,1180543,2025-11-29,50.4809639242249
Tennessee,65+ Years,1180543,2025-12-06,54.5709065900176
Tennessee,65+ Years,1180543,2025-12-13,55.948285223651
Tennessee,65+ Years,1180543,2025-12-20,56.8636474428103
Tennessee,65+ Years,1180543,2025-12-27,57.4645844055389
Tennessee,65+ Years,1180543,2026-01-03,58.188509223298
Tennessee,65+ Years,1180543,2026-01-10,59.3576381789302
Tennessee,65+ Years,1180543,2026-01-17,60.087192827419
Tennessee,65+ Years,1180543,2026-01-24,60.9664462869099
Tennessee,65+ Years,1180543,2026-01-31,61.7603663567297
Tennessee,65+ Years,1180543,2026-02-07,63.2675320913475
Tennessee,65+ Years,1180543,2026-02-14,63.6974715316706
Tennessee,65+ Years,1180543,2026-02-21,63.8727566849048
Tennessee,65+ Years,1180543,2026-02-28,63.8909188949683
Tennessee,65+ Years,1180543,2026-03-07,63.9
Tennessee,65+ Years,1180543,2026-03-14,63.9
Tennessee,65+ Years,1180543,2026-03-21,63.9
Tennessee,65+ Years,1180543,2026-03-28,63.9
Tennessee,65+ Years,1180543,2026-04-04,63.9620666666667
Tennessee,65+ Years,1180543,2026-04-11,64.1482666666667
Tennessee,65+ Years,1180543,2026-04-18,64.5533333333333
Tennessee,65+ Years,1180543,2026-04-25,65.2589333333333
Tennessee,65+ Years,1180543,2026-05-02,66.0854
Tennessee,65+ Years,1180543,2026-05-09,67.6934666666667
Tennessee,65+ Years,1180543,2026-05-16,68.1884
Tennessee,65+ Years,1180543,2026-05-23,68.3828
Tennessee,65+ Years,1180543,2026-05-30,68.3942666666667
Tennessee,65+ Years,1180543,2026-06-06,68.4
Tennessee,65+ Years,1180543,2026-06-13,68.4
Texas,6 Months - 4 Years,1780398,2025-08-16,6.00763475857915
Texas,6 Months - 4 Years,1780398,2025-08-23,6.00763475857915
Texas,6 Months - 4 Years,1780398,2025-08-30,6.00763475857915
Texas,6 Months - 4 Years,1780398,2025-09-06,6.00763475857915
Texas,6 Months - 4 Years,1780398,2025-09-13,8.14018047065557
Texas,6 Months - 4 Years,1780398,2025-09-20,9.50154607643471
Texas,6 Months - 4 Years,1780398,2025-09-27,11.1904964759819
Texas,6 Months - 4 Years,1780398,2025-10-04,14.9839898174679
Texas,6 Months - 4 Years,1780398,2025-10-11,17.2975826589494
Texas,6 Months - 4 Years,1780398,2025-10-18,20.018175364833
Texas,6 Months - 4 Years,1780398,2025-10-25,23.0950056952161
Texas,6 Months - 4 Years,1780398,2025-11-01,26.6546331998201
Texas,6 Months - 4 Years,1780398,2025-11-08,33.3648936603742
Texas,6 Months - 4 Years,1780398,2025-11-15,36.1860991324439
Texas,6 Months - 4 Years,1780398,2025-11-22,38.618629017831
Texas,6 Months - 4 Years,1780398,2025-11-29,40.6913889936502
Texas,6 Months - 4 Years,1780398,2025-12-06,44.3968462353381
Texas,6 Months - 4 Years,1780398,2025-12-13,45.8666089395299
Texas,6 Months - 4 Years,1780398,2025-12-20,47.0493461145693
Texas,6 Months - 4 Years,1780398,2025-12-27,48.0091325043567
Texas,6 Months - 4 Years,1780398,2026-01-03,49.0985558191894
Texas,6 Months - 4 Years,1780398,2026-01-10,50.812437460373
Texas,6 Months - 4 Years,1780398,2026-01-17,51.5669408193564
Texas,6 Months - 4 Years,1780398,2026-01-24,52.3083590224015
Texas,6 Months - 4 Years,1780398,2026-01-31,52.9379102291418
Texas,6 Months - 4 Years,1780398,2026-02-07,54.3699160232858
Texas,6 Months - 4 Years,1780398,2026-02-14,55.094720514418
Texas,6 Months - 4 Years,1780398,2026-02-21,55.8294581585874
Texas,6 Months - 4 Years,1780398,2026-02-28,56.5425048693049
Texas,6 Months - 4 Years,1780398,2026-03-07,57.8437651851276
Texas,6 Months - 4 Years,1780398,2026-03-14,58.3393147607485
Texas,6 Months - 4 Years,1780398,2026-03-21,58.6944685167411
Texas,6 Months - 4 Years,1780398,2026-03-28,58.9465471310271
Texas,6 Months - 4 Years,1780398,2026-04-04,59.2860742587252
Texas,6 Months - 4 Years,1780398,2026-04-11,59.8748123131046
Texas,6 Months - 4 Years,1780398,2026-04-18,60.3131826370843
Texas,6 Months - 4 Years,1780398,2026-04-25,60.8900103070949
Texas,6 Months - 4 Years,1780398,2026-05-02,61.4641615960273
Texas,6 Months - 4 Years,1780398,2026-05-09,62.6309143032475
Texas,6 Months - 4 Years,1780398,2026-05-16,63.0521882700573
Texas,6 Months - 4 Years,1780398,2026-05-23,63.3196260540132
Texas,6 Months - 4 Years,1780398,2026-05-30,63.47495900456
Texas,6 Months - 4 Years,1780398,2026-06-06,63.7071340855648
Texas,6 Months - 4 Years,1780398,2026-06-13,63.7496421771971
Texas,5-12 Years,3355459,2025-08-16,5.31412734597808
Texas,5-12 Years,3355459,2025-08-23,5.31412734597808
Texas,5-12 Years,3355459,2025-08-30,5.31412734597808
Texas,5-12 Years,3355459,2025-09-06,5.31412734597808
Texas,5-12 Years,3355459,2025-09-13,7.25948930768635
Texas,5-12 Years,3355459,2025-09-20,8.59165652748537
Texas,5-12 Years,3355459,2025-09-27,10.2706212098705
Texas,5-12 Years,3355459,2025-10-04,14.065700389934
Texas,5-12 Years,3355459,2025-10-11,16.4135432064923
Texas,5-12 Years,3355459,2025-10-18,19.2082774081758
Texas,5-12 Years,3355459,2025-10-25,22.3858520267205
Texas,5-12 Years,3355459,2025-11-01,26.0383047342145
Texas,5-12 Years,3355459,2025-11-08,32.8187045534804
Texas,5-12 Years,3355459,2025-11-15,35.5247340186756
Texas,5-12 Years,3355459,2025-11-22,37.7292400604221
Texas,5-12 Years,3355459,2025-11-29,39.5219205853441
Texas,5-12 Years,3355459,2025-12-06,42.7384333193731
Texas,5-12 Years,3355459,2025-12-13,44.0835625270759
Texas,5-12 Years,3355459,2025-12-20,45.2580341511836
Texas,5-12 Years,3355459,2025-12-27,46.2855491485891
Texas,5-12 Years,3355459,2026-01-03,47.4035096775635
Texas,5-12 Years,3355459,2026-01-10,49.1338934280299
Texas,5-12 Years,3355459,2026-01-17,49.7808056550886
Texas,5-12 Years,3355459,2026-01-24,50.3268373044814
Texas,5-12 Years,3355459,2026-01-31,50.7214685740537
Texas,5-12 Years,3355459,2026-02-07,51.5522686616809
Texas,5-12 Years,3355459,2026-02-14,51.8879623193867
Texas,5-12 Years,3355459,2026-02-21,52.1701166762397
Texas,5-12 Years,3355459,2026-02-28,52.413214800114
Texas,5-12 Years,3355459,2026-03-07,52.8697680299804
Texas,5-12 Years,3355459,2026-03-14,53.0897336323957
Texas,5-12 Years,3355459,2026-03-21,53.3134450847068
Texas,5-12 Years,3355459,2026-03-28,53.5386983476697
Texas,5-12 Years,3355459,2026-04-04,53.803653761772
Texas,5-12 Years,3355459,2026-04-11,54.2413114994478
Texas,5-12 Years,3355459,2026-04-18,54.4268506160614
Texas,5-12 Years,3355459,2026-04-25,54.593392497203
Texas,5-12 Years,3355459,2026-05-02,54.7107142033993
Texas,5-12 Years,3355459,2026-05-09,54.9253293618858
Texas,5-12 Years,3355459,2026-05-16,54.9791609836844
Texas,5-12 Years,3355459,2026-05-23,54.9984099760615
Texas,5-12 Years,3355459,2026-05-30,54.9994699920205
Texas,5-12 Years,3355459,2026-06-06,55.0
Texas,5-12 Years,3355459,2026-06-13,55.0
Texas,13-17 Years,2110677,2025-08-16,4.71995580335531
Texas,13-17 Years,2110677,2025-08-23,4.71995580335531
Texas,13-17 Years,2110677,2025-08-30,4.71995580335531
Texas,13-17 Years,2110677,2025-09-06,4.71995580335531
Texas,13-17 Years,2110677,2025-09-13,6.47588573056505
Texas,13-17 Years,2110677,2025-09-20,7.71751804024412
Texas,13-17 Years,2110677,2025-09-27,9.19628201954971
Texas,13-17 Years,2110677,2025-10-04,12.4609829294745
Texas,13-17 Years,2110677,2025-10-11,14.3986742614927
Texas,13-17 Years,2110677,2025-10-18,16.630645585108
Texas,13-17 Years,2110677,2025-10-25,19.1203334898409
Texas,13-17 Years,2110677,2025-11-01,21.996698917225
Texas,13-17 Years,2110677,2025-11-08,27.4539081053163
Texas,13-17 Years,2110677,2025-11-15,29.8363955781582
Texas,13-17 Years,2110677,2025-11-22,31.9755538482033
Texas,13-17 Years,2110677,2025-11-29,33.8375925320564
Texas,13-17 Years,2110677,2025-12-06,37.0756570374889
Texas,13-17 Years,2110677,2025-12-13,38.232587543438
Texas,13-17 Years,2110677,2025-12-20,39.0330110145126
Texas,13-17 Years,2110677,2025-12-27,39.5716181814154
Texas,13-17 Years,2110677,2026-01-03,40.1540097582154
Texas,13-17 Years,2110677,2026-01-10,41.0298968733055
Texas,13-17 Years,2110677,2026-01-17,41.4250565986694
Texas,13-17 Years,2110677,2026-01-24,41.8235433311861
Texas,13-17 Years,2110677,2026-01-31,42.1492886868821
Texas,13-17 Years,2110677,2026-02-07,42.8167546158364
Texas,13-17 Years,2110677,2026-02-14,43.0651827787481
Texas,13-17 Years,2110677,2026-02-21,43.2466786150012
Texas,13-17 Years,2110677,2026-02-28,43.3775542873092
Texas,13-17 Years,2110677,2026-03-07,43.5994677573438
Texas,13-17 Years,2110677,2026-03-14,43.6859159763658
Texas,13-17 Years,2110677,2026-03-21,43.7590577363693
Texas,13-17 Years,2110677,2026-03-28,43.8214793870282
Texas,13-17 Years,2110677,2026-04-04,43.8865578710941
Texas,13-17 Years,2110677,2026-04-11,43.9843087362465
Texas,13-17 Years,2110677,2026-04-18,44.0178907818182
Texas,13-17 Years,2110677,2026-04-25,44.0441459286617
Texas,13-17 Years,2110677,2026-05-02,44.060600143931
Texas,13-17 Years,2110677,2026-05-09,44.0902921067505
Texas,13-17 Years,2110677,2026-05-16,44.0973518089461
Texas,13-17 Years,2110677,2026-05-23,44.0998024097929
Texas,13-17 Years,2110677,2026-05-30,44.0999341365976
Texas,13-17 Years,2110677,2026-06-06,44.1
Texas,13-17 Years,2110677,2026-06-13,44.1
Texas,6 Months - 17 Years,7246534,2025-08-16,5.37888968342765
Texas,6 Months - 17 Years,7246534,2025-08-23,5.37888968342765
Texas,6 Months - 17 Years,7246534,2025-08-30,5.37888968342765
Texas,6 Months - 17 Years,7246534,2025-09-06,5.37888968342765
Texas,6 Months - 17 Years,7246534,2025-09-13,7.32730351638629
Texas,6 Months - 17 Years,7246534,2025-09-20,8.63030347620061
Texas,6 Months - 17 Years,7246534,2025-09-27,10.2387453231756
Texas,6 Months - 17 Years,7246534,2025-10-04,13.8441572887116
Texas,6 Months - 17 Years,7246534,2025-10-11,16.0393555030945
Texas,6 Months - 17 Years,7246534,2025-10-18,18.6188343063157
Texas,6 Months - 17 Years,7246534,2025-10-25,21.5321680959412
Texas,6 Months - 17 Years,7246534,2025-11-01,24.8945092327215
Texas,6 Months - 17 Years,7246534,2025-11-08,31.2096402523683
Texas,6 Months - 17 Years,7246534,2025-11-15,33.8417982455563
Texas,6 Months - 17 Years,7246534,2025-11-22,36.0919307567247
Texas,6 Months - 17 Years,7246534,2025-11-29,37.9918027213115
Texas,6 Months - 17 Years,7246534,2025-12-06,41.3697710464
Texas,6 Months - 17 Years,7246534,2025-12-13,42.7004359235009
Texas,6 Months - 17 Years,7246534,2025-12-20,43.7671688001873
Texas,6 Months - 17 Years,7246534,2025-12-27,44.6253837026782
Texas,6 Months - 17 Years,7246534,2026-01-03,45.5667951810073
Texas,6 Months - 17 Years,7246534,2026-01-10,47.017104304055
Texas,6 Months - 17 Years,7246534,2026-01-17,47.607205904125
Texas,6 Months - 17 Years,7246534,2026-01-24,48.1509524022532
Texas,6 Months - 17 Years,7246534,2026-01-31,48.5780121859254
Texas,6 Months - 17 Years,7246534,2026-02-07,49.5027550100335
Texas,6 Months - 17 Years,7246534,2026-02-14,49.9098047256868
Texas,6 Months - 17 Years,7246534,2026-02-21,50.2769828257978
Texas,6 Months - 17 Years,7246534,2026-02-28,50.6057273491116
Texas,6 Months - 17 Years,7246534,2026-03-07,51.2031528154712
Texas,6 Months - 17 Years,7246534,2026-03-14,51.4475934141155
Texas,6 Months - 17 Years,7246534,2026-03-21,51.6504349564594
Texas,6 Months - 17 Years,7246534,2026-03-28,51.8220513489541
Texas,6 Months - 17 Years,7246534,2026-04-04,52.0353960706987
Texas,6 Months - 17 Years,7246534,2026-04-11,52.3920076769186
Texas,6 Months - 17 Years,7246534,2026-04-18,52.59050565754
Texas,6 Months - 17 Years,7246534,2026-04-25,52.8112439221888
Texas,6 Months - 17 Years,7246534,2026-05-02,52.999404689337
Texas,6 Months - 17 Years,7246534,2026-05-09,53.3624414501274
Texas,6 Months - 17 Years,7246534,2026-05-16,53.4737920299733
Texas,6 Months - 17 Years,7246534,2026-05-23,53.5310306806036
Texas,6 Months - 17 Years,7246534,2026-05-30,53.5545151678985
Texas,6 Months - 17 Years,7246534,2026-06-06,53.5877368585651
Texas,6 Months - 17 Years,7246534,2026-06-13,53.5936764820108
Texas,18-49 Years,12914190,2025-08-16,1.18940619818958
Texas,18-49 Years,12914190,2025-08-23,1.18940619818958
Texas,18-49 Years,12914190,2025-08-30,1.18940619818958
Texas,18-49 Years,12914190,2025-09-06,1.18940619818958
Texas,18-49 Years,12914190,2025-09-13,1.9011703805285
Texas,18-49 Years,12914190,2025-09-20,2.79223224545745
Texas,18-49 Years,12914190,2025-09-27,3.78885568077052
Texas,18-49 Years,12914190,2025-10-04,5.92466469202735
Texas,18-49 Years,12914190,2025-10-11,7.13868749748768
Texas,18-49 Years,12914190,2025-10-18,8.4937079905074
Texas,18-49 Years,12914190,2025-10-25,9.96697300049549
Texas,18-49 Years,12914190,2025-11-01,11.6462270548934
Texas,18-49 Years,12914190,2025-11-08,14.7802063204011
Texas,18-49 Years,12914190,2025-11-15,16.1079404787676
Texas,18-49 Years,12914190,2025-11-22,17.2776875927563
Texas,18-49 Years,12914190,2025-11-29,18.3014982740952
Texas,18-49 Years,12914190,2025-12-06,20.1710525102208
Texas,18-49 Years,12914190,2025-12-13,20.9570894874747
Texas,18-49 Years,12914190,2025-12-20,21.6321874043885
Texas,18-49 Years,12914190,2025-12-27,22.212832970832
Texas,18-49 Years,12914190,2026-01-03,22.8505462208643
Texas,18-49 Years,12914190,2026-01-10,23.8393083659683
Texas,18-49 Years,12914190,2026-01-17,24.2086290942778
Texas,18-49 Years,12914190,2026-01-24,24.5248061416258
Texas,18-49 Years,12914190,2026-01-31,24.7786662347162
Texas,18-49 Years,12914190,2026-02-07,25.4490536200379
Texas,18-49 Years,12914190,2026-02-14,25.9787697304945
Texas,18-49 Years,12914190,2026-02-21,26.7194131306197
Texas,18-49 Years,12914190,2026-02-28,27.5889664189721
Texas,18-49 Years,12914190,2026-03-07,29.2328561317114
Texas,18-49 Years,12914190,2026-03-14,29.8271824126322
Texas,18-49 Years,12914190,2026-03-21,30.1715966617192
Texas,18-49 Years,12914190,2026-03-28,30.3212003987243
Texas,18-49 Years,12914190,2026-04-04,30.4403835334636
Texas,18-49 Years,12914190,2026-04-11,30.5718454008984
Texas,18-49 Years,12914190,2026-04-18,30.5942071475176
Texas,18-49 Years,12914190,2026-04-25,30.6
Texas,18-49 Years,12914190,2026-05-02,30.6
Texas,18-49 Years,12914190,2026-05-09,30.6143305740374
Texas,18-49 Years,12914190,2026-05-16,30.6650334433713
Texas,18-49 Years,12914190,2026-05-23,30.7812963371598
Texas,18-49 Years,12914190,2026-05-30,30.9786967843187
Texas,18-49 Years,12914190,2026-06-06,31.4909897146844
Texas,18-49 Years,12914190,2026-06-13,31.8113616170799
Texas,50-64 Years,5023507,2025-08-16,0.654585116676503
Texas,50-64 Years,5023507,2025-08-23,0.654585116676503
Texas,50-64 Years,5023507,2025-08-30,0.654585116676503
Texas,50-64 Years,5023507,2025-09-06,0.654585116676503
Texas,50-64 Years,5023507,2025-09-13,1.26087538490443
Texas,50-64 Years,5023507,2025-09-20,2.21792742361807
Texas,50-64 Years,5023507,2025-09-27,3.47815547069239
Texas,50-64 Years,5023507,2025-10-04,6.37328662617963
Texas,50-64 Years,5023507,2025-10-11,8.188522486141
Texas,50-64 Years,5023507,2025-10-18,10.3623093061084
Texas,50-64 Years,5023507,2025-10-25,12.8594059372267
Texas,50-64 Years,5023507,2025-11-01,15.7812121785502
Texas,50-64 Years,5023507,2025-11-08,21.3727645645851
Texas,50-64 Years,5023507,2025-11-15,23.7995330294958
Texas,50-64 Years,5023507,2025-11-22,25.946953657611
Texas,50-64 Years,5023507,2025-11-29,27.7999532125387
Texas,50-64 Years,5023507,2025-12-06,31.0498309359879
Texas,50-64 Years,5023507,2025-12-13,32.2422860626598
Texas,50-64 Years,5023507,2025-12-20,33.0993722829804
Texas,50-64 Years,5023507,2025-12-27,33.7115954312103
Texas,50-64 Years,5023507,2026-01-03,34.4260118457065
Texas,50-64 Years,5023507,2026-01-10,35.5590807222188
Texas,50-64 Years,5023507,2026-01-17,36.1577016910675
Texas,50-64 Years,5023507,2026-01-24,36.8256515948291
Texas,50-64 Years,5023507,2026-01-31,37.4312947704404
Texas,50-64 Years,5023507,2026-02-07,38.7250397344817
Texas,50-64 Years,5023507,2026-02-14,39.2715521872575
Texas,50-64 Years,5023507,2026-02-21,39.7210001285423
Texas,50-64 Years,5023507,2026-02-28,40.0752671212529
Texas,50-64 Years,5023507,2026-03-07,40.6522982314968
Texas,50-64 Years,5023507,2026-03-14,40.8319405067647
Texas,50-64 Years,5023507,2026-03-21,40.9370618609984
Texas,50-64 Years,5023507,2026-03-28,40.991081263862
Texas,50-64 Years,5023507,2026-04-04,41.0358854187715
Texas,50-64 Years,5023507,2026-04-11,41.0886309625138
Texas,50-64 Years,5023507,2026-04-18,41.0976548943517
Texas,50-64 Years,5023507,2026-04-25,41.1
Texas,50-64 Years,5023507,2026-05-02,41.1
Texas,50-64 Years,5023507,2026-05-09,41.1
Texas,50-64 Years,5023507,2026-05-16,41.1
Texas,50-64 Years,5023507,2026-05-23,41.1
Texas,50-64 Years,5023507,2026-05-30,41.1
Texas,50-64 Years,5023507,2026-06-06,41.1
Texas,50-64 Years,5023507,2026-06-13,41.1
Texas,65+ Years,3873683,2025-08-16,1.62356437810683
Texas,65+ Years,3873683,2025-08-23,1.62356437810683
Texas,65+ Years,3873683,2025-08-30,1.62356437810683
Texas,65+ Years,3873683,2025-09-06,1.62356437810683
Texas,65+ Years,3873683,2025-09-13,2.91890555393448
Texas,65+ Years,3873683,2025-09-20,4.83255028447358
Texas,65+ Years,3873683,2025-09-27,7.11338668040601
Texas,65+ Years,3873683,2025-10-04,12.1415914462523
Texas,65+ Years,3873683,2025-10-11,15.1255379986031
Texas,65+ Years,3873683,2025-10-18,18.5651507243863
Texas,65+ Years,3873683,2025-10-25,22.3987354150268
Texas,65+ Years,3873683,2025-11-01,26.8115905250975
Texas,65+ Years,3873683,2025-11-08,35.1125200391975
Texas,65+ Years,3873683,2025-11-15,38.6337830556428
Texas,65+ Years,3873683,2025-11-22,41.712137662776
Texas,65+ Years,3873683,2025-11-29,44.3643197314528
Texas,65+ Years,3873683,2025-12-06,49.0962936451118
Texas,65+ Years,3873683,2025-12-13,50.9386320152399
Texas,65+ Years,3873683,2025-12-20,52.3784880911363
Texas,65+ Years,3873683,2025-12-27,53.5180166961516
Texas,65+ Years,3873683,2026-01-03,54.8822315345477
Texas,65+ Years,3873683,2026-01-10,57.0962998095656
Texas,65+ Years,3873683,2026-01-17,58.2571077697389
Texas,65+ Years,3873683,2026-01-24,59.5347102726991
Texas,65+ Years,3873683,2026-01-31,60.6811608581244
Texas,65+ Years,3873683,2026-02-07,63.108040225099
Texas,65+ Years,3873683,2026-02-14,64.0833594351165
Texas,65+ Years,3873683,2026-02-21,64.8407311912141
Texas,65+ Years,3873683,2026-02-28,65.4361357047814
Texas,65+ Years,3873683,2026-03-07,66.5452583466258
Texas,65+ Years,3873683,2026-03-14,67.0930582872891
Texas,65+ Years,3873683,2026-03-21,67.6721724207929
Texas,65+ Years,3873683,2026-03-28,68.2770651743292
Texas,65+ Years,3873683,2026-04-04,69.0105845030793
Texas,65+ Years,3873683,2026-04-11,70.247016189507
Texas,65+ Years,3873683,2026-04-18,70.7979547856754
Texas,65+ Years,3873683,2026-04-25,71.3090351562941
Texas,65+ Years,3873683,2026-05-02,71.6795499857939
Texas,65+ Years,3873683,2026-05-09,72.3597112141189
Texas,65+ Years,3873683,2026-05-16,72.5325832616642
Texas,65+ Years,3873683,2026-05-23,72.5948299561046
Texas,65+ Years,3873683,2026-05-30,72.5982766520349
Texas,65+ Years,3873683,2026-06-06,72.6
Texas,65+ Years,3873683,2026-06-13,72.6
Utah,6 Months - 4 Years,218018,2025-08-16,2.73191520620002
Utah,6 Months - 4 Years,218018,2025-08-23,2.73191520620002
Utah,6 Months - 4 Years,218018,2025-08-30,2.73191520620002
Utah,6 Months - 4 Years,218018,2025-09-06,2.73191520620002
Utah,6 Months - 4 Years,218018,2025-09-13,4.27020394006667
Utah,6 Months - 4 Years,218018,2025-09-20,6.11599391075065
Utah,6 Months - 4 Years,218018,2025-09-27,8.38249792862485
Utah,6 Months - 4 Years,218018,2025-10-04,13.4518400141486
Utah,6 Months - 4 Years,218018,2025-10-11,16.5218199447788
Utah,6 Months - 4 Years,218018,2025-10-18,20.1121023334788
Utah,6 Months - 4 Years,218018,2025-10-25,24.1590284137419
Utah,6 Months - 4 Years,218018,2025-11-01,28.8431953303811
Utah,6 Months - 4 Years,218018,2025-11-08,37.7325332053053
Utah,6 Months - 4 Years,218018,2025-11-15,41.5958572137493
Utah,6 Months - 4 Years,218018,2025-11-22,45.0338686681215
Utah,6 Months - 4 Years,218018,2025-11-29,47.9661736037888
Utah,6 Months - 4 Years,218018,2025-12-06,52.8883724739404
Utah,6 Months - 4 Years,218018,2025-12-13,54.455071057026
Utah,6 Months - 4 Years,218018,2025-12-20,55.3543136046395
Utah,6 Months - 4 Years,218018,2025-12-27,55.8049380898852
Utah,6 Months - 4 Years,218018,2026-01-03,56.3549679486841
Utah,6 Months - 4 Years,218018,2026-01-10,57.2445006213064
Utah,6 Months - 4 Years,218018,2026-01-17,57.9247955270158
Utah,6 Months - 4 Years,218018,2026-01-24,58.8352354806396
Utah,6 Months - 4 Years,218018,2026-01-31,59.7390365711714
Utah,6 Months - 4 Years,218018,2026-02-07,61.5098826584821
Utah,6 Months - 4 Years,218018,2026-02-14,62.0678893979504
Utah,6 Months - 4 Years,218018,2026-02-21,62.3375008117073
Utah,6 Months - 4 Years,218018,2026-02-28,62.4190988039209
Utah,6 Months - 4 Years,218018,2026-03-07,62.5484263150624
Utah,6 Months - 4 Years,218018,2026-03-14,62.6386145615572
Utah,6 Months - 4 Years,218018,2026-03-21,62.7743751093264
Utah,6 Months - 4 Years,218018,2026-03-28,62.9449953678413
Utah,6 Months - 4 Years,218018,2026-04-04,63.1240637651246
Utah,6 Months - 4 Years,218018,2026-04-11,63.4138710835732
Utah,6 Months - 4 Years,218018,2026-04-18,63.4803248729984
Utah,6 Months - 4 Years,218018,2026-04-25,63.5
Utah,6 Months - 4 Years,218018,2026-05-02,63.5
Utah,6 Months - 4 Years,218018,2026-05-09,63.5
Utah,6 Months - 4 Years,218018,2026-05-16,63.5
Utah,6 Months - 4 Years,218018,2026-05-23,63.5
Utah,6 Months - 4 Years,218018,2026-05-30,63.5
Utah,6 Months - 4 Years,218018,2026-06-06,63.5
Utah,6 Months - 4 Years,218018,2026-06-13,63.5
Utah,5-12 Years,419206,2025-08-16,2.31842986995773
Utah,5-12 Years,419206,2025-08-23,2.31842986995773
Utah,5-12 Years,419206,2025-08-30,2.31842986995773
Utah,5-12 Years,419206,2025-09-06,2.31842986995773
Utah,5-12 Years,419206,2025-09-13,3.10451791597698
Utah,5-12 Years,419206,2025-09-20,3.55348187049655
Utah,5-12 Years,419206,2025-09-27,4.74081350072005
Utah,5-12 Years,419206,2025-10-04,7.92374628501251
Utah,5-12 Years,419206,2025-10-11,10.3517585299104
Utah,5-12 Years,419206,2025-10-18,13.6589571021397
Utah,5-12 Years,419206,2025-10-25,17.756266250867
Utah,5-12 Years,419206,2025-11-01,22.5671350073532
Utah,5-12 Years,419206,2025-11-08,31.5257766401949
Utah,5-12 Years,419206,2025-11-15,34.8735814829464
Utah,5-12 Years,419206,2025-11-22,37.3092715928487
Utah,5-12 Years,419206,2025-11-29,39.0103265490682
Utah,5-12 Years,419206,2025-12-06,41.7482336717926
Utah,5-12 Years,419206,2025-12-13,42.6069799653086
Utah,5-12 Years,419206,2025-12-20,43.1392990680028
Utah,5-12 Years,419206,2025-12-27,43.4516600814593
Utah,5-12 Years,419206,2026-01-03,43.7445083297411
Utah,5-12 Years,419206,2026-01-10,44.1345490930032
Utah,5-12 Years,419206,2026-01-17,44.2492991031502
Utah,5-12 Years,419206,2026-01-24,44.3330855330032
Utah,5-12 Years,419206,2026-01-31,44.391432409174
Utah,5-12 Years,419206,2026-02-07,44.5401750874646
Utah,5-12 Years,419206,2026-02-14,44.6446083763697
Utah,5-12 Years,419206,2026-02-21,44.7906785837996
Utah,5-12 Years,419206,2026-02-28,44.9823699061715
Utah,5-12 Years,419206,2026-03-07,45.4287256372581
Utah,5-12 Years,419206,2026-03-14,45.7084020845833
Utah,5-12 Years,419206,2026-03-21,46.0363411284577
Utah,5-12 Years,419206,2026-03-28,46.4095485536676
Utah,5-12 Years,419206,2026-04-04,46.9130500414352
Utah,5-12 Years,419206,2026-04-11,47.8197114268568
Utah,5-12 Years,419206,2026-04-18,48.2899370787896
Utah,5-12 Years,419206,2026-04-25,48.7678114974749
Utah,5-12 Years,419206,2026-05-02,49.1439766740329
Utah,5-12 Years,419206,2026-05-09,49.8419984561376
Utah,5-12 Years,419206,2026-05-16,50.0265122650262
Utah,5-12 Years,419206,2026-05-23,50.0942842485417
Utah,5-12 Years,419206,2026-05-30,50.0980947495139
Utah,5-12 Years,419206,2026-06-06,50.1
Utah,5-12 Years,419206,2026-06-13,50.1
Utah,13-17 Years,268337,2025-08-16,0.653758782569552
Utah,13-17 Years,268337,2025-08-23,0.653758782569552
Utah,13-17 Years,268337,2025-08-30,0.653758782569552
Utah,13-17 Years,268337,2025-09-06,0.653758782569552
Utah,13-17 Years,268337,2025-09-13,1.34312601224911
Utah,13-17 Years,268337,2025-09-20,2.47752053934707
Utah,13-17 Years,268337,2025-09-27,4.03171656050403
Utah,13-17 Years,268337,2025-10-04,7.64474263262286
Utah,13-17 Years,268337,2025-10-11,9.99199954612523
Utah,13-17 Years,268337,2025-10-18,12.8921175673687
Utah,13-17 Years,268337,2025-10-25,16.2549820176824
Utah,13-17 Years,268337,2025-11-01,20.0879732171193
Utah,13-17 Years,268337,2025-11-08,27.0386576724516
Utah,13-17 Years,268337,2025-11-15,29.5800368610002
Utah,13-17 Years,268337,2025-11-22,31.4329954551779
Utah,13-17 Years,268337,2025-11-29,32.7654243140701
Utah,13-17 Years,268337,2025-12-06,35.0515346129489
Utah,13-17 Years,268337,2025-12-13,35.9461960642007
Utah,13-17 Years,268337,2025-12-20,36.6965279093511
Utah,13-17 Years,268337,2025-12-27,37.3281513874458
Utah,13-17 Years,268337,2026-01-03,37.9725126963762
Utah,13-17 Years,268337,2026-01-10,38.9231908630688
Utah,13-17 Years,268337,2026-01-17,39.2181923120983
Utah,13-17 Years,268337,2026-01-24,39.4286911248698
Utah,13-17 Years,268337,2026-01-31,39.5648507746728
Utah,13-17 Years,268337,2026-02-07,39.8733726704965
Utah,13-17 Years,268337,2026-02-14,40.0307002109573
Utah,13-17 Years,268337,2026-02-21,40.2000696827182
Utah,13-17 Years,268337,2026-02-28,40.3764634882683
Utah,13-17 Years,268337,2026-03-07,40.7195951225976
Utah,13-17 Years,268337,2026-03-14,40.8798351784307
Utah,13-17 Years,268337,2026-03-21,41.0278540224209
Utah,13-17 Years,268337,2026-03-28,41.1587962662372
Utah,13-17 Years,268337,2026-04-04,41.2817116443623
Utah,13-17 Years,268337,2026-04-11,41.4555150427605
Utah,13-17 Years,268337,2026-04-18,41.4902574191991
Utah,13-17 Years,268337,2026-04-25,41.5
Utah,13-17 Years,268337,2026-05-02,41.5
Utah,13-17 Years,268337,2026-05-09,41.5
Utah,13-17 Years,268337,2026-05-16,41.5
Utah,13-17 Years,268337,2026-05-23,41.5
Utah,13-17 Years,268337,2026-05-30,41.5
Utah,13-17 Years,268337,2026-06-06,41.5
Utah,13-17 Years,268337,2026-06-13,41.5
Utah,6 Months - 17 Years,905560,2025-08-16,2.41176780539993
Utah,6 Months - 17 Years,905560,2025-08-23,2.41176780539993
Utah,6 Months - 17 Years,905560,2025-08-30,2.41176780539993
Utah,6 Months - 17 Years,905560,2025-09-06,2.41176780539993
Utah,6 Months - 17 Years,905560,2025-09-13,3.4244214534835
Utah,6 Months - 17 Years,905560,2025-09-20,4.31356409835606
Utah,6 Months - 17 Years,905560,2025-09-27,5.79852406238949
Utah,6 Months - 17 Years,905560,2025-10-04,9.45921321645897
Utah,6 Months - 17 Years,905560,2025-10-11,11.9996865478293
Utah,6 Months - 17 Years,905560,2025-10-18,15.2673168660779
Utah,6 Months - 17 Years,905560,2025-10-25,19.1785921200227
Utah,6 Months - 17 Years,905560,2025-11-01,23.7376904906907
Utah,6 Months - 17 Years,905560,2025-11-08,32.2447074841991
Utah,6 Months - 17 Years,905560,2025-11-15,35.5512100940657
Utah,6 Months - 17 Years,905560,2025-11-22,38.1111710191863
Utah,6 Months - 17 Years,905560,2025-11-29,40.0344539109556
Utah,6 Months - 17 Years,905560,2025-12-06,43.2095734531535
Utah,6 Months - 17 Years,905560,2025-12-13,44.2510204496666
Utah,6 Months - 17 Years,905560,2025-12-20,44.9232786055315
Utah,6 Months - 17 Years,905560,2025-12-27,45.3431246743832
Utah,6 Months - 17 Years,905560,2026-01-03,45.7896507378814
Utah,6 Months - 17 Years,905560,2026-01-10,46.4483924475824
Utah,6 Months - 17 Years,905560,2026-01-17,46.7442070445794
Utah,6 Months - 17 Years,905560,2026-01-24,47.0461109783389
Utah,6 Months - 17 Years,905560,2026-01-31,47.3021472239902
Utah,6 Months - 17 Years,905560,2026-02-07,47.8543208909684
Utah,6 Months - 17 Years,905560,2026-02-14,48.0883638653104
Utah,6 Months - 17 Years,905560,2026-02-21,48.2877651025525
Utah,6 Months - 17 Years,905560,2026-02-28,48.4640784293381
Utah,6 Months - 17 Years,905560,2026-03-07,48.8155755188535
Utah,6 Months - 17 Years,905560,2026-03-14,49.015205725485
Utah,6 Months - 17 Years,905560,2026-03-21,49.2498644099165
Utah,6 Months - 17 Years,905560,2026-03-28,49.5151049604777
Utah,6 Months - 17 Years,905560,2026-04-04,49.8470211728646
Utah,6 Months - 17 Years,905560,2026-04-11,50.4218913729073
Utah,6 Months - 17 Years,905560,2026-04-18,50.6786527481397
Utah,6 Months - 17 Years,905560,2026-04-25,50.9131977983155
Utah,6 Months - 17 Years,905560,2026-05-02,51.0816136299063
Utah,6 Months - 17 Years,905560,2026-05-09,51.3907778245995
Utah,6 Months - 17 Years,905560,2026-05-16,51.4693560280292
Utah,6 Months - 17 Years,905560,2026-05-23,51.4976499800476
Utah,6 Months - 17 Years,905560,2026-05-30,51.4992166600159
Utah,6 Months - 17 Years,905560,2026-06-06,51.5
Utah,6 Months - 17 Years,905560,2026-06-13,51.5
Utah,18-49 Years,1474068,2025-08-16,0.956157399876352
Utah,18-49 Years,1474068,2025-08-23,0.956157399876352
Utah,18-49 Years,1474068,2025-08-30,0.956157399876352
Utah,18-49 Years,1474068,2025-09-06,0.956157399876352
Utah,18-49 Years,1474068,2025-09-13,1.35947841699217
Utah,18-49 Years,1474068,2025-09-20,1.71641419024812
Utah,18-49 Years,1474068,2025-09-27,2.41291128692055
Utah,18-49 Years,1474068,2025-10-04,4.1891936359858
Utah,18-49 Years,1474068,2025-10-11,5.45912209927113
Utah,18-49 Years,1474068,2025-10-18,7.11854534920249
Utah,18-49 Years,1474068,2025-10-25,9.13599074708643
Utah,18-49 Years,1474068,2025-11-01,11.5280258311924
Utah,18-49 Years,1474068,2025-11-08,16.083656605372
Utah,18-49 Years,1474068,2025-11-15,17.9195316043043
Utah,18-49 Years,1474068,2025-11-22,19.3937623687971
Utah,18-49 Years,1474068,2025-11-29,20.571799196763
Utah,18-49 Years,1474068,2025-12-06,22.6786138244307
Utah,18-49 Years,1474068,2025-12-13,23.551599183784
Utah,18-49 Years,1474068,2025-12-20,24.3063216413479
Utah,18-49 Years,1474068,2025-12-27,24.9634179280148
Utah,18-49 Years,1474068,2026-01-03,25.6961804633657
Utah,18-49 Years,1474068,2026-01-10,26.8466844648842
Utah,18-49 Years,1474068,2026-01-17,27.3126642286757
Utah,18-49 Years,1474068,2026-01-24,27.7337604480683
Utah,18-49 Years,1474068,2026-01-31,28.0536397672016
Utah,18-49 Years,1474068,2026-02-07,28.7196097789094
Utah,18-49 Years,1474068,2026-02-14,28.9799840737078
Utah,18-49 Years,1474068,2026-02-21,29.1872137619521
Utah,18-49 Years,1474068,2026-02-28,29.3541635747521
Utah,18-49 Years,1474068,2026-03-07,29.654197874263
Utah,18-49 Years,1474068,2026-03-14,29.7842958168192
Utah,18-49 Years,1474068,2026-03-21,29.9046959017865
Utah,18-49 Years,1474068,2026-03-28,30.0178423176934
Utah,18-49 Years,1474068,2026-04-04,30.1522686003611
Utah,18-49 Years,1474068,2026-04-11,30.3724583685276
Utah,18-49 Years,1474068,2026-04-18,30.4698349704468
Utah,18-49 Years,1474068,2026-04-25,30.5642488782603
Utah,18-49 Years,1474068,2026-05-02,30.6451615667518
Utah,18-49 Years,1474068,2026-05-09,30.8327897737868
Utah,18-49 Years,1474068,2026-05-16,30.9303649547833
Utah,18-49 Years,1474068,2026-05-23,31.0324782841038
Utah,18-49 Years,1474068,2026-05-30,31.1390328281049
Utah,18-49 Years,1474068,2026-06-06,31.3575687316173
Utah,18-49 Years,1474068,2026-06-13,31.4711577188204
Utah,50-64 Years,460106,2025-08-16,1.08514589370811
Utah,50-64 Years,460106,2025-08-23,1.08514589370811
Utah,50-64 Years,460106,2025-08-30,1.08514589370811
Utah,50-64 Years,460106,2025-09-06,1.08514589370811
Utah,50-64 Years,460106,2025-09-13,1.61683924243699
Utah,50-64 Years,460106,2025-09-20,2.18264386553975
Utah,50-64 Years,460106,2025-09-27,3.29291257536621
Utah,50-64 Years,460106,2025-10-04,6.12739803140524
Utah,50-64 Years,460106,2025-10-11,8.15136735918169
Utah,50-64 Years,460106,2025-10-18,10.792288700634
Utah,50-64 Years,460106,2025-10-25,14.0045856438032
Utah,50-64 Years,460106,2025-11-01,17.8259215221837
Utah,50-64 Years,460106,2025-11-08,25.1618826633295
Utah,50-64 Years,460106,2025-11-15,28.2061149717095
Utah,50-64 Years,460106,2025-11-22,30.7284482169254
Utah,50-64 Years,460106,2025-11-29,32.7696336657015
Utah,50-64 Years,460106,2025-12-06,36.2748840141406
Utah,50-64 Years,460106,2025-12-13,37.5251421647754
Utah,50-64 Years,460106,2025-12-20,38.4099546934259
Utah,50-64 Years,460106,2025-12-27,39.0325783407622
Utah,50-64 Years,460106,2026-01-03,39.7376819812913
Utah,50-64 Years,460106,2026-01-10,40.8322468928062
Utah,50-64 Years,460106,2026-01-17,41.3692177222229
Utah,50-64 Years,460106,2026-01-24,41.9452942832567
Utah,50-64 Years,460106,2026-01-31,42.4599301806119
Utah,50-64 Years,460106,2026-02-07,43.5921327041581
Utah,50-64 Years,460106,2026-02-14,44.1075968729294
Utah,50-64 Years,460106,2026-02-21,44.5728213421147
Utah,50-64 Years,460106,2026-02-28,44.9856674910328
Utah,50-64 Years,460106,2026-03-07,45.7318755519085
Utah,50-64 Years,460106,2026-03-14,46.033503634405
Utah,50-64 Years,460106,2026-03-21,46.2794619320115
Utah,50-64 Years,460106,2026-03-28,46.4806940487725
Utah,50-64 Years,460106,2026-04-04,46.7083209950291
Utah,50-64 Years,460106,2026-04-11,47.0675508554985
Utah,50-64 Years,460106,2026-04-18,47.2298161444444
Utah,50-64 Years,460106,2026-04-25,47.3876923450428
Utah,50-64 Years,460106,2026-05-02,47.5057953462263
Utah,50-64 Years,460106,2026-05-09,47.722880151443
Utah,50-64 Years,460106,2026-05-16,47.7783215238793
Utah,50-64 Years,460106,2026-05-23,47.7983345190004
Utah,50-64 Years,460106,2026-05-30,47.7994448396668
Utah,50-64 Years,460106,2026-06-06,47.8
Utah,50-64 Years,460106,2026-06-13,47.8
Utah,65+ Years,381593,2025-08-16,0.985601651627205
Utah,65+ Years,381593,2025-08-23,0.985601651627205
Utah,65+ Years,381593,2025-08-30,0.985601651627205
Utah,65+ Years,381593,2025-09-06,0.985601651627205
Utah,65+ Years,381593,2025-09-13,1.88230014639788
Utah,65+ Years,381593,2025-09-20,3.29076328801218
Utah,65+ Years,381593,2025-09-27,5.31320328388285
Utah,65+ Years,381593,2025-10-04,10.0961419028365
Utah,65+ Years,381593,2025-10-11,13.2445653364902
Utah,65+ Years,381593,2025-10-18,17.1563050953006
Utah,65+ Years,381593,2025-10-25,21.7361323742932
Utah,65+ Years,381593,2025-11-01,27.0467654261773
Utah,65+ Years,381593,2025-11-08,36.9503077986321
Utah,65+ Years,381593,2025-11-15,40.8635554346701
Utah,65+ Years,381593,2025-11-22,43.9789544337055
Utah,65+ Years,381593,2025-11-29,46.4144571169751
Utah,65+ Years,381593,2025-12-06,50.581072799005
Utah,65+ Years,381593,2025-12-13,52.0909098248441
Utah,65+ Years,381593,2025-12-20,53.2029003489705
Utah,65+ Years,381593,2025-12-27,54.0272130756885
Utah,65+ Years,381593,2026-01-03,54.9496154885829
Utah,65+ Years,381593,2026-01-10,56.3755260668062
Utah,65+ Years,381593,2026-01-17,57.0274978501745
Utah,65+ Years,381593,2026-01-24,57.692557920331
Utah,65+ Years,381593,2026-01-31,58.2657106473605
Utah,65+ Years,381593,2026-02-07,59.5386179098938
Utah,65+ Years,381593,2026-02-14,60.1405644413865
Utah,65+ Years,381593,2026-02-21,60.7103003878093
Utah,65+ Years,381593,2026-02-28,61.2308976238896
Utah,65+ Years,381593,2026-03-07,62.1532838357922
Utah,65+ Years,381593,2026-03-14,62.4921678442211
Utah,65+ Years,381593,2026-03-21,62.7308828347541
Utah,65+ Years,381593,2026-03-28,62.8957189720163
Utah,65+ Years,381593,2026-04-04,63.0905065067381
Utah,65+ Years,381593,2026-04-11,63.4024180072289
Utah,65+ Years,381593,2026-04-18,63.5808433472997
Utah,65+ Years,381593,2026-04-25,63.7840851122747
Utah,65+ Years,381593,2026-05-02,63.9564912927244
Utah,65+ Years,381593,2026-05-09,64.2782688436697
Utah,65+ Years,381593,2026-05-16,64.3650686109454
Utah,65+ Years,381593,2026-05-23,64.3972645942423
Utah,65+ Years,381593,2026-05-30,64.3990881980808
Utah,65+ Years,381593,2026-06-06,64.4
Utah,65+ Years,381593,2026-06-13,64.4
Vermont,6 Months - 4 Years,25593,2025-08-16,1.05705509468086
Vermont,6 Months - 4 Years,25593,2025-08-23,1.05705509468086
Vermont,6 Months - 4 Years,25593,2025-08-30,1.05705509468086
Vermont,6 Months - 4 Years,25593,2025-09-06,1.05705509468086
Vermont,6 Months - 4 Years,25593,2025-09-13,3.71415244511392
Vermont,6 Months - 4 Years,25593,2025-09-20,7.89555410107305
Vermont,6 Months - 4 Years,25593,2025-09-27,13.4126513000637
Vermont,6 Months - 4 Years,25593,2025-10-04,25.0608880970442
Vermont,6 Months - 4 Years,25593,2025-10-11,29.9739366425654
Vermont,6 Months - 4 Years,25593,2025-10-18,34.1855167668025
Vermont,6 Months - 4 Years,25593,2025-10-25,37.7946341459451
Vermont,6 Months - 4 Years,25593,2025-11-01,41.5168934694564
Vermont,6 Months - 4 Years,25593,2025-11-08,47.833896262737
Vermont,6 Months - 4 Years,25593,2025-11-15,50.4024681498932
Vermont,6 Months - 4 Years,25593,2025-11-22,52.7483082655691
Vermont,6 Months - 4 Years,25593,2025-11-29,54.9308343339979
Vermont,6 Months - 4 Years,25593,2025-12-06,59.1869207855225
Vermont,6 Months - 4 Years,25593,2025-12-13,61.3775303072967
Vermont,6 Months - 4 Years,25593,2025-12-20,63.6924029643156
Vermont,6 Months - 4 Years,25593,2025-12-27,66.0425390111276
Vermont,6 Months - 4 Years,25593,2026-01-03,68.5775938864614
Vermont,6 Months - 4 Years,25593,2026-01-10,72.580614553614
Vermont,6 Months - 4 Years,25593,2026-01-17,73.868086268434
Vermont,6 Months - 4 Years,25593,2026-01-24,74.7505182949139
Vermont,6 Months - 4 Years,25593,2026-01-31,75.2531696670024
Vermont,6 Months - 4 Years,25593,2026-02-07,76.1757080727185
Vermont,6 Months - 4 Years,25593,2026-02-14,76.4103424448507
Vermont,6 Months - 4 Years,25593,2026-02-21,76.5109040612052
Vermont,6 Months - 4 Years,25593,2026-02-28,76.5382313848975
Vermont,6 Months - 4 Years,25593,2026-03-07,76.5818009601307
Vermont,6 Months - 4 Years,25593,2026-03-14,76.6137274528848
Vermont,6 Months - 4 Years,25593,2026-03-21,76.6678512616198
Vermont,6 Months - 4 Years,25593,2026-03-28,76.7510925284969
Vermont,6 Months - 4 Years,25593,2026-04-04,76.9183022059908
Vermont,6 Months - 4 Years,25593,2026-04-11,77.2753499351331
Vermont,6 Months - 4 Years,25593,2026-04-18,77.5993230528177
Vermont,6 Months - 4 Years,25593,2026-04-25,78.0438589840918
Vermont,6 Months - 4 Years,25593,2026-05-02,78.4908225424713
Vermont,6 Months - 4 Years,25593,2026-05-09,79.3456778413598
Vermont,6 Months - 4 Years,25593,2026-05-16,79.5955361364695
Vermont,6 Months - 4 Years,25593,2026-05-23,79.6916212257501
Vermont,6 Months - 4 Years,25593,2026-05-30,79.69720707525
Vermont,6 Months - 4 Years,25593,2026-06-06,79.7
Vermont,6 Months - 4 Years,25593,2026-06-13,79.7
Vermont,5-12 Years,50479,2025-08-16,0.622637424592655
Vermont,5-12 Years,50479,2025-08-23,0.622637424592655
Vermont,5-12 Years,50479,2025-08-30,0.622637424592655
Vermont,5-12 Years,50479,2025-09-06,0.622637424592655
Vermont,5-12 Years,50479,2025-09-13,1.58264756881941
Vermont,5-12 Years,50479,2025-09-20,3.17971885637285
Vermont,5-12 Years,50479,2025-09-27,5.49371214445443
Vermont,5-12 Years,50479,2025-10-04,10.6742298248814
Vermont,5-12 Years,50479,2025-10-11,13.778128773396
Vermont,5-12 Years,50479,2025-10-18,17.3721360340658
Vermont,5-12 Years,50479,2025-10-25,21.4082957707408
Vermont,5-12 Years,50479,2025-11-01,26.1149178463734
Vermont,5-12 Years,50479,2025-11-08,35.1919803587936
Vermont,5-12 Years,50479,2025-11-15,39.3325325816001
Vermont,5-12 Years,50479,2025-11-22,43.1937102357396
Vermont,5-12 Years,50479,2025-11-29,46.626654376724
Vermont,5-12 Years,50479,2025-12-06,52.4968536896945
Vermont,5-12 Years,50479,2025-12-13,54.4406288186729
Vermont,5-12 Years,50479,2025-12-20,55.6142987728411
Vermont,5-12 Years,50479,2025-12-27,56.2471062611608
Vermont,5-12 Years,50479,2026-01-03,56.9065182222609
Vermont,5-12 Years,50479,2026-01-10,57.8592612997932
Vermont,5-12 Years,50479,2026-01-17,58.3198540470706
Vermont,5-12 Years,50479,2026-01-24,58.8084541092724
Vermont,5-12 Years,50479,2026-01-31,59.2099523737381
Vermont,5-12 Years,50479,2026-02-07,59.9848948441823
Vermont,5-12 Years,50479,2026-02-14,60.2228361813099
Vermont,5-12 Years,50479,2026-02-21,60.3497464728132
Vermont,5-12 Years,50479,2026-02-28,60.4033260892085
Vermont,5-12 Years,50479,2026-03-07,60.4758157899707
Vermont,5-12 Years,50479,2026-03-14,60.4922810725014
Vermont,5-12 Years,50479,2026-03-21,60.4986808828258
Vermont,5-12 Years,50479,2026-03-28,60.4995602942753
Vermont,5-12 Years,50479,2026-04-04,60.5
Vermont,5-12 Years,50479,2026-04-11,60.5
Vermont,5-12 Years,50479,2026-04-18,60.5
Vermont,5-12 Years,50479,2026-04-25,60.5
Vermont,5-12 Years,50479,2026-05-02,60.5
Vermont,5-12 Years,50479,2026-05-09,60.5
Vermont,5-12 Years,50479,2026-05-16,60.5
Vermont,5-12 Years,50479,2026-05-23,60.5
Vermont,5-12 Years,50479,2026-05-30,60.5
Vermont,5-12 Years,50479,2026-06-06,60.5
Vermont,5-12 Years,50479,2026-06-13,60.5
Vermont,13-17 Years,34429,2025-08-16,1.04705829021015
Vermont,13-17 Years,34429,2025-08-23,1.04705829021015
Vermont,13-17 Years,34429,2025-08-30,1.04705829021015
Vermont,13-17 Years,34429,2025-09-06,1.04705829021015
Vermont,13-17 Years,34429,2025-09-13,1.51966738375244
Vermont,13-17 Years,34429,2025-09-20,1.97797451535928
Vermont,13-17 Years,34429,2025-09-27,2.96928694470866
Vermont,13-17 Years,34429,2025-10-04,5.54402126616264
Vermont,13-17 Years,34429,2025-10-11,7.36441123556339
Vermont,13-17 Years,34429,2025-10-18,9.7056519068468
Vermont,13-17 Years,34429,2025-10-25,12.5767552532133
Vermont,13-17 Years,34429,2025-11-01,16.1318059876559
Vermont,13-17 Years,34429,2025-11-08,23.4416469595604
Vermont,13-17 Years,34429,2025-11-15,27.085818981546
Vermont,13-17 Years,34429,2025-11-22,30.6960057244811
Vermont,13-17 Years,34429,2025-11-29,34.1257280883836
Vermont,13-17 Years,34429,2025-12-06,40.3769080947419
Vermont,13-17 Years,34429,2025-12-13,42.7955591250037
Vermont,13-17 Years,34429,2025-12-20,44.5856109033938
Vermont,13-17 Years,34429,2025-12-27,45.8734826954095
Vermont,13-17 Years,34429,2026-01-03,47.2317233091187
Vermont,13-17 Years,34429,2026-01-10,49.2547192201669
Vermont,13-17 Years,34429,2026-01-17,50.0564954622949
Vermont,13-17 Years,34429,2026-01-24,50.7853675645461
Vermont,13-17 Years,34429,2026-01-31,51.3327630881233
Vermont,13-17 Years,34429,2026-02-07,52.4412949927989
Vermont,13-17 Years,34429,2026-02-14,52.8361174241708
Vermont,13-17 Years,34429,2026-02-21,53.1169907476955
Vermont,13-17 Years,34429,2026-02-28,53.3231265049918
Vermont,13-17 Years,34429,2026-03-07,53.7129153849727
Vermont,13-17 Years,34429,2026-03-14,53.9418456065607
Vermont,13-17 Years,34429,2026-03-21,54.2260454895097
Vermont,13-17 Years,34429,2026-03-28,54.5444902993174
Vermont,13-17 Years,34429,2026-04-04,54.8651530713387
Vermont,13-17 Years,34429,2026-04-11,55.3602755885771
Vermont,13-17 Years,34429,2026-04-18,55.4685159952828
Vermont,13-17 Years,34429,2026-04-25,55.5
Vermont,13-17 Years,34429,2026-05-02,55.5
Vermont,13-17 Years,34429,2026-05-09,55.5
Vermont,13-17 Years,34429,2026-05-16,55.5
Vermont,13-17 Years,34429,2026-05-23,55.5
Vermont,13-17 Years,34429,2026-05-30,55.5
Vermont,13-17 Years,34429,2026-06-06,55.5
Vermont,13-17 Years,34429,2026-06-13,55.5
Vermont,6 Months - 17 Years,110501,2025-08-16,2.36093761683967
Vermont,6 Months - 17 Years,110501,2025-08-23,2.36093761683967
Vermont,6 Months - 17 Years,110501,2025-08-30,2.36093761683967
Vermont,6 Months - 17 Years,110501,2025-09-06,2.36093761683967
Vermont,6 Months - 17 Years,110501,2025-09-13,3.40299263554021
Vermont,6 Months - 17 Years,110501,2025-09-20,4.38303459060894
Vermont,6 Months - 17 Years,110501,2025-09-27,5.94639024446129
Vermont,6 Months - 17 Years,110501,2025-10-04,9.75416356479843
Vermont,6 Months - 17 Years,110501,2025-10-11,12.3053009007127
Vermont,6 Months - 17 Years,110501,2025-10-18,15.4922364780032
Vermont,6 Months - 17 Years,110501,2025-10-25,19.2822382416786
Vermont,6 Months - 17 Years,110501,2025-11-01,23.8211080608737
Vermont,6 Months - 17 Years,110501,2025-11-08,32.7355573885258
Vermont,6 Months - 17 Years,110501,2025-11-15,36.76355711861
Vermont,6 Months - 17 Years,110501,2025-11-22,40.4327501630205
Vermont,6 Months - 17 Years,110501,2025-11-29,43.6782428179684
Vermont,6 Months - 17 Years,110501,2025-12-06,49.4296108488705
Vermont,6 Months - 17 Years,110501,2025-12-13,51.5876658438941
Vermont,6 Months - 17 Years,110501,2025-12-20,53.1741488576586
Vermont,6 Months - 17 Years,110501,2025-12-27,54.3172847585054
Vermont,6 Months - 17 Years,110501,2026-01-03,55.5133250598542
Vermont,6 Months - 17 Years,110501,2026-01-10,57.284429857667
Vermont,6 Months - 17 Years,110501,2026-01-17,57.9757392473534
Vermont,6 Months - 17 Years,110501,2026-01-24,58.596975210015
Vermont,6 Months - 17 Years,110501,2026-01-31,59.0519301626
Vermont,6 Months - 17 Years,110501,2026-02-07,59.9440643037123
Vermont,6 Months - 17 Years,110501,2026-02-14,60.2321481400489
Vermont,6 Months - 17 Years,110501,2026-02-21,60.4112782224166
Vermont,6 Months - 17 Years,110501,2026-02-28,60.5205805182822
Vermont,6 Months - 17 Years,110501,2026-03-07,60.7117638370507
Vermont,6 Months - 17 Years,110501,2026-03-14,60.8064070719686
Vermont,6 Months - 17 Years,110501,2026-03-21,60.9122092490384
Vermont,6 Months - 17 Years,110501,2026-03-28,61.0260618551605
Vermont,6 Months - 17 Years,110501,2026-04-04,61.153754008002
Vermont,6 Months - 17 Years,110501,2026-04-11,61.3608727788184
Vermont,6 Months - 17 Years,110501,2026-04-18,61.4337612087649
Vermont,6 Months - 17 Years,110501,2026-04-25,61.4882918573235
Vermont,6 Months - 17 Years,110501,2026-05-02,61.521200287862
Vermont,6 Months - 17 Years,110501,2026-05-09,61.5805842135009
Vermont,6 Months - 17 Years,110501,2026-05-16,61.5947036178923
Vermont,6 Months - 17 Years,110501,2026-05-23,61.5996048195858
Vermont,6 Months - 17 Years,110501,2026-05-30,61.5998682731953
Vermont,6 Months - 17 Years,110501,2026-06-06,61.6
Vermont,6 Months - 17 Years,110501,2026-06-13,61.6
Vermont,18-49 Years,247428,2025-08-16,1.05776221316251
Vermont,18-49 Years,247428,2025-08-23,1.05776221316251
Vermont,18-49 Years,247428,2025-08-30,1.05776221316251
Vermont,18-49 Years,247428,2025-09-06,1.05776221316251
Vermont,18-49 Years,247428,2025-09-13,1.37328302941126
Vermont,18-49 Years,247428,2025-09-20,1.4932683869184
Vermont,18-49 Years,247428,2025-09-27,1.95465780648769
Vermont,18-49 Years,247428,2025-10-04,3.28823815166325
Vermont,18-49 Years,247428,2025-10-11,4.52035258829287
Vermont,18-49 Years,247428,2025-10-18,6.49028176814362
Vermont,18-49 Years,247428,2025-10-25,9.23407801272885
Vermont,18-49 Years,247428,2025-11-01,12.710271062726
Vermont,18-49 Years,247428,2025-11-08,19.763551378335
Vermont,18-49 Years,247428,2025-11-15,22.8523766942906
Vermont,18-49 Years,247428,2025-11-22,25.4742915069789
Vermont,18-49 Years,247428,2025-11-29,27.6421842389551
Vermont,18-49 Years,247428,2025-12-06,31.4190394021492
Vermont,18-49 Years,247428,2025-12-13,32.8100405989466
Vermont,18-49 Years,247428,2025-12-20,33.8276077052376
Vermont,18-49 Years,247428,2025-12-27,34.5610910195808
Vermont,18-49 Years,247428,2026-01-03,35.3239574816058
Vermont,18-49 Years,247428,2026-01-10,36.446250569143
Vermont,18-49 Years,247428,2026-01-17,36.8656806721636
Vermont,18-49 Years,247428,2026-01-24,37.2332092765354
Vermont,18-49 Years,247428,2026-01-31,37.5131484446845
Vermont,18-49 Years,247428,2026-02-07,38.1340017507746
Vermont,18-49 Years,247428,2026-02-14,38.4263439258359
Vermont,18-49 Years,247428,2026-02-21,38.7119666842086
Vermont,18-49 Years,247428,2026-02-28,38.9893647106194
Vermont,18-49 Years,247428,2026-03-07,39.5208614921452
Vermont,18-49 Years,247428,2026-03-14,39.7616025852671
Vermont,18-49 Years,247428,2026-03-21,39.9808034396612
Vermont,18-49 Years,247428,2026-03-28,40.1833472460326
Vermont,18-49 Years,247428,2026-04-04,40.4390175215171
Vermont,18-49 Years,247428,2026-04-11,40.8726805006589
Vermont,18-49 Years,247428,2026-04-18,41.1006478918776
Vermont,18-49 Years,247428,2026-04-25,41.3469117766951
Vermont,18-49 Years,247428,2026-05-02,41.5645925548034
Vermont,18-49 Years,247428,2026-05-09,42.0262210879677
Vermont,18-49 Years,247428,2026-05-16,42.2169113131534
Vermont,18-49 Years,247428,2026-05-23,42.3707467266443
Vermont,18-49 Years,247428,2026-05-30,42.4926570703332
Vermont,18-49 Years,247428,2026-06-06,42.6978715322692
Vermont,18-49 Years,247428,2026-06-13,42.7611053816129
Vermont,50-64 Years,133587,2025-08-16,1.21021395271038
Vermont,50-64 Years,133587,2025-08-23,1.21021395271038
Vermont,50-64 Years,133587,2025-08-30,1.21021395271038
Vermont,50-64 Years,133587,2025-09-06,1.21021395271038
Vermont,50-64 Years,133587,2025-09-13,1.60333635582917
Vermont,50-64 Years,133587,2025-09-20,1.80845444692943
Vermont,50-64 Years,133587,2025-09-27,2.62226288809262
Vermont,50-64 Years,133587,2025-10-04,4.94119160875611
Vermont,50-64 Years,133587,2025-10-11,6.89269576158504
Vermont,50-64 Years,133587,2025-10-18,9.77405893895981
Vermont,50-64 Years,133587,2025-10-25,13.6012439712821
Vermont,50-64 Years,133587,2025-11-01,18.3691952239069
Vermont,50-64 Years,133587,2025-11-08,27.9258930286947
Vermont,50-64 Years,133587,2025-11-15,32.0901985248929
Vermont,50-64 Years,133587,2025-11-22,35.644823499626
Vermont,50-64 Years,133587,2025-11-29,38.6260035172168
Vermont,50-64 Years,133587,2025-12-06,43.9344335722866
Vermont,50-64 Years,133587,2025-12-13,46.0272282090634
Vermont,50-64 Years,133587,2025-12-20,47.6986647263967
Vermont,50-64 Years,133587,2025-12-27,49.025664452213
Vermont,50-64 Years,133587,2026-01-03,50.4079183703373
Vermont,50-64 Years,133587,2026-01-10,52.4645761483066
Vermont,50-64 Years,133587,2026-01-17,53.1767843013702
Vermont,50-64 Years,133587,2026-01-24,53.7504092220386
Vermont,50-64 Years,133587,2026-01-31,54.1633154455601
Vermont,50-64 Years,133587,2026-02-07,55.1066073817455
Vermont,50-64 Years,133587,2026-02-14,55.5991382470077
Vermont,50-64 Years,133587,2026-02-21,56.1295249735982
Vermont,50-64 Years,133587,2026-02-28,56.6712690956954
Vermont,50-64 Years,133587,2026-03-07,57.6820482818981
Vermont,50-64 Years,133587,2026-03-14,58.0897592551093
Vermont,50-64 Years,133587,2026-03-21,58.4037031367661
Vermont,50-64 Years,133587,2026-03-28,58.638885544474
Vermont,50-64 Years,133587,2026-04-04,58.8852208267577
Vermont,50-64 Years,133587,2026-04-11,59.2525647892895
Vermont,50-64 Years,133587,2026-04-18,59.3929323714221
Vermont,50-64 Years,133587,2026-04-25,59.5148305250488
Vermont,50-64 Years,133587,2026-05-02,59.5979101677974
Vermont,50-64 Years,133587,2026-05-09,59.7489258326357
Vermont,50-64 Years,133587,2026-05-16,59.785890283244
Vermont,50-64 Years,133587,2026-05-23,59.7989339580444
Vermont,50-64 Years,133587,2026-05-30,59.7996446526815
Vermont,50-64 Years,133587,2026-06-06,59.8
Vermont,50-64 Years,133587,2026-06-13,59.8
Vermont,65+ Years,128594,2025-08-16,1.57215024725591
Vermont,65+ Years,128594,2025-08-23,1.57215024725591
Vermont,65+ Years,128594,2025-08-30,1.57215024725591
Vermont,65+ Years,128594,2025-09-06,1.57215024725591
Vermont,65+ Years,128594,2025-09-13,2.29520913227052
Vermont,65+ Years,128594,2025-09-20,3.01273363448767
Vermont,65+ Years,128594,2025-09-27,4.71935322335169
Vermont,65+ Years,128594,2025-10-04,9.22303019738165
Vermont,65+ Years,128594,2025-10-11,12.5323054624888
Vermont,65+ Years,128594,2025-10-18,16.9178425169379
Vermont,65+ Years,128594,2025-10-25,22.3256835400551
Vermont,65+ Years,128594,2025-11-01,28.8394863151459
Vermont,65+ Years,128594,2025-11-08,41.5461916261135
Vermont,65+ Years,128594,2025-11-15,46.9991844694677
Vermont,65+ Years,128594,2025-11-22,51.6607042508003
Vermont,65+ Years,128594,2025-11-29,55.541869929136
Vermont,65+ Years,128594,2025-12-06,62.260860370925
Vermont,65+ Years,128594,2025-12-13,64.6930212891267
Vermont,65+ Years,128594,2025-12-20,66.4355765328775
Vermont,65+ Years,128594,2025-12-27,67.6598586169253
Vermont,65+ Years,128594,2026-01-03,68.9177299546075
Vermont,65+ Years,128594,2026-01-10,70.7484249836981
Vermont,65+ Years,128594,2026-01-17,71.4213553008583
Vermont,65+ Years,128594,2026-01-24,72.0046828401466
Vermont,65+ Years,128594,2026-01-31,72.4415376916752
Vermont,65+ Years,128594,2026-02-07,73.3964405303326
Vermont,65+ Years,128594,2026-02-14,73.8309979298246
Vermont,65+ Years,128594,2026-02-21,74.2427437221559
Vermont,65+ Years,128594,2026-02-28,74.6283127002449
Vermont,65+ Years,128594,2026-03-07,75.3411147031209
Vermont,65+ Years,128594,2026-03-14,75.6433764773316
Vermont,65+ Years,128594,2026-03-21,75.9022383338264
Vermont,65+ Years,128594,2026-03-28,76.1234653930226
Vermont,65+ Years,128594,2026-04-04,76.3664585394413
Vermont,65+ Years,128594,2026-04-11,76.7439130052608
Vermont,65+ Years,128594,2026-04-18,76.8893744506401
Vermont,65+ Years,128594,2026-04-25,77.016065833166
Vermont,65+ Years,128594,2026-05-02,77.112399368881
Vermont,65+ Years,128594,2026-05-09,77.3256247372281
Vermont,65+ Years,128594,2026-05-16,77.4251216958447
Vermont,65+ Years,128594,2026-05-23,77.5211997184187
Vermont,65+ Years,128594,2026-05-30,77.6138087103866
Vermont,65+ Years,128594,2026-06-06,77.79209754779
Vermont,65+ Years,128594,2026-06-13,77.8750093720858
Virginia,6 Months - 4 Years,454589,2025-08-16,5.91339632731222
Virginia,6 Months - 4 Years,454589,2025-08-23,5.91339632731222
Virginia,6 Months - 4 Years,454589,2025-08-30,5.91339632731222
Virginia,6 Months - 4 Years,454589,2025-09-06,5.91339632731222
Virginia,6 Months - 4 Years,454589,2025-09-13,8.3259429627001
Virginia,6 Months - 4 Years,454589,2025-09-20,10.335837023751
Virginia,6 Months - 4 Years,454589,2025-09-27,12.6124872975181
Virginia,6 Months - 4 Years,454589,2025-10-04,17.5224400891441
Virginia,6 Months - 4 Years,454589,2025-10-11,20.3333320999703
Virginia,6 Months - 4 Years,454589,2025-10-18,23.4838412026469
Virginia,6 Months - 4 Years,454589,2025-10-25,26.9272467933604
Virginia,6 Months - 4 Years,454589,2025-11-01,30.8796152553245
Virginia,6 Months - 4 Years,454589,2025-11-08,38.3403757446791
Virginia,6 Months - 4 Years,454589,2025-11-15,41.5930876551597
Virginia,6 Months - 4 Years,454589,2025-11-22,44.5341966398043
Virginia,6 Months - 4 Years,454589,2025-11-29,47.1565502790973
Virginia,6 Months - 4 Years,454589,2025-12-06,51.9298944504711
Virginia,6 Months - 4 Years,454589,2025-12-13,53.882228768117
Virginia,6 Months - 4 Years,454589,2025-12-20,55.4911627728051
Virginia,6 Months - 4 Years,454589,2025-12-27,56.8196347489202
Virginia,6 Months - 4 Years,454589,2026-01-03,58.303733219093
Virginia,6 Months - 4 Years,454589,2026-01-10,60.6253994463012
Virginia,6 Months - 4 Years,454589,2026-01-17,61.605593293087
Virginia,6 Months - 4 Years,454589,2026-01-24,62.5268804473211
Virginia,6 Months - 4 Years,454589,2026-01-31,63.2495982263711
Virginia,6 Months - 4 Years,454589,2026-02-07,64.760158254671
Virginia,6 Months - 4 Years,454589,2026-02-14,65.3604506606427
Virginia,6 Months - 4 Years,454589,2026-02-21,65.8427023926091
Virginia,6 Months - 4 Years,454589,2026-02-28,66.2274830070312
Virginia,6 Months - 4 Years,454589,2026-03-07,66.8931074680031
Virginia,6 Months - 4 Years,454589,2026-03-14,67.155428749777
Virginia,6 Months - 4 Years,454589,2026-03-21,67.3746961853059
Virginia,6 Months - 4 Years,454589,2026-03-28,67.5550658692408
Virginia,6 Months - 4 Years,454589,2026-04-04,67.7200979739868
Virginia,6 Months - 4 Years,454589,2026-04-11,67.9451463696155
Virginia,6 Months - 4 Years,454589,2026-04-18,67.9881732781615
Virginia,6 Months - 4 Years,454589,2026-04-25,68.0
Virginia,6 Months - 4 Years,454589,2026-05-02,68.0
Virginia,6 Months - 4 Years,454589,2026-05-09,68.0055117592451
Virginia,6 Months - 4 Years,454589,2026-05-16,68.0250128628351
Virginia,6 Months - 4 Years,454589,2026-05-23,68.0697293604461
Virginia,6 Months - 4 Years,454589,2026-05-30,68.1456526093533
Virginia,6 Months - 4 Years,454589,2026-06-06,68.3426883518017
Virginia,6 Months - 4 Years,454589,2026-06-13,68.4659083142615
Virginia,5-12 Years,831503,2025-08-16,5.31832754538365
Virginia,5-12 Years,831503,2025-08-23,5.31832754538365
Virginia,5-12 Years,831503,2025-08-30,5.31832754538365
Virginia,5-12 Years,831503,2025-09-06,5.31832754538365
Virginia,5-12 Years,831503,2025-09-13,7.21491192114773
Virginia,5-12 Years,831503,2025-09-20,8.44271183220833
Virginia,5-12 Years,831503,2025-09-27,10.1846907157552
Virginia,5-12 Years,831503,2025-10-04,14.2890736399857
Virginia,5-12 Years,831503,2025-10-11,16.981118803973
Virginia,5-12 Years,831503,2025-10-18,20.3191857626635
Virginia,5-12 Years,831503,2025-10-25,24.2191423968641
Virginia,5-12 Years,831503,2025-11-01,28.7302245126397
Virginia,5-12 Years,831503,2025-11-08,37.1056099065224
Virginia,5-12 Years,831503,2025-11-15,40.3700786558174
Virginia,5-12 Years,831503,2025-11-22,42.9315659081188
Virginia,5-12 Years,831503,2025-11-29,44.9196188051936
Virginia,5-12 Years,831503,2025-12-06,48.3777924550957
Virginia,5-12 Years,831503,2025-12-13,49.7165155876764
Virginia,5-12 Years,831503,2025-12-20,50.7961738228665
Virginia,5-12 Years,831503,2025-12-27,51.6754786722318
Virginia,5-12 Years,831503,2026-01-03,52.6333081203502
Virginia,5-12 Years,831503,2026-01-10,54.1024473870998
Virginia,5-12 Years,831503,2026-01-17,54.682364399811
Virginia,5-12 Years,831503,2026-01-24,55.2049027383433
Virginia,5-12 Years,831503,2026-01-31,55.6121041304404
Virginia,5-12 Years,831503,2026-02-07,56.5078612180234
Virginia,5-12 Years,831503,2026-02-14,56.9123079112429
Virginia,5-12 Years,831503,2026-02-21,57.2900350935019
Virginia,5-12 Years,831503,2026-02-28,57.6545170615508
Virginia,5-12 Years,831503,2026-03-07,58.4054058826994
Virginia,5-12 Years,831503,2026-03-14,58.8659216338711
Virginia,5-12 Years,831503,2026-03-21,59.4269864749736
Virginia,5-12 Years,831503,2026-03-28,60.0454193957416
Virginia,5-12 Years,831503,2026-04-04,60.6677726963589
Virginia,5-12 Years,831503,2026-04-11,61.6283994011242
Virginia,5-12 Years,831503,2026-04-18,61.8387689882316
Virginia,5-12 Years,831503,2026-04-25,61.9
Virginia,5-12 Years,831503,2026-05-02,61.9
Virginia,5-12 Years,831503,2026-05-09,61.9077164629432
Virginia,5-12 Years,831503,2026-05-16,61.9350180079692
Virginia,5-12 Years,831503,2026-05-23,61.9976211046245
Virginia,5-12 Years,831503,2026-05-30,62.1039136530947
Virginia,5-12 Years,831503,2026-06-06,62.3797636925224
Virginia,5-12 Years,831503,2026-06-13,62.5522716399661
Virginia,13-17 Years,531397,2025-08-16,2.36785231224044
Virginia,13-17 Years,531397,2025-08-23,2.36785231224044
Virginia,13-17 Years,531397,2025-08-30,2.36785231224044
Virginia,13-17 Years,531397,2025-09-06,2.36785231224044
Virginia,13-17 Years,531397,2025-09-13,3.52839709746602
Virginia,13-17 Years,531397,2025-09-20,4.75817374455151
Virginia,13-17 Years,531397,2025-09-27,6.40266299978637
Virginia,13-17 Years,531397,2025-10-04,10.2011961672835
Virginia,13-17 Years,531397,2025-10-11,12.6002861418273
Virginia,13-17 Years,531397,2025-10-18,15.4878544454571
Virginia,13-17 Years,531397,2025-10-25,18.8169889322851
Virginia,13-17 Years,531397,2025-11-01,22.7174807678335
Virginia,13-17 Years,531397,2025-11-08,30.1891307460965
Virginia,13-17 Years,531397,2025-11-15,33.4317477709845
Virginia,13-17 Years,531397,2025-11-22,36.2971086809368
Virginia,13-17 Years,531397,2025-11-29,38.7616804571645
Virginia,13-17 Years,531397,2025-12-06,43.0682363189945
Virginia,13-17 Years,531397,2025-12-13,44.6569800863451
Virginia,13-17 Years,531397,2025-12-20,45.8176488781274
Virginia,13-17 Years,531397,2025-12-27,46.6450701283691
Virginia,13-17 Years,531397,2026-01-03,47.4555137592655
Virginia,13-17 Years,531397,2026-01-10,48.596866340302
Virginia,13-17 Years,531397,2026-01-17,48.9411547548333
Virginia,13-17 Years,531397,2026-01-24,49.1881748655319
Virginia,13-17 Years,531397,2026-01-31,49.3521221981443
Virginia,13-17 Years,531397,2026-02-07,49.7477149724488
Virginia,13-17 Years,531397,2026-02-14,49.9974811055865
Virginia,13-17 Years,531397,2026-02-21,50.3064479662577
Virginia,13-17 Years,531397,2026-02-28,50.6380874413375
Virginia,13-17 Years,531397,2026-03-07,51.2204204099006
Virginia,13-17 Years,531397,2026-03-14,51.4005314217637
Virginia,13-17 Years,531397,2026-03-21,51.4813008081255
Virginia,13-17 Years,531397,2026-03-28,51.4937669360418
Virginia,13-17 Years,531397,2026-04-04,51.5220681481482
Virginia,13-17 Years,531397,2026-04-11,51.5882725925926
Virginia,13-17 Years,531397,2026-04-18,51.7322962962963
Virginia,13-17 Years,531397,2026-04-25,51.9831762962963
Virginia,13-17 Years,531397,2026-05-02,52.2770311111111
Virginia,13-17 Years,531397,2026-05-09,52.8487881481482
Virginia,13-17 Years,531397,2026-05-16,53.0247644444444
Virginia,13-17 Years,531397,2026-05-23,53.0938844444444
Virginia,13-17 Years,531397,2026-05-30,53.0979614814815
Virginia,13-17 Years,531397,2026-06-06,53.1
Virginia,13-17 Years,531397,2026-06-13,53.1
Virginia,6 Months - 17 Years,1817489,2025-08-16,4.84062463960521
Virginia,6 Months - 17 Years,1817489,2025-08-23,4.84062463960521
Virginia,6 Months - 17 Years,1817489,2025-08-30,4.84062463960521
Virginia,6 Months - 17 Years,1817489,2025-09-06,4.84062463960521
Virginia,6 Months - 17 Years,1817489,2025-09-13,6.71505152842683
Virginia,6 Months - 17 Years,1817489,2025-09-20,8.15072119674137
Virginia,6 Months - 17 Years,1817489,2025-09-27,10.0106107800051
Virginia,6 Months - 17 Years,1817489,2025-10-04,14.2585541958135
Virginia,6 Months - 17 Years,1817489,2025-10-11,16.9165439580335
Virginia,6 Months - 17 Years,1817489,2025-10-18,20.1019737244467
Virginia,6 Months - 17 Years,1817489,2025-10-25,23.7489198902662
Virginia,6 Months - 17 Years,1817489,2025-11-01,27.9721934622578
Virginia,6 Months - 17 Years,1817489,2025-11-08,35.9057362762364
Virginia,6 Months - 17 Years,1817489,2025-11-15,39.1734099980116
Virginia,6 Months - 17 Years,1817489,2025-11-22,41.9187414165212
Virginia,6 Months - 17 Years,1817489,2025-11-29,44.1931027892628
Virginia,6 Months - 17 Years,1817489,2025-12-06,48.1944356748575
Virginia,6 Months - 17 Years,1817489,2025-12-13,49.7375256384315
Virginia,6 Months - 17 Years,1817489,2025-12-20,50.949731601265
Virginia,6 Months - 17 Years,1817489,2025-12-27,51.9036797285392
Virginia,6 Months - 17 Years,1817489,2026-01-03,52.9315013922242
Virginia,6 Months - 17 Years,1817489,2026-01-10,54.4930267285796
Virginia,6 Months - 17 Years,1817489,2026-01-17,55.1057681144535
Virginia,6 Months - 17 Years,1817489,2026-01-24,55.6566625789901
Virginia,6 Months - 17 Years,1817489,2026-01-31,56.081418816815
Virginia,6 Months - 17 Years,1817489,2026-02-07,57.0028112883431
Virginia,6 Months - 17 Years,1817489,2026-02-14,57.4066334251174
Virginia,6 Months - 17 Years,1817489,2026-02-21,57.7722825419459
Virginia,6 Months - 17 Years,1817489,2026-02-28,58.109289070085
Virginia,6 Months - 17 Years,1817489,2026-03-07,58.7626585162689
Virginia,6 Months - 17 Years,1817489,2026-03-14,59.0962861147069
Virginia,6 Months - 17 Years,1817489,2026-03-21,59.4474698054105
Virginia,6 Months - 17 Years,1817489,2026-03-28,59.8024925880555
Virginia,6 Months - 17 Years,1817489,2026-04-04,60.1794597467013
Virginia,6 Months - 17 Years,1817489,2026-04-11,60.7680025103282
Virginia,6 Months - 17 Years,1817489,2026-04-18,60.9427462667947
Virginia,6 Months - 17 Years,1817489,2026-04-25,61.051400862042
Virginia,6 Months - 17 Years,1817489,2026-05-02,61.1132530054896
Virginia,6 Months - 17 Years,1817489,2026-05-09,61.2550055227979
Virginia,6 Months - 17 Years,1817489,2026-05-16,61.3284685572563
Virginia,6 Months - 17 Years,1817489,2026-05-23,61.4095818108674
Virginia,6 Months - 17 Years,1817489,2026-05-30,61.4978107880882
Virginia,6 Months - 17 Years,1817489,2026-06-06,61.6802229465196
Virginia,6 Months - 17 Years,1817489,2026-06-13,61.7759619244113
Virginia,18-49 Years,3545202,2025-08-16,1.77147328148075
Virginia,18-49 Years,3545202,2025-08-23,1.77147328148075
Virginia,18-49 Years,3545202,2025-08-30,1.77147328148075
Virginia,18-49 Years,3545202,2025-09-06,1.77147328148075
Virginia,18-49 Years,3545202,2025-09-13,2.3543395045224
Virginia,18-49 Years,3545202,2025-09-20,2.65873083712318
Virginia,18-49 Years,3545202,2025-09-27,3.40171512785242
Virginia,18-49 Years,3545202,2025-10-04,5.37002960486399
Virginia,18-49 Years,3545202,2025-10-11,6.82112869628502
Virginia,18-49 Years,3545202,2025-10-18,8.74761665993748
Virginia,18-49 Years,3545202,2025-10-25,11.1267703798792
Virginia,18-49 Years,3545202,2025-11-01,13.99610529864
Virginia,18-49 Years,3545202,2025-11-08,19.6028438512738
Virginia,18-49 Years,3545202,2025-11-15,22.018023785869
Virginia,18-49 Years,3545202,2025-11-22,24.0896599306828
Virginia,18-49 Years,3545202,2025-11-29,25.8182612365126
Virginia,18-49 Years,3545202,2025-12-06,28.8040214545746
Virginia,18-49 Years,3545202,2025-12-13,29.8651465251824
Virginia,18-49 Years,3545202,2025-12-20,30.6011029429744
Virginia,18-49 Years,3545202,2025-12-27,31.1031328693924
Virginia,18-49 Years,3545202,2026-01-03,31.6720134244482
Virginia,18-49 Years,3545202,2026-01-10,32.5539198319746
Virginia,18-49 Years,3545202,2026-01-17,32.9968475488645
Virginia,18-49 Years,3545202,2026-01-24,33.4798065224449
Virginia,18-49 Years,3545202,2026-01-31,33.915698208438
Virginia,18-49 Years,3545202,2026-02-07,34.8700909903383
Virginia,18-49 Years,3545202,2026-02-14,35.2973980057596
Virginia,18-49 Years,3545202,2026-02-21,35.6750902753004
Virginia,18-49 Years,3545202,2026-02-28,36.0050964989458
Virginia,18-49 Years,3545202,2026-03-07,36.6038424266201
Virginia,18-49 Years,3545202,2026-03-14,36.8521141983141
Virginia,18-49 Years,3545202,2026-03-21,37.0623371340669
Virginia,18-49 Years,3545202,2026-03-28,37.2413093788168
Virginia,18-49 Years,3545202,2026-04-04,37.442700562108
Virginia,18-49 Years,3545202,2026-04-11,37.7598502503011
Virginia,18-49 Years,3545202,2026-04-18,37.8921847493793
Virginia,18-49 Years,3545202,2026-04-25,38.0152562174288
Virginia,18-49 Years,3545202,2026-05-02,38.1128000595143
Virginia,18-49 Years,3545202,2026-05-09,38.3245049432676
Virginia,18-49 Years,3545202,2026-05-16,38.4181434711355
Virginia,18-49 Years,3545202,2026-05-23,38.5028504779495
Virginia,18-49 Years,3545202,2026-05-30,38.5792754627468
Virginia,18-49 Years,3545202,2026-06-06,38.7198504505109
Virginia,18-49 Years,3545202,2026-06-13,38.7786098117645
Virginia,50-64 Years,1662706,2025-08-16,0.612741556983158
Virginia,50-64 Years,1662706,2025-08-23,0.612741556983158
Virginia,50-64 Years,1662706,2025-08-30,0.612741556983158
Virginia,50-64 Years,1662706,2025-09-06,0.612741556983158
Virginia,50-64 Years,1662706,2025-09-13,1.45225335242262
Virginia,50-64 Years,1662706,2025-09-20,2.81317768444616
Virginia,50-64 Years,1662706,2025-09-27,4.73574949565873
Virginia,50-64 Years,1662706,2025-10-04,8.97659084413609
Virginia,50-64 Years,1662706,2025-10-11,11.5123886744772
Virginia,50-64 Years,1662706,2025-10-18,14.4597913439251
Virginia,50-64 Years,1662706,2025-10-25,17.7501197111483
Virginia,50-64 Years,1662706,2025-11-01,21.4977742050023
Virginia,50-64 Years,1662706,2025-11-08,28.405840103369
Virginia,50-64 Years,1662706,2025-11-15,31.168075176538
Virginia,50-64 Years,1662706,2025-11-22,33.437425114137
Virginia,50-64 Years,1662706,2025-11-29,35.2785607389492
Virginia,50-64 Years,1662706,2025-12-06,38.4886311861599
Virginia,50-64 Years,1662706,2025-12-13,39.7094543603826
Virginia,50-64 Years,1662706,2025-12-20,40.660141315663
Virginia,50-64 Years,1662706,2025-12-27,41.4043087770809
Virginia,50-64 Years,1662706,2026-01-03,42.2133129898605
Virginia,50-64 Years,1662706,2026-01-10,43.4484977226367
Virginia,50-64 Years,1662706,2026-01-17,43.9501959209647
Virginia,50-64 Years,1662706,2026-01-24,44.4142187875534
Virginia,50-64 Years,1662706,2026-01-31,44.7785420720754
Virginia,50-64 Years,1662706,2026-02-07,45.5651104597157
Virginia,50-64 Years,1662706,2026-02-14,45.9114440453689
Virginia,50-64 Years,1662706,2026-02-21,46.2236795154696
Virginia,50-64 Years,1662706,2026-02-28,46.4981427244405
Virginia,50-64 Years,1662706,2026-03-07,46.974753222729
Virginia,50-64 Years,1662706,2026-03-14,47.1436688746209
Virginia,50-64 Years,1662706,2026-03-21,47.2590284051067
Virginia,50-64 Years,1662706,2026-03-28,47.3373091361209
Virginia,50-64 Years,1662706,2026-04-04,47.4457671529296
Virginia,50-64 Years,1662706,2026-04-11,47.6368170744316
Virginia,50-64 Years,1662706,2026-04-18,47.7929452003541
Virginia,50-64 Years,1662706,2026-04-25,48.0050908229842
Virginia,50-64 Years,1662706,2026-05-02,48.2165793223776
Virginia,50-64 Years,1662706,2026-05-09,48.6311151063217
Virginia,50-64 Years,1662706,2026-05-16,48.76377135746
Virginia,50-64 Years,1662706,2026-05-23,48.8302501622819
Virginia,50-64 Years,1662706,2026-05-30,48.8543292719073
Virginia,50-64 Years,1662706,2026-06-06,48.8878068785796
Virginia,50-64 Years,1662706,2026-06-13,48.8937372237997
Virginia,65+ Years,1401044,2025-08-16,0.993248718961411
Virginia,65+ Years,1401044,2025-08-23,0.993248718961411
Virginia,65+ Years,1401044,2025-08-30,0.993248718961411
Virginia,65+ Years,1401044,2025-09-06,0.993248718961411
Virginia,65+ Years,1401044,2025-09-13,2.1563932671521
Virginia,65+ Years,1401044,2025-09-20,4.07378293798102
Virginia,65+ Years,1401044,2025-09-27,6.74905697567989
Virginia,65+ Years,1401044,2025-10-04,12.8796340485051
Virginia,65+ Years,1401044,2025-10-11,16.798692107502
Virginia,65+ Years,1401044,2025-10-18,21.5942743477097
Virginia,65+ Years,1401044,2025-10-25,27.1063648853799
Virginia,65+ Years,1401044,2025-11-01,33.3363768634641
Virginia,65+ Years,1401044,2025-11-08,44.5107473838648
Virginia,65+ Years,1401044,2025-11-15,48.505612255958
Virginia,65+ Years,1401044,2025-11-22,51.3486923514986
Virginia,65+ Years,1401044,2025-11-29,53.3260306128241
Virginia,65+ Years,1401044,2025-12-06,56.6264600211426
Virginia,65+ Years,1401044,2025-12-13,57.8005723518547
Virginia,65+ Years,1401044,2025-12-20,58.6767167459765
Virginia,65+ Years,1401044,2025-12-27,59.349775064215
Virginia,65+ Years,1401044,2026-01-03,60.1523169589762
Virginia,65+ Years,1401044,2026-01-10,61.4442098672996
Virginia,65+ Years,1401044,2026-01-17,62.1271894107898
Virginia,65+ Years,1401044,2026-01-24,62.8955741624406
Virginia,65+ Years,1401044,2026-01-31,63.6200112646165
Virginia,65+ Years,1401044,2026-02-07,65.2487486853653
Virginia,65+ Years,1401044,2026-02-14,66.0257476476957
Virginia,65+ Years,1401044,2026-02-21,66.7535588408097
Virginia,65+ Years,1401044,2026-02-28,67.4316446537538
Virginia,65+ Years,1401044,2026-03-07,68.7299533559327
Virginia,65+ Years,1401044,2026-03-14,69.3491007688848
Virginia,65+ Years,1401044,2026-03-21,69.9495802317509
Virginia,65+ Years,1401044,2026-03-28,70.5113613982238
Virginia,65+ Years,1401044,2026-04-04,71.0706580923051
Virginia,65+ Years,1401044,2026-04-11,71.8996289119854
Virginia,65+ Years,1401044,2026-04-18,72.1047259257406
Virginia,65+ Years,1401044,2026-04-25,72.203120005193
Virginia,65+ Years,1401044,2026-05-02,72.2472501756073
Virginia,65+ Years,1401044,2026-05-09,72.3929074578673
Virginia,65+ Years,1401044,2026-05-16,72.572369425232
Virginia,65+ Years,1401044,2026-05-23,72.9047037723434
Virginia,65+ Years,1401044,2026-05-30,73.4184956972569
Virginia,65+ Years,1401044,2026-06-06,74.7023403688558
Virginia,65+ Years,1401044,2026-06-13,75.493332145847
Washington,6 Months - 4 Years,406722,2025-08-16,7.1012465038287
Washington,6 Months - 4 Years,406722,2025-08-23,7.1012465038287
Washington,6 Months - 4 Years,406722,2025-08-30,7.1012465038287
Washington,6 Months - 4 Years,406722,2025-09-06,7.1012465038287
Washington,6 Months - 4 Years,406722,2025-09-13,9.28779446753998
Washington,6 Months - 4 Years,406722,2025-09-20,10.1806176207082
Washington,6 Months - 4 Years,406722,2025-09-27,11.7413208547789
Washington,6 Months - 4 Years,406722,2025-10-04,15.6304163174523
Washington,6 Months - 4 Years,406722,2025-10-11,18.361740352867
Washington,6 Months - 4 Years,406722,2025-10-18,21.9003250148857
Washington,6 Months - 4 Years,406722,2025-10-25,26.1576518709429
Washington,6 Months - 4 Years,406722,2025-11-01,31.1332529127472
Washington,6 Months - 4 Years,406722,2025-11-08,40.4135807983368
Washington,6 Months - 4 Years,406722,2025-11-15,43.9654890593788
Washington,6 Months - 4 Years,406722,2025-11-22,46.6612119740774
Washington,6 Months - 4 Years,406722,2025-11-29,48.6952307272928
Washington,6 Months - 4 Years,406722,2025-12-06,52.2856818322232
Washington,6 Months - 4 Years,406722,2025-12-13,53.7615195665157
Washington,6 Months - 4 Years,406722,2025-12-20,55.0467521964119
Washington,6 Months - 4 Years,406722,2025-12-27,56.1823047665887
Washington,6 Months - 4 Years,406722,2026-01-03,57.4785635210932
Washington,6 Months - 4 Years,406722,2026-01-10,59.541963945389
Washington,6 Months - 4 Years,406722,2026-01-17,60.4168345677674
Washington,6 Months - 4 Years,406722,2026-01-24,61.2400442673089
Washington,6 Months - 4 Years,406722,2026-01-31,61.9043794858404
Washington,6 Months - 4 Years,406722,2026-02-07,63.3583788636637
Washington,6 Months - 4 Years,406722,2026-02-14,64.0056112469301
Washington,6 Months - 4 Years,406722,2026-02-21,64.5933804732179
Washington,6 Months - 4 Years,406722,2026-02-28,65.1405954545979
Washington,6 Months - 4 Years,406722,2026-03-07,66.2319908508602
Washington,6 Months - 4 Years,406722,2026-03-14,66.8449379963871
Washington,6 Months - 4 Years,406722,2026-03-21,67.5445047189988
Washington,6 Months - 4 Years,406722,2026-03-28,68.2856094993052
Washington,6 Months - 4 Years,406722,2026-04-04,69.0389018465544
Washington,6 Months - 4 Years,406722,2026-04-11,70.1980103190391
Washington,6 Months - 4 Years,406722,2026-04-18,70.4791236255456
Washington,6 Months - 4 Years,406722,2026-04-25,70.5958375906026
Washington,6 Months - 4 Years,406722,2026-05-02,70.627711760402
Washington,6 Months - 4 Years,406722,2026-05-09,70.6838264232221
Washington,6 Months - 4 Years,406722,2026-05-16,70.6958148759097
Washington,6 Months - 4 Years,406722,2026-05-23,70.6997047079469
Washington,6 Months - 4 Years,406722,2026-05-30,70.6999015693156
Washington,6 Months - 4 Years,406722,2026-06-06,70.7
Washington,6 Months - 4 Years,406722,2026-06-13,70.7
Washington,5-12 Years,755259,2025-08-16,3.96500628275482
Washington,5-12 Years,755259,2025-08-23,3.96500628275482
Washington,5-12 Years,755259,2025-08-30,3.96500628275482
Washington,5-12 Years,755259,2025-09-06,3.96500628275482
Washington,5-12 Years,755259,2025-09-13,5.50708736185898
Washington,5-12 Years,755259,2025-09-20,6.69988243519262
Washington,5-12 Years,755259,2025-09-27,8.39352099685656
Washington,5-12 Years,755259,2025-10-04,12.3845461004685
Washington,5-12 Years,755259,2025-10-11,14.9889084484361
Washington,5-12 Years,755259,2025-10-18,18.201509257549
Washington,5-12 Years,755259,2025-10-25,21.9539570298937
Washington,5-12 Years,755259,2025-11-01,26.3277516278411
Washington,5-12 Years,755259,2025-11-08,34.556994005328
Washington,5-12 Years,755259,2025-11-15,37.8861648762589
Washington,5-12 Years,755259,2025-11-22,40.6110419342317
Washington,5-12 Years,755259,2025-11-29,42.8285251700463
Washington,5-12 Years,755259,2025-12-06,46.7895112730842
Washington,5-12 Years,755259,2025-12-13,48.4256465704398
Washington,5-12 Years,755259,2025-12-20,49.8334016472194
Washington,5-12 Years,755259,2025-12-27,51.0388579791276
Washington,5-12 Years,755259,2026-01-03,52.2911289493062
Washington,5-12 Years,755259,2026-01-10,54.1702072827128
Washington,5-12 Years,755259,2026-01-17,54.7902968231107
Washington,5-12 Years,755259,2026-01-24,55.2565715612592
Washington,5-12 Years,755259,2026-01-31,55.5567033318509
Washington,5-12 Years,755259,2026-02-07,56.1601128048741
Washington,5-12 Years,755259,2026-02-14,56.3704849833054
Washington,5-12 Years,755259,2026-02-21,56.5233852607229
Washington,5-12 Years,755259,2026-02-28,56.6425250934702
Washington,5-12 Years,755259,2026-03-07,56.8814939375151
Washington,5-12 Years,755259,2026-03-14,57.043766755572
Washington,5-12 Years,755259,2026-03-21,57.2702298084416
Washington,5-12 Years,755259,2026-03-28,57.5575943154117
Washington,5-12 Years,755259,2026-04-04,57.9307281983744
Washington,5-12 Years,755259,2026-04-11,58.597601370043
Washington,5-12 Years,755259,2026-04-18,58.8932179777299
Washington,5-12 Years,755259,2026-04-25,59.1559933080278
Washington,5-12 Years,755259,2026-05-02,59.3410484509214
Washington,5-12 Years,755259,2026-05-09,59.6804896906651
Washington,5-12 Years,755259,2026-05-16,59.7665089611565
Washington,5-12 Years,755259,2026-05-23,59.7974345133624
Washington,5-12 Years,755259,2026-05-30,59.7991448377875
Washington,5-12 Years,755259,2026-06-06,59.8
Washington,5-12 Years,755259,2026-06-13,59.8
Washington,13-17 Years,460570,2025-08-16,3.70580842629095
Washington,13-17 Years,460570,2025-08-23,3.70580842629095
Washington,13-17 Years,460570,2025-08-30,3.70580842629095
Washington,13-17 Years,460570,2025-09-06,3.70580842629095
Washington,13-17 Years,460570,2025-09-13,5.08848752761967
Washington,13-17 Years,460570,2025-09-20,6.07688047629121
Washington,13-17 Years,460570,2025-09-27,7.51926597195768
Washington,13-17 Years,460570,2025-10-04,10.9468552655169
Washington,13-17 Years,460570,2025-10-11,13.2048225842498
Washington,13-17 Years,460570,2025-10-18,16.0065955629493
Washington,13-17 Years,460570,2025-10-25,19.2950632271322
Washington,13-17 Years,460570,2025-11-01,23.1414634154864
Washington,13-17 Years,460570,2025-11-08,30.4259702797381
Washington,13-17 Years,460570,2025-11-15,33.4362407527173
Washington,13-17 Years,460570,2025-11-22,35.9501346270297
Washington,13-17 Years,460570,2025-11-29,37.9972384451612
Washington,13-17 Years,460570,2025-12-06,41.4938920268693
Washington,13-17 Years,460570,2025-12-13,42.7229326925102
Washington,13-17 Years,460570,2025-12-20,43.5763490128851
Washington,13-17 Years,460570,2025-12-27,44.1583299341559
Washington,13-17 Years,460570,2026-01-03,44.7865745261929
Washington,13-17 Years,460570,2026-01-10,45.7326261780792
Washington,13-17 Years,460570,2026-01-17,46.1633682798944
Washington,13-17 Years,460570,2026-01-24,46.5962053368967
Washington,13-17 Years,460570,2026-01-31,46.932491820677
Washington,13-17 Years,460570,2026-02-07,47.5579156063841
Washington,13-17 Years,460570,2026-02-14,47.7244411242293
Washington,13-17 Years,460570,2026-02-21,47.7900613993802
Washington,13-17 Years,460570,2026-02-28,47.7966871331267
Washington,13-17 Years,460570,2026-03-07,47.8197123292269
Washington,13-17 Years,460570,2026-03-14,47.9422325534557
Washington,13-17 Years,460570,2026-03-21,48.2284095867879
Washington,13-17 Years,460570,2026-03-28,48.663440300762
Washington,13-17 Years,460570,2026-04-04,49.156869524353
Washington,13-17 Years,460570,2026-04-11,50.0212077473062
Washington,13-17 Years,460570,2026-04-18,50.235030713974
Washington,13-17 Years,460570,2026-04-25,50.3
Washington,13-17 Years,460570,2026-05-02,50.3
Washington,13-17 Years,460570,2026-05-09,50.3
Washington,13-17 Years,460570,2026-05-16,50.3
Washington,13-17 Years,460570,2026-05-23,50.3
Washington,13-17 Years,460570,2026-05-30,50.3
Washington,13-17 Years,460570,2026-06-06,50.3
Washington,13-17 Years,460570,2026-06-13,50.3
Washington,6 Months - 17 Years,1622552,2025-08-16,4.60477769221834
Washington,6 Months - 17 Years,1622552,2025-08-23,4.60477769221834
Washington,6 Months - 17 Years,1622552,2025-08-30,4.60477769221834
Washington,6 Months - 17 Years,1622552,2025-09-06,4.60477769221834
Washington,6 Months - 17 Years,1622552,2025-09-13,6.24551163941969
Washington,6 Months - 17 Years,1622552,2025-09-20,7.30649713971074
Washington,6 Months - 17 Years,1622552,2025-09-27,8.8957462991821
Washington,6 Months - 17 Years,1622552,2025-10-04,12.7016264390171
Washington,6 Months - 17 Years,1622552,2025-10-11,15.2394704743901
Washington,6 Months - 17 Years,1622552,2025-10-18,18.416464133092
Washington,6 Months - 17 Years,1622552,2025-10-25,22.16206485162
Washington,6 Months - 17 Years,1622552,2025-11-01,26.534402812731
Washington,6 Months - 17 Years,1622552,2025-11-08,34.7512776592197
Washington,6 Months - 17 Years,1622552,2025-11-15,38.0378909561128
Washington,6 Months - 17 Years,1622552,2025-11-22,40.684504609191
Washington,6 Months - 17 Years,1622552,2025-11-29,42.7970700292325
Washington,6 Months - 17 Years,1622552,2025-12-06,46.5238076086359
Washington,6 Months - 17 Years,1622552,2025-12-13,48.0113718443936
Washington,6 Months - 17 Years,1622552,2025-12-20,49.245934854844
Washington,6 Months - 17 Years,1622552,2025-12-27,50.2742334006414
Washington,6 Months - 17 Years,1622552,2026-01-03,51.3757465224065
Washington,6 Months - 17 Years,1622552,2026-01-10,53.0546345161707
Washington,6 Months - 17 Years,1622552,2026-01-17,53.6822442044976
Washington,6 Months - 17 Years,1622552,2026-01-24,54.2167852618715
Washington,6 Months - 17 Years,1622552,2026-01-31,54.5997207329132
Washington,6 Months - 17 Years,1622552,2026-02-07,55.3786821416059
Washington,6 Months - 17 Years,1622552,2026-02-14,55.6585445763362
Washington,6 Months - 17 Years,1622552,2026-02-21,55.8630248072217
Washington,6 Months - 17 Years,1622552,2026-02-28,56.021727648316
Washington,6 Months - 17 Years,1622552,2026-03-07,56.3433090968728
Washington,6 Months - 17 Years,1622552,2026-03-14,56.5738591167775
Washington,6 Months - 17 Years,1622552,2026-03-21,56.9029966791313
Washington,6 Months - 17 Years,1622552,2026-03-28,57.3148962453896
Washington,6 Months - 17 Years,1622552,2026-04-04,57.7951961094945
Washington,6 Months - 17 Years,1622552,2026-04-11,58.6130435208594
Washington,6 Months - 17 Years,1622552,2026-04-18,58.8874830523698
Washington,6 Months - 17 Years,1622552,2026-04-25,59.0697689436112
Washington,6 Months - 17 Years,1622552,2026-05-02,59.1678235221252
Washington,6 Months - 17 Years,1622552,2026-05-09,59.3438551978708
Washington,6 Months - 17 Years,1622552,2026-05-16,59.3848314991419
Washington,6 Months - 17 Years,1622552,2026-05-23,59.3988792358779
Washington,6 Months - 17 Years,1622552,2026-05-30,59.3996264119593
Washington,6 Months - 17 Years,1622552,2026-06-06,59.4
Washington,6 Months - 17 Years,1622552,2026-06-13,59.4
Washington,18-49 Years,3312767,2025-08-16,1.24148494300521
Washington,18-49 Years,3312767,2025-08-23,1.24148494300521
Washington,18-49 Years,3312767,2025-08-30,1.24148494300521
Washington,18-49 Years,3312767,2025-09-06,1.24148494300521
Washington,18-49 Years,3312767,2025-09-13,1.77145508307753
Washington,18-49 Years,3312767,2025-09-20,2.24827705311324
Washington,18-49 Years,3312767,2025-09-27,3.09412892696159
Washington,18-49 Years,3312767,2025-10-04,5.20810525407888
Washington,18-49 Years,3312767,2025-10-11,6.67212919173934
Washington,18-49 Years,3312767,2025-10-18,8.54249036984095
Washington,18-49 Years,3312767,2025-10-25,10.7958847764643
Washington,18-49 Years,3312767,2025-11-01,13.4934678894633
Washington,18-49 Years,3312767,2025-11-08,18.7473699397129
Washington,18-49 Years,3312767,2025-11-15,21.0312056532824
Washington,18-49 Years,3312767,2025-11-22,23.0266811790705
Washington,18-49 Years,3312767,2025-11-29,24.7410574328671
Washington,18-49 Years,3312767,2025-12-06,27.8069875078978
Washington,18-49 Years,3312767,2025-12-13,29.0128989934141
Washington,18-49 Years,3312767,2025-12-20,29.9668883343641
Washington,18-49 Years,3312767,2025-12-27,30.7224709207609
Washington,18-49 Years,3312767,2026-01-03,31.5561323716937
Washington,18-49 Years,3312767,2026-01-10,32.8427006988383
Washington,18-49 Years,3312767,2026-01-17,33.3764539185304
Washington,18-49 Years,3312767,2026-01-24,33.8782924352606
Washington,18-49 Years,3312767,2026-01-31,34.2861645198119
Washington,18-49 Years,3312767,2026-02-07,35.2020302680121
Washington,18-49 Years,3312767,2026-02-14,35.6502459156183
Washington,18-49 Years,3312767,2026-02-21,36.0953713360554
Washington,18-49 Years,3312767,2026-02-28,36.5227460480425
Washington,18-49 Years,3312767,2026-03-07,37.3064791645134
Washington,18-49 Years,3312767,2026-03-14,37.6198739574421
Washington,18-49 Years,3312767,2026-03-21,37.8644864638431
Washington,18-49 Years,3312767,2026-03-28,38.0526857335864
Washington,18-49 Years,3312767,2026-04-04,38.2537952536612
Washington,18-49 Years,3312767,2026-04-11,38.5573307917791
Washington,18-49 Years,3312767,2026-04-18,38.6736564566578
Washington,18-49 Years,3312767,2026-04-25,38.7765289967919
Washington,18-49 Years,3312767,2026-05-02,38.8565251215071
Washington,18-49 Years,3312767,2026-05-09,39.0371943003948
Washington,18-49 Years,3312767,2026-05-16,39.125876302854
Washington,18-49 Years,3312767,2026-05-23,39.2156317712651
Washington,18-49 Years,3312767,2026-05-30,39.3061914102405
Washington,18-49 Years,3312767,2026-06-06,39.4864443037935
Washington,18-49 Years,3312767,2026-06-13,39.575732065056
Washington,50-64 Years,1415009,2025-08-16,1.04835035111751
Washington,50-64 Years,1415009,2025-08-23,1.04835035111751
Washington,50-64 Years,1415009,2025-08-30,1.04835035111751
Washington,50-64 Years,1415009,2025-09-06,1.04835035111751
Washington,50-64 Years,1415009,2025-09-13,1.84564127075165
Washington,50-64 Years,1415009,2025-09-20,3.00377716797978
Washington,50-64 Years,1415009,2025-09-27,4.58777755218478
Washington,50-64 Years,1415009,2025-10-04,8.27535934411575
Washington,50-64 Years,1415009,2025-10-11,10.6434177000303
Washington,50-64 Years,1415009,2025-10-18,13.5328698292272
Washington,50-64 Years,1415009,2025-10-25,16.882812453499
Washington,50-64 Years,1415009,2025-11-01,20.778331795338
Washington,50-64 Years,1415009,2025-11-08,28.1127540402153
Washington,50-64 Years,1415009,2025-11-15,31.120552376335
Washington,50-64 Years,1415009,2025-11-22,33.6240153051219
Washington,50-64 Years,1415009,2025-11-29,35.6712439455197
Washington,50-64 Years,1415009,2025-12-06,39.2292180958136
Washington,50-64 Years,1415009,2025-12-13,40.5540141672612
Washington,50-64 Years,1415009,2025-12-20,41.5510973741542
Washington,50-64 Years,1415009,2025-12-27,42.3018404786705
Washington,50-64 Years,1415009,2026-01-03,43.1175228150594
Washington,50-64 Years,1415009,2026-01-10,44.3574753449864
Washington,50-64 Years,1415009,2026-01-17,44.8724398756182
Washington,50-64 Years,1415009,2026-01-24,45.3603722648741
Washington,50-64 Years,1415009,2026-01-31,45.7549205812029
Washington,50-64 Years,1415009,2026-02-07,46.6231825251563
Washington,50-64 Years,1415009,2026-02-14,47.0230997681949
Washington,50-64 Years,1415009,2026-02-21,47.3986421098254
Washington,50-64 Years,1415009,2026-02-28,47.7456171303632
Washington,50-64 Years,1415009,2026-03-07,48.381190196885
Washington,50-64 Years,1415009,2026-03-14,48.6412785849533
Washington,50-64 Years,1415009,2026-03-21,48.8540601494829
Washington,50-64 Years,1415009,2026-03-28,49.0297959763384
Washington,50-64 Years,1415009,2026-04-04,49.2396613584407
Washington,50-64 Years,1415009,2026-04-11,49.5818824862912
Washington,50-64 Years,1415009,2026-04-18,49.7571180771458
Washington,50-64 Years,1415009,2026-04-25,49.942844999793
Washington,50-64 Years,1415009,2026-05-02,50.0954246790233
Washington,50-64 Years,1415009,2026-05-09,50.390420949921
Washington,50-64 Years,1415009,2026-05-16,50.4819268836637
Washington,50-64 Years,1415009,2026-05-23,50.531473507011
Washington,50-64 Years,1415009,2026-05-30,50.5544695604895
Washington,50-64 Years,1415009,2026-06-06,50.587554715486
Washington,50-64 Years,1415009,2026-06-13,50.5935184743814
Washington,65+ Years,1247874,2025-08-16,1.1124932389335
Washington,65+ Years,1247874,2025-08-23,1.1124932389335
Washington,65+ Years,1247874,2025-08-30,1.1124932389335
Washington,65+ Years,1247874,2025-09-06,1.1124932389335
Washington,65+ Years,1247874,2025-09-13,2.26908054201564
Washington,65+ Years,1247874,2025-09-20,4.13345993363704
Washington,65+ Years,1247874,2025-09-27,6.65008309346086
Washington,65+ Years,1247874,2025-10-04,12.4022999654291
Washington,65+ Years,1247874,2025-10-11,16.0171078038735
Washington,65+ Years,1247874,2025-10-18,20.3675583696214
Washington,65+ Years,1247874,2025-10-25,25.3526151954003
Washington,65+ Years,1247874,2025-11-01,31.0979085365707
Washington,65+ Years,1247874,2025-11-08,41.8021940445517
Washington,65+ Years,1247874,2025-11-15,46.1161882015783
Washington,65+ Years,1247874,2025-11-22,49.6546383947899
Washington,65+ Years,1247874,2025-11-29,52.4976424270161
Washington,65+ Years,1247874,2025-12-06,57.3602641257656
Washington,65+ Years,1247874,2025-12-13,59.0910641478959
Washington,65+ Years,1247874,2025-12-20,60.3221163131752
Washington,65+ Years,1247874,2025-12-27,61.1953388020728
Washington,65+ Years,1247874,2026-01-03,62.1782341033928
Washington,65+ Years,1247874,2026-01-10,63.6993620994653
Washington,65+ Years,1247874,2026-01-17,64.4329127441706
Washington,65+ Years,1247874,2026-01-24,65.2086717245212
Washington,65+ Years,1247874,2026-01-31,65.886685762192
Washington,65+ Years,1247874,2026-02-07,67.3501426068199
Washington,65+ Years,1247874,2026-02-14,67.9814964430594
Washington,65+ Years,1247874,2026-02-21,68.5218302085234
Washington,65+ Years,1247874,2026-02-28,68.9800955146533
Washington,65+ Years,1247874,2026-03-07,69.8001699215224
Washington,65+ Years,1247874,2026-03-14,70.132317594045
Washington,65+ Years,1247874,2026-03-21,70.4089279289641
Washington,65+ Years,1247874,2026-03-28,70.6429045745322
Washington,65+ Years,1247874,2026-04-04,70.9184984047767
Washington,65+ Years,1247874,2026-04-11,71.3642155573758
Washington,65+ Years,1247874,2026-04-18,71.5785500543382
Washington,65+ Years,1247874,2026-04-25,71.7985738902147
Washington,65+ Years,1247874,2026-05-02,71.9817710948136
Washington,65+ Years,1247874,2026-05-09,72.361084491271
Washington,65+ Years,1247874,2026-05-16,72.508882143698
Washington,65+ Years,1247874,2026-05-23,72.6225199475845
Washington,65+ Years,1247874,2026-05-30,72.7074899808939
Washington,65+ Years,1247874,2026-06-06,72.8413777906716
Washington,65+ Years,1247874,2026-06-13,72.8691504238646
West Virginia,6 Months - 4 Years,82428,2025-08-16,5.24744678176318
West Virginia,6 Months - 4 Years,82428,2025-08-23,5.24744678176318
West Virginia,6 Months - 4 Years,82428,2025-08-30,5.24744678176318
West Virginia,6 Months - 4 Years,82428,2025-09-06,5.24744678176318
West Virginia,6 Months - 4 Years,82428,2025-09-13,6.81433000577503
West Virginia,6 Months - 4 Years,82428,2025-09-20,7.3684517165187
West Virginia,6 Months - 4 Years,82428,2025-09-27,8.46264237744182
West Virginia,6 Months - 4 Years,82428,2025-10-04,11.259707954956
West Virginia,6 Months - 4 Years,82428,2025-10-11,13.2664201864131
West Virginia,6 Months - 4 Years,82428,2025-10-18,15.8948830641467
West Virginia,6 Months - 4 Years,82428,2025-10-25,19.0935861765701
West Virginia,6 Months - 4 Years,82428,2025-11-01,22.8827807038013
West Virginia,6 Months - 4 Years,82428,2025-11-08,30.0962600601229
West Virginia,6 Months - 4 Years,82428,2025-11-15,33.0107956631306
West Virginia,6 Months - 4 Years,82428,2025-11-22,35.3556449668229
West Virginia,6 Months - 4 Years,82428,2025-11-29,37.2084399154984
West Virginia,6 Months - 4 Years,82428,2025-12-06,40.4075081786121
West Virginia,6 Months - 4 Years,82428,2025-12-13,41.5895778285838
West Virginia,6 Months - 4 Years,82428,2025-12-20,42.477185219725
West Virginia,6 Months - 4 Years,82428,2025-12-27,43.1495023695013
West Virginia,6 Months - 4 Years,82428,2026-01-03,43.910307370993
West Virginia,6 Months - 4 Years,82428,2026-01-10,45.0967773302856
West Virginia,6 Months - 4 Years,82428,2026-01-17,45.6455260132079
West Virginia,6 Months - 4 Years,82428,2026-01-24,46.2092590873926
West Virginia,6 Months - 4 Years,82428,2026-01-31,46.7016100334512
West Virginia,6 Months - 4 Years,82428,2026-02-07,47.799475806313
West Virginia,6 Months - 4 Years,82428,2026-02-14,48.3068450939025
West Virginia,6 Months - 4 Years,82428,2026-02-21,48.7790273714376
West Virginia,6 Months - 4 Years,82428,2026-02-28,49.2349547424993
West Virginia,6 Months - 4 Years,82428,2026-03-07,50.1940773757503
West Virginia,6 Months - 4 Years,82428,2026-03-14,50.8201206808296
West Virginia,6 Months - 4 Years,82428,2026-03-21,51.6178438210557
West Virginia,6 Months - 4 Years,82428,2026-03-28,52.5234686720605
West Virginia,6 Months - 4 Years,82428,2026-04-04,53.4450768348851
West Virginia,6 Months - 4 Years,82428,2026-04-11,54.8863970190737
West Virginia,6 Months - 4 Years,82428,2026-04-18,55.2063803651983
West Virginia,6 Months - 4 Years,82428,2026-04-25,55.3
West Virginia,6 Months - 4 Years,82428,2026-05-02,55.3
West Virginia,6 Months - 4 Years,82428,2026-05-09,55.3
West Virginia,6 Months - 4 Years,82428,2026-05-16,55.3
West Virginia,6 Months - 4 Years,82428,2026-05-23,55.3
West Virginia,6 Months - 4 Years,82428,2026-05-30,55.3
West Virginia,6 Months - 4 Years,82428,2026-06-06,55.3
West Virginia,6 Months - 4 Years,82428,2026-06-13,55.3
West Virginia,5-12 Years,160868,2025-08-16,3.40810296334436
West Virginia,5-12 Years,160868,2025-08-23,3.40810296334436
West Virginia,5-12 Years,160868,2025-08-30,3.40810296334436
West Virginia,5-12 Years,160868,2025-09-06,3.40810296334436
West Virginia,5-12 Years,160868,2025-09-13,4.66244818915557
West Virginia,5-12 Years,160868,2025-09-20,5.5341520565012
West Virginia,5-12 Years,160868,2025-09-27,6.81541835626065
West Virginia,5-12 Years,160868,2025-10-04,9.86662661107082
West Virginia,5-12 Years,160868,2025-10-11,11.8806751604724
West Virginia,5-12 Years,160868,2025-10-18,14.3825305078742
West Virginia,5-12 Years,160868,2025-10-25,17.322468140616
West Virginia,5-12 Years,160868,2025-11-01,20.7660344626992
West Virginia,5-12 Years,160868,2025-11-08,27.2879905836276
West Virginia,5-12 Years,160868,2025-11-15,29.9657151734603
West Virginia,5-12 Years,160868,2025-11-22,32.1875592060823
West Virginia,5-12 Years,160868,2025-11-29,34.0119729076077
West Virginia,5-12 Years,160868,2025-12-06,37.2493354997493
West Virginia,5-12 Years,160868,2025-12-13,38.5502507698127
West Virginia,5-12 Years,160868,2025-12-20,39.6306798526481
West Virginia,5-12 Years,160868,2025-12-27,40.5219652573521
West Virginia,5-12 Years,160868,2026-01-03,41.4236393997836
West Virginia,5-12 Years,160868,2026-01-10,42.744738588548
West Virginia,5-12 Years,160868,2026-01-17,43.1421680741177
West Virginia,5-12 Years,160868,2026-01-24,43.416194754053
West Virginia,5-12 Years,160868,2026-01-31,43.5933008920323
West Virginia,5-12 Years,160868,2026-02-07,44.0317146344515
West Virginia,5-12 Years,160868,2026-02-14,44.3256700801285
West Virginia,5-12 Years,160868,2026-02-21,44.7074261068347
West Virginia,5-12 Years,160868,2026-02-28,45.1419185701033
West Virginia,5-12 Years,160868,2026-03-07,45.9665186098661
West Virginia,5-12 Years,160868,2026-03-14,46.2839974571054
West Virginia,5-12 Years,160868,2026-03-21,46.497769267631
West Virginia,5-12 Years,160868,2026-03-28,46.6251740021481
West Virginia,5-12 Years,160868,2026-04-04,46.7342220428671
West Virginia,5-12 Years,160868,2026-04-11,46.8693808046599
West Virginia,5-12 Years,160868,2026-04-18,46.8935642093684
West Virginia,5-12 Years,160868,2026-04-25,46.9
West Virginia,5-12 Years,160868,2026-05-02,46.9
West Virginia,5-12 Years,160868,2026-05-09,46.9
West Virginia,5-12 Years,160868,2026-05-16,46.9
West Virginia,5-12 Years,160868,2026-05-23,46.9
West Virginia,5-12 Years,160868,2026-05-30,46.9
West Virginia,5-12 Years,160868,2026-06-06,46.9
West Virginia,5-12 Years,160868,2026-06-13,46.9
West Virginia,13-17 Years,104247,2025-08-16,0.892046805967645
West Virginia,13-17 Years,104247,2025-08-23,0.892046805967645
West Virginia,13-17 Years,104247,2025-08-30,0.892046805967645
West Virginia,13-17 Years,104247,2025-09-06,0.892046805967645
West Virginia,13-17 Years,104247,2025-09-13,1.4047027341539
West Virginia,13-17 Years,104247,2025-09-20,2.03330975644871
West Virginia,13-17 Years,104247,2025-09-27,3.08840073289055
West Virginia,13-17 Years,104247,2025-10-04,5.69229671331757
West Virginia,13-17 Years,104247,2025-10-11,7.49385971922829
West Virginia,13-17 Years,104247,2025-10-18,9.80357836113855
West Virginia,13-17 Years,104247,2025-10-25,12.5696342653852
West Virginia,13-17 Years,104247,2025-11-01,15.8136587446993
West Virginia,13-17 Years,104247,2025-11-08,21.9177780448575
West Virginia,13-17 Years,104247,2025-11-15,24.330832706144
West Virginia,13-17 Years,104247,2025-11-22,26.2368006436367
West Virginia,13-17 Years,104247,2025-11-29,27.7288397910075
West Virginia,13-17 Years,104247,2025-12-06,30.3529902076051
West Virginia,13-17 Years,104247,2025-12-13,31.3995661063805
West Virginia,13-17 Years,104247,2025-12-20,32.2712900598521
West Virginia,13-17 Years,104247,2025-12-27,33.002925129833
West Virginia,13-17 Years,104247,2026-01-03,33.7952139533435
West Virginia,13-17 Years,104247,2026-01-10,35.0085911441253
West Virginia,13-17 Years,104247,2026-01-17,35.4578836745565
West Virginia,13-17 Years,104247,2026-01-24,35.8416152214821
West Virginia,13-17 Years,104247,2026-01-31,36.1430857780544
West Virginia,13-17 Years,104247,2026-02-07,36.8990168235354
West Virginia,13-17 Years,104247,2026-02-14,37.417042401415
West Virginia,13-17 Years,104247,2026-02-21,38.0836151561417
West Virginia,13-17 Years,104247,2026-02-28,38.8276488847862
West Virginia,13-17 Years,104247,2026-03-07,40.1993273729119
West Virginia,13-17 Years,104247,2026-03-14,40.6813507927577
West Virginia,13-17 Years,104247,2026-03-21,40.9576713231913
West Virginia,13-17 Years,104247,2026-03-28,41.0772956373288
West Virginia,13-17 Years,104247,2026-04-04,41.1725713964764
West Virginia,13-17 Years,104247,2026-04-11,41.277582148601
West Virginia,13-17 Years,104247,2026-04-18,41.2953933252877
West Virginia,13-17 Years,104247,2026-04-25,41.3
West Virginia,13-17 Years,104247,2026-05-02,41.3
West Virginia,13-17 Years,104247,2026-05-09,41.3
West Virginia,13-17 Years,104247,2026-05-16,41.3
West Virginia,13-17 Years,104247,2026-05-23,41.3
West Virginia,13-17 Years,104247,2026-05-30,41.3
West Virginia,13-17 Years,104247,2026-06-06,41.3
West Virginia,13-17 Years,104247,2026-06-13,41.3
West Virginia,6 Months - 17 Years,347544,2025-08-16,3.60231511891004
West Virginia,6 Months - 17 Years,347544,2025-08-23,3.60231511891004
West Virginia,6 Months - 17 Years,347544,2025-08-30,3.60231511891004
West Virginia,6 Months - 17 Years,347544,2025-09-06,3.60231511891004
West Virginia,6 Months - 17 Years,347544,2025-09-13,4.75832628306071
West Virginia,6 Months - 17 Years,347544,2025-09-20,5.31314594405057
West Virginia,6 Months - 17 Years,347544,2025-09-27,6.34518670249127
West Virginia,6 Months - 17 Years,347544,2025-10-04,8.9517086228348
West Virginia,6 Months - 17 Years,347544,2025-10-11,10.7949034454832
West Virginia,6 Months - 17 Years,347544,2025-10-18,13.1871369858893
West Virginia,6 Months - 17 Years,347544,2025-10-25,16.0830983328822
West Virginia,6 Months - 17 Years,347544,2025-11-01,19.5128736066256
West Virginia,6 Months - 17 Years,347544,2025-11-08,26.049747081236
West Virginia,6 Months - 17 Years,347544,2025-11-15,28.7069172893457
West Virginia,6 Months - 17 Years,347544,2025-11-22,30.8641706974611
West Virginia,6 Months - 17 Years,347544,2025-11-29,32.5955471277386
West Virginia,6 Months - 17 Years,347544,2025-12-06,35.6467150429519
West Virginia,6 Months - 17 Years,347544,2025-12-13,36.8534143558485
West Virginia,6 Months - 17 Years,347544,2025-12-20,37.8404710747871
West Virginia,6 Months - 17 Years,347544,2025-12-27,38.649330312032
West Virginia,6 Months - 17 Years,347544,2026-01-03,39.5033518302999
West Virginia,6 Months - 17 Years,347544,2026-01-10,40.7882371998991
West Virginia,6 Months - 17 Years,347544,2026-01-17,41.2390518911631
West Virginia,6 Months - 17 Years,347544,2026-01-24,41.6058578832091
West Virginia,6 Months - 17 Years,347544,2026-01-31,41.8779002826276
West Virginia,6 Months - 17 Years,347544,2026-02-07,42.5285481444301
West Virginia,6 Months - 17 Years,347544,2026-02-14,42.9130261127395
West Virginia,6 Months - 17 Years,347544,2026-02-21,43.369162490703
West Virginia,6 Months - 17 Years,347544,2026-02-28,43.8729678527583
West Virginia,6 Months - 17 Years,347544,2026-03-07,44.865346575727
West Virginia,6 Months - 17 Years,347544,2026-03-14,45.3129445335485
West Virginia,6 Months - 17 Years,347544,2026-03-21,45.697203417896
West Virginia,6 Months - 17 Years,347544,2026-03-28,46.0116473830798
West Virginia,6 Months - 17 Years,347544,2026-04-04,46.3012486832107
West Virginia,6 Months - 17 Years,347544,2026-04-11,46.7004370383207
West Virginia,6 Months - 17 Years,347544,2026-04-18,46.7783721649983
West Virginia,6 Months - 17 Years,347544,2026-04-25,46.8
West Virginia,6 Months - 17 Years,347544,2026-05-02,46.8
West Virginia,6 Months - 17 Years,347544,2026-05-09,46.8
West Virginia,6 Months - 17 Years,347544,2026-05-16,46.8
West Virginia,6 Months - 17 Years,347544,2026-05-23,46.8
West Virginia,6 Months - 17 Years,347544,2026-05-30,46.8
West Virginia,6 Months - 17 Years,347544,2026-06-06,46.8
West Virginia,6 Months - 17 Years,347544,2026-06-13,46.8
West Virginia,18-49 Years,689960,2025-08-16,0.821320535183169
West Virginia,18-49 Years,689960,2025-08-23,0.821320535183169
West Virginia,18-49 Years,689960,2025-08-30,0.821320535183169
West Virginia,18-49 Years,689960,2025-09-06,0.821320535183169
West Virginia,18-49 Years,689960,2025-09-13,1.07584973332146
West Virginia,18-49 Years,689960,2025-09-20,1.18628982270888
West Virginia,18-49 Years,689960,2025-09-27,1.62781766853157
West Virginia,18-49 Years,689960,2025-10-04,2.88187088478944
West Virginia,18-49 Years,689960,2025-10-11,3.92059752647224
West Virginia,18-49 Years,689960,2025-10-18,5.43095885770011
West Virginia,18-49 Years,689960,2025-10-25,7.41362673219396
West Virginia,18-49 Years,689960,2025-11-01,9.86419536050303
West Virginia,18-49 Years,689960,2025-11-08,14.7392072439459
West Virginia,18-49 Years,689960,2025-11-15,16.8448347671394
West Virginia,18-49 Years,689960,2025-11-22,18.6278051472694
West Virginia,18-49 Years,689960,2025-11-29,20.0952104285614
West Virginia,18-49 Years,689960,2025-12-06,22.6244503025251
West Virginia,18-49 Years,689960,2025-12-13,23.5295600605779
West Virginia,18-49 Years,689960,2025-12-20,24.1683627558414
West Virginia,18-49 Years,689960,2025-12-27,24.6087592924889
West Virginia,18-49 Years,689960,2026-01-03,25.057706755693
West Virginia,18-49 Years,689960,2026-01-10,25.7055543087324
West Virginia,18-49 Years,689960,2026-01-17,25.9369551584664
West Virginia,18-49 Years,689960,2026-01-24,26.134270196061
West Virginia,18-49 Years,689960,2026-01-31,26.2860003502436
West Virginia,18-49 Years,689960,2026-02-07,26.6495327786849
West Virginia,18-49 Years,689960,2026-02-14,26.8671949455545
West Virginia,18-49 Years,689960,2026-02-21,27.1253887354381
West Virginia,18-49 Years,689960,2026-02-28,27.4043525972998
West Virginia,18-49 Years,689960,2026-03-07,27.9275965812592
West Virginia,18-49 Years,689960,2026-03-14,28.1277476139394
West Virginia,18-49 Years,689960,2026-03-21,28.2642942459743
West Virginia,18-49 Years,689960,2026-03-28,28.350918897962
West Virginia,18-49 Years,689960,2026-04-04,28.4476136623945
West Virginia,18-49 Years,689960,2026-04-11,28.5962257213728
West Virginia,18-49 Years,689960,2026-04-18,28.6737212099314
West Virginia,18-49 Years,689960,2026-04-25,28.7577839086318
West Virginia,18-49 Years,689960,2026-05-02,28.8261775770969
West Virginia,18-49 Years,689960,2026-05-09,28.9530906283886
West Virginia,18-49 Years,689960,2026-05-16,28.9866385936411
West Virginia,18-49 Years,689960,2026-05-23,28.9989607724621
West Virginia,18-49 Years,689960,2026-05-30,28.9996535908207
West Virginia,18-49 Years,689960,2026-06-06,29.0
West Virginia,18-49 Years,689960,2026-06-13,29.0
West Virginia,50-64 Years,364021,2025-08-16,1.15724425910868
West Virginia,50-64 Years,364021,2025-08-23,1.15724425910868
West Virginia,50-64 Years,364021,2025-08-30,1.15724425910868
West Virginia,50-64 Years,364021,2025-09-06,1.15724425910868
West Virginia,50-64 Years,364021,2025-09-13,1.55354822093724
West Virginia,50-64 Years,364021,2025-09-20,1.78611244973629
West Virginia,50-64 Years,364021,2025-09-27,2.5577354108962
West Virginia,50-64 Years,364021,2025-10-04,4.68069104782471
West Virginia,50-64 Years,364021,2025-10-11,6.29216578462468
West Virginia,50-64 Years,364021,2025-10-18,8.46400474148976
West Virginia,50-64 Years,364021,2025-10-25,11.1837728493544
West Virginia,50-64 Years,364021,2025-11-01,14.5090999898062
West Virginia,50-64 Years,364021,2025-11-08,21.1182179139529
West Virginia,50-64 Years,364021,2025-11-15,24.0622961517158
West Virginia,50-64 Years,364021,2025-11-22,26.6670757210915
West Virginia,50-64 Years,364021,2025-11-29,28.9144346788202
West Virginia,50-64 Years,364021,2025-12-06,32.8897479960118
West Virginia,50-64 Years,364021,2025-12-13,34.3932873821914
West Virginia,50-64 Years,364021,2025-12-20,35.519386940966
West Virginia,50-64 Years,364021,2025-12-27,36.351634121498
West Virginia,50-64 Years,364021,2026-01-03,37.2232726086367
West Virginia,50-64 Years,364021,2026-01-10,38.5145099407305
West Virginia,50-64 Years,364021,2026-01-17,38.993415776034
West Virginia,50-64 Years,364021,2026-01-24,39.4095987790039
West Virginia,50-64 Years,364021,2026-01-31,39.7315617188947
West Virginia,50-64 Years,364021,2026-02-07,40.4806284853971
West Virginia,50-64 Years,364021,2026-02-14,40.8876516140498
West Virginia,50-64 Years,364021,2026-02-21,41.3370215101794
West Virginia,50-64 Years,364021,2026-02-28,41.8089527451571
West Virginia,50-64 Years,364021,2026-03-07,42.7172551163426
West Virginia,50-64 Years,364021,2026-03-14,43.106079367269
West Virginia,50-64 Years,364021,2026-03-21,43.4242118551142
West Virginia,50-64 Years,364021,2026-03-28,43.6822799714336
West Virginia,50-64 Years,364021,2026-04-04,43.979799459656
West Virginia,50-64 Years,364021,2026-04-11,44.4540340730348
West Virginia,50-64 Years,364021,2026-04-18,44.6718923004392
West Virginia,50-64 Years,364021,2026-04-25,44.8897008933109
West Virginia,50-64 Years,364021,2026-05-02,45.0709427278386
West Virginia,50-64 Years,364021,2026-05-09,45.4585234149235
West Virginia,50-64 Years,364021,2026-05-16,45.6229362852587
West Virginia,50-64 Years,364021,2026-05-23,45.7629669076438
West Virginia,50-64 Years,364021,2026-05-30,45.8812882770623
West Virginia,50-64 Years,364021,2026-06-06,46.0891547236168
West Virginia,50-64 Years,364021,2026-06-13,46.1647972931698
West Virginia,65+ Years,373569,2025-08-16,1.24107652788022
West Virginia,65+ Years,373569,2025-08-23,1.24107652788022
West Virginia,65+ Years,373569,2025-08-30,1.24107652788022
West Virginia,65+ Years,373569,2025-09-06,1.24107652788022
West Virginia,65+ Years,373569,2025-09-13,2.02381628323836
West Virginia,65+ Years,373569,2025-09-20,3.04937451617467
West Virginia,65+ Years,373569,2025-09-27,4.80090554251093
West Virginia,65+ Years,373569,2025-10-04,9.1415188467805
West Virginia,65+ Years,373569,2025-10-11,12.1565811813024
West Virginia,65+ Years,373569,2025-10-18,16.0306914014289
West Virginia,65+ Years,373569,2025-10-25,20.6794937161585
West Virginia,65+ Years,373569,2025-11-01,26.1418186783317
West Virginia,65+ Years,373569,2025-11-08,36.4543365704491
West Virginia,65+ Years,373569,2025-11-15,40.5742390022102
West Virginia,65+ Years,373569,2025-11-22,43.8642750453335
West Virginia,65+ Years,373569,2025-11-29,46.4491692915496
West Virginia,65+ Years,373569,2025-12-06,50.9164182719163
West Virginia,65+ Years,373569,2025-12-13,52.5851440585298
West Virginia,65+ Years,373569,2025-12-20,53.8618028084641
West Virginia,65+ Years,373569,2025-12-27,54.8468435101648
West Virginia,65+ Years,373569,2026-01-03,55.9411951851087
West Virginia,65+ Years,373569,2026-01-10,57.6331171572287
West Virginia,65+ Years,373569,2026-01-17,58.3773805477997
West Virginia,65+ Years,373569,2026-01-24,59.1082080834057
West Virginia,65+ Years,373569,2026-01-31,59.7036028673316
West Virginia,65+ Years,373569,2026-02-07,60.9595676242244
West Virginia,65+ Years,373569,2026-02-14,61.4703229865745
West Virginia,65+ Years,373569,2026-02-21,61.8875236018713
West Virginia,65+ Years,373569,2026-02-28,62.2262644877741
West Virginia,65+ Years,373569,2026-03-07,62.8198735723021
West Virginia,65+ Years,373569,2026-03-14,63.0565949780002
West Virginia,65+ Years,373569,2026-03-21,63.2547389827557
West Virginia,65+ Years,373569,2026-03-28,63.420950206898
West Virginia,65+ Years,373569,2026-04-04,63.5946191076108
West Virginia,65+ Years,373569,2026-04-11,63.8550262525844
West Virginia,65+ Years,373569,2026-04-18,63.9426762327623
West Virginia,65+ Years,373569,2026-04-25,64.0106909177059
West Virginia,65+ Years,373569,2026-05-02,64.0580343070257
West Virginia,65+ Years,373569,2026-05-09,64.1643676402437
West Virginia,65+ Years,373569,2026-05-16,64.2162287766056
West Virginia,65+ Years,373569,2026-05-23,64.2694422533113
West Virginia,65+ Years,373569,2026-05-30,64.3237359096617
West Virginia,65+ Years,373569,2026-06-06,64.4318665822761
West Virginia,65+ Years,373569,2026-06-13,64.4854392390336
Wisconsin,6 Months - 4 Years,294900,2025-08-16,2.90113140229495
Wisconsin,6 Months - 4 Years,294900,2025-08-23,2.90113140229495
Wisconsin,6 Months - 4 Years,294900,2025-08-30,2.90113140229495
Wisconsin,6 Months - 4 Years,294900,2025-09-06,2.90113140229495
Wisconsin,6 Months - 4 Years,294900,2025-09-13,4.25968743311624
Wisconsin,6 Months - 4 Years,294900,2025-09-20,5.62948459961805
Wisconsin,6 Months - 4 Years,294900,2025-09-27,7.46733231622451
Wisconsin,6 Months - 4 Years,294900,2025-10-04,11.7179575420496
Wisconsin,6 Months - 4 Years,294900,2025-10-11,14.4239715722916
Wisconsin,6 Months - 4 Years,294900,2025-10-18,17.706260261902
Wisconsin,6 Months - 4 Years,294900,2025-10-25,21.4957820378912
Wisconsin,6 Months - 4 Years,294900,2025-11-01,25.8958082908773
Wisconsin,6 Months - 4 Years,294900,2025-11-08,34.1893541569502
Wisconsin,6 Months - 4 Years,294900,2025-11-15,37.63407819106
Wisconsin,6 Months - 4 Years,294900,2025-11-22,40.5416586706584
Wisconsin,6 Months - 4 Years,294900,2025-11-29,42.9177190547925
Wisconsin,6 Months - 4 Years,294900,2025-12-06,46.9098429622572
Wisconsin,6 Months - 4 Years,294900,2025-12-13,48.2358913584539
Wisconsin,6 Months - 4 Years,294900,2025-12-20,49.0801886371564
Wisconsin,6 Months - 4 Years,294900,2025-12-27,49.5863290103771
Wisconsin,6 Months - 4 Years,294900,2026-01-03,50.0945882880459
Wisconsin,6 Months - 4 Years,294900,2026-01-10,50.8108844587151
Wisconsin,6 Months - 4 Years,294900,2026-01-17,51.081689239128
Wisconsin,6 Months - 4 Years,294900,2026-01-24,51.3280506499181
Wisconsin,6 Months - 4 Years,294900,2026-01-31,51.5269880648508
Wisconsin,6 Months - 4 Years,294900,2026-02-07,52.0016412745352
Wisconsin,6 Months - 4 Years,294900,2026-02-14,52.28251695998
Wisconsin,6 Months - 4 Years,294900,2026-02-21,52.6096791155571
Wisconsin,6 Months - 4 Years,294900,2026-02-28,52.9548078150738
Wisconsin,6 Months - 4 Years,294900,2026-03-07,53.5828884846791
Wisconsin,6 Months - 4 Years,294900,2026-03-14,53.8025924790313
Wisconsin,6 Months - 4 Years,294900,2026-03-21,53.9318284359839
Wisconsin,6 Months - 4 Years,294900,2026-03-28,53.9959176959827
Wisconsin,6 Months - 4 Years,294900,2026-04-04,54.1214135126416
Wisconsin,6 Months - 4 Years,294900,2026-04-11,54.3857478810777
Wisconsin,6 Months - 4 Years,294900,2026-04-18,54.7623924696444
Wisconsin,6 Months - 4 Years,294900,2026-04-25,55.36819615228
Wisconsin,6 Months - 4 Years,294900,2026-05-02,56.040765491339
Wisconsin,6 Months - 4 Years,294900,2026-05-09,57.3409219601419
Wisconsin,6 Months - 4 Years,294900,2026-05-16,57.7335065853974
Wisconsin,6 Months - 4 Years,294900,2026-05-23,57.8865309290245
Wisconsin,6 Months - 4 Years,294900,2026-05-30,57.8955103096748
Wisconsin,6 Months - 4 Years,294900,2026-06-06,57.9
Wisconsin,6 Months - 4 Years,294900,2026-06-13,57.9
Wisconsin,5-12 Years,561448,2025-08-16,3.62555374463118
Wisconsin,5-12 Years,561448,2025-08-23,3.62555374463118
Wisconsin,5-12 Years,561448,2025-08-30,3.62555374463118
Wisconsin,5-12 Years,561448,2025-09-06,3.62555374463118
Wisconsin,5-12 Years,561448,2025-09-13,4.90142629278162
Wisconsin,5-12 Years,561448,2025-09-20,5.7026260972368
Wisconsin,5-12 Years,561448,2025-09-27,6.94886931775456
Wisconsin,5-12 Years,561448,2025-10-04,9.9640209012688
Wisconsin,5-12 Years,561448,2025-10-11,11.9700457550526
Wisconsin,5-12 Years,561448,2025-10-18,14.4653290312555
Wisconsin,5-12 Years,561448,2025-10-25,17.422191250313
Wisconsin,5-12 Years,561448,2025-11-01,20.9540304306846
Wisconsin,5-12 Years,561448,2025-11-08,27.8598651233783
Wisconsin,5-12 Years,561448,2025-11-15,30.9416867356125
Wisconsin,5-12 Years,561448,2025-11-22,33.721030989379
Wisconsin,5-12 Years,561448,2025-11-29,36.1791872327359
Wisconsin,5-12 Years,561448,2025-12-06,40.6163801364331
Wisconsin,5-12 Years,561448,2025-12-13,42.383423827786
Wisconsin,5-12 Years,561448,2025-12-20,43.7899248639855
Wisconsin,5-12 Years,561448,2025-12-27,44.9046507173253
Wisconsin,5-12 Years,561448,2026-01-03,46.1186130261283
Wisconsin,5-12 Years,561448,2026-01-10,47.9823994269592
Wisconsin,5-12 Years,561448,2026-01-17,48.7491903366134
Wisconsin,5-12 Years,561448,2026-01-24,49.4558655436057
Wisconsin,5-12 Years,561448,2026-01-31,49.9810152400773
Wisconsin,5-12 Years,561448,2026-02-07,50.9952798207709
Wisconsin,5-12 Years,561448,2026-02-14,51.3026829364962
Wisconsin,5-12 Years,561448,2026-02-21,51.4708677394952
Wisconsin,5-12 Years,561448,2026-02-28,51.556238252039
Wisconsin,5-12 Years,561448,2026-03-07,51.7392675839217
Wisconsin,5-12 Years,561448,2026-03-14,51.9754592275829
Wisconsin,5-12 Years,561448,2026-03-21,52.4248683154463
Wisconsin,5-12 Years,561448,2026-03-28,53.0719652358746
Wisconsin,5-12 Years,561448,2026-04-04,53.8543324758037
Wisconsin,5-12 Years,561448,2026-04-11,55.2418864133816
Wisconsin,5-12 Years,561448,2026-04-18,55.693386581442
Wisconsin,5-12 Years,561448,2026-04-25,55.9646929459219
Wisconsin,5-12 Years,561448,2026-05-02,56.0947469157966
Wisconsin,5-12 Years,561448,2026-05-09,56.3272890754341
Wisconsin,5-12 Years,561448,2026-05-16,56.3805118311608
Wisconsin,5-12 Years,561448,2026-05-23,56.398571849992
Wisconsin,5-12 Years,561448,2026-05-30,56.3995239499973
Wisconsin,5-12 Years,561448,2026-06-06,56.4
Wisconsin,5-12 Years,561448,2026-06-13,56.4
Wisconsin,13-17 Years,370793,2025-08-16,4.46781407907392
Wisconsin,13-17 Years,370793,2025-08-23,4.46781407907392
Wisconsin,13-17 Years,370793,2025-08-30,4.46781407907392
Wisconsin,13-17 Years,370793,2025-09-06,4.46781407907392
Wisconsin,13-17 Years,370793,2025-09-13,5.66719069577687
Wisconsin,13-17 Years,370793,2025-09-20,5.8501570836328
Wisconsin,13-17 Years,370793,2025-09-27,6.58869832644119
Wisconsin,13-17 Years,370793,2025-10-04,8.67729642442724
Wisconsin,13-17 Years,370793,2025-10-11,10.3553207101713
Wisconsin,13-17 Years,370793,2025-10-18,12.7301203132273
Wisconsin,13-17 Years,370793,2025-10-25,15.8068687240558
Wisconsin,13-17 Years,370793,2025-11-01,19.6226787581401
Wisconsin,13-17 Years,370793,2025-11-08,27.3254333255871
Wisconsin,13-17 Years,370793,2025-11-15,30.854243928893
Wisconsin,13-17 Years,370793,2025-11-22,34.0306178746989
Wisconsin,13-17 Years,370793,2025-11-29,36.7380337754312
Wisconsin,13-17 Years,370793,2025-12-06,41.2238533721603
Wisconsin,13-17 Years,370793,2025-12-13,42.5713324724173
Wisconsin,13-17 Years,370793,2025-12-20,43.2520566500379
Wisconsin,13-17 Years,370793,2025-12-27,43.4950994352827
Wisconsin,13-17 Years,370793,2026-01-03,43.7790247349086
Wisconsin,13-17 Years,370793,2026-01-10,44.223521949302
Wisconsin,13-17 Years,370793,2026-01-17,44.6266941369975
Wisconsin,13-17 Years,370793,2026-01-24,45.2068798490862
Wisconsin,13-17 Years,370793,2026-01-31,45.8191526029241
Wisconsin,13-17 Years,370793,2026-02-07,47.0388757573754
Wisconsin,13-17 Years,370793,2026-02-14,47.4437384056832
Wisconsin,13-17 Years,370793,2026-02-21,47.6542155363662
Wisconsin,13-17 Years,370793,2026-02-28,47.7321130149671
Wisconsin,13-17 Years,370793,2026-03-07,47.8493318942595
Wisconsin,13-17 Years,370793,2026-03-14,47.8950426140944
Wisconsin,13-17 Years,370793,2026-03-21,47.9388370408435
Wisconsin,13-17 Years,370793,2026-03-28,47.9852291414869
Wisconsin,13-17 Years,370793,2026-04-04,48.1323458279472
Wisconsin,13-17 Years,370793,2026-04-11,48.4897464508352
Wisconsin,13-17 Years,370793,2026-04-18,49.0518779221146
Wisconsin,13-17 Years,370793,2026-04-25,49.973512610152
Wisconsin,13-17 Years,370793,2026-05-02,51.0132159653886
Wisconsin,13-17 Years,370793,2026-05-09,53.0274855248989
Wisconsin,13-17 Years,370793,2026-05-16,53.6396603788806
Wisconsin,13-17 Years,370793,2026-05-23,53.8789043037196
Wisconsin,13-17 Years,370793,2026-05-30,53.8929681012399
Wisconsin,13-17 Years,370793,2026-06-06,53.9
Wisconsin,13-17 Years,370793,2026-06-13,53.9
Wisconsin,6 Months - 17 Years,1227140,2025-08-16,3.86868962693399
Wisconsin,6 Months - 17 Years,1227140,2025-08-23,3.86868962693399
Wisconsin,6 Months - 17 Years,1227140,2025-08-30,3.86868962693399
Wisconsin,6 Months - 17 Years,1227140,2025-09-06,3.86868962693399
Wisconsin,6 Months - 17 Years,1227140,2025-09-13,5.10848892898917
Wisconsin,6 Months - 17 Years,1227140,2025-09-20,5.70075387747912
Wisconsin,6 Months - 17 Years,1227140,2025-09-27,6.83166245097707
Wisconsin,6 Months - 17 Years,1227140,2025-10-04,9.70261556537897
Wisconsin,6 Months - 17 Years,1227140,2025-10-11,11.7215520737582
Wisconsin,6 Months - 17 Years,1227140,2025-10-18,14.324159145185
Wisconsin,6 Months - 17 Years,1227140,2025-10-25,17.4825399467991
Wisconsin,6 Months - 17 Years,1227140,2025-11-01,21.2829652627728
Wisconsin,6 Months - 17 Years,1227140,2025-11-08,28.7425662392777
Wisconsin,6 Months - 17 Years,1227140,2025-11-15,32.0512060925288
Wisconsin,6 Months - 17 Years,1227140,2025-11-22,34.9910273456404
Wisconsin,6 Months - 17 Years,1227140,2025-11-29,37.5223056417547
Wisconsin,6 Months - 17 Years,1227140,2025-12-06,41.9248423929842
Wisconsin,6 Months - 17 Years,1227140,2025-12-13,43.4975907647147
Wisconsin,6 Months - 17 Years,1227140,2025-12-20,44.5838981639317
Wisconsin,6 Months - 17 Years,1227140,2025-12-27,45.3135982815362
Wisconsin,6 Months - 17 Years,1227140,2026-01-03,46.1106801427968
Wisconsin,6 Months - 17 Years,1227140,2026-01-10,47.3182416371429
Wisconsin,6 Months - 17 Years,1227140,2026-01-17,47.8829904681592
Wisconsin,6 Months - 17 Years,1227140,2026-01-24,48.4645681070805
Wisconsin,6 Months - 17 Years,1227140,2026-01-31,48.9422205233164
Wisconsin,6 Months - 17 Years,1227140,2026-02-07,49.8961131814319
Wisconsin,6 Months - 17 Years,1227140,2026-02-14,50.2174667826388
Wisconsin,6 Months - 17 Years,1227140,2026-02-21,50.4186663959294
Wisconsin,6 Months - 17 Years,1227140,2026-02-28,50.5435444579886
Wisconsin,6 Months - 17 Years,1227140,2026-03-07,50.7836434913146
Wisconsin,6 Months - 17 Years,1227140,2026-03-14,50.945315334781
Wisconsin,6 Months - 17 Years,1227140,2026-03-21,51.1783028403283
Wisconsin,6 Months - 17 Years,1227140,2026-03-28,51.4904858290567
Wisconsin,6 Months - 17 Years,1227140,2026-04-04,51.9622789892671
Wisconsin,6 Months - 17 Years,1227140,2026-04-11,52.8634467380354
Wisconsin,6 Months - 17 Years,1227140,2026-04-18,53.4008771353814
Wisconsin,6 Months - 17 Years,1227140,2026-04-25,53.9942378570318
Wisconsin,6 Months - 17 Years,1227140,2026-05-02,54.4969034961045
Wisconsin,6 Months - 17 Years,1227140,2026-05-09,55.4385541714562
Wisconsin,6 Months - 17 Years,1227140,2026-05-16,55.6958111644572
Wisconsin,6 Months - 17 Years,1227140,2026-05-23,55.7918077451197
Wisconsin,6 Months - 17 Years,1227140,2026-05-30,55.7972692483732
Wisconsin,6 Months - 17 Years,1227140,2026-06-06,55.8
Wisconsin,6 Months - 17 Years,1227140,2026-06-13,55.8
Wisconsin,18-49 Years,2338865,2025-08-16,0.935562695738115
Wisconsin,18-49 Years,2338865,2025-08-23,0.935562695738115
Wisconsin,18-49 Years,2338865,2025-08-30,0.935562695738115
Wisconsin,18-49 Years,2338865,2025-09-06,0.935562695738115
Wisconsin,18-49 Years,2338865,2025-09-13,1.38221172803937
Wisconsin,18-49 Years,2338865,2025-09-20,1.84427150310239
Wisconsin,18-49 Years,2338865,2025-09-27,2.68552475572299
Wisconsin,18-49 Years,2338865,2025-10-04,4.80065351084889
Wisconsin,18-49 Years,2338865,2025-10-11,6.2935203115689
Wisconsin,18-49 Years,2338865,2025-10-18,8.23058905552729
Wisconsin,18-49 Years,2338865,2025-10-25,10.5707268978485
Wisconsin,18-49 Years,2338865,2025-11-01,13.3287154871541
Wisconsin,18-49 Years,2338865,2025-11-08,18.5519021456148
Wisconsin,18-49 Years,2338865,2025-11-15,20.6488790593351
Wisconsin,18-49 Years,2338865,2025-11-22,22.3280759716008
Wisconsin,18-49 Years,2338865,2025-11-29,23.6425192558871
Wisconsin,18-49 Years,2338865,2025-12-06,25.878092750662
Wisconsin,18-49 Years,2338865,2025-12-13,26.6692923887528
Wisconsin,18-49 Years,2338865,2025-12-20,27.2315525781794
Wisconsin,18-49 Years,2338865,2025-12-27,27.6299563092343
Wisconsin,18-49 Years,2338865,2026-01-03,28.0688383683
Wisconsin,18-49 Years,2338865,2026-01-10,28.7373931995062
Wisconsin,18-49 Years,2338865,2026-01-17,29.0361421435375
Wisconsin,18-49 Years,2338865,2026-01-24,29.3392203233005
Wisconsin,18-49 Years,2338865,2026-01-31,29.6055517453876
Wisconsin,18-49 Years,2338865,2026-02-07,30.2240930654684
Wisconsin,18-49 Years,2338865,2026-02-14,30.5523812470787
Wisconsin,18-49 Years,2338865,2026-02-21,30.8995777075244
Wisconsin,18-49 Years,2338865,2026-02-28,31.253959327006
Wisconsin,18-49 Years,2338865,2026-03-07,31.9361513061694
Wisconsin,18-49 Years,2338865,2026-03-14,32.2305088882098
Wisconsin,18-49 Years,2338865,2026-03-21,32.4753392408348
Wisconsin,18-49 Years,2338865,2026-03-28,32.6812130561391
Wisconsin,18-49 Years,2338865,2026-04-04,32.9466753885557
Wisconsin,18-49 Years,2338865,2026-04-11,33.3994502596657
Wisconsin,18-49 Years,2338865,2026-04-18,33.6691922392436
Wisconsin,18-49 Years,2338865,2026-04-25,33.984221564538
Wisconsin,18-49 Years,2338865,2026-05-02,34.2739291756553
Wisconsin,18-49 Years,2338865,2026-05-09,34.8701281797504
Wisconsin,18-49 Years,2338865,2026-05-16,35.0959151544459
Wisconsin,18-49 Years,2338865,2026-05-23,35.2560431091875
Wisconsin,18-49 Years,2338865,2026-05-30,35.3645059056675
Wisconsin,18-49 Years,2338865,2026-06-06,35.5307972706914
Wisconsin,18-49 Years,2338865,2026-06-13,35.5615404829529
Wisconsin,50-64 Years,1184153,2025-08-16,1.12495607655713
Wisconsin,50-64 Years,1184153,2025-08-23,1.12495607655713
Wisconsin,50-64 Years,1184153,2025-08-30,1.12495607655713
Wisconsin,50-64 Years,1184153,2025-09-06,1.12495607655713
Wisconsin,50-64 Years,1184153,2025-09-13,1.47526118439412
Wisconsin,50-64 Years,1184153,2025-09-20,1.63515973169847
Wisconsin,50-64 Years,1184153,2025-09-27,2.25770174648692
Wisconsin,50-64 Years,1184153,2025-10-04,4.04808983095425
Wisconsin,50-64 Years,1184153,2025-10-11,5.68133162790846
Wisconsin,50-64 Years,1184153,2025-10-18,8.2485910508623
Wisconsin,50-64 Years,1184153,2025-10-25,11.7394902874036
Wisconsin,50-64 Years,1184153,2025-11-01,16.0152512204683
Wisconsin,50-64 Years,1184153,2025-11-08,24.2803979037403
Wisconsin,50-64 Years,1184153,2025-11-15,27.4749018353572
Wisconsin,50-64 Years,1184153,2025-11-22,29.8293773586246
Wisconsin,50-64 Years,1184153,2025-11-29,31.5112537464792
Wisconsin,50-64 Years,1184153,2025-12-06,34.3318862862324
Wisconsin,50-64 Years,1184153,2025-12-13,35.3269101233762
Wisconsin,50-64 Years,1184153,2025-12-20,36.0486405095415
Wisconsin,50-64 Years,1184153,2025-12-27,36.5794106393015
Wisconsin,50-64 Years,1184153,2026-01-03,37.1846518919602
Wisconsin,50-64 Years,1184153,2026-01-10,38.1292681676379
Wisconsin,50-64 Years,1184153,2026-01-17,38.5827401924053
Wisconsin,50-64 Years,1184153,2026-01-24,39.0655074967826
Wisconsin,50-64 Years,1184153,2026-01-31,39.5076105044979
Wisconsin,50-64 Years,1184153,2026-02-07,40.5359680672403
Wisconsin,50-64 Years,1184153,2026-02-14,41.0827242702168
Wisconsin,50-64 Years,1184153,2026-02-21,41.6557559402444
Wisconsin,50-64 Years,1184153,2026-02-28,42.2324495671492
Wisconsin,50-64 Years,1184153,2026-03-07,43.3286146931596
Wisconsin,50-64 Years,1184153,2026-03-14,43.7994860259351
Wisconsin,50-64 Years,1184153,2026-03-21,44.1923830861356
Wisconsin,50-64 Years,1184153,2026-03-28,44.5118863469807
Wisconsin,50-64 Years,1184153,2026-04-04,44.835442770218
Wisconsin,50-64 Years,1184153,2026-04-11,45.3111150739511
Wisconsin,50-64 Years,1184153,2026-04-18,45.458091288626
Wisconsin,50-64 Years,1184153,2026-04-25,45.5614515446279
Wisconsin,50-64 Years,1184153,2026-05-02,45.62491419122
Wisconsin,50-64 Years,1184153,2026-05-09,45.7569151300168
Wisconsin,50-64 Years,1184153,2026-05-16,45.8098950622798
Wisconsin,50-64 Years,1184153,2026-05-23,45.8559375723006
Wisconsin,50-64 Years,1184153,2026-05-30,45.8957881258947
Wisconsin,50-64 Years,1184153,2026-06-06,45.9645273370089
Wisconsin,50-64 Years,1184153,2026-06-13,45.9876703643007
Wisconsin,65+ Years,1047935,2025-08-16,1.14384407773769
Wisconsin,65+ Years,1047935,2025-08-23,1.14384407773769
Wisconsin,65+ Years,1047935,2025-08-30,1.14384407773769
Wisconsin,65+ Years,1047935,2025-09-06,1.14384407773769
Wisconsin,65+ Years,1047935,2025-09-13,1.97570971034484
Wisconsin,65+ Years,1047935,2025-09-20,3.15973482091495
Wisconsin,65+ Years,1047935,2025-09-27,5.03581869829626
Wisconsin,65+ Years,1047935,2025-10-04,9.59864922886444
Wisconsin,65+ Years,1047935,2025-10-11,12.6950251506102
Wisconsin,65+ Years,1047935,2025-10-18,16.6137378390804
Wisconsin,65+ Years,1047935,2025-10-25,21.2720984631633
Wisconsin,65+ Years,1047935,2025-11-01,26.7365509339326
Wisconsin,65+ Years,1047935,2025-11-08,37.0699364472285
Wisconsin,65+ Years,1047935,2025-11-15,41.2598856066217
Wisconsin,65+ Years,1047935,2025-11-22,44.6733284553079
Wisconsin,65+ Years,1047935,2025-11-29,47.4025943524546
Wisconsin,65+ Years,1047935,2025-12-06,52.1091083712811
Wisconsin,65+ Years,1047935,2025-12-13,53.8333550814366
Wisconsin,65+ Years,1047935,2025-12-20,55.1101494712303
Wisconsin,65+ Years,1047935,2025-12-27,56.0592087586508
Wisconsin,65+ Years,1047935,2026-01-03,57.1173416062749
Wisconsin,65+ Years,1047935,2026-01-10,58.7501151227666
Wisconsin,65+ Years,1047935,2026-01-17,59.4867542986165
Wisconsin,65+ Years,1047935,2026-01-24,60.2305380410778
Wisconsin,65+ Years,1047935,2026-01-31,60.8663765236752
Wisconsin,65+ Years,1047935,2026-02-07,62.2777450624217
Wisconsin,65+ Years,1047935,2026-02-14,62.9429069695825
Wisconsin,65+ Years,1047935,2026-02-21,63.5721409417267
Wisconsin,65+ Years,1047935,2026-02-28,64.1503621069633
Wisconsin,65+ Years,1047935,2026-03-07,65.1886543131344
Wisconsin,65+ Years,1047935,2026-03-14,65.5847554575471
Wisconsin,65+ Years,1047935,2026-03-21,65.8786058333582
Wisconsin,65+ Years,1047935,2026-03-28,66.0965331170398
Wisconsin,65+ Years,1047935,2026-04-04,66.3628221485035
Wisconsin,65+ Years,1047935,2026-04-11,66.7987707738438
Wisconsin,65+ Years,1047935,2026-04-18,67.0507608232597
Wisconsin,65+ Years,1047935,2026-04-25,67.3442703420655
Wisconsin,65+ Years,1047935,2026-05-02,67.61527770084
Wisconsin,65+ Years,1047935,2026-05-09,68.1828022106721
Wisconsin,65+ Years,1047935,2026-05-16,68.4091511545886
Wisconsin,65+ Years,1047935,2026-05-23,68.5815694769572
Wisconsin,65+ Years,1047935,2026-05-30,68.7085323392032
Wisconsin,65+ Years,1047935,2026-06-06,68.9101024764102
Wisconsin,65+ Years,1047935,2026-06-13,68.9548351179761
Wyoming,6 Months - 4 Years,30624,2025-08-16,3.69288974478397
Wyoming,6 Months - 4 Years,30624,2025-08-23,3.69288974478397
Wyoming,6 Months - 4 Years,30624,2025-08-30,3.69288974478397
Wyoming,6 Months - 4 Years,30624,2025-09-06,3.69288974478397
Wyoming,6 Months - 4 Years,30624,2025-09-13,4.88347186690397
Wyoming,6 Months - 4 Years,30624,2025-09-20,5.46452894216756
Wyoming,6 Months - 4 Years,30624,2025-09-27,6.66688735985019
Wyoming,6 Months - 4 Years,30624,2025-10-04,9.76770285597907
Wyoming,6 Months - 4 Years,30624,2025-10-11,12.0162329446823
Wyoming,6 Months - 4 Years,30624,2025-10-18,14.9814717757601
Wyoming,6 Months - 4 Years,30624,2025-10-25,18.6032565200491
Wyoming,6 Months - 4 Years,30624,2025-11-01,22.8923609506786
Wyoming,6 Months - 4 Years,30624,2025-11-08,31.0558072131179
Wyoming,6 Months - 4 Years,30624,2025-11-15,34.3597984647078
Wyoming,6 Months - 4 Years,30624,2025-11-22,37.017540132729
Wyoming,6 Months - 4 Years,30624,2025-11-29,39.0840387931171
Wyoming,6 Months - 4 Years,30624,2025-12-06,42.5013556507721
Wyoming,6 Months - 4 Years,30624,2025-12-13,43.6042768555676
Wyoming,6 Months - 4 Years,30624,2025-12-20,44.2867415223533
Wyoming,6 Months - 4 Years,30624,2025-12-27,44.6812004413231
Wyoming,6 Months - 4 Years,30624,2026-01-03,45.0822057693531
Wyoming,6 Months - 4 Years,30624,2026-01-10,45.6530012928049
Wyoming,6 Months - 4 Years,30624,2026-01-17,45.8952532753684
Wyoming,6 Months - 4 Years,30624,2026-01-24,46.1316856235093
Wyoming,6 Months - 4 Years,30624,2026-01-31,46.3135052078366
Wyoming,6 Months - 4 Years,30624,2026-02-07,46.6618630572098
Wyoming,6 Months - 4 Years,30624,2026-02-14,46.7652276569852
Wyoming,6 Months - 4 Years,30624,2026-02-21,46.819002206428
Wyoming,6 Months - 4 Years,30624,2026-02-28,46.8424665737543
Wyoming,6 Months - 4 Years,30624,2026-03-07,46.8818244961991
Wyoming,6 Months - 4 Years,30624,2026-03-14,46.9020525244284
Wyoming,6 Months - 4 Years,30624,2026-03-21,46.9268346254286
Wyoming,6 Months - 4 Years,30624,2026-03-28,46.9576308853497
Wyoming,6 Months - 4 Years,30624,2026-04-04,47.010119950206
Wyoming,6 Months - 4 Years,30624,2026-04-11,47.1146550434478
Wyoming,6 Months - 4 Years,30624,2026-04-18,47.1986937119496
Wyoming,6 Months - 4 Years,30624,2026-04-25,47.3087826998129
Wyoming,6 Months - 4 Years,30624,2026-05-02,47.4151963966854
Wyoming,6 Months - 4 Years,30624,2026-05-09,47.6176509596365
Wyoming,6 Months - 4 Years,30624,2026-05-16,47.6758500721732
Wyoming,6 Months - 4 Years,30624,2026-05-23,47.6980719165998
Wyoming,6 Months - 4 Years,30624,2026-05-30,47.6993573055333
Wyoming,6 Months - 4 Years,30624,2026-06-06,47.7
Wyoming,6 Months - 4 Years,30624,2026-06-13,47.7
Wyoming,5-12 Years,60619,2025-08-16,1.71822063266517
Wyoming,5-12 Years,60619,2025-08-23,1.71822063266517
Wyoming,5-12 Years,60619,2025-08-30,1.71822063266517
Wyoming,5-12 Years,60619,2025-09-06,1.71822063266517
Wyoming,5-12 Years,60619,2025-09-13,2.33044733584654
Wyoming,5-12 Years,60619,2025-09-20,2.7275995487034
Wyoming,5-12 Years,60619,2025-09-27,3.66136894036344
Wyoming,5-12 Years,60619,2025-10-04,6.12177617508005
Wyoming,5-12 Years,60619,2025-10-11,7.94608799255299
Wyoming,5-12 Years,60619,2025-10-18,10.3837028072209
Wyoming,5-12 Years,60619,2025-10-25,13.3863910022821
Wyoming,5-12 Years,60619,2025-11-01,16.953424502492
Wyoming,5-12 Years,60619,2025-11-08,23.7491366976641
Wyoming,5-12 Years,60619,2025-11-15,26.4794311408267
Wyoming,5-12 Years,60619,2025-11-22,28.6512692844851
Wyoming,5-12 Years,60619,2025-11-29,30.3299978004556
Wyoming,5-12 Years,60619,2025-12-06,33.143213083167
Wyoming,5-12 Years,60619,2025-12-13,34.1013396431216
Wyoming,5-12 Years,60619,2025-12-20,34.7497075856825
Wyoming,5-12 Years,60619,2025-12-27,35.176814011326
Wyoming,5-12 Years,60619,2026-01-03,35.6044837606781
Wyoming,5-12 Years,60619,2026-01-10,36.210571147052
Wyoming,5-12 Years,60619,2026-01-17,36.4210208903263
Wyoming,5-12 Years,60619,2026-01-24,36.597797694115
Wyoming,5-12 Years,60619,2026-01-31,36.7332115986521
Wyoming,5-12 Years,60619,2026-02-07,37.0674844052631
Wyoming,5-12 Years,60619,2026-02-14,37.2883884695712
Wyoming,5-12 Years,60619,2026-02-21,37.5668960806398
Wyoming,5-12 Years,60619,2026-02-28,37.872176357917
Wyoming,5-12 Years,60619,2026-03-07,38.4240065377161
Wyoming,5-12 Years,60619,2026-03-14,38.6072108397133
Wyoming,5-12 Years,60619,2026-03-21,38.7014112273866
Wyoming,5-12 Years,60619,2026-03-28,38.731854173422
Wyoming,5-12 Years,60619,2026-04-04,38.764191786834
Wyoming,5-12 Years,60619,2026-04-11,38.8109802464163
Wyoming,5-12 Years,60619,2026-04-18,38.8502997406772
Wyoming,5-12 Years,60619,2026-04-25,38.9043913499064
Wyoming,5-12 Years,60619,2026-05-02,38.9575981983427
Wyoming,5-12 Years,60619,2026-05-09,39.0588254798182
Wyoming,5-12 Years,60619,2026-05-16,39.0879250360866
Wyoming,5-12 Years,60619,2026-05-23,39.0990359582999
Wyoming,5-12 Years,60619,2026-05-30,39.0996786527666
Wyoming,5-12 Years,60619,2026-06-06,39.1
Wyoming,5-12 Years,60619,2026-06-13,39.1
Wyoming,13-17 Years,38687,2025-08-16,0.638470405944143
Wyoming,13-17 Years,38687,2025-08-23,0.638470405944143
Wyoming,13-17 Years,38687,2025-08-30,0.638470405944143
Wyoming,13-17 Years,38687,2025-09-06,0.638470405944143
Wyoming,13-17 Years,38687,2025-09-13,1.22877526304529
Wyoming,13-17 Years,38687,2025-09-20,2.14235611355965
Wyoming,13-17 Years,38687,2025-09-27,3.31460329239121
Wyoming,13-17 Years,38687,2025-10-04,5.94365160477215
Wyoming,13-17 Years,38687,2025-10-11,7.54664693418593
Wyoming,13-17 Years,38687,2025-10-18,9.43265670768057
Wyoming,13-17 Years,38687,2025-10-25,11.5638101121639
Wyoming,13-17 Years,38687,2025-11-01,14.0212464206068
Wyoming,13-17 Years,38687,2025-11-08,18.6478859610055
Wyoming,13-17 Years,38687,2025-11-15,20.6114226797017
Wyoming,13-17 Years,38687,2025-11-22,22.3167752760346
Wyoming,13-17 Years,38687,2025-11-29,23.7350948802118
Wyoming,13-17 Years,38687,2025-12-06,26.075829885434
Wyoming,13-17 Years,38687,2025-12-13,26.7908905817353
Wyoming,13-17 Years,38687,2025-12-20,27.1767993040575
Wyoming,13-17 Years,38687,2025-12-27,27.3461838483297
Wyoming,13-17 Years,38687,2026-01-03,27.5419718500064
Wyoming,13-17 Years,38687,2026-01-10,27.8457624359624
Wyoming,13-17 Years,38687,2026-01-17,28.0718414271883
Wyoming,13-17 Years,38687,2026-01-24,28.3715486061582
Wyoming,13-17 Years,38687,2026-01-31,28.6664200263953
Wyoming,13-17 Years,38687,2026-02-07,29.2443290001178
Wyoming,13-17 Years,38687,2026-02-14,29.4283446960418
Wyoming,13-17 Years,38687,2026-02-21,29.5204536368285
Wyoming,13-17 Years,38687,2026-02-28,29.5504321748565
Wyoming,13-17 Years,38687,2026-03-07,29.5881363220911
Wyoming,13-17 Years,38687,2026-03-14,29.5962405946707
Wyoming,13-17 Years,38687,2026-03-21,29.5993620523028
Wyoming,13-17 Years,38687,2026-03-28,29.5997873507676
Wyoming,13-17 Years,38687,2026-04-04,29.6
Wyoming,13-17 Years,38687,2026-04-11,29.6
Wyoming,13-17 Years,38687,2026-04-18,29.6
Wyoming,13-17 Years,38687,2026-04-25,29.6
Wyoming,13-17 Years,38687,2026-05-02,29.6
Wyoming,13-17 Years,38687,2026-05-09,29.6
Wyoming,13-17 Years,38687,2026-05-16,29.6
Wyoming,13-17 Years,38687,2026-05-23,29.6
Wyoming,13-17 Years,38687,2026-05-30,29.6
Wyoming,13-17 Years,38687,2026-06-06,29.6
Wyoming,13-17 Years,38687,2026-06-13,29.6
Wyoming,6 Months - 17 Years,129930,2025-08-16,3.34143153788025
Wyoming,6 Months - 17 Years,129930,2025-08-23,3.34143153788025
Wyoming,6 Months - 17 Years,129930,2025-08-30,3.34143153788025
Wyoming,6 Months - 17 Years,129930,2025-09-06,3.34143153788025
Wyoming,6 Months - 17 Years,129930,2025-09-13,4.25550406236024
Wyoming,6 Months - 17 Years,129930,2025-09-20,4.42645018040106
Wyoming,6 Months - 17 Years,129930,2025-09-27,5.12964199826614
Wyoming,6 Months - 17 Years,129930,2025-10-04,7.10332465125601
Wyoming,6 Months - 17 Years,129930,2025-10-11,8.65020784599736
Wyoming,6 Months - 17 Years,129930,2025-10-18,10.7804019505831
Wyoming,6 Months - 17 Years,129930,2025-10-25,13.4623380417176
Wyoming,6 Months - 17 Years,129930,2025-11-01,16.6927267319574
Wyoming,6 Months - 17 Years,129930,2025-11-08,22.9419604159416
Wyoming,6 Months - 17 Years,129930,2025-11-15,25.5196793152972
Wyoming,6 Months - 17 Years,129930,2025-11-22,27.6147508245929
Wyoming,6 Months - 17 Years,129930,2025-11-29,29.2591451274423
Wyoming,6 Months - 17 Years,129930,2025-12-06,31.9916219398711
Wyoming,6 Months - 17 Years,129930,2025-12-13,32.8788278163812
Wyoming,6 Months - 17 Years,129930,2025-12-20,33.4284916402509
Wyoming,6 Months - 17 Years,129930,2025-12-27,33.7469738264563
Wyoming,6 Months - 17 Years,129930,2026-01-03,34.0800439436555
Wyoming,6 Months - 17 Years,129930,2026-01-10,34.563000985082
Wyoming,6 Months - 17 Years,129930,2026-01-17,34.7796120780774
Wyoming,6 Months - 17 Years,129930,2026-01-24,35.0019307785456
Wyoming,6 Months - 17 Years,129930,2026-01-31,35.1929214474131
Wyoming,6 Months - 17 Years,129930,2026-02-07,35.6158286389352
Wyoming,6 Months - 17 Years,129930,2026-02-14,35.8162207361825
Wyoming,6 Months - 17 Years,129930,2026-02-21,36.006441365166
Wyoming,6 Months - 17 Years,129930,2026-02-28,36.1776043833267
Wyoming,6 Months - 17 Years,129930,2026-03-07,36.4676279287175
Wyoming,6 Months - 17 Years,129930,2026-03-14,36.5601413075555
Wyoming,6 Months - 17 Years,129930,2026-03-21,36.6118426712849
Wyoming,6 Months - 17 Years,129930,2026-03-28,36.6357128825747
Wyoming,6 Months - 17 Years,129930,2026-04-04,36.6630379183244
Wyoming,6 Months - 17 Years,129930,2026-04-11,36.7051954028791
Wyoming,6 Months - 17 Years,129930,2026-04-18,36.7348477411765
Wyoming,6 Months - 17 Years,129930,2026-04-25,36.7726822231038
Wyoming,6 Months - 17 Years,129930,2026-05-02,36.807730198101
Wyoming,6 Months - 17 Years,129930,2026-05-09,36.8738771505902
Wyoming,6 Months - 17 Years,129930,2026-05-16,36.8924047914518
Wyoming,6 Months - 17 Years,129930,2026-05-23,36.8993981835013
Wyoming,6 Months - 17 Years,129930,2026-05-30,36.8997993945004
Wyoming,6 Months - 17 Years,129930,2026-06-06,36.9
Wyoming,6 Months - 17 Years,129930,2026-06-13,36.9
Wyoming,18-49 Years,233516,2025-08-16,1.05085719990017
Wyoming,18-49 Years,233516,2025-08-23,1.05085719990017
Wyoming,18-49 Years,233516,2025-08-30,1.05085719990017
Wyoming,18-49 Years,233516,2025-09-06,1.05085719990017
Wyoming,18-49 Years,233516,2025-09-13,1.35875338158223
Wyoming,18-49 Years,233516,2025-09-20,1.45797321354297
Wyoming,18-49 Years,233516,2025-09-27,1.86221672073871
Wyoming,18-49 Years,233516,2025-10-04,3.00140480122008
Wyoming,18-49 Years,233516,2025-10-11,3.91301793545739
Wyoming,18-49 Years,233516,2025-10-18,5.19379508029878
Wyoming,18-49 Years,233516,2025-10-25,6.82816778065517
Wyoming,18-49 Years,233516,2025-11-01,8.80621581378947
Wyoming,18-49 Years,233516,2025-11-08,12.63721064244
Wyoming,18-49 Years,233516,2025-11-15,14.1970754313836
Wyoming,18-49 Years,233516,2025-11-22,15.4431641584726
Wyoming,18-49 Years,233516,2025-11-29,16.4198865555952
Wyoming,18-49 Years,233516,2025-12-06,18.109587091669
Wyoming,18-49 Years,233516,2025-12-13,18.7391322045553
Wyoming,18-49 Years,233516,2025-12-20,19.2172547545653
Wyoming,18-49 Years,233516,2025-12-27,19.583769069483
Wyoming,18-49 Years,233516,2026-01-03,19.9992579911303
Wyoming,18-49 Years,233516,2026-01-10,20.6498335379627
Wyoming,18-49 Years,233516,2026-01-17,20.9556028617151
Wyoming,18-49 Years,233516,2026-01-24,21.2692093642628
Wyoming,18-49 Years,233516,2026-01-31,21.5305090413382
Wyoming,18-49 Years,233516,2026-02-07,22.0672283129676
Wyoming,18-49 Years,233516,2026-02-14,22.2646252929832
Wyoming,18-49 Years,233516,2026-02-21,22.404830423902
Wyoming,18-49 Years,233516,2026-02-28,22.5069047774771
Wyoming,18-49 Years,233516,2026-03-07,22.7047687039561
Wyoming,18-49 Years,233516,2026-03-14,22.8318972064378
Wyoming,18-49 Years,233516,2026-03-21,22.9998148728833
Wyoming,18-49 Years,233516,2026-03-28,23.1953613458082
Wyoming,18-49 Years,233516,2026-04-04,23.3952780105282
Wyoming,18-49 Years,233516,2026-04-11,23.7094951792373
Wyoming,18-49 Years,233516,2026-04-18,23.7794936978456
Wyoming,18-49 Years,233516,2026-04-25,23.8
Wyoming,18-49 Years,233516,2026-05-02,23.8
Wyoming,18-49 Years,233516,2026-05-09,23.8
Wyoming,18-49 Years,233516,2026-05-16,23.8
Wyoming,18-49 Years,233516,2026-05-23,23.8
Wyoming,18-49 Years,233516,2026-05-30,23.8
Wyoming,18-49 Years,233516,2026-06-06,23.8
Wyoming,18-49 Years,233516,2026-06-13,23.8
Wyoming,50-64 Years,108846,2025-08-16,1.08730104882191
Wyoming,50-64 Years,108846,2025-08-23,1.08730104882191
Wyoming,50-64 Years,108846,2025-08-30,1.08730104882191
Wyoming,50-64 Years,108846,2025-09-06,1.08730104882191
Wyoming,50-64 Years,108846,2025-09-13,1.41674208075936
Wyoming,50-64 Years,108846,2025-09-20,1.54863191286635
Wyoming,50-64 Years,108846,2025-09-27,2.06712472203394
Wyoming,50-64 Years,108846,2025-10-04,3.5514636820969
Wyoming,50-64 Years,108846,2025-10-11,4.85984553717073
Wyoming,50-64 Years,108846,2025-10-18,6.86165653884788
Wyoming,50-64 Years,108846,2025-10-25,9.54782462263547
Wyoming,50-64 Years,108846,2025-11-01,12.837428802409
Wyoming,50-64 Years,108846,2025-11-08,19.2159683385361
Wyoming,50-64 Years,108846,2025-11-15,21.7188659655714
Wyoming,50-64 Years,108846,2025-11-22,23.6066126082263
Wyoming,50-64 Years,108846,2025-11-29,25.0073397077997
Wyoming,50-64 Years,108846,2025-12-06,27.4494215853399
Wyoming,50-64 Years,108846,2025-12-13,28.4159911127731
Wyoming,50-64 Years,108846,2025-12-20,29.2213884416604
Wyoming,50-64 Years,108846,2025-12-27,29.9019237738364
Wyoming,50-64 Years,108846,2026-01-03,30.6631596514645
Wyoming,50-64 Years,108846,2026-01-10,31.855262146889
Wyoming,50-64 Years,108846,2026-01-17,32.3539582218278
Wyoming,50-64 Years,108846,2026-01-24,32.8202249197498
Wyoming,50-64 Years,108846,2026-01-31,33.1873919200241
Wyoming,50-64 Years,108846,2026-02-07,33.96573178812
Wyoming,50-64 Years,108846,2026-02-14,34.285448505142
Wyoming,50-64 Years,108846,2026-02-21,34.5524340496802
Wyoming,50-64 Years,108846,2026-02-28,34.7781388219442
Wyoming,50-64 Years,108846,2026-03-07,35.1926143033894
Wyoming,50-64 Years,108846,2026-03-14,35.3759567643451
Wyoming,50-64 Years,108846,2026-03-21,35.5464233071775
Wyoming,50-64 Years,108846,2026-03-28,35.7090662943514
Wyoming,50-64 Years,108846,2026-04-04,35.9188251066827
Wyoming,50-64 Years,108846,2026-04-11,36.2786836272931
Wyoming,50-64 Years,108846,2026-04-18,36.4725436720747
Wyoming,50-64 Years,108846,2026-04-25,36.6873160189918
Wyoming,50-64 Years,108846,2026-05-02,36.8871734151162
Wyoming,50-64 Years,108846,2026-05-09,37.3312058691965
Wyoming,50-64 Years,108846,2026-05-16,37.5368717095229
Wyoming,50-64 Years,108846,2026-05-23,37.7236742215725
Wyoming,50-64 Years,108846,2026-05-30,37.8931438891647
Wyoming,50-64 Years,108846,2026-06-06,38.2121224346516
Wyoming,50-64 Years,108846,2026-06-13,38.3537705059558
Wyoming,65+ Years,103776,2025-08-16,1.51401476249835
Wyoming,65+ Years,103776,2025-08-23,1.51401476249835
Wyoming,65+ Years,103776,2025-08-30,1.51401476249835
Wyoming,65+ Years,103776,2025-09-06,1.51401476249835
Wyoming,65+ Years,103776,2025-09-13,2.01762075316242
Wyoming,65+ Years,103776,2025-09-20,2.29187216900488
Wyoming,65+ Years,103776,2025-09-27,3.41090026918954
Wyoming,65+ Years,103776,2025-10-04,6.5629076484353
Wyoming,65+ Years,103776,2025-10-11,9.09244078224752
Wyoming,65+ Years,103776,2025-10-18,12.6517723463748
Wyoming,65+ Years,103776,2025-10-25,17.1817660067126
Wyoming,65+ Years,103776,2025-11-01,22.6212648176813
Wyoming,65+ Years,103776,2025-11-08,33.02908407948
Wyoming,65+ Years,103776,2025-11-15,37.1332232942509
Wyoming,65+ Years,103776,2025-11-22,40.2925405701978
Wyoming,65+ Years,103776,2025-11-29,42.6648064688852
Wyoming,65+ Years,103776,2025-12-06,46.6787897723726
Wyoming,65+ Years,103776,2025-12-13,48.1090833198986
Wyoming,65+ Years,103776,2025-12-20,49.1491959029686
Wyoming,65+ Years,103776,2025-12-27,49.9075269330262
Wyoming,65+ Years,103776,2026-01-03,50.7266998139014
Wyoming,65+ Years,103776,2026-01-10,51.9621460124269
Wyoming,65+ Years,103776,2026-01-17,52.4772676562466
Wyoming,65+ Years,103776,2026-01-24,52.9708682990965
Wyoming,65+ Years,103776,2026-01-31,53.3784299282752
Wyoming,65+ Years,103776,2026-02-07,54.3001629819184
Wyoming,65+ Years,103776,2026-02-14,54.7622275351349
Wyoming,65+ Years,103776,2026-02-21,55.2298299598648
Wyoming,65+ Years,103776,2026-02-28,55.6813170167477
Wyoming,65+ Years,103776,2026-03-07,56.495446160686
Wyoming,65+ Years,103776,2026-03-14,56.7960577732675
Wyoming,65+ Years,103776,2026-03-21,57.0026881871951
Wyoming,65+ Years,103776,2026-03-28,57.1411034808021
Wyoming,65+ Years,103776,2026-04-04,57.3274209703966
Wyoming,65+ Years,103776,2026-04-11,57.6499858247837
Wyoming,65+ Years,103776,2026-04-18,57.8995469763501
Wyoming,65+ Years,103776,2026-04-25,58.2328465956934
Wyoming,65+ Years,103776,2026-05-02,58.5651338084148
Wyoming,65+ Years,103776,2026-05-09,59.2307621362932
Wyoming,65+ Years,103776,2026-05-16,59.4601067880889
Wyoming,65+ Years,103776,2026-05-23,59.5940249405856
Wyoming,65+ Years,103776,2026-05-30,59.6620106788801
Wyoming,65+ Years,103776,2026-06-06,59.7614705660595
Wyoming,65+ Years,103776,2026-06-13,59.7795200019251
District of Columbia,6 Months - 4 Years,39688,2025-08-16,5.42624443645935
District of Columbia,6 Months - 4 Years,39688,2025-08-23,5.42624443645935
District of Columbia,6 Months - 4 Years,39688,2025-08-30,5.42624443645935
District of Columbia,6 Months - 4 Years,39688,2025-09-06,5.42624443645935
District of Columbia,6 Months - 4 Years,39688,2025-09-13,7.9670100308212
District of Columbia,6 Months - 4 Years,39688,2025-09-20,10.5203450393665
District of Columbia,6 Months - 4 Years,39688,2025-09-27,13.5744067992259
District of Columbia,6 Months - 4 Years,39688,2025-10-04,20.3318756774975
District of Columbia,6 Months - 4 Years,39688,2025-10-11,24.4268459952789
District of Columbia,6 Months - 4 Years,39688,2025-10-18,29.2495079858367
District of Columbia,6 Months - 4 Years,39688,2025-10-25,34.6541336052254
District of Columbia,6 Months - 4 Years,39688,2025-11-01,40.7312505480487
District of Columbia,6 Months - 4 Years,39688,2025-11-08,51.6533686370109
District of Columbia,6 Months - 4 Years,39688,2025-11-15,55.6939452733169
District of Columbia,6 Months - 4 Years,39688,2025-11-22,58.7292634453618
District of Columbia,6 Months - 4 Years,39688,2025-11-29,60.9676041395949
District of Columbia,6 Months - 4 Years,39688,2025-12-06,64.722247894446
District of Columbia,6 Months - 4 Years,39688,2025-12-13,66.0557935167837
District of Columbia,6 Months - 4 Years,39688,2025-12-20,67.0380746998319
District of Columbia,6 Months - 4 Years,39688,2025-12-27,67.7652496282636
District of Columbia,6 Months - 4 Years,39688,2026-01-03,68.5253685086011
District of Columbia,6 Months - 4 Years,39688,2026-01-10,69.6487681499742
District of Columbia,6 Months - 4 Years,39688,2026-01-17,70.0710159193759
District of Columbia,6 Months - 4 Years,39688,2026-01-24,70.442523004008
District of Columbia,6 Months - 4 Years,39688,2026-01-31,70.7240898138512
District of Columbia,6 Months - 4 Years,39688,2026-02-07,71.3415775847561
District of Columbia,6 Months - 4 Years,39688,2026-02-14,71.6295811689001
District of Columbia,6 Months - 4 Years,39688,2026-02-21,71.9069259573726
District of Columbia,6 Months - 4 Years,39688,2026-02-28,72.1614736543672
District of Columbia,6 Months - 4 Years,39688,2026-03-07,72.5980066868571
District of Columbia,6 Months - 4 Years,39688,2026-03-14,72.7428248732084
District of Columbia,6 Months - 4 Years,39688,2026-03-21,72.8299530510201
District of Columbia,6 Months - 4 Years,39688,2026-03-28,72.876548152508
District of Columbia,6 Months - 4 Years,39688,2026-04-04,72.9261674364342
District of Columbia,6 Months - 4 Years,39688,2026-04-11,72.9990571027812
District of Columbia,6 Months - 4 Years,39688,2026-04-18,73.0371069289904
District of Columbia,6 Months - 4 Years,39688,2026-04-25,73.0788919543159
District of Columbia,6 Months - 4 Years,39688,2026-05-02,73.1130887885485
District of Columbia,6 Months - 4 Years,39688,2026-05-09,73.1765453141943
District of Columbia,6 Months - 4 Years,39688,2026-05-16,73.1933192968206
District of Columbia,6 Months - 4 Years,39688,2026-05-23,73.1994803862311
District of Columbia,6 Months - 4 Years,39688,2026-05-30,73.1998267954104
District of Columbia,6 Months - 4 Years,39688,2026-06-06,73.2
District of Columbia,6 Months - 4 Years,39688,2026-06-13,73.2
District of Columbia,5-12 Years,58363,2025-08-16,4.03268965742416
District of Columbia,5-12 Years,58363,2025-08-23,4.03268965742416
District of Columbia,5-12 Years,58363,2025-08-30,4.03268965742416
District of Columbia,5-12 Years,58363,2025-09-06,4.03268965742416
District of Columbia,5-12 Years,58363,2025-09-13,5.57311225371723
District of Columbia,5-12 Years,58363,2025-09-20,6.72832506033808
District of Columbia,5-12 Years,58363,2025-09-27,8.68216626570561
District of Columbia,5-12 Years,58363,2025-10-04,13.513449101042
District of Columbia,5-12 Years,58363,2025-10-11,16.8773016380332
District of Columbia,5-12 Years,58363,2025-10-18,21.2124606568581
District of Columbia,5-12 Years,58363,2025-10-25,26.4091717555889
District of Columbia,5-12 Years,58363,2025-11-01,32.4722354516282
District of Columbia,5-12 Years,58363,2025-11-08,43.7637509001673
District of Columbia,5-12 Years,58363,2025-11-15,48.0803918474879
District of Columbia,5-12 Years,58363,2025-11-22,51.3569368685869
District of Columbia,5-12 Years,58363,2025-11-29,53.8316305145544
District of Columbia,5-12 Years,58363,2025-12-06,58.2090544229662
District of Columbia,5-12 Years,58363,2025-12-13,60.0273109719649
District of Columbia,5-12 Years,58363,2025-12-20,61.6308851492326
District of Columbia,5-12 Years,58363,2025-12-27,63.0576123038911
District of Columbia,5-12 Years,58363,2026-01-03,64.6460729300176
District of Columbia,5-12 Years,58363,2026-01-10,67.1408039656767
District of Columbia,5-12 Years,58363,2026-01-17,68.1234469231069
District of Columbia,5-12 Years,58363,2026-01-24,68.991628724531
District of Columbia,5-12 Years,58363,2026-01-31,69.6526246424169
District of Columbia,5-12 Years,58363,2026-02-07,71.0902595278326
District of Columbia,5-12 Years,58363,2026-02-14,71.7376822058861
District of Columbia,5-12 Years,58363,2026-02-21,72.3382187679059
District of Columbia,5-12 Years,58363,2026-02-28,72.8810862468327
District of Columbia,5-12 Years,58363,2026-03-07,73.8418619715142
District of Columbia,5-12 Years,58363,2026-03-14,74.2103621777808
District of Columbia,5-12 Years,58363,2026-03-21,74.4932887358196
District of Columbia,5-12 Years,58363,2026-03-28,74.703630164106
District of Columbia,5-12 Years,58363,2026-04-04,74.8919357112321
District of Columbia,5-12 Years,58363,2026-04-11,75.1410198620163
District of Columbia,5-12 Years,58363,2026-04-18,75.187407163027
District of Columbia,5-12 Years,58363,2026-04-25,75.2
District of Columbia,5-12 Years,58363,2026-05-02,75.2
District of Columbia,5-12 Years,58363,2026-05-09,75.2066141110942
District of Columbia,5-12 Years,58363,2026-05-16,75.2300154354022
District of Columbia,5-12 Years,58363,2026-05-23,75.2836752325353
District of Columbia,5-12 Years,58363,2026-05-30,75.374783131224
District of Columbia,5-12 Years,58363,2026-06-06,75.611226022162
District of Columbia,5-12 Years,58363,2026-06-13,75.7590899771138
District of Columbia,13-17 Years,26925,2025-08-16,5.80506711455476
District of Columbia,13-17 Years,26925,2025-08-23,5.80506711455476
District of Columbia,13-17 Years,26925,2025-08-30,5.80506711455476
District of Columbia,13-17 Years,26925,2025-09-06,5.80506711455476
District of Columbia,13-17 Years,26925,2025-09-13,7.97665398421943
District of Columbia,13-17 Years,26925,2025-09-20,9.5320752830758
District of Columbia,13-17 Years,26925,2025-09-27,11.4811832692737
District of Columbia,13-17 Years,26925,2025-10-04,15.8783161595789
District of Columbia,13-17 Years,26925,2025-10-11,18.6333721804024
District of Columbia,13-17 Years,26925,2025-10-18,21.9611175249242
District of Columbia,13-17 Years,26925,2025-10-25,25.7466839522649
District of Columbia,13-17 Years,26925,2025-11-01,29.9950734864045
District of Columbia,13-17 Years,26925,2025-11-08,37.5290508607779
District of Columbia,13-17 Years,26925,2025-11-15,40.1294522775603
District of Columbia,13-17 Years,26925,2025-11-22,41.9035951450995
District of Columbia,13-17 Years,26925,2025-11-29,43.1167232064364
District of Columbia,13-17 Years,26925,2025-12-06,45.3270264752588
District of Columbia,13-17 Years,26925,2025-12-13,46.4121438019089
District of Columbia,13-17 Years,26925,2025-12-20,47.5720013119186
District of Columbia,13-17 Years,26925,2025-12-27,48.7814013685814
District of Columbia,13-17 Years,26925,2026-01-03,50.1530962308209
District of Columbia,13-17 Years,26925,2026-01-10,52.3759244036716
District of Columbia,13-17 Years,26925,2026-01-17,53.1711277120467
District of Columbia,13-17 Years,26925,2026-01-24,53.7902537841359
District of Columbia,13-17 Years,26925,2026-01-31,54.2303618700463
District of Columbia,13-17 Years,26925,2026-02-07,55.2764292481053
District of Columbia,13-17 Years,26925,2026-02-14,55.8988212391578
District of Columbia,13-17 Years,26925,2026-02-21,56.6307726259039
District of Columbia,13-17 Years,26925,2026-02-28,57.3967522853901
District of Columbia,13-17 Years,26925,2026-03-07,58.7475055262203
District of Columbia,13-17 Years,26925,2026-03-14,59.1807593159958
District of Columbia,13-17 Years,26925,2026-03-21,59.3975489225416
District of Columbia,13-17 Years,26925,2026-03-28,59.4630049518863
District of Columbia,13-17 Years,26925,2026-04-04,59.5254933242952
District of Columbia,13-17 Years,26925,2026-04-11,59.6060002940796
District of Columbia,13-17 Years,26925,2026-04-18,59.6600528994213
District of Columbia,13-17 Years,26925,2026-04-25,59.7333133887352
District of Columbia,13-17 Years,26925,2026-05-02,59.8168183697633
District of Columbia,13-17 Years,26925,2026-05-09,60.0223093240808
District of Columbia,13-17 Years,26925,2026-05-16,60.143599578131
District of Columbia,13-17 Years,26925,2026-05-23,60.2804909507936
District of Columbia,13-17 Years,26925,2026-05-30,60.4343811975232
District of Columbia,13-17 Years,26925,2026-06-06,60.7687421586967
District of Columbia,13-17 Years,26925,2026-06-13,60.9555263227118
District of Columbia,6 Months - 17 Years,124976,2025-08-16,4.96378739419138
District of Columbia,6 Months - 17 Years,124976,2025-08-23,4.96378739419138
District of Columbia,6 Months - 17 Years,124976,2025-08-30,4.96378739419138
District of Columbia,6 Months - 17 Years,124976,2025-09-06,4.96378739419138
District of Columbia,6 Months - 17 Years,124976,2025-09-13,6.94479793515883
District of Columbia,6 Months - 17 Years,124976,2025-09-20,8.54632170301661
District of Columbia,6 Months - 17 Years,124976,2025-09-27,10.7426491338663
District of Columbia,6 Months - 17 Years,124976,2025-10-04,15.8615259781682
District of Columbia,6 Months - 17 Years,124976,2025-10-11,19.1907197249738
District of Columbia,6 Months - 17 Years,124976,2025-10-18,23.303791941642
District of Columbia,6 Months - 17 Years,124976,2025-10-25,28.0798037233119
District of Columbia,6 Months - 17 Years,124976,2025-11-01,33.5450080738197
District of Columbia,6 Months - 17 Years,124976,2025-11-08,43.5121573009948
District of Columbia,6 Months - 17 Years,124976,2025-11-15,47.2042043218619
District of Columbia,6 Months - 17 Years,124976,2025-11-22,49.9381958252282
District of Columbia,6 Months - 17 Years,124976,2025-11-29,51.9550884687586
District of Columbia,6 Months - 17 Years,124976,2025-12-06,55.5111129522077
District of Columbia,6 Months - 17 Years,124976,2025-12-13,57.0003043390628
District of Columbia,6 Months - 17 Years,124976,2025-12-20,58.3365253708651
District of Columbia,6 Months - 17 Years,124976,2025-12-27,59.544347772356
District of Columbia,6 Months - 17 Years,124976,2026-01-03,60.8810492893091
District of Columbia,6 Months - 17 Years,124976,2026-01-10,62.9757603439197
District of Columbia,6 Months - 17 Years,124976,2026-01-17,63.7731317219433
District of Columbia,6 Months - 17 Years,124976,2026-01-24,64.4563477943114
District of Columbia,6 Months - 17 Years,124976,2026-01-31,64.9697009458329
District of Columbia,6 Months - 17 Years,124976,2026-02-07,66.116578629502
District of Columbia,6 Months - 17 Years,124976,2026-02-14,66.6789268548931
District of Columbia,6 Months - 17 Years,124976,2026-02-21,67.2450169000411
District of Columbia,6 Months - 17 Years,124976,2026-02-28,67.7859523645708
District of Columbia,6 Months - 17 Years,124976,2026-03-07,68.741348435675
District of Columbia,6 Months - 17 Years,124976,2026-03-14,69.0823612946934
District of Columbia,6 Months - 17 Years,124976,2026-03-21,69.3094534985967
District of Columbia,6 Months - 17 Years,124976,2026-03-28,69.4501734723636
District of Columbia,6 Months - 17 Years,124976,2026-04-04,69.5850393219163
District of Columbia,6 Months - 17 Years,124976,2026-04-11,69.7691436989526
District of Columbia,6 Months - 17 Years,124976,2026-04-18,69.8258745373919
District of Columbia,6 Months - 17 Years,124976,2026-04-25,69.8687157163229
District of Columbia,6 Months - 17 Years,124976,2026-05-02,69.8995230427226
District of Columbia,6 Months - 17 Years,124976,2026-05-09,69.9769340386659
District of Columbia,6 Months - 17 Years,124976,2026-05-16,70.0275292718839
District of Columbia,6 Months - 17 Years,124976,2026-05-23,70.0938629692378
District of Columbia,6 Months - 17 Years,124976,2026-05-30,70.1769859609963
District of Columbia,6 Months - 17 Years,124976,2026-06-06,70.3650867052937
District of Columbia,6 Months - 17 Years,124976,2026-06-13,70.4740850307907
District of Columbia,18-49 Years,384439,2025-08-16,1.04116133007456
District of Columbia,18-49 Years,384439,2025-08-23,1.04116133007456
District of Columbia,18-49 Years,384439,2025-08-30,1.04116133007456
District of Columbia,18-49 Years,384439,2025-09-06,1.04116133007456
District of Columbia,18-49 Years,384439,2025-09-13,1.58299567544974
District of Columbia,18-49 Years,384439,2025-09-20,2.19481687811664
District of Columbia,18-49 Years,384439,2025-09-27,3.43158909164604
District of Columbia,18-49 Years,384439,2025-10-04,6.60697636171759
District of Columbia,18-49 Years,384439,2025-10-11,8.88568622556463
District of Columbia,18-49 Years,384439,2025-10-18,11.8670541966091
District of Columbia,18-49 Years,384439,2025-10-25,15.502325829174
District of Columbia,18-49 Years,384439,2025-11-01,19.8368572108281
District of Columbia,18-49 Years,384439,2025-11-08,28.1700567347262
District of Columbia,18-49 Years,384439,2025-11-15,31.6196287874481
District of Columbia,18-49 Years,384439,2025-11-22,34.4700091985356
District of Columbia,18-49 Years,384439,2025-11-29,36.7974013033513
District of Columbia,18-49 Years,384439,2025-12-06,40.9210465383659
District of Columbia,18-49 Years,384439,2025-12-13,42.5582113003872
District of Columbia,18-49 Years,384439,2025-12-20,43.8946492538779
District of Columbia,18-49 Years,384439,2025-12-27,44.9876814794012
District of Columbia,18-49 Years,384439,2026-01-03,46.1608375900309
District of Columbia,18-49 Years,384439,2026-01-10,47.9478059332472
District of Columbia,18-49 Years,384439,2026-01-17,48.6275278670246
District of Columbia,18-49 Years,384439,2026-01-24,49.2169362749546
District of Columbia,18-49 Years,384439,2026-01-31,49.6472426678116
District of Columbia,18-49 Years,384439,2026-02-07,50.5313879489874
District of Columbia,18-49 Years,384439,2026-02-14,50.8592627301506
District of Columbia,18-49 Years,384439,2026-02-21,51.1075017359899
District of Columbia,18-49 Years,384439,2026-02-28,51.3061427594714
District of Columbia,18-49 Years,384439,2026-03-07,51.7043650806017
District of Columbia,18-49 Years,384439,2026-03-14,51.9729170437768
District of Columbia,18-49 Years,384439,2026-03-21,52.3372358842539
District of Columbia,18-49 Years,384439,2026-03-28,52.7722887579879
District of Columbia,18-49 Years,384439,2026-04-04,53.2384604817203
District of Columbia,18-49 Years,384439,2026-04-11,53.9933936267327
District of Columbia,18-49 Years,384439,2026-04-18,54.188991044918
District of Columbia,18-49 Years,384439,2026-04-25,54.2751668794667
District of Columbia,18-49 Years,384439,2026-05-02,54.3050899730802
District of Columbia,18-49 Years,384439,2026-05-09,54.379705939432
District of Columbia,18-49 Years,384439,2026-05-16,54.4284793328654
District of Columbia,18-49 Years,384439,2026-05-23,54.4939483679778
District of Columbia,18-49 Years,384439,2026-05-30,54.5770144272429
District of Columbia,18-49 Years,384439,2026-06-06,54.7650867052937
District of Columbia,18-49 Years,384439,2026-06-13,54.8740850307907
District of Columbia,50-64 Years,105251,2025-08-16,0.904594729691275
District of Columbia,50-64 Years,105251,2025-08-23,0.904594729691275
District of Columbia,50-64 Years,105251,2025-08-30,0.904594729691275
District of Columbia,50-64 Years,105251,2025-09-06,0.904594729691275
District of Columbia,50-64 Years,105251,2025-09-13,1.60270666167815
District of Columbia,50-64 Years,105251,2025-09-20,2.62703588218278
District of Columbia,50-64 Years,105251,2025-09-27,4.35332441552937
District of Columbia,50-64 Years,105251,2025-10-04,8.61830874684613
District of Columbia,50-64 Years,105251,2025-10-11,11.5863205941264
District of Columbia,50-64 Years,105251,2025-10-18,15.41064145713
District of Columbia,50-64 Years,105251,2025-10-25,19.9931398535659
District of Columbia,50-64 Years,105251,2025-11-01,25.3354012550011
District of Columbia,50-64 Years,105251,2025-11-08,35.2805861730634
District of Columbia,50-64 Years,105251,2025-11-15,39.0896481715966
District of Columbia,50-64 Years,105251,2025-11-22,41.9875322179216
District of Columbia,50-64 Years,105251,2025-11-29,44.1650681055656
District of Columbia,50-64 Years,105251,2025-12-06,47.9359963135187
District of Columbia,50-64 Years,105251,2025-12-13,49.3902458980685
District of Columbia,50-64 Years,105251,2025-12-20,50.5649450773602
District of Columbia,50-64 Years,105251,2025-12-27,51.5337536967747
District of Columbia,50-64 Years,105251,2026-01-03,52.6567921771157
District of Columbia,50-64 Years,105251,2026-01-10,54.4489529559266
District of Columbia,50-64 Years,105251,2026-01-17,55.2932262367218
District of Columbia,50-64 Years,105251,2026-01-24,56.1569216189124
District of Columbia,50-64 Years,105251,2026-01-31,56.8862288796489
District of Columbia,50-64 Years,105251,2026-02-07,58.4307611669819
District of Columbia,50-64 Years,105251,2026-02-14,59.0707304843546
District of Columbia,50-64 Years,105251,2026-02-21,59.5972547026128
District of Columbia,50-64 Years,105251,2026-02-28,60.0157301073413
District of Columbia,50-64 Years,105251,2026-03-07,60.7017505524345
District of Columbia,50-64 Years,105251,2026-03-14,60.9178224289838
District of Columbia,50-64 Years,105251,2026-03-21,61.0460591226151
District of Columbia,50-64 Years,105251,2026-03-28,61.1154212761085
District of Columbia,50-64 Years,105251,2026-04-04,61.187891365501
District of Columbia,50-64 Years,105251,2026-04-11,61.2921074572504
District of Columbia,50-64 Years,105251,2026-04-18,61.3399230966172
District of Columbia,50-64 Years,105251,2026-04-25,61.390959967201
District of Columbia,50-64 Years,105251,2026-05-02,61.4393167459446
District of Columbia,50-64 Years,105251,2026-05-09,61.5586885276376
District of Columbia,50-64 Years,105251,2026-05-16,61.6311863485249
District of Columbia,50-64 Years,105251,2026-05-23,61.7177756418008
District of Columbia,50-64 Years,105251,2026-05-30,61.819345621504
District of Columbia,50-64 Years,105251,2026-06-06,62.0431855939051
District of Columbia,50-64 Years,105251,2026-06-13,62.1699341363294
District of Columbia,65+ Years,89833,2025-08-16,0.6827217208573
District of Columbia,65+ Years,89833,2025-08-23,0.6827217208573
District of Columbia,65+ Years,89833,2025-08-30,0.6827217208573
District of Columbia,65+ Years,89833,2025-09-06,0.6827217208573
District of Columbia,65+ Years,89833,2025-09-13,1.88582150342929
District of Columbia,65+ Years,89833,2025-09-20,3.92895358477572
District of Columbia,65+ Years,89833,2025-09-27,6.91456807357625
District of Columbia,65+ Years,89833,2025-10-04,13.7476008495104
District of Columbia,65+ Years,89833,2025-10-11,17.883164127521
District of Columbia,65+ Years,89833,2025-10-18,22.7356176575686
District of Columbia,65+ Years,89833,2025-10-25,28.1841693108335
District of Columbia,65+ Years,89833,2025-11-01,34.3862179562692
District of Columbia,65+ Years,89833,2025-11-08,45.7890970189726
District of Columbia,65+ Years,89833,2025-11-15,50.3052679336748
District of Columbia,65+ Years,89833,2025-11-22,53.9678983813274
District of Columbia,65+ Years,89833,2025-11-29,56.872354096082
District of Columbia,65+ Years,89833,2025-12-06,61.780475932715
District of Columbia,65+ Years,89833,2025-12-13,63.4813237825948
District of Columbia,65+ Years,89833,2025-12-20,64.6557103731437
District of Columbia,65+ Years,89833,2025-12-27,65.4548337094836
District of Columbia,65+ Years,89833,2026-01-03,66.301893483702
District of Columbia,65+ Years,89833,2026-01-10,67.5547367247357
District of Columbia,65+ Years,89833,2026-01-17,68.0657929251978
District of Columbia,65+ Years,89833,2026-01-24,68.5541369857595
District of Columbia,65+ Years,89833,2026-01-31,68.9689847028389
District of Columbia,65+ Years,89833,2026-02-07,69.9655138057001
District of Columbia,65+ Years,89833,2026-02-14,70.5497400227235
District of Columbia,65+ Years,89833,2026-02-21,71.2288463393486
District of Columbia,65+ Years,89833,2026-02-28,71.9762821131162
District of Columbia,65+ Years,89833,2026-03-07,73.4718653727207
District of Columbia,65+ Years,89833,2026-03-14,74.1549256452859
District of Columbia,65+ Years,89833,2026-03-21,74.7467698174206
District of Columbia,65+ Years,89833,2026-03-28,75.2589757824227
District of Columbia,65+ Years,89833,2026-04-04,75.8927316056169
District of Columbia,65+ Years,89833,2026-04-11,76.9550791998212
District of Columbia,65+ Years,89833,2026-04-18,77.523744585018
District of Columbia,65+ Years,89833,2026-04-25,78.1342547066953
District of Columbia,65+ Years,89833,2026-05-02,78.6314354107754
District of Columbia,65+ Years,89833,2026-05-09,79.5557483942294
District of Columbia,65+ Years,89833,2026-05-16,79.8017044346503
District of Columbia,65+ Years,89833,2026-05-23,79.8923374772719
District of Columbia,65+ Years,89833,2026-05-30,79.8974458257573
District of Columbia,65+ Years,89833,2026-06-06,79.9
District of Columbia,65+ Years,89833,2026-06-13,79.9
