metrocast_location_id,age,population
athens,0,4758
athens,1,4829
athens,2,4925
athens,3,4871
athens,4,4750
athens,5,4718
athens,6,4855
athens,7,4994
athens,8,5123
athens,9,5162
athens,10,5165
athens,11,5257
athens,12,5261
athens,13,5370
athens,14,5422
athens,15,5404
athens,16,5510
athens,17,5604
athens,18,5328
athens,19,7696
athens,20,10674
athens,21,10471
athens,22,9390
athens,23,7682
athens,24,7182
athens,25,6691
athens,26,6201
athens,27,5758
athens,28,5623
athens,29,5499
athens,30,5732
athens,31,5519
athens,32,5629
athens,33,5616
athens,34,5792
athens,35,5795
athens,36,5466
athens,37,5354
athens,38,5458
athens,39,5287
athens,40,5492
athens,41,5292
athens,42,5281
athens,43,5343
athens,44,5422
athens,45,5487
athens,46,5166
athens,47,4917
athens,48,4845
athens,49,4679
athens,50,4661
athens,51,4714
athens,52,4771
athens,53,4957
athens,54,5188
athens,55,5118
athens,56,4596
athens,57,4509
athens,58,4445
athens,59,4357
athens,60,4604
athens,61,4595
athens,62,4561
athens,63,4514
athens,64,4398
athens,65,4245
athens,66,4202
athens,67,4206
athens,68,4076
athens,69,3873
athens,70,3724
athens,71,3577
athens,72,3422
athens,73,3300
athens,74,3165
athens,75,2980
athens,76,2830
athens,77,2780
athens,78,2877
athens,79,2012
athens,80,1937
athens,81,1884
athens,82,1815
athens,83,1468
athens,84+,7080
austin,0,27684
austin,1,28108
austin,2,28381
austin,3,27831
austin,4,26183
austin,5,26124
austin,6,26608
austin,7,26891
austin,8,27171
austin,9,27900
austin,10,28257
austin,11,28213
austin,12,27748
austin,13,27385
austin,14,27499
austin,15,28402
austin,16,28523
austin,17,29292
austin,18,29414
austin,19,28969
austin,20,26954
austin,21,27111
austin,22,28053
austin,23,31751
austin,24,37086
austin,25,41233
austin,26,42808
austin,27,43098
austin,28,42165
austin,29,41970
austin,30,41849
austin,31,42424
austin,32,43079
austin,33,43724
austin,34,44093
austin,35,42874
austin,36,40978
austin,37,40755
austin,38,39467
austin,39,39088
austin,40,38742
austin,41,37457
austin,42,37500
austin,43,36352
austin,44,34761
austin,45,33827
austin,46,31736
austin,47,30802
austin,48,30211
austin,49,29055
austin,50,28725
austin,51,27381
austin,52,27023
austin,53,27243
austin,54,28330
austin,55,27386
austin,56,25409
austin,57,23800
austin,58,22626
austin,59,22356
austin,60,22634
austin,61,22961
austin,62,22600
austin,63,22141
austin,64,21859
austin,65,21418
austin,66,20318
austin,67,19863
austin,68,19143
austin,69,18208
austin,70,17547
austin,71,17003
austin,72,16632
austin,73,15667
austin,74,15028
austin,75,14366
austin,76,13369
austin,77,13152
austin,78,13238
austin,79,9454
austin,80,8732
austin,81,8100
austin,82,7615
austin,83,6297
austin,84+,35292
baltimore,0,27501
baltimore,1,27733
baltimore,2,29089
baltimore,3,29933
baltimore,4,29250
baltimore,5,30214
baltimore,6,30537
baltimore,7,30865
baltimore,8,31016
baltimore,9,31756
baltimore,10,31885
baltimore,11,31629
baltimore,12,31688
baltimore,13,32232
baltimore,14,32668
baltimore,15,32933
baltimore,16,33450
baltimore,17,34457
baltimore,18,33229
baltimore,19,33365
baltimore,20,33336
baltimore,21,32221
baltimore,22,31557
baltimore,23,32620
baltimore,24,35582
baltimore,25,36343
baltimore,26,35990
baltimore,27,35267
baltimore,28,34836
baltimore,29,34616
baltimore,30,35263
baltimore,31,35500
baltimore,32,36115
baltimore,33,37470
baltimore,34,38835
baltimore,35,39461
baltimore,36,38754
baltimore,37,38325
baltimore,38,38113
baltimore,39,37918
baltimore,40,36958
baltimore,41,36268
baltimore,42,36482
baltimore,43,36040
baltimore,44,35040
baltimore,45,34757
baltimore,46,32169
baltimore,47,31061
baltimore,48,30117
baltimore,49,29275
baltimore,50,29123
baltimore,51,27849
baltimore,52,28690
baltimore,53,30164
baltimore,54,32003
baltimore,55,31767
baltimore,56,30943
baltimore,57,30827
baltimore,58,30947
baltimore,59,32069
baltimore,60,33146
baltimore,61,34038
baltimore,62,33045
baltimore,63,32482
baltimore,64,32739
baltimore,65,31941
baltimore,66,30974
baltimore,67,30374
baltimore,68,29427
baltimore,69,27613
baltimore,70,27075
baltimore,71,25663
baltimore,72,24675
baltimore,73,23221
baltimore,74,22338
baltimore,75,20923
baltimore,76,20156
baltimore,77,19643
baltimore,78,20091
baltimore,79,14270
baltimore,80,13531
baltimore,81,12738
baltimore,82,12704
baltimore,83,10533
baltimore,84+,61930
bangor,0,2015
bangor,1,1996
bangor,2,2109
bangor,3,2204
bangor,4,2137
bangor,5,2271
bangor,6,2422
bangor,7,2464
bangor,8,2464
bangor,9,2529
bangor,10,2481
bangor,11,2611
bangor,12,2646
bangor,13,2590
bangor,14,2692
bangor,15,2728
bangor,16,2790
bangor,17,3000
bangor,18,4046
bangor,19,4556
bangor,20,3457
bangor,21,3243
bangor,22,2962
bangor,23,2959
bangor,24,3369
bangor,25,3588
bangor,26,3542
bangor,27,3292
bangor,28,2943
bangor,29,2671
bangor,30,2766
bangor,31,2905
bangor,32,2967
bangor,33,3004
bangor,34,3199
bangor,35,3273
bangor,36,3362
bangor,37,3353
bangor,38,3151
bangor,39,3162
bangor,40,3241
bangor,41,3121
bangor,42,3212
bangor,43,3125
bangor,44,3096
bangor,45,3121
bangor,46,3057
bangor,47,2846
bangor,48,2936
bangor,49,2757
bangor,50,2924
bangor,51,2946
bangor,52,2963
bangor,53,3196
bangor,54,3333
bangor,55,3333
bangor,56,3277
bangor,57,3126
bangor,58,3270
bangor,59,3552
bangor,60,3729
bangor,61,3863
bangor,62,3967
bangor,63,4043
bangor,64,4029
bangor,65,4080
bangor,66,4111
bangor,67,4101
bangor,68,4104
bangor,69,3871
bangor,70,3793
bangor,71,3649
bangor,72,3481
bangor,73,3336
bangor,74,3221
bangor,75,3122
bangor,76,2878
bangor,77,2790
bangor,78,2862
bangor,79,1934
bangor,80,1852
bangor,81,1759
bangor,82,1769
bangor,83,1400
bangor,84+,7786
bay-area,0,80403
bay-area,1,81061
bay-area,2,83039
bay-area,3,84468
bay-area,4,81090
bay-area,5,83151
bay-area,6,83458
bay-area,7,84551
bay-area,8,86980
bay-area,9,88326
bay-area,10,89220
bay-area,11,88770
bay-area,12,90191
bay-area,13,90160
bay-area,14,91648
bay-area,15,94199
bay-area,16,97686
bay-area,17,101886
bay-area,18,102462
bay-area,19,94722
bay-area,20,95556
bay-area,21,97200
bay-area,22,99565
bay-area,23,106592
bay-area,24,116315
bay-area,25,120119
bay-area,26,118726
bay-area,27,119248
bay-area,28,120695
bay-area,29,121527
bay-area,30,124723
bay-area,31,125664
bay-area,32,125650
bay-area,33,129305
bay-area,34,132668
bay-area,35,133744
bay-area,36,129825
bay-area,37,125941
bay-area,38,122940
bay-area,39,123259
bay-area,40,123072
bay-area,41,119550
bay-area,42,118723
bay-area,43,116990
bay-area,44,114444
bay-area,45,114035
bay-area,46,108123
bay-area,47,106101
bay-area,48,105470
bay-area,49,102712
bay-area,50,103846
bay-area,51,101688
bay-area,52,103521
bay-area,53,104406
bay-area,54,108120
bay-area,55,109422
bay-area,56,104612
bay-area,57,100739
bay-area,58,97692
bay-area,59,98364
bay-area,60,100997
bay-area,61,101671
bay-area,62,101281
bay-area,63,97915
bay-area,64,96737
bay-area,65,95578
bay-area,66,91632
bay-area,67,90980
bay-area,68,89236
bay-area,69,86859
bay-area,70,84656
bay-area,71,80982
bay-area,72,78254
bay-area,73,74468
bay-area,74,71700
bay-area,75,70047
bay-area,76,66952
bay-area,77,64468
bay-area,78,65070
bay-area,79,49508
bay-area,80,46922
bay-area,81,43625
bay-area,82,41510
bay-area,83,35491
bay-area,84+,226962
beaumont,0,5530
beaumont,1,5595
beaumont,2,5791
beaumont,3,5913
beaumont,4,5819
beaumont,5,5786
beaumont,6,5898
beaumont,7,6006
beaumont,8,6013
beaumont,9,6322
beaumont,10,6291
beaumont,11,6287
beaumont,12,6290
beaumont,13,6011
beaumont,14,6053
beaumont,15,6431
beaumont,16,6388
beaumont,17,6380
beaumont,18,5848
beaumont,19,4725
beaumont,20,4912
beaumont,21,5044
beaumont,22,5333
beaumont,23,5827
beaumont,24,6294
beaumont,25,6414
beaumont,26,6358
beaumont,27,5946
beaumont,28,5797
beaumont,29,5788
beaumont,30,5860
beaumont,31,6011
beaumont,32,5951
beaumont,33,6137
beaumont,34,6045
beaumont,35,6073
beaumont,36,5976
beaumont,37,5974
beaumont,38,6186
beaumont,39,6316
beaumont,40,6060
beaumont,41,6051
beaumont,42,6071
beaumont,43,5957
beaumont,44,6036
beaumont,45,6104
beaumont,46,5765
beaumont,47,5501
beaumont,48,5494
beaumont,49,5179
beaumont,50,5154
beaumont,51,5032
beaumont,52,5111
beaumont,53,5330
beaumont,54,5621
beaumont,55,5469
beaumont,56,5278
beaumont,57,5230
beaumont,58,5270
beaumont,59,5363
beaumont,60,5603
beaumont,61,5722
beaumont,62,5737
beaumont,63,6014
beaumont,64,5974
beaumont,65,5745
beaumont,66,5696
beaumont,67,5719
beaumont,68,5623
beaumont,69,5224
beaumont,70,5288
beaumont,71,4933
beaumont,72,4534
beaumont,73,4231
beaumont,74,4015
beaumont,75,3919
beaumont,76,3556
beaumont,77,3543
beaumont,78,3406
beaumont,79,2386
beaumont,80,2346
beaumont,81,2291
beaumont,82,2195
beaumont,83,1856
beaumont,84+,10531
boston,0,38679
boston,1,38362
boston,2,38969
boston,3,39445
boston,4,37542
boston,5,38695
boston,6,38284
boston,7,39160
boston,8,39741
boston,9,40298
boston,10,40305
boston,11,40047
boston,12,40718
boston,13,40741
boston,14,41364
boston,15,42525
boston,16,43212
boston,17,45868
boston,18,49803
boston,19,57890
boston,20,59177
boston,21,58949
boston,22,55705
boston,23,54671
boston,24,60934
boston,25,64749
boston,26,65374
boston,27,66289
boston,28,64723
boston,29,63228
boston,30,62177
boston,31,60148
boston,32,59487
boston,33,58881
boston,34,59401
boston,35,60373
boston,36,58023
boston,37,56604
boston,38,55186
boston,39,54468
boston,40,53893
boston,41,51344
boston,42,51140
boston,43,50156
boston,44,49155
boston,45,48487
boston,46,46872
boston,47,45602
boston,48,44724
boston,49,42979
boston,50,44117
boston,51,43706
boston,52,44557
boston,53,45759
boston,54,49021
boston,55,49314
boston,56,48224
boston,57,48016
boston,58,48342
boston,59,49590
boston,60,51533
boston,61,52016
boston,62,51349
boston,63,50167
boston,64,50276
boston,65,48934
boston,66,47639
boston,67,46819
boston,68,45460
boston,69,43354
boston,70,42676
boston,71,40375
boston,72,38987
boston,73,37206
boston,74,36005
boston,75,34022
boston,76,33203
boston,77,32366
boston,78,33105
boston,79,23980
boston,80,22749
boston,81,21575
boston,82,21399
boston,83,17630
boston,84+,109946
boulder,0,3075
boulder,1,2969
boulder,2,3083
boulder,3,3107
boulder,4,3126
boulder,5,3287
boulder,6,3341
boulder,7,3437
boulder,8,3752
boulder,9,3925
boulder,10,3940
boulder,11,4098
boulder,12,4164
boulder,13,4348
boulder,14,4380
boulder,15,4646
boulder,16,4740
boulder,17,4980
boulder,18,7459
boulder,19,9538
boulder,20,8749
boulder,21,8686
boulder,22,8671
boulder,23,7511
boulder,24,6755
boulder,25,6351
boulder,26,5923
boulder,27,5396
boulder,28,5541
boulder,29,5621
boulder,30,5465
boulder,31,5566
boulder,32,5676
boulder,33,5691
boulder,34,5779
boulder,35,5706
boulder,36,5799
boulder,37,5404
boulder,38,5287
boulder,39,5416
boulder,40,5378
boulder,41,5109
boulder,42,5180
boulder,43,5034
boulder,44,5104
boulder,45,5121
boulder,46,5002
boulder,47,4982
boulder,48,5012
boulder,49,4865
boulder,50,4962
boulder,51,4683
boulder,52,4805
boulder,53,4968
boulder,54,5226
boulder,55,5272
boulder,56,4990
boulder,57,4722
boulder,58,4465
boulder,59,4391
boulder,60,4377
boulder,61,4453
boulder,62,4650
boulder,63,4615
boulder,64,4585
boulder,65,4650
boulder,66,4526
boulder,67,4424
boulder,68,4524
boulder,69,4296
boulder,70,4278
boulder,71,4069
boulder,72,4034
boulder,73,3880
boulder,74,3665
boulder,75,3522
boulder,76,3318
boulder,77,3236
boulder,78,3432
boulder,79,2384
boulder,80,2213
boulder,81,2054
boulder,82,2028
boulder,83,1670
boulder,84+,9192
central-california,0,55940
central-california,1,57029
central-california,2,59929
central-california,3,62209
central-california,4,60253
central-california,5,62770
central-california,6,63630
central-california,7,64631
central-california,8,66566
central-california,9,68004
central-california,10,68637
central-california,11,68773
central-california,12,68986
central-california,13,69444
central-california,14,71151
central-california,15,71924
central-california,16,72725
central-california,17,74967
central-california,18,70424
central-california,19,63467
central-california,20,63503
central-california,21,63296
central-california,22,63736
central-california,23,65876
central-california,24,69925
central-california,25,69009
central-california,26,66483
central-california,27,64510
central-california,28,62440
central-california,29,62249
central-california,30,63002
central-california,31,63891
central-california,32,63500
central-california,33,65493
central-california,34,66466
central-california,35,65555
central-california,36,63172
central-california,37,63089
central-california,38,62592
central-california,39,62662
central-california,40,62237
central-california,41,60521
central-california,42,60950
central-california,43,60449
central-california,44,58844
central-california,45,58326
central-california,46,54727
central-california,47,53088
central-california,48,51948
central-california,49,50270
central-california,50,49998
central-california,51,47389
central-california,52,47427
central-california,53,48107
central-california,54,49560
central-california,55,48863
central-california,56,47681
central-california,57,46273
central-california,58,45750
central-california,59,46039
central-california,60,47113
central-california,61,47581
central-california,62,46762
central-california,63,46518
central-california,64,46320
central-california,65,45477
central-california,66,43576
central-california,67,43091
central-california,68,42130
central-california,69,40385
central-california,70,39303
central-california,71,37184
central-california,72,35017
central-california,73,32986
central-california,74,31445
central-california,75,29766
central-california,76,28103
central-california,77,26822
central-california,78,26269
central-california,79,20025
central-california,80,18743
central-california,81,17615
central-california,82,16514
central-california,83,14115
central-california,84+,82186
charleston,0,10621
charleston,1,10475
charleston,2,10827
charleston,3,11131
charleston,4,10657
charleston,5,10649
charleston,6,10810
charleston,7,10960
charleston,8,10987
charleston,9,11204
charleston,10,11489
charleston,11,11234
charleston,12,10911
charleston,13,11001
charleston,14,11052
charleston,15,11517
charleston,16,11606
charleston,17,11682
charleston,18,11234
charleston,19,10914
charleston,20,11068
charleston,21,10852
charleston,22,11139
charleston,23,12522
charleston,24,13808
charleston,25,14582
charleston,26,14246
charleston,27,14092
charleston,28,13448
charleston,29,13226
charleston,30,13201
charleston,31,13647
charleston,32,13469
charleston,33,13516
charleston,34,13865
charleston,35,14181
charleston,36,13839
charleston,37,13592
charleston,38,13621
charleston,39,13750
charleston,40,13467
charleston,41,13134
charleston,42,13017
charleston,43,12725
charleston,44,12618
charleston,45,12224
charleston,46,11717
charleston,47,11228
charleston,48,10937
charleston,49,10357
charleston,50,10414
charleston,51,10292
charleston,52,10495
charleston,53,10923
charleston,54,11334
charleston,55,11220
charleston,56,10902
charleston,57,10388
charleston,58,10410
charleston,59,10904
charleston,60,11250
charleston,61,11680
charleston,62,11617
charleston,63,11614
charleston,64,11590
charleston,65,11368
charleston,66,10986
charleston,67,10856
charleston,68,10493
charleston,69,10230
charleston,70,9969
charleston,71,9595
charleston,72,9186
charleston,73,8636
charleston,74,8437
charleston,75,8153
charleston,76,7728
charleston,77,7457
charleston,78,7697
charleston,79,5523
charleston,80,5109
charleston,81,4716
charleston,82,4541
charleston,83,3600
charleston,84+,19457
cherokee,0,6979
cherokee,1,7208
cherokee,2,7510
cherokee,3,7511
cherokee,4,7278
cherokee,5,7952
cherokee,6,8114
cherokee,7,8487
cherokee,8,8477
cherokee,9,8798
cherokee,10,8848
cherokee,11,8837
cherokee,12,9205
cherokee,13,9219
cherokee,14,9347
cherokee,15,9594
cherokee,16,9707
cherokee,17,10149
cherokee,18,9081
cherokee,19,7641
cherokee,20,8076
cherokee,21,8418
cherokee,22,8723
cherokee,23,9097
cherokee,24,9787
cherokee,25,9563
cherokee,26,8947
cherokee,27,8464
cherokee,28,8210
cherokee,29,8126
cherokee,30,8540
cherokee,31,8636
cherokee,32,8721
cherokee,33,8877
cherokee,34,9170
cherokee,35,9254
cherokee,36,9104
cherokee,37,9103
cherokee,38,9179
cherokee,39,9304
cherokee,40,9218
cherokee,41,9022
cherokee,42,9177
cherokee,43,9018
cherokee,44,9103
cherokee,45,9377
cherokee,46,9090
cherokee,47,8834
cherokee,48,8711
cherokee,49,8523
cherokee,50,8928
cherokee,51,8748
cherokee,52,8932
cherokee,53,9287
cherokee,54,9996
cherokee,55,9754
cherokee,56,9169
cherokee,57,8810
cherokee,58,8654
cherokee,59,8516
cherokee,60,8800
cherokee,61,8573
cherokee,62,8453
cherokee,63,8334
cherokee,64,7996
cherokee,65,7558
cherokee,66,7415
cherokee,67,7346
cherokee,68,7077
cherokee,69,6603
cherokee,70,6334
cherokee,71,6205
cherokee,72,5784
cherokee,73,5531
cherokee,74,5197
cherokee,75,5001
cherokee,76,4991
cherokee,77,4862
cherokee,78,5048
cherokee,79,3407
cherokee,80,3262
cherokee,81,3084
cherokee,82,3026
cherokee,83,2402
cherokee,84+,11332
clt-area,0,33075
clt-area,1,33401
clt-area,2,33745
clt-area,3,34494
clt-area,4,33849
clt-area,5,34234
clt-area,6,33997
clt-area,7,35275
clt-area,8,35202
clt-area,9,35661
clt-area,10,35748
clt-area,11,34854
clt-area,12,35101
clt-area,13,35597
clt-area,14,35852
clt-area,15,36946
clt-area,16,37866
clt-area,17,38628
clt-area,18,37213
clt-area,19,34800
clt-area,20,34264
clt-area,21,34879
clt-area,22,36008
clt-area,23,38230
clt-area,24,41689
clt-area,25,43052
clt-area,26,41987
clt-area,27,41466
clt-area,28,40690
clt-area,29,40390
clt-area,30,40518
clt-area,31,41114
clt-area,32,41453
clt-area,33,41808
clt-area,34,42997
clt-area,35,43081
clt-area,36,41867
clt-area,37,40507
clt-area,38,39418
clt-area,39,39497
clt-area,40,38674
clt-area,41,37555
clt-area,42,38034
clt-area,43,37914
clt-area,44,37603
clt-area,45,37927
clt-area,46,36340
clt-area,47,36063
clt-area,48,35807
clt-area,49,34353
clt-area,50,35115
clt-area,51,34579
clt-area,52,35156
clt-area,53,37302
clt-area,54,39457
clt-area,55,37878
clt-area,56,36043
clt-area,57,34739
clt-area,58,34225
clt-area,59,33885
clt-area,60,34307
clt-area,61,34673
clt-area,62,33654
clt-area,63,33193
clt-area,64,32487
clt-area,65,31170
clt-area,66,29845
clt-area,67,29076
clt-area,68,28324
clt-area,69,26841
clt-area,70,25613
clt-area,71,24460
clt-area,72,23456
clt-area,73,22507
clt-area,74,21115
clt-area,75,20348
clt-area,76,19756
clt-area,77,19289
clt-area,78,19996
clt-area,79,13985
clt-area,80,13047
clt-area,81,12246
clt-area,82,12095
clt-area,83,9994
clt-area,84+,53352
colorado-springs,0,9585
colorado-springs,1,9246
colorado-springs,2,9314
colorado-springs,3,9529
colorado-springs,4,9305
colorado-springs,5,9317
colorado-springs,6,9450
colorado-springs,7,9556
colorado-springs,8,9855
colorado-springs,9,9875
colorado-springs,10,9924
colorado-springs,11,9832
colorado-springs,12,9951
colorado-springs,13,10064
colorado-springs,14,10046
colorado-springs,15,10109
colorado-springs,16,10054
colorado-springs,17,10504
colorado-springs,18,10119
colorado-springs,19,10798
colorado-springs,20,11895
colorado-springs,21,12134
colorado-springs,22,11284
colorado-springs,23,11710
colorado-springs,24,12711
colorado-springs,25,12677
colorado-springs,26,12888
colorado-springs,27,12639
colorado-springs,28,12641
colorado-springs,29,13007
colorado-springs,30,12361
colorado-springs,31,12709
colorado-springs,32,12668
colorado-springs,33,12565
colorado-springs,34,12661
colorado-springs,35,12697
colorado-springs,36,11894
colorado-springs,37,11447
colorado-springs,38,11559
colorado-springs,39,11565
colorado-springs,40,11156
colorado-springs,41,10769
colorado-springs,42,10586
colorado-springs,43,10403
colorado-springs,44,10037
colorado-springs,45,9875
colorado-springs,46,9340
colorado-springs,47,9002
colorado-springs,48,8579
colorado-springs,49,8209
colorado-springs,50,8289
colorado-springs,51,7900
colorado-springs,52,7967
colorado-springs,53,8222
colorado-springs,54,8706
colorado-springs,55,8652
colorado-springs,56,8242
colorado-springs,57,7978
colorado-springs,58,7897
colorado-springs,59,8095
colorado-springs,60,8623
colorado-springs,61,9024
colorado-springs,62,8944
colorado-springs,63,8960
colorado-springs,64,9108
colorado-springs,65,9045
colorado-springs,66,8560
colorado-springs,67,8596
colorado-springs,68,8254
colorado-springs,69,7846
colorado-springs,70,7662
colorado-springs,71,7273
colorado-springs,72,6992
colorado-springs,73,6537
colorado-springs,74,6128
colorado-springs,75,5700
colorado-springs,76,5473
colorado-springs,77,5233
colorado-springs,78,5400
colorado-springs,79,3718
colorado-springs,80,3492
colorado-springs,81,3358
colorado-springs,82,3180
colorado-springs,83,2532
colorado-springs,84+,14536
columbia,0,8127
columbia,1,8052
columbia,2,8453
columbia,3,8542
columbia,4,8961
columbia,5,8897
columbia,6,9017
columbia,7,9106
columbia,8,9320
columbia,9,9436
columbia,10,9372
columbia,11,9525
columbia,12,9691
columbia,13,9750
columbia,14,9647
columbia,15,9974
columbia,16,10186
columbia,17,11869
columbia,18,14543
columbia,19,14873
columbia,20,12781
columbia,21,13775
columbia,22,13625
columbia,23,12437
columbia,24,12063
columbia,25,11976
columbia,26,10488
columbia,27,9765
columbia,28,9658
columbia,29,9754
columbia,30,10066
columbia,31,10036
columbia,32,10545
columbia,33,10816
columbia,34,11063
columbia,35,11192
columbia,36,10592
columbia,37,10328
columbia,38,10206
columbia,39,10364
columbia,40,10411
columbia,41,10455
columbia,42,10270
columbia,43,10221
columbia,44,10145
columbia,45,10099
columbia,46,9793
columbia,47,9391
columbia,48,9235
columbia,49,8981
columbia,50,9296
columbia,51,9203
columbia,52,9452
columbia,53,9528
columbia,54,10251
columbia,55,10000
columbia,56,9423
columbia,57,9299
columbia,58,9202
columbia,59,9579
columbia,60,9816
columbia,61,10303
columbia,62,10112
columbia,63,10072
columbia,64,10011
columbia,65,9787
columbia,66,9585
columbia,67,9505
columbia,68,9447
columbia,69,8905
columbia,70,8732
columbia,71,8348
columbia,72,7981
columbia,73,7457
columbia,74,7128
columbia,75,6809
columbia,76,6487
columbia,77,6289
columbia,78,6337
columbia,79,4476
columbia,80,4303
columbia,81,3931
columbia,82,3709
columbia,83,3042
columbia,84+,16768
columbus,0,3200
columbus,1,3237
columbus,2,3270
columbus,3,3368
columbus,4,3316
columbus,5,3418
columbus,6,3545
columbus,7,3565
columbus,8,3509
columbus,9,3553
columbus,10,3683
columbus,11,3496
columbus,12,3426
columbus,13,3574
columbus,14,3634
columbus,15,3551
columbus,16,3622
columbus,17,3685
columbus,18,3631
columbus,19,3265
columbus,20,3653
columbus,21,3282
columbus,22,3275
columbus,23,3971
columbus,24,4065
columbus,25,3948
columbus,26,3997
columbus,27,3888
columbus,28,3756
columbus,29,3620
columbus,30,3790
columbus,31,3748
columbus,32,3839
columbus,33,3846
columbus,34,3869
columbus,35,3804
columbus,36,3656
columbus,37,3665
columbus,38,3561
columbus,39,3555
columbus,40,3452
columbus,41,3208
columbus,42,3373
columbus,43,3295
columbus,44,3376
columbus,45,3370
columbus,46,2988
columbus,47,3019
columbus,48,3044
columbus,49,2856
columbus,50,2912
columbus,51,2757
columbus,52,3000
columbus,53,3104
columbus,54,3199
columbus,55,3130
columbus,56,3007
columbus,57,2955
columbus,58,2964
columbus,59,3219
columbus,60,3338
columbus,61,3318
columbus,62,3324
columbus,63,3261
columbus,64,3372
columbus,65,3307
columbus,66,3230
columbus,67,3211
columbus,68,3144
columbus,69,3017
columbus,70,2987
columbus,71,2801
columbus,72,2741
columbus,73,2563
columbus,74,2381
columbus,75,2255
columbus,76,2129
columbus,77,2009
columbus,78,1983
columbus,79,1429
columbus,80,1379
columbus,81,1299
columbus,82,1214
columbus,83,958
columbus,84+,5680
dallas,0,60470
dallas,1,61062
dallas,2,62431
dallas,3,62049
dallas,4,59448
dallas,5,60634
dallas,6,62017
dallas,7,63190
dallas,8,64471
dallas,9,65189
dallas,10,65194
dallas,11,63991
dallas,12,64027
dallas,13,63408
dallas,14,64476
dallas,15,66122
dallas,16,67263
dallas,17,69381
dallas,18,64214
dallas,19,58968
dallas,20,58663
dallas,21,60309
dallas,22,62934
dallas,23,68990
dallas,24,75645
dallas,25,78053
dallas,26,76979
dallas,27,75336
dallas,28,74132
dallas,29,72527
dallas,30,72261
dallas,31,72582
dallas,32,72005
dallas,33,71910
dallas,34,72065
dallas,35,72598
dallas,36,70533
dallas,37,69364
dallas,38,68879
dallas,39,69399
dallas,40,68194
dallas,41,66475
dallas,42,67404
dallas,43,66119
dallas,44,65282
dallas,45,65169
dallas,46,61576
dallas,47,59910
dallas,48,59338
dallas,49,58343
dallas,50,57898
dallas,51,55562
dallas,52,55744
dallas,53,56898
dallas,54,58701
dallas,55,56860
dallas,56,53417
dallas,57,51511
dallas,58,49423
dallas,59,49067
dallas,60,50105
dallas,61,50355
dallas,62,49248
dallas,63,47539
dallas,64,46900
dallas,65,45348
dallas,66,42771
dallas,67,41044
dallas,68,39599
dallas,69,37286
dallas,70,35844
dallas,71,33585
dallas,72,31765
dallas,73,29696
dallas,74,28317
dallas,75,26606
dallas,76,25252
dallas,77,24405
dallas,78,24595
dallas,79,18121
dallas,80,17182
dallas,81,15947
dallas,82,14952
dallas,83,12526
dallas,84+,70309
denver,0,34855
denver,1,33087
denver,2,33086
denver,3,33509
denver,4,32740
denver,5,32559
denver,6,32695
denver,7,33471
denver,8,33907
denver,9,34532
denver,10,34893
denver,11,34848
denver,12,34975
denver,13,34993
denver,14,35823
denver,15,36478
denver,16,37631
denver,17,38713
denver,18,36024
denver,19,32161
denver,20,32737
denver,21,33905
denver,22,35515
denver,23,38346
denver,24,43324
denver,25,47400
denver,26,49638
denver,27,50596
denver,28,52666
denver,29,53589
denver,30,54016
denver,31,54456
denver,32,55038
denver,33,54972
denver,34,55594
denver,35,54837
denver,36,51984
denver,37,50953
denver,38,49449
denver,39,48877
denver,40,47439
denver,41,45794
denver,42,46000
denver,43,44889
denver,44,43684
denver,45,42721
denver,46,40014
denver,47,38691
denver,48,37541
denver,49,36281
denver,50,36223
denver,51,35072
denver,52,34996
denver,53,35511
denver,54,37331
denver,55,36630
denver,56,34913
denver,57,32754
denver,58,31348
denver,59,31145
denver,60,32029
denver,61,32434
denver,62,32361
denver,63,32068
denver,64,32420
denver,65,31681
denver,66,30339
denver,67,29660
denver,68,28978
denver,69,27858
denver,70,27155
denver,71,26054
denver,72,25410
denver,73,24085
denver,74,23021
denver,75,21466
denver,76,20625
denver,77,19817
denver,78,20067
denver,79,14301
denver,80,13188
denver,81,12296
denver,82,11769
denver,83,9750
denver,84+,54195
deschutes,0,2487
deschutes,1,2470
deschutes,2,2544
deschutes,3,2659
deschutes,4,2538
deschutes,5,2733
deschutes,6,2716
deschutes,7,2786
deschutes,8,2826
deschutes,9,2997
deschutes,10,3132
deschutes,11,2955
deschutes,12,3005
deschutes,13,3007
deschutes,14,3042
deschutes,15,3152
deschutes,16,3146
deschutes,17,3262
deschutes,18,2874
deschutes,19,2378
deschutes,20,2431
deschutes,21,2593
deschutes,22,2716
deschutes,23,2737
deschutes,24,3098
deschutes,25,3271
deschutes,26,3195
deschutes,27,3401
deschutes,28,3389
deschutes,29,3326
deschutes,30,3450
deschutes,31,3451
deschutes,32,3545
deschutes,33,3726
deschutes,34,3960
deschutes,35,4021
deschutes,36,3873
deschutes,37,3877
deschutes,38,3826
deschutes,39,3829
deschutes,40,3884
deschutes,41,3792
deschutes,42,3717
deschutes,43,3753
deschutes,44,3606
deschutes,45,3749
deschutes,46,3455
deschutes,47,3292
deschutes,48,3309
deschutes,49,3222
deschutes,50,3407
deschutes,51,3216
deschutes,52,3123
deschutes,53,3229
deschutes,54,3556
deschutes,55,3472
deschutes,56,3287
deschutes,57,3110
deschutes,58,3162
deschutes,59,3165
deschutes,60,3225
deschutes,61,3372
deschutes,62,3464
deschutes,63,3463
deschutes,64,3674
deschutes,65,3800
deschutes,66,3720
deschutes,67,3759
deschutes,68,3847
deschutes,69,3803
deschutes,70,3682
deschutes,71,3714
deschutes,72,3600
deschutes,73,3441
deschutes,74,3239
deschutes,75,3124
deschutes,76,2997
deschutes,77,2937
deschutes,78,3001
deschutes,79,2042
deschutes,80,2086
deschutes,81,1859
deschutes,82,1750
deschutes,83,1466
deschutes,84+,7233
duluth,0,2971
duluth,1,2931
duluth,2,2971
duluth,3,3271
duluth,4,3201
duluth,5,3436
duluth,6,3342
duluth,7,3459
duluth,8,3560
duluth,9,3647
duluth,10,3879
duluth,11,3828
duluth,12,3817
duluth,13,3965
duluth,14,3878
duluth,15,3989
duluth,16,4026
duluth,17,4253
duluth,18,4255
duluth,19,5685
duluth,20,6043
duluth,21,5356
duluth,22,5205
duluth,23,4481
duluth,24,4316
duluth,25,3719
duluth,26,3407
duluth,27,3265
duluth,28,3317
duluth,29,3419
duluth,30,3552
duluth,31,3700
duluth,32,3926
duluth,33,4027
duluth,34,4200
duluth,35,4249
duluth,36,4303
duluth,37,4357
duluth,38,4334
duluth,39,4361
duluth,40,4449
duluth,41,4297
duluth,42,4350
duluth,43,4380
duluth,44,4411
duluth,45,4368
duluth,46,4104
duluth,47,4040
duluth,48,3872
duluth,49,3778
duluth,50,3715
duluth,51,3479
duluth,52,3714
duluth,53,3723
duluth,54,4022
duluth,55,4067
duluth,56,3954
duluth,57,3801
duluth,58,4006
duluth,59,4275
duluth,60,4567
duluth,61,4678
duluth,62,4965
duluth,63,5126
duluth,64,5395
duluth,65,5273
duluth,66,5300
duluth,67,5309
duluth,68,5293
duluth,69,5136
duluth,70,5125
duluth,71,5001
duluth,72,4644
duluth,73,4457
duluth,74,4137
duluth,75,3884
duluth,76,3600
duluth,77,3438
duluth,78,3342
duluth,79,2198
duluth,80,2132
duluth,81,2157
duluth,82,2224
duluth,83,1815
duluth,84+,10768
el-paso,0,10601
el-paso,1,10613
el-paso,2,11194
el-paso,3,11499
el-paso,4,10590
el-paso,5,11112
el-paso,6,11292
el-paso,7,11499
el-paso,8,11944
el-paso,9,12214
el-paso,10,12124
el-paso,11,12160
el-paso,12,11842
el-paso,13,11898
el-paso,14,12037
el-paso,15,12313
el-paso,16,12831
el-paso,17,13332
el-paso,18,13082
el-paso,19,12999
el-paso,20,13497
el-paso,21,14047
el-paso,22,14219
el-paso,23,14526
el-paso,24,15399
el-paso,25,14826
el-paso,26,13993
el-paso,27,13268
el-paso,28,13057
el-paso,29,13147
el-paso,30,13111
el-paso,31,12737
el-paso,32,12632
el-paso,33,12736
el-paso,34,12853
el-paso,35,12543
el-paso,36,11713
el-paso,37,11256
el-paso,38,11286
el-paso,39,11313
el-paso,40,11324
el-paso,41,10891
el-paso,42,10910
el-paso,43,10855
el-paso,44,10519
el-paso,45,10248
el-paso,46,9507
el-paso,47,9431
el-paso,48,9602
el-paso,49,9800
el-paso,50,9911
el-paso,51,9736
el-paso,52,10024
el-paso,53,10062
el-paso,54,10000
el-paso,55,9798
el-paso,56,9496
el-paso,57,9367
el-paso,58,9111
el-paso,59,9210
el-paso,60,9385
el-paso,61,9363
el-paso,62,9302
el-paso,63,9446
el-paso,64,9409
el-paso,65,9509
el-paso,66,9243
el-paso,67,8919
el-paso,68,8636
el-paso,69,8422
el-paso,70,8186
el-paso,71,7687
el-paso,72,7148
el-paso,73,6578
el-paso,74,6385
el-paso,75,5954
el-paso,76,5587
el-paso,77,5405
el-paso,78,5193
el-paso,79,4040
el-paso,80,3770
el-paso,81,3509
el-paso,82,3178
el-paso,83,2808
el-paso,84+,17411
eugene,0,3820
eugene,1,3802
eugene,2,3876
eugene,3,4047
eugene,4,4159
eugene,5,4401
eugene,6,4419
eugene,7,4537
eugene,8,4827
eugene,9,4960
eugene,10,5133
eugene,11,5162
eugene,12,5032
eugene,13,5059
eugene,14,5127
eugene,15,5112
eugene,16,5468
eugene,17,5654
eugene,18,5727
eugene,19,7228
eugene,20,9187
eugene,21,9221
eugene,22,8625
eugene,23,7975
eugene,24,7587
eugene,25,6326
eugene,26,5573
eugene,27,5164
eugene,28,5197
eugene,29,5427
eugene,30,5607
eugene,31,5776
eugene,32,6153
eugene,33,6175
eugene,34,6294
eugene,35,6481
eugene,36,6427
eugene,37,6282
eugene,38,6181
eugene,39,6141
eugene,40,6263
eugene,41,6031
eugene,42,6253
eugene,43,6130
eugene,44,6101
eugene,45,6268
eugene,46,5805
eugene,47,5688
eugene,48,5654
eugene,49,5217
eugene,50,5273
eugene,51,5158
eugene,52,4947
eugene,53,5110
eugene,54,5672
eugene,55,5660
eugene,56,5481
eugene,57,5266
eugene,58,5327
eugene,59,5544
eugene,60,5619
eugene,61,5790
eugene,62,6001
eugene,63,6199
eugene,64,6429
eugene,65,6516
eugene,66,6325
eugene,67,6624
eugene,68,6707
eugene,69,6609
eugene,70,6937
eugene,71,6820
eugene,72,6917
eugene,73,6650
eugene,74,6327
eugene,75,6052
eugene,76,5791
eugene,77,5573
eugene,78,5588
eugene,79,3783
eugene,80,3641
eugene,81,3443
eugene,82,3346
eugene,83,2776
eugene,84+,14875
fay-area,0,18284
fay-area,1,18304
fay-area,2,18771
fay-area,3,19153
fay-area,4,18355
fay-area,5,18780
fay-area,6,19020
fay-area,7,19103
fay-area,8,18859
fay-area,9,18871
fay-area,10,18929
fay-area,11,18883
fay-area,12,18239
fay-area,13,18331
fay-area,14,18476
fay-area,15,18778
fay-area,16,18912
fay-area,17,19166
fay-area,18,18385
fay-area,19,17337
fay-area,20,17688
fay-area,21,18316
fay-area,22,18805
fay-area,23,19305
fay-area,24,20367
fay-area,25,20452
fay-area,26,19632
fay-area,27,19156
fay-area,28,18570
fay-area,29,18291
fay-area,30,18535
fay-area,31,18765
fay-area,32,18921
fay-area,33,19095
fay-area,34,19179
fay-area,35,19525
fay-area,36,18897
fay-area,37,18272
fay-area,38,18141
fay-area,39,17840
fay-area,40,17660
fay-area,41,16923
fay-area,42,16866
fay-area,43,16859
fay-area,44,16738
fay-area,45,16776
fay-area,46,15782
fay-area,47,15463
fay-area,48,15541
fay-area,49,14741
fay-area,50,15402
fay-area,51,15111
fay-area,52,15471
fay-area,53,16101
fay-area,54,16692
fay-area,55,16216
fay-area,56,15813
fay-area,57,15298
fay-area,58,15342
fay-area,59,15532
fay-area,60,16557
fay-area,61,16669
fay-area,62,16422
fay-area,63,15930
fay-area,64,16231
fay-area,65,15784
fay-area,66,15463
fay-area,67,15394
fay-area,68,15053
fay-area,69,14390
fay-area,70,13892
fay-area,71,13416
fay-area,72,12781
fay-area,73,12098
fay-area,74,11626
fay-area,75,10641
fay-area,76,10238
fay-area,77,9865
fay-area,78,10040
fay-area,79,7028
fay-area,80,6866
fay-area,81,6331
fay-area,82,6114
fay-area,83,4992
fay-area,84+,27131
florence,0,3320
florence,1,3265
florence,2,3477
florence,3,3404
florence,4,3427
florence,5,3442
florence,6,3559
florence,7,3583
florence,8,3630
florence,9,3745
florence,10,3744
florence,11,3713
florence,12,3720
florence,13,3671
florence,14,3762
florence,15,3878
florence,16,3999
florence,17,4110
florence,18,3881
florence,19,3516
florence,20,3450
florence,21,3490
florence,22,3502
florence,23,3607
florence,24,3835
florence,25,3981
florence,26,3762
florence,27,3579
florence,28,3381
florence,29,3346
florence,30,3390
florence,31,3441
florence,32,3550
florence,33,3556
florence,34,3583
florence,35,3824
florence,36,3757
florence,37,3520
florence,38,3484
florence,39,3523
florence,40,3496
florence,41,3376
florence,42,3442
florence,43,3513
florence,44,3556
florence,45,3638
florence,46,3578
florence,47,3542
florence,48,3621
florence,49,3429
florence,50,3577
florence,51,3420
florence,52,3531
florence,53,3821
florence,54,4020
florence,55,3881
florence,56,3747
florence,57,3771
florence,58,3837
florence,59,3746
florence,60,3972
florence,61,4054
florence,62,3919
florence,63,3942
florence,64,3952
florence,65,3842
florence,66,3786
florence,67,3797
florence,68,3969
florence,69,3737
florence,70,3736
florence,71,3751
florence,72,3470
florence,73,3379
florence,74,3324
florence,75,3099
florence,76,2828
florence,77,2794
florence,78,2902
florence,79,2094
florence,80,2012
florence,81,1785
florence,82,1633
florence,83,1338
florence,84+,7218
floyd,0,4032
floyd,1,4146
floyd,2,4271
floyd,3,4184
floyd,4,4262
floyd,5,4301
floyd,6,4239
floyd,7,4367
floyd,8,4492
floyd,9,4582
floyd,10,4567
floyd,11,4448
floyd,12,4416
floyd,13,4463
floyd,14,4454
floyd,15,4724
floyd,16,4797
floyd,17,5043
floyd,18,4730
floyd,19,4136
floyd,20,4114
floyd,21,4422
floyd,22,4613
floyd,23,5007
floyd,24,5602
floyd,25,5591
floyd,26,5280
floyd,27,4901
floyd,28,4778
floyd,29,4633
floyd,30,4567
floyd,31,4589
floyd,32,4515
floyd,33,4562
floyd,34,4702
floyd,35,4723
floyd,36,4679
floyd,37,4555
floyd,38,4411
floyd,39,4299
floyd,40,4418
floyd,41,4178
floyd,42,4302
floyd,43,4280
floyd,44,4280
floyd,45,4397
floyd,46,4229
floyd,47,4181
floyd,48,4037
floyd,49,3935
floyd,50,4195
floyd,51,4140
floyd,52,4368
floyd,53,4364
floyd,54,4789
floyd,55,4703
floyd,56,4459
floyd,57,4409
floyd,58,4335
floyd,59,4498
floyd,60,4515
floyd,61,4712
floyd,62,4505
floyd,63,4443
floyd,64,4297
floyd,65,4333
floyd,66,4060
floyd,67,3876
floyd,68,3939
floyd,69,3789
floyd,70,3656
floyd,71,3327
floyd,72,3209
floyd,73,2957
floyd,74,2888
floyd,75,2798
floyd,76,2788
floyd,77,2560
floyd,78,2779
floyd,79,1965
floyd,80,1786
floyd,81,1666
floyd,82,1629
floyd,83,1398
floyd,84+,7124
frederick,0,3128
frederick,1,3303
frederick,2,3406
frederick,3,3578
frederick,4,3517
frederick,5,3746
frederick,6,3691
frederick,7,3865
frederick,8,3852
frederick,9,3985
frederick,10,3988
frederick,11,3894
frederick,12,3835
frederick,13,3845
frederick,14,4014
frederick,15,4008
frederick,16,3945
frederick,17,4369
frederick,18,4427
frederick,19,3685
frederick,20,3594
frederick,21,3443
frederick,22,3315
frederick,23,3279
frederick,24,3463
frederick,25,3427
frederick,26,3373
frederick,27,3365
frederick,28,3292
frederick,29,3455
frederick,30,3601
frederick,31,3660
frederick,32,3947
frederick,33,4226
frederick,34,4412
frederick,35,4512
frederick,36,4647
frederick,37,4682
frederick,38,4676
frederick,39,4850
frederick,40,4876
frederick,41,4666
frederick,42,4749
frederick,43,4434
frederick,44,4487
frederick,45,4399
frederick,46,3933
frederick,47,3835
frederick,48,3755
frederick,49,3667
frederick,50,3520
frederick,51,3462
frederick,52,3520
frederick,53,3661
frederick,54,3947
frederick,55,3852
frederick,56,3775
frederick,57,3609
frederick,58,3712
frederick,59,3725
frederick,60,3856
frederick,61,4005
frederick,62,3866
frederick,63,3758
frederick,64,3607
frederick,65,3421
frederick,66,3424
frederick,67,3222
frederick,68,3129
frederick,69,2986
frederick,70,2915
frederick,71,2708
frederick,72,2558
frederick,73,2428
frederick,74,2382
frederick,75,2249
frederick,76,2160
frederick,77,2100
frederick,78,2178
frederick,79,1514
frederick,80,1401
frederick,81,1379
frederick,82,1295
frederick,83,1176
frederick,84+,6282
greater-sierra-sacramento,0,30026
greater-sierra-sacramento,1,31071
greater-sierra-sacramento,2,32464
greater-sierra-sacramento,3,33852
greater-sierra-sacramento,4,33528
greater-sierra-sacramento,5,35290
greater-sierra-sacramento,6,35582
greater-sierra-sacramento,7,36529
greater-sierra-sacramento,8,36917
greater-sierra-sacramento,9,37611
greater-sierra-sacramento,10,37947
greater-sierra-sacramento,11,37939
greater-sierra-sacramento,12,37688
greater-sierra-sacramento,13,37743
greater-sierra-sacramento,14,38341
greater-sierra-sacramento,15,38743
greater-sierra-sacramento,16,39478
greater-sierra-sacramento,17,40565
greater-sierra-sacramento,18,42125
greater-sierra-sacramento,19,39513
greater-sierra-sacramento,20,42286
greater-sierra-sacramento,21,43419
greater-sierra-sacramento,22,42417
greater-sierra-sacramento,23,42405
greater-sierra-sacramento,24,42549
greater-sierra-sacramento,25,40470
greater-sierra-sacramento,26,38607
greater-sierra-sacramento,27,37613
greater-sierra-sacramento,28,37521
greater-sierra-sacramento,29,38615
greater-sierra-sacramento,30,39862
greater-sierra-sacramento,31,40480
greater-sierra-sacramento,32,41071
greater-sierra-sacramento,33,42323
greater-sierra-sacramento,34,43496
greater-sierra-sacramento,35,43733
greater-sierra-sacramento,36,43185
greater-sierra-sacramento,37,42887
greater-sierra-sacramento,38,42208
greater-sierra-sacramento,39,42946
greater-sierra-sacramento,40,43209
greater-sierra-sacramento,41,41766
greater-sierra-sacramento,42,41590
greater-sierra-sacramento,43,41579
greater-sierra-sacramento,44,40850
greater-sierra-sacramento,45,39931
greater-sierra-sacramento,46,37569
greater-sierra-sacramento,47,36465
greater-sierra-sacramento,48,35589
greater-sierra-sacramento,49,34645
greater-sierra-sacramento,50,34309
greater-sierra-sacramento,51,32923
greater-sierra-sacramento,52,33249
greater-sierra-sacramento,53,33735
greater-sierra-sacramento,54,35911
greater-sierra-sacramento,55,35978
greater-sierra-sacramento,56,34621
greater-sierra-sacramento,57,33073
greater-sierra-sacramento,58,32908
greater-sierra-sacramento,59,33471
greater-sierra-sacramento,60,34933
greater-sierra-sacramento,61,36069
greater-sierra-sacramento,62,35999
greater-sierra-sacramento,63,35935
greater-sierra-sacramento,64,36580
greater-sierra-sacramento,65,36036
greater-sierra-sacramento,66,35154
greater-sierra-sacramento,67,35251
greater-sierra-sacramento,68,35388
greater-sierra-sacramento,69,33592
greater-sierra-sacramento,70,32907
greater-sierra-sacramento,71,32001
greater-sierra-sacramento,72,30941
greater-sierra-sacramento,73,29043
greater-sierra-sacramento,74,28154
greater-sierra-sacramento,75,26585
greater-sierra-sacramento,76,25803
greater-sierra-sacramento,77,24934
greater-sierra-sacramento,78,25429
greater-sierra-sacramento,79,18235
greater-sierra-sacramento,80,17196
greater-sierra-sacramento,81,15812
greater-sierra-sacramento,82,15283
greater-sierra-sacramento,83,12723
greater-sierra-sacramento,84+,77911
greenville,0,10599
greenville,1,10901
greenville,2,11357
greenville,3,11428
greenville,4,11302
greenville,5,11482
greenville,6,11733
greenville,7,11922
greenville,8,12193
greenville,9,12343
greenville,10,12397
greenville,11,12266
greenville,12,12153
greenville,13,12141
greenville,14,12665
greenville,15,12786
greenville,16,13170
greenville,17,13306
greenville,18,14710
greenville,19,16170
greenville,20,14657
greenville,21,13884
greenville,22,13552
greenville,23,13308
greenville,24,13807
greenville,25,14485
greenville,26,14110
greenville,27,13770
greenville,28,12881
greenville,29,12813
greenville,30,12923
greenville,31,13130
greenville,32,13080
greenville,33,13689
greenville,34,13889
greenville,35,13976
greenville,36,13326
greenville,37,13257
greenville,38,12971
greenville,39,12600
greenville,40,12761
greenville,41,12166
greenville,42,12271
greenville,43,12140
greenville,44,12218
greenville,45,12334
greenville,46,11712
greenville,47,11744
greenville,48,11615
greenville,49,10963
greenville,50,11232
greenville,51,11307
greenville,52,11761
greenville,53,12288
greenville,54,12988
greenville,55,12666
greenville,56,12403
greenville,57,12080
greenville,58,12092
greenville,59,12304
greenville,60,12902
greenville,61,13210
greenville,62,13070
greenville,63,13012
greenville,64,13083
greenville,65,12781
greenville,66,12688
greenville,67,12671
greenville,68,12447
greenville,69,11600
greenville,70,11374
greenville,71,10917
greenville,72,10479
greenville,73,10027
greenville,74,9339
greenville,75,8996
greenville,76,8686
greenville,77,8765
greenville,78,9048
greenville,79,6304
greenville,80,6030
greenville,81,5871
greenville,82,5580
greenville,83,4521
greenville,84+,24450
hall,0,4855
hall,1,5043
hall,2,5055
hall,3,5004
hall,4,4858
hall,5,4883
hall,6,4933
hall,7,4999
hall,8,5001
hall,9,5320
hall,10,5170
hall,11,5075
hall,12,5005
hall,13,5056
hall,14,5199
hall,15,5467
hall,16,5542
hall,17,5680
hall,18,5893
hall,19,6317
hall,20,6426
hall,21,6083
hall,22,6041
hall,23,6317
hall,24,6655
hall,25,6674
hall,26,6433
hall,27,5854
hall,28,5768
hall,29,5468
hall,30,5454
hall,31,5185
hall,32,5248
hall,33,5352
hall,34,5422
hall,35,5348
hall,36,5316
hall,37,5089
hall,38,4961
hall,39,5051
hall,40,4882
hall,41,4780
hall,42,4971
hall,43,4962
hall,44,4950
hall,45,5116
hall,46,4932
hall,47,4863
hall,48,4773
hall,49,4531
hall,50,4854
hall,51,4738
hall,52,4868
hall,53,5256
hall,54,5611
hall,55,5550
hall,56,5462
hall,57,5299
hall,58,5461
hall,59,5450
hall,60,5785
hall,61,5771
hall,62,5780
hall,63,5671
hall,64,5681
hall,65,5663
hall,66,5450
hall,67,5619
hall,68,5555
hall,69,5206
hall,70,5129
hall,71,4788
hall,72,4679
hall,73,4616
hall,74,4367
hall,75,4187
hall,76,4142
hall,77,4080
hall,78,4203
hall,79,2974
hall,80,2812
hall,81,2581
hall,82,2556
hall,83,2236
hall,84+,11406
harford,0,3796
harford,1,3944
harford,2,3970
harford,3,4048
harford,4,4139
harford,5,4251
harford,6,4346
harford,7,4397
harford,8,4593
harford,9,4644
harford,10,4675
harford,11,4699
harford,12,4638
harford,13,4770
harford,14,4821
harford,15,4882
harford,16,5087
harford,17,5194
harford,18,4502
harford,19,3675
harford,20,3714
harford,21,3824
harford,22,4086
harford,23,4404
harford,24,4608
harford,25,4665
harford,26,4612
harford,27,4388
harford,28,4310
harford,29,4241
harford,30,4325
harford,31,4324
harford,32,4573
harford,33,4785
harford,34,4900
harford,35,5242
harford,36,4976
harford,37,4923
harford,38,4913
harford,39,5168
harford,40,5220
harford,41,5038
harford,42,5011
harford,43,4842
harford,44,4979
harford,45,4699
harford,46,4479
harford,47,4507
harford,48,4393
harford,49,4169
harford,50,4253
harford,51,4151
harford,52,4267
harford,53,4615
harford,54,5018
harford,55,4965
harford,56,4878
harford,57,4744
harford,58,4815
harford,59,4976
harford,60,5311
harford,61,5363
harford,62,5338
harford,63,5233
harford,64,5206
harford,65,5184
harford,66,4887
harford,67,4875
harford,68,4625
harford,69,4408
harford,70,4208
harford,71,3900
harford,72,3765
harford,73,3496
harford,74,3335
harford,75,3101
harford,76,3102
harford,77,3074
harford,78,3219
harford,79,2130
harford,80,1990
harford,81,1862
harford,82,1934
harford,83,1609
harford,84+,8351
henry,0,8399
henry,1,8674
henry,2,9469
henry,3,9809
henry,4,9765
henry,5,10302
henry,6,10772
henry,7,11248
henry,8,11614
henry,9,11881
henry,10,12340
henry,11,12354
henry,12,12700
henry,13,13016
henry,14,13380
henry,15,13938
henry,16,14346
henry,17,14683
henry,18,12837
henry,19,10623
henry,20,10925
henry,21,11225
henry,22,11167
henry,23,11369
henry,24,11680
henry,25,11049
henry,26,10397
henry,27,9624
henry,28,9231
henry,29,8754
henry,30,8937
henry,31,9099
henry,32,9455
henry,33,9751
henry,34,10219
henry,35,10929
henry,36,11007
henry,37,11109
henry,38,11682
henry,39,12222
henry,40,12369
henry,41,12362
henry,42,13051
henry,43,13018
henry,44,13156
henry,45,13202
henry,46,12658
henry,47,12175
henry,48,12158
henry,49,11967
henry,50,12104
henry,51,11843
henry,52,12211
henry,53,12623
henry,54,13013
henry,55,12835
henry,56,11918
henry,57,11382
henry,58,11089
henry,59,11180
henry,60,11405
henry,61,11463
henry,62,10883
henry,63,10318
henry,64,10071
henry,65,9764
henry,66,9206
henry,67,8873
henry,68,8811
henry,69,8173
henry,70,7814
henry,71,7491
henry,72,7195
henry,73,6919
henry,74,6583
henry,75,6421
henry,76,6111
henry,77,5977
henry,78,6203
henry,79,4511
henry,80,4261
henry,81,3964
henry,82,3820
henry,83,3109
henry,84+,16354
horry,0,3907
horry,1,4049
horry,2,3912
horry,3,4136
horry,4,3957
horry,5,4221
horry,6,4168
horry,7,4342
horry,8,4368
horry,9,4456
horry,10,4581
horry,11,4600
horry,12,4545
horry,13,4720
horry,14,4632
horry,15,4825
horry,16,4937
horry,17,5097
horry,18,5978
horry,19,6466
horry,20,5693
horry,21,4981
horry,22,5086
horry,23,5338
horry,24,5376
horry,25,5433
horry,26,5288
horry,27,4971
horry,28,4541
horry,29,4402
horry,30,4524
horry,31,4498
horry,32,4508
horry,33,4705
horry,34,4824
horry,35,4864
horry,36,4795
horry,37,4876
horry,38,4814
horry,39,4837
horry,40,4815
horry,41,4723
horry,42,4864
horry,43,4967
horry,44,4919
horry,45,4988
horry,46,4865
horry,47,5045
horry,48,5147
horry,49,4826
horry,50,5068
horry,51,5026
horry,52,5470
horry,53,5867
horry,54,6468
horry,55,6553
horry,56,6437
horry,57,6377
horry,58,6893
horry,59,7257
horry,60,7832
horry,61,8254
horry,62,8402
horry,63,8631
horry,64,9143
horry,65,9177
horry,66,9236
horry,67,9383
horry,68,9346
horry,69,9110
horry,70,9022
horry,71,8592
horry,72,8242
horry,73,7870
horry,74,7686
horry,75,7329
horry,76,7264
horry,77,6902
horry,78,7184
horry,79,4729
horry,80,4304
horry,81,3924
horry,82,3852
horry,83,2942
horry,84+,14281
houston,0,89132
houston,1,90472
houston,2,93311
houston,3,94262
houston,4,92294
houston,5,95256
houston,6,97179
houston,7,98963
houston,8,100976
houston,9,103664
houston,10,103240
houston,11,101844
houston,12,100222
houston,13,99229
houston,14,100669
houston,15,104829
houston,16,105627
houston,17,106591
houston,18,99078
houston,19,90346
houston,20,93037
houston,21,94273
houston,22,97557
houston,23,100715
houston,24,107349
houston,25,108634
houston,26,104459
houston,27,102269
houston,28,101722
houston,29,101356
houston,30,100503
houston,31,101615
houston,32,102673
houston,33,103532
houston,34,105427
houston,35,107199
houston,36,104438
houston,37,103749
houston,38,103867
houston,39,104165
houston,40,102939
houston,41,100462
houston,42,102080
houston,43,100628
houston,44,99407
houston,45,99164
houston,46,93924
houston,47,90891
houston,48,89583
houston,49,87230
houston,50,86766
houston,51,84405
houston,52,84022
houston,53,84812
houston,54,86310
houston,55,83251
houston,56,78691
houston,57,76098
houston,58,73514
houston,59,73455
houston,60,73809
houston,61,73097
houston,62,72027
houston,63,70384
houston,64,69560
houston,65,69009
houston,66,66661
houston,67,65643
houston,68,62972
houston,69,59681
houston,70,57958
houston,71,54942
houston,72,51791
houston,73,48283
houston,74,45416
houston,75,42537
houston,76,39746
houston,77,37667
houston,78,37235
houston,79,27776
houston,80,26059
houston,81,24008
houston,82,22471
houston,83,18392
houston,84+,102861
indianapolis,0,19958
indianapolis,1,19951
indianapolis,2,20232
indianapolis,3,20443
indianapolis,4,19077
indianapolis,5,19639
indianapolis,6,19606
indianapolis,7,20034
indianapolis,8,20094
indianapolis,9,20113
indianapolis,10,20343
indianapolis,11,20247
indianapolis,12,20088
indianapolis,13,20163
indianapolis,14,20217
indianapolis,15,20706
indianapolis,16,20723
indianapolis,17,21170
indianapolis,18,19929
indianapolis,19,18945
indianapolis,20,18874
indianapolis,21,19231
indianapolis,22,19632
indianapolis,23,21015
indianapolis,24,23111
indianapolis,25,24038
indianapolis,26,23479
indianapolis,27,23344
indianapolis,28,22620
indianapolis,29,22647
indianapolis,30,22813
indianapolis,31,22656
indianapolis,32,22415
indianapolis,33,22731
indianapolis,34,23249
indianapolis,35,23419
indianapolis,36,22245
indianapolis,37,21623
indianapolis,38,21333
indianapolis,39,21322
indianapolis,40,21200
indianapolis,41,20434
indianapolis,42,20466
indianapolis,43,20139
indianapolis,44,20077
indianapolis,45,19969
indianapolis,46,18849
indianapolis,47,17922
indianapolis,48,17353
indianapolis,49,16749
indianapolis,50,17125
indianapolis,51,16635
indianapolis,52,16655
indianapolis,53,17288
indianapolis,54,18364
indianapolis,55,17838
indianapolis,56,16636
indianapolis,57,16211
indianapolis,58,16108
indianapolis,59,16295
indianapolis,60,17123
indianapolis,61,17570
indianapolis,62,17203
indianapolis,63,17286
indianapolis,64,17374
indianapolis,65,17032
indianapolis,66,16537
indianapolis,67,16370
indianapolis,68,15787
indianapolis,69,14930
indianapolis,70,14381
indianapolis,71,13613
indianapolis,72,12786
indianapolis,73,11999
indianapolis,74,11297
indianapolis,75,10650
indianapolis,76,10147
indianapolis,77,9586
indianapolis,78,9485
indianapolis,79,6624
indianapolis,80,6140
indianapolis,81,5885
indianapolis,82,5952
indianapolis,83,5017
indianapolis,84+,28898
la-grange,0,2923
la-grange,1,2943
la-grange,2,3067
la-grange,3,3140
la-grange,4,3067
la-grange,5,3265
la-grange,6,3309
la-grange,7,3352
la-grange,8,3363
la-grange,9,3358
la-grange,10,3527
la-grange,11,3543
la-grange,12,3506
la-grange,13,3457
la-grange,14,3386
la-grange,15,3558
la-grange,16,3694
la-grange,17,3818
la-grange,18,3287
la-grange,19,2722
la-grange,20,2817
la-grange,21,2972
la-grange,22,3164
la-grange,23,3317
la-grange,24,3710
la-grange,25,3658
la-grange,26,3261
la-grange,27,3311
la-grange,28,3157
la-grange,29,3296
la-grange,30,3236
la-grange,31,3442
la-grange,32,3340
la-grange,33,3385
la-grange,34,3557
la-grange,35,3713
la-grange,36,3568
la-grange,37,3490
la-grange,38,3470
la-grange,39,3389
la-grange,40,3370
la-grange,41,3327
la-grange,42,3333
la-grange,43,3286
la-grange,44,3375
la-grange,45,3449
la-grange,46,3353
la-grange,47,3146
la-grange,48,3174
la-grange,49,2997
la-grange,50,3253
la-grange,51,3114
la-grange,52,3291
la-grange,53,3528
la-grange,54,3783
la-grange,55,3524
la-grange,56,3505
la-grange,57,3607
la-grange,58,3500
la-grange,59,3559
la-grange,60,3636
la-grange,61,3589
la-grange,62,3605
la-grange,63,3364
la-grange,64,3388
la-grange,65,3232
la-grange,66,3107
la-grange,67,3144
la-grange,68,3012
la-grange,69,2766
la-grange,70,2776
la-grange,71,2630
la-grange,72,2463
la-grange,73,2341
la-grange,74,2248
la-grange,75,2199
la-grange,76,2102
la-grange,77,2094
la-grange,78,2187
la-grange,79,1514
la-grange,80,1395
la-grange,81,1264
la-grange,82,1272
la-grange,83,1015
la-grange,84+,5394
larimer,0,3126
larimer,1,3009
larimer,2,3020
larimer,3,3109
larimer,4,3116
larimer,5,3303
larimer,6,3340
larimer,7,3465
larimer,8,3611
larimer,9,3827
larimer,10,3951
larimer,11,4013
larimer,12,3982
larimer,13,4022
larimer,14,4097
larimer,15,4160
larimer,16,4243
larimer,17,4362
larimer,18,6057
larimer,19,8089
larimer,20,8234
larimer,21,8200
larimer,22,8013
larimer,23,7352
larimer,24,6900
larimer,25,6004
larimer,26,5283
larimer,27,4966
larimer,28,5043
larimer,29,5048
larimer,30,5141
larimer,31,5155
larimer,32,5329
larimer,33,5363
larimer,34,5496
larimer,35,5272
larimer,36,5244
larimer,37,5135
larimer,38,5080
larimer,39,4967
larimer,40,4951
larimer,41,5015
larimer,42,4840
larimer,43,4803
larimer,44,4755
larimer,45,4678
larimer,46,4496
larimer,47,4330
larimer,48,4226
larimer,49,4051
larimer,50,4123
larimer,51,3940
larimer,52,3805
larimer,53,3980
larimer,54,4244
larimer,55,4084
larimer,56,3853
larimer,57,3603
larimer,58,3566
larimer,59,3499
larimer,60,3833
larimer,61,4020
larimer,62,4142
larimer,63,4248
larimer,64,4482
larimer,65,4508
larimer,66,4350
larimer,67,4521
larimer,68,4527
larimer,69,4370
larimer,70,4397
larimer,71,4304
larimer,72,4177
larimer,73,3916
larimer,74,3736
larimer,75,3567
larimer,76,3271
larimer,77,3122
larimer,78,3249
larimer,79,2211
larimer,80,2181
larimer,81,1934
larimer,82,2080
larimer,83,1605
larimer,84+,8572
los-angeles,0,91914
los-angeles,1,91523
los-angeles,2,92745
los-angeles,3,94762
los-angeles,4,91217
los-angeles,5,96391
los-angeles,6,98774
los-angeles,7,102087
los-angeles,8,105707
los-angeles,9,107223
los-angeles,10,107461
los-angeles,11,105739
los-angeles,12,106905
los-angeles,13,107011
los-angeles,14,109037
los-angeles,15,113287
los-angeles,16,117104
los-angeles,17,123225
los-angeles,18,122426
los-angeles,19,117234
los-angeles,20,119144
los-angeles,21,119980
los-angeles,22,120018
los-angeles,23,128602
los-angeles,24,144585
los-angeles,25,150584
los-angeles,26,149445
los-angeles,27,150847
los-angeles,28,151154
los-angeles,29,151610
los-angeles,30,152327
los-angeles,31,151372
los-angeles,32,152440
los-angeles,33,153125
los-angeles,34,155093
los-angeles,35,153300
los-angeles,36,145993
los-angeles,37,142653
los-angeles,38,140436
los-angeles,39,138816
los-angeles,40,136105
los-angeles,41,131602
los-angeles,42,131604
los-angeles,43,131124
los-angeles,44,129579
los-angeles,45,129348
los-angeles,46,123201
los-angeles,47,121054
los-angeles,48,120746
los-angeles,49,119548
los-angeles,50,121699
los-angeles,51,118748
los-angeles,52,119696
los-angeles,53,121705
los-angeles,54,127281
los-angeles,55,128623
los-angeles,56,123649
los-angeles,57,119633
los-angeles,58,117257
los-angeles,59,117640
los-angeles,60,118624
los-angeles,61,118855
los-angeles,62,117093
los-angeles,63,112730
los-angeles,64,111459
los-angeles,65,110147
los-angeles,66,105195
los-angeles,67,103027
los-angeles,68,100586
los-angeles,69,96323
los-angeles,70,95104
los-angeles,71,88881
los-angeles,72,83559
los-angeles,73,78395
los-angeles,74,75059
los-angeles,75,71668
los-angeles,76,66906
los-angeles,77,64118
los-angeles,78,63140
los-angeles,79,50222
los-angeles,80,47188
los-angeles,81,43347
los-angeles,82,41676
los-angeles,83,36248
los-angeles,84+,232246
lynn,0,8693
lynn,1,8791
lynn,2,8894
lynn,3,8982
lynn,4,8783
lynn,5,8729
lynn,6,9006
lynn,7,9281
lynn,8,9467
lynn,9,9314
lynn,10,9364
lynn,11,9236
lynn,12,9234
lynn,13,9263
lynn,14,9534
lynn,15,10010
lynn,16,10294
lynn,17,10332
lynn,18,10640
lynn,19,10577
lynn,20,10274
lynn,21,10892
lynn,22,10834
lynn,23,10170
lynn,24,10172
lynn,25,10235
lynn,26,9887
lynn,27,9639
lynn,28,9517
lynn,29,9698
lynn,30,9674
lynn,31,9805
lynn,32,10320
lynn,33,10729
lynn,34,11008
lynn,35,11380
lynn,36,11365
lynn,37,11167
lynn,38,11022
lynn,39,11084
lynn,40,10773
lynn,41,10509
lynn,42,10445
lynn,43,10271
lynn,44,10420
lynn,45,10129
lynn,46,9875
lynn,47,9555
lynn,48,9300
lynn,49,9020
lynn,50,9011
lynn,51,8982
lynn,52,9289
lynn,53,10030
lynn,54,10587
lynn,55,10855
lynn,56,10516
lynn,57,10589
lynn,58,10800
lynn,59,11028
lynn,60,11232
lynn,61,11411
lynn,62,11379
lynn,63,11153
lynn,64,11389
lynn,65,11010
lynn,66,10605
lynn,67,10710
lynn,68,10245
lynn,69,9842
lynn,70,9635
lynn,71,9184
lynn,72,8852
lynn,73,8174
lynn,74,7744
lynn,75,7388
lynn,76,7179
lynn,77,7022
lynn,78,7392
lynn,79,5132
lynn,80,4692
lynn,81,4574
lynn,82,4589
lynn,83,3701
lynn,84+,23139
macon,0,5394
macon,1,5601
macon,2,5677
macon,3,5513
macon,4,5546
macon,5,5807
macon,6,5827
macon,7,5983
macon,8,6135
macon,9,6184
macon,10,6400
macon,11,6193
macon,12,6312
macon,13,6519
macon,14,6472
macon,15,6882
macon,16,6939
macon,17,6864
macon,18,6518
macon,19,6427
macon,20,6129
macon,21,6059
macon,22,6071
macon,23,6464
macon,24,7154
macon,25,7040
macon,26,6685
macon,27,6188
macon,28,6181
macon,29,5960
macon,30,6194
macon,31,6009
macon,32,6201
macon,33,6109
macon,34,6496
macon,35,6581
macon,36,6443
macon,37,6124
macon,38,6150
macon,39,6227
macon,40,6292
macon,41,6163
macon,42,6125
macon,43,6113
macon,44,6275
macon,45,6300
macon,46,5864
macon,47,5775
macon,48,5540
macon,49,5191
macon,50,5496
macon,51,5425
macon,52,5411
macon,53,5691
macon,54,6053
macon,55,5824
macon,56,5599
macon,57,5544
macon,58,5545
macon,59,5863
macon,60,6147
macon,61,6341
macon,62,6264
macon,63,6143
macon,64,6327
macon,65,6169
macon,66,5861
macon,67,5811
macon,68,5737
macon,69,5526
macon,70,5285
macon,71,4993
macon,72,4643
macon,73,4317
macon,74,4027
macon,75,3857
macon,76,3815
macon,77,3713
macon,78,3618
macon,79,2577
macon,80,2434
macon,81,2243
macon,82,2279
macon,83,1787
macon,84+,10489
marietta,0,8779
marietta,1,8768
marietta,2,8901
marietta,3,9014
marietta,4,8778
marietta,5,8674
marietta,6,8889
marietta,7,8911
marietta,8,9233
marietta,9,9320
marietta,10,9370
marietta,11,9441
marietta,12,9692
marietta,13,9918
marietta,14,10016
marietta,15,10305
marietta,16,10630
marietta,17,10886
marietta,18,10076
marietta,19,9834
marietta,20,10035
marietta,21,10392
marietta,22,10458
marietta,23,11320
marietta,24,12049
marietta,25,12107
marietta,26,11864
marietta,27,11776
marietta,28,11339
marietta,29,11633
marietta,30,11338
marietta,31,11586
marietta,32,11848
marietta,33,11607
marietta,34,12261
marietta,35,12152
marietta,36,12068
marietta,37,11370
marietta,38,11306
marietta,39,11001
marietta,40,11053
marietta,41,10765
marietta,42,11011
marietta,43,10986
marietta,44,11147
marietta,45,11312
marietta,46,10855
marietta,47,10628
marietta,48,10438
marietta,49,9950
marietta,50,10342
marietta,51,10042
marietta,52,9887
marietta,53,10323
marietta,54,10961
marietta,55,10501
marietta,56,9858
marietta,57,9252
marietta,58,9255
marietta,59,9160
marietta,60,9364
marietta,61,9507
marietta,62,9168
marietta,63,8860
marietta,64,8731
marietta,65,8472
marietta,66,8169
marietta,67,7665
marietta,68,7451
marietta,69,7137
marietta,70,6838
marietta,71,6604
marietta,72,6203
marietta,73,5920
marietta,74,5626
marietta,75,5337
marietta,76,5177
marietta,77,5215
marietta,78,5237
marietta,79,3785
marietta,80,3473
marietta,81,3261
marietta,82,3174
marietta,83,2516
marietta,84+,13784
medford,0,2691
medford,1,2845
medford,2,2843
medford,3,2928
medford,4,2917
medford,5,3051
medford,6,3049
medford,7,3254
medford,8,3249
medford,9,3557
medford,10,3546
medford,11,3488
medford,12,3571
medford,13,3526
medford,14,3586
medford,15,3689
medford,16,3730
medford,17,3871
medford,18,3553
medford,19,3060
medford,20,2960
medford,21,3053
medford,22,3172
medford,23,3158
medford,24,3374
medford,25,3629
medford,26,3504
medford,27,3375
medford,28,3181
medford,29,3349
medford,30,3414
medford,31,3481
medford,32,3651
medford,33,3760
medford,34,3905
medford,35,3993
medford,36,3798
medford,37,3733
medford,38,3632
medford,39,3859
medford,40,3847
medford,41,3799
medford,42,3764
medford,43,3768
medford,44,3634
medford,45,3817
medford,46,3611
medford,47,3537
medford,48,3467
medford,49,3246
medford,50,3226
medford,51,3111
medford,52,3170
medford,53,3368
medford,54,3604
medford,55,3598
medford,56,3530
medford,57,3377
medford,58,3343
medford,59,3599
medford,60,3653
medford,61,3796
medford,62,4072
medford,63,4233
medford,64,4260
medford,65,4189
medford,66,4389
medford,67,4531
medford,68,4538
medford,69,4430
medford,70,4487
medford,71,4605
medford,72,4431
medford,73,4328
medford,74,4129
medford,75,4149
medford,76,4022
medford,77,3695
medford,78,3833
medford,79,2777
medford,80,2713
medford,81,2432
medford,82,2421
medford,83,1982
medford,84+,11166
mesa,0,2938
mesa,1,2771
mesa,2,2810
mesa,3,2944
mesa,4,3068
mesa,5,3139
mesa,6,3069
mesa,7,3196
mesa,8,3186
mesa,9,3478
mesa,10,3395
mesa,11,3468
mesa,12,3466
mesa,13,3532
mesa,14,3535
mesa,15,3727
mesa,16,3930
mesa,17,3979
mesa,18,4028
mesa,19,4577
mesa,20,3649
mesa,21,3776
mesa,22,3805
mesa,23,3668
mesa,24,3921
mesa,25,4196
mesa,26,4043
mesa,27,3858
mesa,28,3704
mesa,29,3921
mesa,30,3864
mesa,31,4037
mesa,32,4010
mesa,33,4151
mesa,34,4118
mesa,35,4200
mesa,36,4130
mesa,37,4099
mesa,38,4177
mesa,39,4191
mesa,40,4329
mesa,41,4245
mesa,42,4228
mesa,43,4109
mesa,44,4142
mesa,45,4201
mesa,46,3842
mesa,47,3770
mesa,48,3777
mesa,49,3493
mesa,50,3539
mesa,51,3411
mesa,52,3299
mesa,53,3521
mesa,54,3705
mesa,55,3706
mesa,56,3464
mesa,57,3377
mesa,58,3329
mesa,59,3414
mesa,60,3595
mesa,61,3682
mesa,62,3831
mesa,63,3849
mesa,64,3988
mesa,65,3951
mesa,66,3941
mesa,67,3884
mesa,68,3932
mesa,69,3786
mesa,70,3692
mesa,71,3581
mesa,72,3483
mesa,73,3176
mesa,74,3089
mesa,75,2910
mesa,76,2679
mesa,77,2619
mesa,78,2612
mesa,79,1785
mesa,80,1621
mesa,81,1629
mesa,82,1573
mesa,83,1302
mesa,84+,7073
minneapolis,0,24848
minneapolis,1,25189
minneapolis,2,25789
minneapolis,3,26592
minneapolis,4,26258
minneapolis,5,27231
minneapolis,6,27480
minneapolis,7,28149
minneapolis,8,28567
minneapolis,9,29174
minneapolis,10,28947
minneapolis,11,29071
minneapolis,12,29087
minneapolis,13,28776
minneapolis,14,29066
minneapolis,15,29579
minneapolis,16,29474
minneapolis,17,30564
minneapolis,18,28213
minneapolis,19,25463
minneapolis,20,25949
minneapolis,21,26159
minneapolis,22,26871
minneapolis,23,29472
minneapolis,24,32224
minneapolis,25,33053
minneapolis,26,32788
minneapolis,27,32361
minneapolis,28,32087
minneapolis,29,32081
minneapolis,30,32517
minneapolis,31,33017
minneapolis,32,32841
minneapolis,33,33744
minneapolis,34,33752
minneapolis,35,34492
minneapolis,36,33688
minneapolis,37,33391
minneapolis,38,32945
minneapolis,39,33856
minneapolis,40,33844
minneapolis,41,32642
minneapolis,42,32831
minneapolis,43,32511
minneapolis,44,31703
minneapolis,45,31426
minneapolis,46,29686
minneapolis,47,28483
minneapolis,48,26966
minneapolis,49,25925
minneapolis,50,26018
minneapolis,51,24877
minneapolis,52,24548
minneapolis,53,25443
minneapolis,54,27891
minneapolis,55,27935
minneapolis,56,26871
minneapolis,57,25615
minneapolis,58,25444
minneapolis,59,25877
minneapolis,60,27105
minneapolis,61,27795
minneapolis,62,27678
minneapolis,63,27457
minneapolis,64,27440
minneapolis,65,26655
minneapolis,66,25572
minneapolis,67,24890
minneapolis,68,23795
minneapolis,69,22396
minneapolis,70,21565
minneapolis,71,20726
minneapolis,72,19894
minneapolis,73,18993
minneapolis,74,17810
minneapolis,75,17091
minneapolis,76,15942
minneapolis,77,15100
minneapolis,78,15528
minneapolis,79,10823
minneapolis,80,10397
minneapolis,81,9884
minneapolis,82,9759
minneapolis,83,8015
minneapolis,84+,49327
montgomery,0,24424
montgomery,1,25321
montgomery,2,26405
montgomery,3,27518
montgomery,4,26380
montgomery,5,27259
montgomery,6,27397
montgomery,7,27742
montgomery,8,27882
montgomery,9,28342
montgomery,10,28353
montgomery,11,28559
montgomery,12,28885
montgomery,13,28941
montgomery,14,29648
montgomery,15,30504
montgomery,16,30837
montgomery,17,32004
montgomery,18,30858
montgomery,19,29207
montgomery,20,28592
montgomery,21,28480
montgomery,22,28317
montgomery,23,29292
montgomery,24,30681
montgomery,25,31479
montgomery,26,30851
montgomery,27,30971
montgomery,28,30216
montgomery,29,29699
montgomery,30,29574
montgomery,31,30120
montgomery,32,30457
montgomery,33,31594
montgomery,34,32356
montgomery,35,33510
montgomery,36,32780
montgomery,37,32660
montgomery,38,31908
montgomery,39,32088
montgomery,40,32396
montgomery,41,31795
montgomery,42,32331
montgomery,43,32199
montgomery,44,32296
montgomery,45,31989
montgomery,46,30783
montgomery,47,29860
montgomery,48,29705
montgomery,49,28696
montgomery,50,28695
montgomery,51,27731
montgomery,52,28315
montgomery,53,29472
montgomery,54,31340
montgomery,55,30767
montgomery,56,29390
montgomery,57,29408
montgomery,58,28896
montgomery,59,29380
montgomery,60,29889
montgomery,61,30331
montgomery,62,29756
montgomery,63,28504
montgomery,64,28253
montgomery,65,27587
montgomery,66,26695
montgomery,67,25567
montgomery,68,24721
montgomery,69,23381
montgomery,70,22810
montgomery,71,21555
montgomery,72,20516
montgomery,73,19403
montgomery,74,18884
montgomery,75,17762
montgomery,76,16919
montgomery,77,16280
montgomery,78,15816
montgomery,79,11964
montgomery,80,11685
montgomery,81,10874
montgomery,82,10452
montgomery,83,8706
montgomery,84+,52396
nenc,0,9991
nenc,1,10116
nenc,2,10250
nenc,3,10573
nenc,4,10326
nenc,5,10760
nenc,6,10723
nenc,7,10841
nenc,8,10856
nenc,9,10840
nenc,10,10930
nenc,11,10911
nenc,12,10694
nenc,13,10814
nenc,14,11049
nenc,15,11628
nenc,16,11900
nenc,17,12388
nenc,18,13349
nenc,19,15020
nenc,20,14494
nenc,21,13982
nenc,22,14171
nenc,23,13851
nenc,24,13351
nenc,25,12312
nenc,26,11728
nenc,27,10575
nenc,28,10280
nenc,29,10328
nenc,30,10304
nenc,31,10546
nenc,32,10995
nenc,33,11057
nenc,34,11531
nenc,35,11587
nenc,36,11255
nenc,37,11046
nenc,38,11092
nenc,39,10909
nenc,40,10906
nenc,41,10480
nenc,42,10786
nenc,43,10857
nenc,44,10990
nenc,45,10907
nenc,46,10490
nenc,47,10564
nenc,48,10614
nenc,49,10080
nenc,50,10389
nenc,51,10303
nenc,52,10441
nenc,53,10906
nenc,54,11770
nenc,55,11851
nenc,56,11437
nenc,57,11339
nenc,58,11612
nenc,59,11799
nenc,60,12663
nenc,61,13049
nenc,62,13476
nenc,63,13511
nenc,64,13489
nenc,65,13504
nenc,66,13557
nenc,67,13558
nenc,68,13372
nenc,69,13098
nenc,70,13043
nenc,71,12485
nenc,72,11721
nenc,73,11160
nenc,74,10592
nenc,75,10207
nenc,76,9544
nenc,77,9338
nenc,78,9475
nenc,79,6618
nenc,80,6421
nenc,81,5824
nenc,82,5703
nenc,83,4574
nenc,84+,25462
new-bedford,0,5478
new-bedford,1,5666
new-bedford,2,5866
new-bedford,3,6119
new-bedford,4,5874
new-bedford,5,6086
new-bedford,6,6082
new-bedford,7,6552
new-bedford,8,6329
new-bedford,9,6562
new-bedford,10,6572
new-bedford,11,6515
new-bedford,12,6657
new-bedford,13,6801
new-bedford,14,6844
new-bedford,15,6966
new-bedford,16,7145
new-bedford,17,7420
new-bedford,18,7407
new-bedford,19,7210
new-bedford,20,7366
new-bedford,21,7750
new-bedford,22,7540
new-bedford,23,7328
new-bedford,24,7445
new-bedford,25,7521
new-bedford,26,7478
new-bedford,27,7338
new-bedford,28,7234
new-bedford,29,7310
new-bedford,30,7305
new-bedford,31,7583
new-bedford,32,7707
new-bedford,33,7886
new-bedford,34,8359
new-bedford,35,8426
new-bedford,36,8366
new-bedford,37,8080
new-bedford,38,7899
new-bedford,39,7954
new-bedford,40,7843
new-bedford,41,7550
new-bedford,42,7644
new-bedford,43,7642
new-bedford,44,7430
new-bedford,45,7523
new-bedford,46,7293
new-bedford,47,7121
new-bedford,48,7028
new-bedford,49,6822
new-bedford,50,6914
new-bedford,51,6935
new-bedford,52,6915
new-bedford,53,7430
new-bedford,54,7947
new-bedford,55,7973
new-bedford,56,7794
new-bedford,57,7872
new-bedford,58,8173
new-bedford,59,8171
new-bedford,60,8230
new-bedford,61,8310
new-bedford,62,8271
new-bedford,63,8033
new-bedford,64,8136
new-bedford,65,7717
new-bedford,66,7671
new-bedford,67,7501
new-bedford,68,7289
new-bedford,69,6906
new-bedford,70,6649
new-bedford,71,6298
new-bedford,72,5978
new-bedford,73,5810
new-bedford,74,5426
new-bedford,75,5181
new-bedford,76,5062
new-bedford,77,4856
new-bedford,78,5089
new-bedford,79,3538
new-bedford,80,3455
new-bedford,81,3362
new-bedford,82,3178
new-bedford,83,2712
new-bedford,84+,14936
nyc,0,94455
nyc,1,93768
nyc,2,93937
nyc,3,91842
nyc,4,85739
nyc,5,87118
nyc,6,88523
nyc,7,88652
nyc,8,87949
nyc,9,88378
nyc,10,88382
nyc,11,87648
nyc,12,88625
nyc,13,89013
nyc,14,90656
nyc,15,91525
nyc,16,92934
nyc,17,94758
nyc,18,94531
nyc,19,92023
nyc,20,93786
nyc,21,96718
nyc,22,102013
nyc,23,119047
nyc,24,142747
nyc,25,154922
nyc,26,156638
nyc,27,158519
nyc,28,156859
nyc,29,156043
nyc,30,154685
nyc,31,151836
nyc,32,148995
nyc,33,146104
nyc,34,144538
nyc,35,142642
nyc,36,136041
nyc,37,130542
nyc,38,124985
nyc,39,120907
nyc,40,117652
nyc,41,111919
nyc,42,111165
nyc,43,109371
nyc,44,107471
nyc,45,106897
nyc,46,102865
nyc,47,99938
nyc,48,100016
nyc,49,97460
nyc,50,97829
nyc,51,95385
nyc,52,96303
nyc,53,97874
nyc,54,102904
nyc,55,103571
nyc,56,100744
nyc,57,98936
nyc,58,97741
nyc,59,100591
nyc,60,102176
nyc,61,102972
nyc,62,101502
nyc,63,95981
nyc,64,94874
nyc,65,94143
nyc,66,91812
nyc,67,89845
nyc,68,88388
nyc,69,85091
nyc,70,82657
nyc,71,77464
nyc,72,73731
nyc,73,69753
nyc,74,67533
nyc,75,65442
nyc,76,61677
nyc,77,58797
nyc,78,57509
nyc,79,45404
nyc,80,42177
nyc,81,38349
nyc,82,37516
nyc,83,32989
nyc,84+,221192
ogden,0,9372
ogden,1,9154
ogden,2,9108
ogden,3,9644
ogden,4,9558
ogden,5,10316
ogden,6,10473
ogden,7,10519
ogden,8,11027
ogden,9,11664
ogden,10,11793
ogden,11,11929
ogden,12,12273
ogden,13,12280
ogden,14,12416
ogden,15,12751
ogden,16,13005
ogden,17,13114
ogden,18,11615
ogden,19,9593
ogden,20,9771
ogden,21,10244
ogden,22,10618
ogden,23,11551
ogden,24,12203
ogden,25,12315
ogden,26,11988
ogden,27,11451
ogden,28,10933
ogden,29,10342
ogden,30,10432
ogden,31,10201
ogden,32,10195
ogden,33,10327
ogden,34,10360
ogden,35,10368
ogden,36,10123
ogden,37,9762
ogden,38,9764
ogden,39,9968
ogden,40,10292
ogden,41,10253
ogden,42,10472
ogden,43,10468
ogden,44,10569
ogden,45,10533
ogden,46,10150
ogden,47,10047
ogden,48,9581
ogden,49,9124
ogden,50,8534
ogden,51,8113
ogden,52,7569
ogden,53,7645
ogden,54,7803
ogden,55,7556
ogden,56,6953
ogden,57,6565
ogden,58,6463
ogden,59,6287
ogden,60,6529
ogden,61,6630
ogden,62,6740
ogden,63,7073
ogden,64,7027
ogden,65,6719
ogden,66,6532
ogden,67,6393
ogden,68,6317
ogden,69,5976
ogden,70,5750
ogden,71,5581
ogden,72,5171
ogden,73,4746
ogden,74,4484
ogden,75,4215
ogden,76,4038
ogden,77,3851
ogden,78,3917
ogden,79,2677
ogden,80,2601
ogden,81,2547
ogden,82,2476
ogden,83,1960
ogden,84+,11344
pittsfield,0,879
pittsfield,1,861
pittsfield,2,876
pittsfield,3,913
pittsfield,4,974
pittsfield,5,998
pittsfield,6,971
pittsfield,7,975
pittsfield,8,1012
pittsfield,9,1031
pittsfield,10,1042
pittsfield,11,1090
pittsfield,12,1120
pittsfield,13,1216
pittsfield,14,1184
pittsfield,15,1270
pittsfield,16,1310
pittsfield,17,1552
pittsfield,18,1892
pittsfield,19,2185
pittsfield,20,2102
pittsfield,21,2016
pittsfield,22,1779
pittsfield,23,1390
pittsfield,24,1218
pittsfield,25,1133
pittsfield,26,1189
pittsfield,27,1236
pittsfield,28,1239
pittsfield,29,1227
pittsfield,30,1249
pittsfield,31,1366
pittsfield,32,1367
pittsfield,33,1407
pittsfield,34,1499
pittsfield,35,1632
pittsfield,36,1512
pittsfield,37,1468
pittsfield,38,1520
pittsfield,39,1529
pittsfield,40,1515
pittsfield,41,1513
pittsfield,42,1523
pittsfield,43,1546
pittsfield,44,1539
pittsfield,45,1523
pittsfield,46,1396
pittsfield,47,1317
pittsfield,48,1353
pittsfield,49,1295
pittsfield,50,1331
pittsfield,51,1273
pittsfield,52,1367
pittsfield,53,1480
pittsfield,54,1670
pittsfield,55,1609
pittsfield,56,1593
pittsfield,57,1695
pittsfield,58,1682
pittsfield,59,1793
pittsfield,60,1924
pittsfield,61,2017
pittsfield,62,2033
pittsfield,63,2104
pittsfield,64,2176
pittsfield,65,2117
pittsfield,66,2086
pittsfield,67,2050
pittsfield,68,2137
pittsfield,69,1977
pittsfield,70,1933
pittsfield,71,1812
pittsfield,72,1784
pittsfield,73,1756
pittsfield,74,1703
pittsfield,75,1654
pittsfield,76,1621
pittsfield,77,1534
pittsfield,78,1611
pittsfield,79,1100
pittsfield,80,1054
pittsfield,81,967
pittsfield,82,1007
pittsfield,83,890
pittsfield,84+,4735
portland,0,3747
portland,1,3693
portland,2,3665
portland,3,3862
portland,4,3620
portland,5,3835
portland,6,3915
portland,7,3968
portland,8,4010
portland,9,4131
portland,10,4273
portland,11,4243
portland,12,4196
portland,13,4128
portland,14,4313
portland,15,4347
portland,16,4429
portland,17,4580
portland,18,4976
portland,19,5260
portland,20,5203
portland,21,5004
portland,22,4774
portland,23,4348
portland,24,4548
portland,25,4954
portland,26,4976
portland,27,5212
portland,28,5073
portland,29,5221
portland,30,5279
portland,31,5598
portland,32,5574
portland,33,5802
portland,34,6233
portland,35,6439
portland,36,6187
portland,37,5976
portland,38,5831
portland,39,6008
portland,40,5889
portland,41,5575
portland,42,5632
portland,43,5466
portland,44,5370
portland,45,5244
portland,46,4993
portland,47,4978
portland,48,4919
portland,49,4647
portland,50,4858
portland,51,4683
portland,52,4648
portland,53,5070
portland,54,5613
portland,55,5577
portland,56,5318
portland,57,5327
portland,58,5241
portland,59,5418
portland,60,5760
portland,61,6057
portland,62,6166
portland,63,6375
portland,64,6296
portland,65,6211
portland,66,6188
portland,67,6278
portland,68,6205
portland,69,5894
portland,70,5817
portland,71,5743
portland,72,5716
portland,73,5395
portland,74,5153
portland,75,4963
portland,76,4856
portland,77,4555
portland,78,4800
portland,79,3269
portland,80,3133
portland,81,2920
portland,82,3046
portland,83,2439
portland,84+,13781
portland-or,0,17132
portland-or,1,17402
portland-or,2,17496
portland-or,3,18638
portland-or,4,17900
portland-or,5,18787
portland-or,6,18956
portland-or,7,19303
portland-or,8,19683
portland-or,9,20442
portland-or,10,20803
portland-or,11,21050
portland-or,12,21193
portland-or,13,21457
portland-or,14,21795
portland-or,15,22308
portland-or,16,22619
portland-or,17,23125
portland-or,18,21690
portland-or,19,19477
portland-or,20,19233
portland-or,21,19769
portland-or,22,20625
portland-or,23,23038
portland-or,24,25977
portland-or,25,27358
portland-or,26,28095
portland-or,27,27978
portland-or,28,28847
portland-or,29,28967
portland-or,30,29367
portland-or,31,29754
portland-or,32,30441
portland-or,33,31788
portland-or,34,32637
portland-or,35,32741
portland-or,36,31669
portland-or,37,30972
portland-or,38,30799
portland-or,39,30247
portland-or,40,30477
portland-or,41,29386
portland-or,42,29961
portland-or,43,29412
portland-or,44,29237
portland-or,45,28772
portland-or,46,27246
portland-or,47,26485
portland-or,48,26020
portland-or,49,25004
portland-or,50,24995
portland-or,51,23890
portland-or,52,23544
portland-or,53,23684
portland-or,54,25156
portland-or,55,24870
portland-or,56,23260
portland-or,57,21686
portland-or,58,20771
portland-or,59,20493
portland-or,60,20546
portland-or,61,21090
portland-or,62,21097
portland-or,63,20755
portland-or,64,21157
portland-or,65,20611
portland-or,66,19936
portland-or,67,20205
portland-or,68,20188
portland-or,69,19771
portland-or,70,19579
portland-or,71,19438
portland-or,72,19082
portland-or,73,17917
portland-or,74,17368
portland-or,75,16599
portland-or,76,15581
portland-or,77,15272
portland-or,78,15450
portland-or,79,10794
portland-or,80,10381
portland-or,81,9743
portland-or,82,9226
portland-or,83,7490
portland-or,84+,43213
provo,0,13508
provo,1,13203
provo,2,13224
provo,3,12914
provo,4,13222
provo,5,13666
provo,6,13412
provo,7,13335
provo,8,13699
provo,9,14096
provo,10,14273
provo,11,14092
provo,12,14362
provo,13,14036
provo,14,14313
provo,15,14425
provo,16,14703
provo,17,15080
provo,18,15899
provo,19,16587
provo,20,17536
provo,21,19756
provo,22,21871
provo,23,22949
provo,24,20935
provo,25,17700
provo,26,15143
provo,27,12986
provo,28,11851
provo,29,11657
provo,30,12137
provo,31,12023
provo,32,12013
provo,33,11816
provo,34,11450
provo,35,11456
provo,36,10947
provo,37,10662
provo,38,10243
provo,39,10291
provo,40,10411
provo,41,10269
provo,42,10341
provo,43,10140
provo,44,10155
provo,45,10110
provo,46,9926
provo,47,9646
provo,48,9260
provo,49,8830
provo,50,8324
provo,51,7523
provo,52,7258
provo,53,7110
provo,54,6985
provo,55,6802
provo,56,6384
provo,57,6045
provo,58,5973
provo,59,5630
provo,60,5568
provo,61,5555
provo,62,5716
provo,63,5620
provo,64,5561
provo,65,5404
provo,66,5351
provo,67,5145
provo,68,5049
provo,69,4835
provo,70,4824
provo,71,4731
provo,72,4338
provo,73,3988
provo,74,3787
provo,75,3683
provo,76,3478
provo,77,3256
provo,78,3219
provo,79,2342
provo,80,2330
provo,81,2251
provo,82,2212
provo,83,1730
provo,84+,9784
roanoke,0,5445
roanoke,1,5609
roanoke,2,5555
roanoke,3,5515
roanoke,4,5512
roanoke,5,5608
roanoke,6,5641
roanoke,7,5634
roanoke,8,5586
roanoke,9,5721
roanoke,10,5775
roanoke,11,5777
roanoke,12,5685
roanoke,13,5805
roanoke,14,5767
roanoke,15,6008
roanoke,16,6206
roanoke,17,6551
roanoke,18,7468
roanoke,19,8694
roanoke,20,8389
roanoke,21,8272
roanoke,22,7965
roanoke,23,6993
roanoke,24,7362
roanoke,25,7097
roanoke,26,6637
roanoke,27,6416
roanoke,28,6232
roanoke,29,6125
roanoke,30,6265
roanoke,31,6410
roanoke,32,6486
roanoke,33,6482
roanoke,34,6731
roanoke,35,6693
roanoke,36,6482
roanoke,37,6395
roanoke,38,6270
roanoke,39,6143
roanoke,40,6172
roanoke,41,5769
roanoke,42,5949
roanoke,43,5870
roanoke,44,5803
roanoke,45,5737
roanoke,46,5635
roanoke,47,5565
roanoke,48,5456
roanoke,49,5303
roanoke,50,5435
roanoke,51,5529
roanoke,52,5678
roanoke,53,6166
roanoke,54,6766
roanoke,55,6477
roanoke,56,6234
roanoke,57,6145
roanoke,58,6173
roanoke,59,6393
roanoke,60,6858
roanoke,61,7022
roanoke,62,7145
roanoke,63,7098
roanoke,64,7113
roanoke,65,7053
roanoke,66,6925
roanoke,67,6990
roanoke,68,6834
roanoke,69,6538
roanoke,70,6475
roanoke,71,6178
roanoke,72,5964
roanoke,73,5871
roanoke,74,5504
roanoke,75,5143
roanoke,76,5080
roanoke,77,5110
roanoke,78,5347
roanoke,79,3662
roanoke,80,3533
roanoke,81,3358
roanoke,82,3301
roanoke,83,2776
roanoke,84+,16384
rochester,0,4022
rochester,1,3864
rochester,2,3993
rochester,3,4207
rochester,4,3999
rochester,5,4205
rochester,6,4322
rochester,7,4365
rochester,8,4372
rochester,9,4521
rochester,10,4678
rochester,11,4655
rochester,12,4562
rochester,13,4656
rochester,14,4676
rochester,15,4749
rochester,16,4856
rochester,17,5003
rochester,18,5225
rochester,19,5177
rochester,20,5025
rochester,21,5425
rochester,22,5106
rochester,23,4903
rochester,24,4851
rochester,25,4708
rochester,26,4438
rochester,27,4219
rochester,28,4338
rochester,29,4379
rochester,30,4488
rochester,31,4585
rochester,32,4577
rochester,33,4652
rochester,34,4616
rochester,35,4764
rochester,36,4656
rochester,37,4609
rochester,38,4524
rochester,39,4767
rochester,40,5003
rochester,41,4782
rochester,42,4684
rochester,43,4561
rochester,44,4547
rochester,45,4647
rochester,46,4347
rochester,47,4167
rochester,48,4060
rochester,49,3851
rochester,50,3876
rochester,51,3537
rochester,52,3530
rochester,53,3791
rochester,54,4030
rochester,55,4058
rochester,56,3827
rochester,57,3715
rochester,58,3764
rochester,59,3887
rochester,60,4192
rochester,61,4383
rochester,62,4381
rochester,63,4507
rochester,64,4574
rochester,65,4652
rochester,66,4531
rochester,67,4365
rochester,68,4199
rochester,69,3958
rochester,70,3913
rochester,71,3816
rochester,72,3653
rochester,73,3497
rochester,74,3249
rochester,75,3036
rochester,76,2889
rochester,77,2777
rochester,78,2843
rochester,79,2012
rochester,80,2021
rochester,81,1986
rochester,82,2055
rochester,83,1689
rochester,84+,10563
rock-hill,0,4007
rock-hill,1,3561
rock-hill,2,3450
rock-hill,3,3607
rock-hill,4,3718
rock-hill,5,3868
rock-hill,6,4044
rock-hill,7,4243
rock-hill,8,4346
rock-hill,9,4518
rock-hill,10,4610
rock-hill,11,4674
rock-hill,12,4817
rock-hill,13,4672
rock-hill,14,4878
rock-hill,15,4923
rock-hill,16,4879
rock-hill,17,4972
rock-hill,18,4683
rock-hill,19,4233
rock-hill,20,3859
rock-hill,21,3874
rock-hill,22,3728
rock-hill,23,3762
rock-hill,24,3852
rock-hill,25,3832
rock-hill,26,3865
rock-hill,27,3742
rock-hill,28,3754
rock-hill,29,3759
rock-hill,30,3682
rock-hill,31,3850
rock-hill,32,3877
rock-hill,33,4212
rock-hill,34,4428
rock-hill,35,4588
rock-hill,36,4541
rock-hill,37,4646
rock-hill,38,4858
rock-hill,39,4804
rock-hill,40,4877
rock-hill,41,4777
rock-hill,42,4977
rock-hill,43,4900
rock-hill,44,4959
rock-hill,45,4739
rock-hill,46,4560
rock-hill,47,4543
rock-hill,48,4475
rock-hill,49,4111
rock-hill,50,4134
rock-hill,51,4319
rock-hill,52,4391
rock-hill,53,4534
rock-hill,54,4803
rock-hill,55,4604
rock-hill,56,4375
rock-hill,57,4147
rock-hill,58,4166
rock-hill,59,4173
rock-hill,60,4311
rock-hill,61,4228
rock-hill,62,4205
rock-hill,63,4088
rock-hill,64,4009
rock-hill,65,3915
rock-hill,66,3817
rock-hill,67,3733
rock-hill,68,3839
rock-hill,69,3583
rock-hill,70,3505
rock-hill,71,3381
rock-hill,72,3221
rock-hill,73,3006
rock-hill,74,2883
rock-hill,75,2795
rock-hill,76,2705
rock-hill,77,2647
rock-hill,78,2725
rock-hill,79,1747
rock-hill,80,1755
rock-hill,81,1616
rock-hill,82,1578
rock-hill,83,1296
rock-hill,84+,6520
rtp-area,0,24055
rtp-area,1,24158
rtp-area,2,24737
rtp-area,3,25736
rtp-area,4,25207
rtp-area,5,25380
rtp-area,6,25691
rtp-area,7,26244
rtp-area,8,26280
rtp-area,9,26742
rtp-area,10,27091
rtp-area,11,26988
rtp-area,12,26974
rtp-area,13,27058
rtp-area,14,27732
rtp-area,15,28512
rtp-area,16,28823
rtp-area,17,29370
rtp-area,18,32821
rtp-area,19,34931
rtp-area,20,32208
rtp-area,21,30956
rtp-area,22,30033
rtp-area,23,30583
rtp-area,24,32499
rtp-area,25,33854
rtp-area,26,33541
rtp-area,27,32948
rtp-area,28,31740
rtp-area,29,31921
rtp-area,30,32179
rtp-area,31,32651
rtp-area,32,32982
rtp-area,33,33284
rtp-area,34,33726
rtp-area,35,34611
rtp-area,36,33215
rtp-area,37,32930
rtp-area,38,32734
rtp-area,39,32613
rtp-area,40,32329
rtp-area,41,30692
rtp-area,42,31299
rtp-area,43,30823
rtp-area,44,30504
rtp-area,45,30885
rtp-area,46,29637
rtp-area,47,28971
rtp-area,48,28639
rtp-area,49,27617
rtp-area,50,27884
rtp-area,51,27031
rtp-area,52,27125
rtp-area,53,28085
rtp-area,54,29813
rtp-area,55,29412
rtp-area,56,27125
rtp-area,57,26072
rtp-area,58,25661
rtp-area,59,25553
rtp-area,60,25850
rtp-area,61,26221
rtp-area,62,25972
rtp-area,63,25611
rtp-area,64,25206
rtp-area,65,24556
rtp-area,66,23464
rtp-area,67,23303
rtp-area,68,22589
rtp-area,69,21577
rtp-area,70,21062
rtp-area,71,20554
rtp-area,72,19600
rtp-area,73,18707
rtp-area,74,17741
rtp-area,75,16693
rtp-area,76,16233
rtp-area,77,15728
rtp-area,78,16226
rtp-area,79,11878
rtp-area,80,11002
rtp-area,81,10214
rtp-area,82,9904
rtp-area,83,8070
rtp-area,84+,45035
rural-north,0,6114
rural-north,1,6347
rural-north,2,6603
rural-north,3,6898
rural-north,4,6962
rural-north,5,7285
rural-north,6,7432
rural-north,7,7551
rural-north,8,7647
rural-north,9,8057
rural-north,10,8042
rural-north,11,8233
rural-north,12,8173
rural-north,13,8173
rural-north,14,8321
rural-north,15,8433
rural-north,16,8567
rural-north,17,8764
rural-north,18,8404
rural-north,19,7804
rural-north,20,7950
rural-north,21,8076
rural-north,22,7929
rural-north,23,8549
rural-north,24,8355
rural-north,25,8097
rural-north,26,7538
rural-north,27,7385
rural-north,28,7040
rural-north,29,7311
rural-north,30,7681
rural-north,31,7973
rural-north,32,8053
rural-north,33,8620
rural-north,34,8915
rural-north,35,9099
rural-north,36,8885
rural-north,37,8798
rural-north,38,8727
rural-north,39,9035
rural-north,40,9146
rural-north,41,8856
rural-north,42,9028
rural-north,43,8948
rural-north,44,8772
rural-north,45,8745
rural-north,46,8008
rural-north,47,8011
rural-north,48,7705
rural-north,49,7256
rural-north,50,7008
rural-north,51,6843
rural-north,52,6857
rural-north,53,6937
rural-north,54,7642
rural-north,55,7843
rural-north,56,7462
rural-north,57,7045
rural-north,58,7256
rural-north,59,7441
rural-north,60,7949
rural-north,61,8450
rural-north,62,8778
rural-north,63,9285
rural-north,64,9402
rural-north,65,9375
rural-north,66,9264
rural-north,67,9365
rural-north,68,9541
rural-north,69,9405
rural-north,70,9325
rural-north,71,9122
rural-north,72,9087
rural-north,73,8635
rural-north,74,8433
rural-north,75,8043
rural-north,76,7688
rural-north,77,7196
rural-north,78,7501
rural-north,79,5135
rural-north,80,4844
rural-north,81,4581
rural-north,82,4365
rural-north,83,3538
rural-north,84+,19739
salem,0,5611
salem,1,5897
salem,2,5811
salem,3,6265
salem,4,5946
salem,5,6184
salem,6,6269
salem,7,6518
salem,8,6899
salem,9,6902
salem,10,6929
salem,11,7018
salem,12,6974
salem,13,6979
salem,14,6974
salem,15,7317
salem,16,7515
salem,17,7814
salem,18,7985
salem,19,8676
salem,20,7861
salem,21,7856
salem,22,7687
salem,23,7847
salem,24,8122
salem,25,8238
salem,26,7696
salem,27,7572
salem,28,7252
salem,29,7341
salem,30,7309
salem,31,7456
salem,32,7300
salem,33,7315
salem,34,7596
salem,35,7714
salem,36,7393
salem,37,7237
salem,38,7178
salem,39,7191
salem,40,7325
salem,41,7264
salem,42,7246
salem,43,7343
salem,44,7255
salem,45,7083
salem,46,6757
salem,47,6532
salem,48,6513
salem,49,6306
salem,50,6111
salem,51,5767
salem,52,5885
salem,53,6089
salem,54,6536
salem,55,6249
salem,56,6073
salem,57,5715
salem,58,5835
salem,59,5852
salem,60,5983
salem,61,5961
salem,62,6019
salem,63,6118
salem,64,6354
salem,65,6210
salem,66,6275
salem,67,6190
salem,68,6206
salem,69,6132
salem,70,5902
salem,71,5936
salem,72,5751
salem,73,5576
salem,74,5349
salem,75,5023
salem,76,4910
salem,77,4655
salem,78,4869
salem,79,3417
salem,80,3229
salem,81,3099
salem,82,3124
salem,83,2537
salem,84+,13633
salt-lake-city,0,17705
salt-lake-city,1,16935
salt-lake-city,2,16784
salt-lake-city,3,17223
salt-lake-city,4,16842
salt-lake-city,5,17645
salt-lake-city,6,18036
salt-lake-city,7,18029
salt-lake-city,8,18763
salt-lake-city,9,19366
salt-lake-city,10,19819
salt-lake-city,11,20122
salt-lake-city,12,20534
salt-lake-city,13,20604
salt-lake-city,14,21051
salt-lake-city,15,21663
salt-lake-city,16,22033
salt-lake-city,17,22930
salt-lake-city,18,20816
salt-lake-city,19,18481
salt-lake-city,20,19304
salt-lake-city,21,20499
salt-lake-city,22,22002
salt-lake-city,23,23557
salt-lake-city,24,26201
salt-lake-city,25,26760
salt-lake-city,26,25876
salt-lake-city,27,24747
salt-lake-city,28,23343
salt-lake-city,29,23270
salt-lake-city,30,23127
salt-lake-city,31,22818
salt-lake-city,32,22838
salt-lake-city,33,22682
salt-lake-city,34,22458
salt-lake-city,35,22043
salt-lake-city,36,21402
salt-lake-city,37,20818
salt-lake-city,38,20260
salt-lake-city,39,20377
salt-lake-city,40,20368
salt-lake-city,41,20224
salt-lake-city,42,20645
salt-lake-city,43,20669
salt-lake-city,44,20519
salt-lake-city,45,20734
salt-lake-city,46,19838
salt-lake-city,47,19518
salt-lake-city,48,19158
salt-lake-city,49,17854
salt-lake-city,50,17139
salt-lake-city,51,16422
salt-lake-city,52,16246
salt-lake-city,53,15882
salt-lake-city,54,16267
salt-lake-city,55,15742
salt-lake-city,56,14619
salt-lake-city,57,13657
salt-lake-city,58,13468
salt-lake-city,59,13121
salt-lake-city,60,13258
salt-lake-city,61,13414
salt-lake-city,62,13506
salt-lake-city,63,13419
salt-lake-city,64,13594
salt-lake-city,65,13248
salt-lake-city,66,12720
salt-lake-city,67,12436
salt-lake-city,68,12320
salt-lake-city,69,11722
salt-lake-city,70,11347
salt-lake-city,71,10818
salt-lake-city,72,10496
salt-lake-city,73,9817
salt-lake-city,74,9102
salt-lake-city,75,8454
salt-lake-city,76,8001
salt-lake-city,77,7702
salt-lake-city,78,7535
salt-lake-city,79,5324
salt-lake-city,80,5144
salt-lake-city,81,4928
salt-lake-city,82,4613
salt-lake-city,83,3912
salt-lake-city,84+,20483
san-antonio,0,31117
san-antonio,1,31837
san-antonio,2,33314
san-antonio,3,33325
san-antonio,4,32669
san-antonio,5,33656
san-antonio,6,34485
san-antonio,7,35028
san-antonio,8,35952
san-antonio,9,36673
san-antonio,10,36850
san-antonio,11,36217
san-antonio,12,35565
san-antonio,13,35396
san-antonio,14,35934
san-antonio,15,36516
san-antonio,16,36599
san-antonio,17,37663
san-antonio,18,37033
san-antonio,19,37719
san-antonio,20,37205
san-antonio,21,37095
san-antonio,22,37489
san-antonio,23,38363
san-antonio,24,41302
san-antonio,25,42078
san-antonio,26,40707
san-antonio,27,40008
san-antonio,28,39094
san-antonio,29,38777
san-antonio,30,38862
san-antonio,31,38667
san-antonio,32,38347
san-antonio,33,38879
san-antonio,34,38958
san-antonio,35,38836
san-antonio,36,37806
san-antonio,37,37211
san-antonio,38,36998
san-antonio,39,37211
san-antonio,40,37010
san-antonio,41,36304
san-antonio,42,36130
san-antonio,43,35588
san-antonio,44,35353
san-antonio,45,34903
san-antonio,46,32884
san-antonio,47,31499
san-antonio,48,31037
san-antonio,49,30410
san-antonio,50,30283
san-antonio,51,29737
san-antonio,52,30159
san-antonio,53,30865
san-antonio,54,31780
san-antonio,55,30530
san-antonio,56,28892
san-antonio,57,27869
san-antonio,58,27146
san-antonio,59,27692
san-antonio,60,28831
san-antonio,61,28944
san-antonio,62,28800
san-antonio,63,28160
san-antonio,64,27837
san-antonio,65,27358
san-antonio,66,25908
san-antonio,67,25458
san-antonio,68,24867
san-antonio,69,23950
san-antonio,70,23395
san-antonio,71,21996
san-antonio,72,21479
san-antonio,73,19915
san-antonio,74,18939
san-antonio,75,18546
san-antonio,76,17420
san-antonio,77,16667
san-antonio,78,16484
san-antonio,79,12245
san-antonio,80,11326
san-antonio,81,10566
san-antonio,82,9946
san-antonio,83,8421
san-antonio,84+,48084
savannah,0,7030
savannah,1,6907
savannah,2,7078
savannah,3,7235
savannah,4,6840
savannah,5,6995
savannah,6,6785
savannah,7,6995
savannah,8,6939
savannah,9,7149
savannah,10,7183
savannah,11,6968
savannah,12,7094
savannah,13,6862
savannah,14,6834
savannah,15,6835
savannah,16,7168
savannah,17,7340
savannah,18,7310
savannah,19,8380
savannah,20,8492
savannah,21,8284
savannah,22,8025
savannah,23,8674
savannah,24,9633
savannah,25,10012
savannah,26,9860
savannah,27,9272
savannah,28,8838
savannah,29,8461
savannah,30,8449
savannah,31,8442
savannah,32,8608
savannah,33,8400
savannah,34,8344
savannah,35,8438
savannah,36,8041
savannah,37,7966
savannah,38,7661
savannah,39,7785
savannah,40,7770
savannah,41,7502
savannah,42,7348
savannah,43,7202
savannah,44,7217
savannah,45,7102
savannah,46,6702
savannah,47,6568
savannah,48,6347
savannah,49,6082
savannah,50,5889
savannah,51,5814
savannah,52,6179
savannah,53,6310
savannah,54,6511
savannah,55,6455
savannah,56,6147
savannah,57,5872
savannah,58,5839
savannah,59,6069
savannah,60,6334
savannah,61,6326
savannah,62,6395
savannah,63,6338
savannah,64,6300
savannah,65,6139
savannah,66,6025
savannah,67,5807
savannah,68,5718
savannah,69,5413
savannah,70,5355
savannah,71,5031
savannah,72,4864
savannah,73,4498
savannah,74,4217
savannah,75,4118
savannah,76,3821
savannah,77,3669
savannah,78,3695
savannah,79,2595
savannah,80,2393
savannah,81,2232
savannah,82,2256
savannah,83,1791
savannah,84+,9721
senc,0,9627
senc,1,9455
senc,2,9487
senc,3,9453
senc,4,8820
senc,5,8894
senc,6,9032
senc,7,9100
senc,8,9286
senc,9,9372
senc,10,9444
senc,11,9289
senc,12,9295
senc,13,9321
senc,14,9169
senc,15,9457
senc,16,9437
senc,17,9909
senc,18,10438
senc,19,12417
senc,20,15158
senc,21,17256
senc,22,16232
senc,23,14528
senc,24,14011
senc,25,12978
senc,26,11786
senc,27,11221
senc,28,10545
senc,29,10394
senc,30,10474
senc,31,10233
senc,32,10562
senc,33,10688
senc,34,10535
senc,35,10704
senc,36,10212
senc,37,10293
senc,38,10224
senc,39,10213
senc,40,10227
senc,41,9729
senc,42,9914
senc,43,9691
senc,44,9659
senc,45,9529
senc,46,9285
senc,47,9097
senc,48,8856
senc,49,8546
senc,50,8665
senc,51,8824
senc,52,9122
senc,53,9614
senc,54,10462
senc,55,10434
senc,56,10036
senc,57,9866
senc,58,10026
senc,59,10472
senc,60,11291
senc,61,12013
senc,62,12005
senc,63,12195
senc,64,12811
senc,65,12554
senc,66,12656
senc,67,12797
senc,68,12660
senc,69,12168
senc,70,11933
senc,71,11445
senc,72,10859
senc,73,10590
senc,74,10061
senc,75,9253
senc,76,9020
senc,77,8759
senc,78,8931
senc,79,6259
senc,80,5660
senc,81,5459
senc,82,5197
senc,83,4153
senc,84+,20742
south-augusta,0,4969
south-augusta,1,5025
south-augusta,2,5134
south-augusta,3,5284
south-augusta,4,5129
south-augusta,5,5311
south-augusta,6,5575
south-augusta,7,5659
south-augusta,8,5710
south-augusta,9,5741
south-augusta,10,5809
south-augusta,11,5682
south-augusta,12,5772
south-augusta,13,5643
south-augusta,14,5992
south-augusta,15,5884
south-augusta,16,6036
south-augusta,17,6127
south-augusta,18,5952
south-augusta,19,5602
south-augusta,20,6147
south-augusta,21,5337
south-augusta,22,5445
south-augusta,23,6614
south-augusta,24,6971
south-augusta,25,6797
south-augusta,26,6365
south-augusta,27,5932
south-augusta,28,5944
south-augusta,29,5544
south-augusta,30,5779
south-augusta,31,5733
south-augusta,32,5804
south-augusta,33,6134
south-augusta,34,6068
south-augusta,35,6218
south-augusta,36,5980
south-augusta,37,5855
south-augusta,38,5833
south-augusta,39,5708
south-augusta,40,5740
south-augusta,41,5683
south-augusta,42,5601
south-augusta,43,5579
south-augusta,44,5417
south-augusta,45,5543
south-augusta,46,5158
south-augusta,47,5186
south-augusta,48,4809
south-augusta,49,4636
south-augusta,50,4691
south-augusta,51,4589
south-augusta,52,4824
south-augusta,53,4908
south-augusta,54,5271
south-augusta,55,5013
south-augusta,56,4633
south-augusta,57,4665
south-augusta,58,4631
south-augusta,59,4913
south-augusta,60,5191
south-augusta,61,5322
south-augusta,62,5262
south-augusta,63,5248
south-augusta,64,5238
south-augusta,65,5353
south-augusta,66,5137
south-augusta,67,4984
south-augusta,68,4993
south-augusta,69,4904
south-augusta,70,4874
south-augusta,71,4543
south-augusta,72,4291
south-augusta,73,3983
south-augusta,74,3649
south-augusta,75,3557
south-augusta,76,3390
south-augusta,77,3211
south-augusta,78,3175
south-augusta,79,2196
south-augusta,80,2116
south-augusta,81,1922
south-augusta,82,1892
south-augusta,83,1518
south-augusta,84+,9068
southern-california,0,135126
southern-california,1,135478
southern-california,2,139368
southern-california,3,143667
southern-california,4,137099
southern-california,5,145652
southern-california,6,149516
southern-california,7,152271
southern-california,8,156570
southern-california,9,158711
southern-california,10,159328
southern-california,11,157379
southern-california,12,157137
southern-california,13,157851
southern-california,14,161283
southern-california,15,164036
southern-california,16,168542
southern-california,17,176901
southern-california,18,180738
southern-california,19,177016
southern-california,20,185240
southern-california,21,184288
southern-california,22,181856
southern-california,23,182574
southern-california,24,196166
southern-california,25,194217
southern-california,26,189783
southern-california,27,184818
southern-california,28,181427
southern-california,29,181291
southern-california,30,181834
southern-california,31,182538
southern-california,32,181927
southern-california,33,184165
southern-california,34,186683
southern-california,35,186723
southern-california,36,180051
southern-california,37,175889
southern-california,38,172547
southern-california,39,173207
southern-california,40,173819
southern-california,41,170002
southern-california,42,171171
southern-california,43,169704
southern-california,44,167770
southern-california,45,165265
southern-california,46,156969
southern-california,47,153547
southern-california,48,152651
southern-california,49,150660
southern-california,50,151898
southern-california,51,148262
southern-california,52,149272
southern-california,53,151911
southern-california,54,159934
southern-california,55,161242
southern-california,56,155561
southern-california,57,150968
southern-california,58,147839
southern-california,59,148854
southern-california,60,152693
southern-california,61,154656
southern-california,62,152462
southern-california,63,150368
southern-california,64,149827
southern-california,65,147472
southern-california,66,142313
southern-california,67,140509
southern-california,68,138250
southern-california,69,132046
southern-california,70,128084
southern-california,71,121760
southern-california,72,115715
southern-california,73,108484
southern-california,74,103916
southern-california,75,100041
southern-california,76,95463
southern-california,77,91475
southern-california,78,92520
southern-california,79,69854
southern-california,80,65998
southern-california,81,61377
southern-california,82,59129
southern-california,83,50185
southern-california,84+,305330
springfield,0,5572
springfield,1,5630
springfield,2,5736
springfield,3,6190
springfield,4,5715
springfield,5,6010
springfield,6,6020
springfield,7,6229
springfield,8,6277
springfield,9,6295
springfield,10,6549
springfield,11,6738
springfield,12,6830
springfield,13,6831
springfield,14,6997
springfield,15,7213
springfield,16,7294
springfield,17,7749
springfield,18,11856
springfield,19,16178
springfield,20,14746
springfield,21,13485
springfield,22,11472
springfield,23,8637
springfield,24,8014
springfield,25,7766
springfield,26,7323
springfield,27,7084
springfield,28,7153
springfield,29,7231
springfield,30,7398
springfield,31,7595
springfield,32,7708
springfield,33,7663
springfield,34,7868
springfield,35,8067
springfield,36,8001
springfield,37,7836
springfield,38,7754
springfield,39,7534
springfield,40,7787
springfield,41,7497
springfield,42,7378
springfield,43,7288
springfield,44,7208
springfield,45,7277
springfield,46,6945
springfield,47,6688
springfield,48,6493
springfield,49,6381
springfield,50,6548
springfield,51,6290
springfield,52,6464
springfield,53,6945
springfield,54,7496
springfield,55,7668
springfield,56,7337
springfield,57,7407
springfield,58,7465
springfield,59,7800
springfield,60,7983
springfield,61,8152
springfield,62,8128
springfield,63,8138
springfield,64,8300
springfield,65,8234
springfield,66,8058
springfield,67,7876
springfield,68,7961
springfield,69,7597
springfield,70,7331
springfield,71,7187
springfield,72,7051
springfield,73,6577
springfield,74,6264
springfield,75,5836
springfield,76,5639
springfield,77,5577
springfield,78,5703
springfield,79,3973
springfield,80,3654
springfield,81,3482
springfield,82,3479
springfield,83,2783
springfield,84+,16834
st-cloud,0,3467
st-cloud,1,3325
st-cloud,2,3523
st-cloud,3,3541
st-cloud,4,3352
st-cloud,5,3601
st-cloud,6,3698
st-cloud,7,3782
st-cloud,8,3836
st-cloud,9,3896
st-cloud,10,3889
st-cloud,11,3933
st-cloud,12,3880
st-cloud,13,3784
st-cloud,14,3949
st-cloud,15,4014
st-cloud,16,4123
st-cloud,17,4195
st-cloud,18,4092
st-cloud,19,4417
st-cloud,20,5037
st-cloud,21,5814
st-cloud,22,5346
st-cloud,23,4230
st-cloud,24,3728
st-cloud,25,3444
st-cloud,26,3056
st-cloud,27,2780
st-cloud,28,3009
st-cloud,29,3100
st-cloud,30,3120
st-cloud,31,3139
st-cloud,32,3277
st-cloud,33,3460
st-cloud,34,3425
st-cloud,35,3495
st-cloud,36,3522
st-cloud,37,3580
st-cloud,38,3516
st-cloud,39,3637
st-cloud,40,3609
st-cloud,41,3522
st-cloud,42,3640
st-cloud,43,3694
st-cloud,44,3604
st-cloud,45,3672
st-cloud,46,3464
st-cloud,47,3260
st-cloud,48,3085
st-cloud,49,2847
st-cloud,50,2871
st-cloud,51,2855
st-cloud,52,2772
st-cloud,53,2964
st-cloud,54,3137
st-cloud,55,3182
st-cloud,56,3097
st-cloud,57,3149
st-cloud,58,3146
st-cloud,59,3404
st-cloud,60,3579
st-cloud,61,3631
st-cloud,62,3835
st-cloud,63,3725
st-cloud,64,3756
st-cloud,65,3761
st-cloud,66,3556
st-cloud,67,3442
st-cloud,68,3466
st-cloud,69,3243
st-cloud,70,3235
st-cloud,71,3119
st-cloud,72,3020
st-cloud,73,2893
st-cloud,74,2601
st-cloud,75,2488
st-cloud,76,2301
st-cloud,77,2190
st-cloud,78,2218
st-cloud,79,1610
st-cloud,80,1548
st-cloud,81,1400
st-cloud,82,1484
st-cloud,83,1307
st-cloud,84+,7743
st-paul,0,14498
st-paul,1,14454
st-paul,2,15155
st-paul,3,15787
st-paul,4,15437
st-paul,5,16342
st-paul,6,16596
st-paul,7,16827
st-paul,8,17343
st-paul,9,17491
st-paul,10,17821
st-paul,11,17734
st-paul,12,17818
st-paul,13,17715
st-paul,14,17623
st-paul,15,17724
st-paul,16,18200
st-paul,17,18483
st-paul,18,17194
st-paul,19,15916
st-paul,20,16053
st-paul,21,15921
st-paul,22,16287
st-paul,23,16803
st-paul,24,18175
st-paul,25,18390
st-paul,26,17880
st-paul,27,17570
st-paul,28,17604
st-paul,29,17583
st-paul,30,17597
st-paul,31,18013
st-paul,32,18568
st-paul,33,18469
st-paul,34,19126
st-paul,35,19487
st-paul,36,19322
st-paul,37,19040
st-paul,38,19089
st-paul,39,19254
st-paul,40,19492
st-paul,41,18844
st-paul,42,18914
st-paul,43,18756
st-paul,44,18485
st-paul,45,18081
st-paul,46,16690
st-paul,47,16091
st-paul,48,15509
st-paul,49,14742
st-paul,50,15011
st-paul,51,14318
st-paul,52,13978
st-paul,53,14537
st-paul,54,15857
st-paul,55,16278
st-paul,56,15680
st-paul,57,15078
st-paul,58,14899
st-paul,59,15246
st-paul,60,15820
st-paul,61,16257
st-paul,62,16401
st-paul,63,16070
st-paul,64,16563
st-paul,65,16372
st-paul,66,15633
st-paul,67,15290
st-paul,68,14754
st-paul,69,14200
st-paul,70,13622
st-paul,71,13086
st-paul,72,12295
st-paul,73,12125
st-paul,74,11421
st-paul,75,10649
st-paul,76,10076
st-paul,77,9653
st-paul,78,9972
st-paul,79,6944
st-paul,80,6501
st-paul,81,6213
st-paul,82,6281
st-paul,83,5156
st-paul,84+,31141
triad-area,0,18638
triad-area,1,18683
triad-area,2,19243
triad-area,3,19219
triad-area,4,19029
triad-area,5,19555
triad-area,6,19913
triad-area,7,20487
triad-area,8,20725
triad-area,9,20591
triad-area,10,20918
triad-area,11,21007
triad-area,12,21097
triad-area,13,21355
triad-area,14,21524
triad-area,15,21807
triad-area,16,22627
triad-area,17,23539
triad-area,18,25481
triad-area,19,27935
triad-area,20,27102
triad-area,21,27567
triad-area,22,25629
triad-area,23,23913
triad-area,24,25012
triad-area,25,24626
triad-area,26,23528
triad-area,27,22282
triad-area,28,21556
triad-area,29,21401
triad-area,30,21190
triad-area,31,21348
triad-area,32,21748
triad-area,33,22020
triad-area,34,22662
triad-area,35,22637
triad-area,36,21772
triad-area,37,21604
triad-area,38,21455
triad-area,39,21472
triad-area,40,21324
triad-area,41,20375
triad-area,42,20956
triad-area,43,20818
triad-area,44,20728
triad-area,45,21343
triad-area,46,20636
triad-area,47,20456
triad-area,48,20390
triad-area,49,19881
triad-area,50,20516
triad-area,51,20622
triad-area,52,21463
triad-area,53,22457
triad-area,54,24337
triad-area,55,23861
triad-area,56,22850
triad-area,57,22663
triad-area,58,22800
triad-area,59,22566
triad-area,60,23401
triad-area,61,24124
triad-area,62,23838
triad-area,63,23497
triad-area,64,23617
triad-area,65,22781
triad-area,66,22652
triad-area,67,22122
triad-area,68,21857
triad-area,69,21003
triad-area,70,20491
triad-area,71,19773
triad-area,72,18895
triad-area,73,18145
triad-area,74,17441
triad-area,75,16612
triad-area,76,15948
triad-area,77,15438
triad-area,78,15994
triad-area,79,11297
triad-area,80,10773
triad-area,81,10192
triad-area,82,10049
triad-area,83,8059
triad-area,84+,46478
tyler,0,5303
tyler,1,5459
tyler,2,5855
tyler,3,5698
tyler,4,5647
tyler,5,5686
tyler,6,5676
tyler,7,5818
tyler,8,5887
tyler,9,6150
tyler,10,6083
tyler,11,6271
tyler,12,6100
tyler,13,6007
tyler,14,6091
tyler,15,6137
tyler,16,6277
tyler,17,6447
tyler,18,6452
tyler,19,6524
tyler,20,6027
tyler,21,5802
tyler,22,5825
tyler,23,6152
tyler,24,6568
tyler,25,6506
tyler,26,6136
tyler,27,5784
tyler,28,5442
tyler,29,5586
tyler,30,5378
tyler,31,5460
tyler,32,5506
tyler,33,5668
tyler,34,5688
tyler,35,5777
tyler,36,5689
tyler,37,5581
tyler,38,5613
tyler,39,5511
tyler,40,5614
tyler,41,5508
tyler,42,5789
tyler,43,5667
tyler,44,5591
tyler,45,5500
tyler,46,5416
tyler,47,5180
tyler,48,5172
tyler,49,5067
tyler,50,5131
tyler,51,4849
tyler,52,5285
tyler,53,5546
tyler,54,5667
tyler,55,5623
tyler,56,5498
tyler,57,5464
tyler,58,5302
tyler,59,5487
tyler,60,5753
tyler,61,6030
tyler,62,6118
tyler,63,6172
tyler,64,6307
tyler,65,6323
tyler,66,6127
tyler,67,6180
tyler,68,6149
tyler,69,5795
tyler,70,5854
tyler,71,5658
tyler,72,5254
tyler,73,4943
tyler,74,4726
tyler,75,4571
tyler,76,4326
tyler,77,4303
tyler,78,4379
tyler,79,2861
tyler,80,2981
tyler,81,2851
tyler,82,2790
tyler,83,2328
tyler,84+,13186
weld,0,5777
weld,1,5642
weld,2,5832
weld,3,5749
weld,4,5705
weld,5,5869
weld,6,5833
weld,7,6046
weld,8,6091
weld,9,6249
weld,10,6115
weld,11,5944
weld,12,5996
weld,13,5916
weld,14,5864
weld,15,5911
weld,16,5877
weld,17,6200
weld,18,5959
weld,19,5467
weld,20,5176
weld,21,5293
weld,22,5405
weld,23,5408
weld,24,5722
weld,25,6180
weld,26,6063
weld,27,5977
weld,28,5910
weld,29,6104
weld,30,6214
weld,31,6347
weld,32,6591
weld,33,6894
weld,34,6953
weld,35,7018
weld,36,6499
weld,37,6438
weld,38,6446
weld,39,6449
weld,40,6286
weld,41,6124
weld,42,5977
weld,43,5922
weld,44,5766
weld,45,5572
weld,46,5262
weld,47,5018
weld,48,4957
weld,49,4751
weld,50,4655
weld,51,4458
weld,52,4506
weld,53,4558
weld,54,4617
weld,55,4683
weld,56,4517
weld,57,4236
weld,58,4028
weld,59,4038
weld,60,4099
weld,61,4240
weld,62,4359
weld,63,4327
weld,64,4337
weld,65,4220
weld,66,4106
weld,67,4069
weld,68,3895
weld,69,3743
weld,70,3590
weld,71,3381
weld,72,3323
weld,73,3122
weld,74,3005
weld,75,2734
weld,76,2477
weld,77,2374
weld,78,2377
weld,79,1747
weld,80,1692
weld,81,1573
weld,82,1337
weld,83,1202
weld,84+,6971
wnc,0,9269
wnc,1,8917
wnc,2,8817
wnc,3,9045
wnc,4,8715
wnc,5,9244
wnc,6,9566
wnc,7,9602
wnc,8,9892
wnc,9,10228
wnc,10,10426
wnc,11,10415
wnc,12,10462
wnc,13,10399
wnc,14,10553
wnc,15,10769
wnc,16,11039
wnc,17,11673
wnc,18,11946
wnc,19,11628
wnc,20,11163
wnc,21,10930
wnc,22,10863
wnc,23,10794
wnc,24,11954
wnc,25,12358
wnc,26,11764
wnc,27,11227
wnc,28,10751
wnc,29,11297
wnc,30,11351
wnc,31,11518
wnc,32,12080
wnc,33,12348
wnc,34,12954
wnc,35,12835
wnc,36,12684
wnc,37,12302
wnc,38,12213
wnc,39,12395
wnc,40,12256
wnc,41,11895
wnc,42,11952
wnc,43,11884
wnc,44,11991
wnc,45,12124
wnc,46,11754
wnc,47,11838
wnc,48,11932
wnc,49,11435
wnc,50,12056
wnc,51,11913
wnc,52,12179
wnc,53,12754
wnc,54,13663
wnc,55,13662
wnc,56,13422
wnc,57,13070
wnc,58,13029
wnc,59,13417
wnc,60,14101
wnc,61,14405
wnc,62,14427
wnc,63,15047
wnc,64,15147
wnc,65,15068
wnc,66,15024
wnc,67,15107
wnc,68,14946
wnc,69,14639
wnc,70,14633
wnc,71,14473
wnc,72,13907
wnc,73,13511
wnc,74,12947
wnc,75,12250
wnc,76,12189
wnc,77,11721
wnc,78,12236
wnc,79,8557
wnc,80,8106
wnc,81,7634
wnc,82,7408
wnc,83,6148
wnc,84+,32728
worcester,0,9339
worcester,1,9664
worcester,2,9493
worcester,3,9872
worcester,4,9670
worcester,5,9570
worcester,6,9870
worcester,7,10013
worcester,8,10434
worcester,9,10437
worcester,10,10470
worcester,11,10508
worcester,12,10485
worcester,13,10692
worcester,14,10821
worcester,15,11192
worcester,16,11384
worcester,17,11815
worcester,18,12398
worcester,19,12834
worcester,20,13047
worcester,21,12604
worcester,22,12165
worcester,23,11712
worcester,24,11723
worcester,25,12302
worcester,26,12359
worcester,27,12412
worcester,28,12376
worcester,29,12391
worcester,30,12370
worcester,31,12754
worcester,32,12667
worcester,33,12814
worcester,34,13590
worcester,35,14001
worcester,36,13612
worcester,37,13485
worcester,38,13066
worcester,39,13213
worcester,40,13091
worcester,41,12319
worcester,42,12639
worcester,43,12175
worcester,44,11939
worcester,45,12103
worcester,46,11555
worcester,47,11194
worcester,48,11006
worcester,49,10844
worcester,50,11005
worcester,51,11021
worcester,52,11365
worcester,53,11811
worcester,54,12815
worcester,55,12548
worcester,56,12224
worcester,57,12317
worcester,58,12490
worcester,59,12938
worcester,60,13133
worcester,61,13371
worcester,62,13186
worcester,63,13148
worcester,64,13023
worcester,65,12677
worcester,66,12367
worcester,67,12228
worcester,68,11921
worcester,69,11316
worcester,70,10755
worcester,71,10352
worcester,72,9930
worcester,73,9244
worcester,74,8749
worcester,75,8209
worcester,76,8051
worcester,77,7715
worcester,78,7640
worcester,79,5263
worcester,80,4896
worcester,81,4744
worcester,82,5007
worcester,83,4019
worcester,84+,23233
